{
  "type": "FeatureCollection",
  "metadata": {
    "source": "NASA FIRMS (Fire Information for Resource Management System)",
    "datasets": [
      "SUOMI_VIIRS_C2_Europe_7d",
      "J1_VIIRS_C2_Europe_7d",
      "MODIS_C6_1_Europe_7d"
    ],
    "urls": {
      "suomi_viirs": "https://firms.modaps.eosdis.nasa.gov/data/active_fire/suomi-npp-viirs-c2/csv/SUOMI_VIIRS_C2_Europe_7d.csv",
      "noaa20_viirs": "https://firms.modaps.eosdis.nasa.gov/data/active_fire/noaa-20-viirs-c2/csv/J1_VIIRS_C2_Europe_7d.csv",
      "modis": "https://firms.modaps.eosdis.nasa.gov/data/active_fire/modis-c6.1/csv/MODIS_C6_1_Europe_7d.csv"
    },
    "filter": "France bounding box (lat: 41-51, lon: -5 to 10)",
    "generated": "2026-04-07",
    "total_features": 1118
  },
  "features": [
    {
      "type": "Feature",
      "geometry": {
        "type": "Point",
        "coordinates": [
          -3.84545,
          43.0312
        ]
      },
      "properties": {
        "latitude": 43.0312,
        "longitude": -3.84545,
        "brightness": 305.74,
        "confidence": "65",
        "frp": 10.2,
        "acq_date": "2026-04-06",
        "acq_time": "2036",
        "satellite": "MODIS/T",
        "daynight": "N",
        "scan": 1.02,
        "track": 1.01,
        "version": "6.1NRT"
      }
    },
    {
      "type": "Feature",
      "geometry": {
        "type": "Point",
        "coordinates": [
          -3.84785,
          43.03994
        ]
      },
      "properties": {
        "latitude": 43.03994,
        "longitude": -3.84785,
        "brightness": 311.76,
        "confidence": "83",
        "frp": 13.65,
        "acq_date": "2026-04-06",
        "acq_time": "2036",
        "satellite": "MODIS/T",
        "daynight": "N",
        "scan": 1.02,
        "track": 1.01,
        "version": "6.1NRT"
      }
    },
    {
      "type": "Feature",
      "geometry": {
        "type": "Point",
        "coordinates": [
          -4.05346,
          43.23145
        ]
      },
      "properties": {
        "latitude": 43.23145,
        "longitude": -4.05346,
        "brightness": 306.95,
        "confidence": "70",
        "frp": 9.26,
        "acq_date": "2026-04-06",
        "acq_time": "2036",
        "satellite": "MODIS/T",
        "daynight": "N",
        "scan": 1.02,
        "track": 1.01,
        "version": "6.1NRT"
      }
    },
    {
      "type": "Feature",
      "geometry": {
        "type": "Point",
        "coordinates": [
          -4.26691,
          43.2465
        ]
      },
      "properties": {
        "latitude": 43.2465,
        "longitude": -4.26691,
        "brightness": 302.45,
        "confidence": "49",
        "frp": 7.13,
        "acq_date": "2026-04-06",
        "acq_time": "2036",
        "satellite": "MODIS/T",
        "daynight": "N",
        "scan": 1.03,
        "track": 1.01,
        "version": "6.1NRT"
      }
    },
    {
      "type": "Feature",
      "geometry": {
        "type": "Point",
        "coordinates": [
          8.17778,
          45.87481
        ]
      },
      "properties": {
        "latitude": 45.87481,
        "longitude": 8.17778,
        "brightness": 319.8,
        "confidence": "79",
        "frp": 24.44,
        "acq_date": "2026-04-06",
        "acq_time": "1431",
        "satellite": "MODIS/A",
        "daynight": "D",
        "scan": 1.38,
        "track": 1.16,
        "version": "6.1NRT"
      }
    },
    {
      "type": "Feature",
      "geometry": {
        "type": "Point",
        "coordinates": [
          -0.94098,
          45.74091
        ]
      },
      "properties": {
        "latitude": 45.74091,
        "longitude": -0.94098,
        "brightness": 318.17,
        "confidence": "74",
        "frp": 15.41,
        "acq_date": "2026-04-06",
        "acq_time": "1431",
        "satellite": "MODIS/A",
        "daynight": "D",
        "scan": 1.23,
        "track": 1.1,
        "version": "6.1NRT"
      }
    },
    {
      "type": "Feature",
      "geometry": {
        "type": "Point",
        "coordinates": [
          -0.97502,
          46.51206
        ]
      },
      "properties": {
        "latitude": 46.51206,
        "longitude": -0.97502,
        "brightness": 312.64,
        "confidence": "70",
        "frp": 9.98,
        "acq_date": "2026-04-06",
        "acq_time": "1431",
        "satellite": "MODIS/A",
        "daynight": "D",
        "scan": 1.19,
        "track": 1.09,
        "version": "6.1NRT"
      }
    },
    {
      "type": "Feature",
      "geometry": {
        "type": "Point",
        "coordinates": [
          -2.36687,
          47.66631
        ]
      },
      "properties": {
        "latitude": 47.66631,
        "longitude": -2.36687,
        "brightness": 314.28,
        "confidence": "74",
        "frp": 16.45,
        "acq_date": "2026-04-06",
        "acq_time": "1431",
        "satellite": "MODIS/A",
        "daynight": "D",
        "scan": 1.29,
        "track": 1.13,
        "version": "6.1NRT"
      }
    },
    {
      "type": "Feature",
      "geometry": {
        "type": "Point",
        "coordinates": [
          -3.80863,
          48.12972
        ]
      },
      "properties": {
        "latitude": 48.12972,
        "longitude": -3.80863,
        "brightness": 311.8,
        "confidence": "72",
        "frp": 16.33,
        "acq_date": "2026-04-06",
        "acq_time": "1431",
        "satellite": "MODIS/A",
        "daynight": "D",
        "scan": 1.45,
        "track": 1.19,
        "version": "6.1NRT"
      }
    },
    {
      "type": "Feature",
      "geometry": {
        "type": "Point",
        "coordinates": [
          -3.81381,
          48.12536
        ]
      },
      "properties": {
        "latitude": 48.12536,
        "longitude": -3.81381,
        "brightness": 306.79,
        "confidence": "58",
        "frp": 10.1,
        "acq_date": "2026-04-06",
        "acq_time": "1431",
        "satellite": "MODIS/A",
        "daynight": "D",
        "scan": 1.45,
        "track": 1.19,
        "version": "6.1NRT"
      }
    },
    {
      "type": "Feature",
      "geometry": {
        "type": "Point",
        "coordinates": [
          3.85817,
          43.6692
        ]
      },
      "properties": {
        "latitude": 43.6692,
        "longitude": 3.85817,
        "brightness": 306.84,
        "confidence": "52",
        "frp": 3.94,
        "acq_date": "2026-04-06",
        "acq_time": "1429",
        "satellite": "MODIS/A",
        "daynight": "D",
        "scan": 1.0,
        "track": 1.0,
        "version": "6.1NRT"
      }
    },
    {
      "type": "Feature",
      "geometry": {
        "type": "Point",
        "coordinates": [
          -0.66218,
          43.03168
        ]
      },
      "properties": {
        "latitude": 43.03168,
        "longitude": -0.66218,
        "brightness": 309.09,
        "confidence": "59",
        "frp": 9.72,
        "acq_date": "2026-04-06",
        "acq_time": "1429",
        "satellite": "MODIS/A",
        "daynight": "D",
        "scan": 1.35,
        "track": 1.15,
        "version": "6.1NRT"
      }
    },
    {
      "type": "Feature",
      "geometry": {
        "type": "Point",
        "coordinates": [
          -0.49806,
          43.08375
        ]
      },
      "properties": {
        "latitude": 43.08375,
        "longitude": -0.49806,
        "brightness": 317.78,
        "confidence": "76",
        "frp": 20.19,
        "acq_date": "2026-04-06",
        "acq_time": "1429",
        "satellite": "MODIS/A",
        "daynight": "D",
        "scan": 1.32,
        "track": 1.14,
        "version": "6.1NRT"
      }
    },
    {
      "type": "Feature",
      "geometry": {
        "type": "Point",
        "coordinates": [
          -4.95804,
          42.30457
        ]
      },
      "properties": {
        "latitude": 42.30457,
        "longitude": -4.95804,
        "brightness": 310.04,
        "confidence": "62",
        "frp": 17.82,
        "acq_date": "2026-04-06",
        "acq_time": "1429",
        "satellite": "MODIS/A",
        "daynight": "D",
        "scan": 2.42,
        "track": 1.5,
        "version": "6.1NRT"
      }
    },
    {
      "type": "Feature",
      "geometry": {
        "type": "Point",
        "coordinates": [
          3.85991,
          44.3457
        ]
      },
      "properties": {
        "latitude": 44.3457,
        "longitude": 3.85991,
        "brightness": 309.19,
        "confidence": "61",
        "frp": 7.17,
        "acq_date": "2026-04-06",
        "acq_time": "1429",
        "satellite": "MODIS/A",
        "daynight": "D",
        "scan": 1.0,
        "track": 1.0,
        "version": "6.1NRT"
      }
    },
    {
      "type": "Feature",
      "geometry": {
        "type": "Point",
        "coordinates": [
          3.84786,
          44.34394
        ]
      },
      "properties": {
        "latitude": 44.34394,
        "longitude": 3.84786,
        "brightness": 317.0,
        "confidence": "74",
        "frp": 13.6,
        "acq_date": "2026-04-06",
        "acq_time": "1429",
        "satellite": "MODIS/A",
        "daynight": "D",
        "scan": 1.0,
        "track": 1.0,
        "version": "6.1NRT"
      }
    },
    {
      "type": "Feature",
      "geometry": {
        "type": "Point",
        "coordinates": [
          3.76715,
          44.42556
        ]
      },
      "properties": {
        "latitude": 44.42556,
        "longitude": 3.76715,
        "brightness": 309.44,
        "confidence": "47",
        "frp": 8.74,
        "acq_date": "2026-04-06",
        "acq_time": "1429",
        "satellite": "MODIS/A",
        "daynight": "D",
        "scan": 1.0,
        "track": 1.0,
        "version": "6.1NRT"
      }
    },
    {
      "type": "Feature",
      "geometry": {
        "type": "Point",
        "coordinates": [
          4.49013,
          44.74136
        ]
      },
      "properties": {
        "latitude": 44.74136,
        "longitude": 4.49013,
        "brightness": 327.82,
        "confidence": "84",
        "frp": 23.66,
        "acq_date": "2026-04-06",
        "acq_time": "1429",
        "satellite": "MODIS/A",
        "daynight": "D",
        "scan": 1.02,
        "track": 1.01,
        "version": "6.1NRT"
      }
    },
    {
      "type": "Feature",
      "geometry": {
        "type": "Point",
        "coordinates": [
          4.48774,
          44.7501
        ]
      },
      "properties": {
        "latitude": 44.7501,
        "longitude": 4.48774,
        "brightness": 330.65,
        "confidence": "86",
        "frp": 27.34,
        "acq_date": "2026-04-06",
        "acq_time": "1429",
        "satellite": "MODIS/A",
        "daynight": "D",
        "scan": 1.02,
        "track": 1.01,
        "version": "6.1NRT"
      }
    },
    {
      "type": "Feature",
      "geometry": {
        "type": "Point",
        "coordinates": [
          4.47545,
          44.74838
        ]
      },
      "properties": {
        "latitude": 44.74838,
        "longitude": 4.47545,
        "brightness": 306.8,
        "confidence": "58",
        "frp": 4.31,
        "acq_date": "2026-04-06",
        "acq_time": "1429",
        "satellite": "MODIS/A",
        "daynight": "D",
        "scan": 1.01,
        "track": 1.01,
        "version": "6.1NRT"
      }
    },
    {
      "type": "Feature",
      "geometry": {
        "type": "Point",
        "coordinates": [
          4.4032,
          44.7579
        ]
      },
      "properties": {
        "latitude": 44.7579,
        "longitude": 4.4032,
        "brightness": 313.64,
        "confidence": "71",
        "frp": 9.19,
        "acq_date": "2026-04-06",
        "acq_time": "1429",
        "satellite": "MODIS/A",
        "daynight": "D",
        "scan": 1.01,
        "track": 1.01,
        "version": "6.1NRT"
      }
    },
    {
      "type": "Feature",
      "geometry": {
        "type": "Point",
        "coordinates": [
          4.39092,
          44.75619
        ]
      },
      "properties": {
        "latitude": 44.75619,
        "longitude": 4.39092,
        "brightness": 311.16,
        "confidence": "67",
        "frp": 7.42,
        "acq_date": "2026-04-06",
        "acq_time": "1429",
        "satellite": "MODIS/A",
        "daynight": "D",
        "scan": 1.01,
        "track": 1.01,
        "version": "6.1NRT"
      }
    },
    {
      "type": "Feature",
      "geometry": {
        "type": "Point",
        "coordinates": [
          4.3419,
          44.74935
        ]
      },
      "properties": {
        "latitude": 44.74935,
        "longitude": 4.3419,
        "brightness": 309.25,
        "confidence": "64",
        "frp": 6.74,
        "acq_date": "2026-04-06",
        "acq_time": "1429",
        "satellite": "MODIS/A",
        "daynight": "D",
        "scan": 1.01,
        "track": 1.01,
        "version": "6.1NRT"
      }
    },
    {
      "type": "Feature",
      "geometry": {
        "type": "Point",
        "coordinates": [
          -0.8996,
          43.94885
        ]
      },
      "properties": {
        "latitude": 43.94885,
        "longitude": -0.8996,
        "brightness": 318.51,
        "confidence": "72",
        "frp": 17.3,
        "acq_date": "2026-04-06",
        "acq_time": "1429",
        "satellite": "MODIS/A",
        "daynight": "D",
        "scan": 1.32,
        "track": 1.14,
        "version": "6.1NRT"
      }
    },
    {
      "type": "Feature",
      "geometry": {
        "type": "Point",
        "coordinates": [
          -0.91525,
          43.94587
        ]
      },
      "properties": {
        "latitude": 43.94587,
        "longitude": -0.91525,
        "brightness": 319.04,
        "confidence": "73",
        "frp": 18.02,
        "acq_date": "2026-04-06",
        "acq_time": "1429",
        "satellite": "MODIS/A",
        "daynight": "D",
        "scan": 1.32,
        "track": 1.14,
        "version": "6.1NRT"
      }
    },
    {
      "type": "Feature",
      "geometry": {
        "type": "Point",
        "coordinates": [
          -4.49853,
          43.22612
        ]
      },
      "properties": {
        "latitude": 43.22612,
        "longitude": -4.49853,
        "brightness": 323.88,
        "confidence": "82",
        "frp": 55.75,
        "acq_date": "2026-04-06",
        "acq_time": "1429",
        "satellite": "MODIS/A",
        "daynight": "D",
        "scan": 2.14,
        "track": 1.42,
        "version": "6.1NRT"
      }
    },
    {
      "type": "Feature",
      "geometry": {
        "type": "Point",
        "coordinates": [
          -4.48498,
          43.23333
        ]
      },
      "properties": {
        "latitude": 43.23333,
        "longitude": -4.48498,
        "brightness": 310.33,
        "confidence": "68",
        "frp": 20.26,
        "acq_date": "2026-04-06",
        "acq_time": "1429",
        "satellite": "MODIS/A",
        "daynight": "D",
        "scan": 2.13,
        "track": 1.42,
        "version": "6.1NRT"
      }
    },
    {
      "type": "Feature",
      "geometry": {
        "type": "Point",
        "coordinates": [
          -4.50692,
          43.22826
        ]
      },
      "properties": {
        "latitude": 43.22826,
        "longitude": -4.50692,
        "brightness": 316.38,
        "confidence": "76",
        "frp": 35.54,
        "acq_date": "2026-04-06",
        "acq_time": "1429",
        "satellite": "MODIS/A",
        "daynight": "D",
        "scan": 2.14,
        "track": 1.42,
        "version": "6.1NRT"
      }
    },
    {
      "type": "Feature",
      "geometry": {
        "type": "Point",
        "coordinates": [
          -0.64972,
          44.10091
        ]
      },
      "properties": {
        "latitude": 44.10091,
        "longitude": -0.64972,
        "brightness": 313.63,
        "confidence": "32",
        "frp": 8.27,
        "acq_date": "2026-04-06",
        "acq_time": "1429",
        "satellite": "MODIS/A",
        "daynight": "D",
        "scan": 1.28,
        "track": 1.12,
        "version": "6.1NRT"
      }
    },
    {
      "type": "Feature",
      "geometry": {
        "type": "Point",
        "coordinates": [
          -0.66492,
          44.09807
        ]
      },
      "properties": {
        "latitude": 44.09807,
        "longitude": -0.66492,
        "brightness": 335.38,
        "confidence": "87",
        "frp": 43.16,
        "acq_date": "2026-04-06",
        "acq_time": "1429",
        "satellite": "MODIS/A",
        "daynight": "D",
        "scan": 1.28,
        "track": 1.12,
        "version": "6.1NRT"
      }
    },
    {
      "type": "Feature",
      "geometry": {
        "type": "Point",
        "coordinates": [
          -0.6685,
          44.10765
        ]
      },
      "properties": {
        "latitude": 44.10765,
        "longitude": -0.6685,
        "brightness": 322.22,
        "confidence": "76",
        "frp": 19.84,
        "acq_date": "2026-04-06",
        "acq_time": "1429",
        "satellite": "MODIS/A",
        "daynight": "D",
        "scan": 1.28,
        "track": 1.12,
        "version": "6.1NRT"
      }
    },
    {
      "type": "Feature",
      "geometry": {
        "type": "Point",
        "coordinates": [
          -4.96146,
          42.31184
        ]
      },
      "properties": {
        "latitude": 42.31184,
        "longitude": -4.96146,
        "brightness": 367.0,
        "confidence": "high",
        "frp": 12.72,
        "acq_date": "2026-04-06",
        "acq_time": "1414",
        "satellite": "Suomi-NPP/VIIRS",
        "daynight": "D",
        "scan": 0.44,
        "track": 0.62,
        "version": "2.0NRT"
      }
    },
    {
      "type": "Feature",
      "geometry": {
        "type": "Point",
        "coordinates": [
          -0.65601,
          43.03499
        ]
      },
      "properties": {
        "latitude": 43.03499,
        "longitude": -0.65601,
        "brightness": 326.39,
        "confidence": "nominal",
        "frp": 2.0,
        "acq_date": "2026-04-06",
        "acq_time": "1414",
        "satellite": "Suomi-NPP/VIIRS",
        "daynight": "D",
        "scan": 0.72,
        "track": 0.76,
        "version": "2.0NRT"
      }
    },
    {
      "type": "Feature",
      "geometry": {
        "type": "Point",
        "coordinates": [
          -3.91174,
          43.05293
        ]
      },
      "properties": {
        "latitude": 43.05293,
        "longitude": -3.91174,
        "brightness": 328.7,
        "confidence": "nominal",
        "frp": 4.09,
        "acq_date": "2026-04-06",
        "acq_time": "1414",
        "satellite": "Suomi-NPP/VIIRS",
        "daynight": "D",
        "scan": 0.5,
        "track": 0.66,
        "version": "2.0NRT"
      }
    },
    {
      "type": "Feature",
      "geometry": {
        "type": "Point",
        "coordinates": [
          -4.33198,
          43.18858
        ]
      },
      "properties": {
        "latitude": 43.18858,
        "longitude": -4.33198,
        "brightness": 367.0,
        "confidence": "high",
        "frp": 10.64,
        "acq_date": "2026-04-06",
        "acq_time": "1414",
        "satellite": "Suomi-NPP/VIIRS",
        "daynight": "D",
        "scan": 0.48,
        "track": 0.64,
        "version": "2.0NRT"
      }
    },
    {
      "type": "Feature",
      "geometry": {
        "type": "Point",
        "coordinates": [
          -4.32426,
          43.1888
        ]
      },
      "properties": {
        "latitude": 43.1888,
        "longitude": -4.32426,
        "brightness": 334.38,
        "confidence": "nominal",
        "frp": 10.64,
        "acq_date": "2026-04-06",
        "acq_time": "1414",
        "satellite": "Suomi-NPP/VIIRS",
        "daynight": "D",
        "scan": 0.48,
        "track": 0.64,
        "version": "2.0NRT"
      }
    },
    {
      "type": "Feature",
      "geometry": {
        "type": "Point",
        "coordinates": [
          -4.33703,
          43.18843
        ]
      },
      "properties": {
        "latitude": 43.18843,
        "longitude": -4.33703,
        "brightness": 349.09,
        "confidence": "nominal",
        "frp": 8.3,
        "acq_date": "2026-04-06",
        "acq_time": "1414",
        "satellite": "Suomi-NPP/VIIRS",
        "daynight": "D",
        "scan": 0.47,
        "track": 0.64,
        "version": "2.0NRT"
      }
    },
    {
      "type": "Feature",
      "geometry": {
        "type": "Point",
        "coordinates": [
          -4.33189,
          43.19463
        ]
      },
      "properties": {
        "latitude": 43.19463,
        "longitude": -4.33189,
        "brightness": 349.06,
        "confidence": "nominal",
        "frp": 10.64,
        "acq_date": "2026-04-06",
        "acq_time": "1414",
        "satellite": "Suomi-NPP/VIIRS",
        "daynight": "D",
        "scan": 0.48,
        "track": 0.64,
        "version": "2.0NRT"
      }
    },
    {
      "type": "Feature",
      "geometry": {
        "type": "Point",
        "coordinates": [
          -4.33671,
          43.19448
        ]
      },
      "properties": {
        "latitude": 43.19448,
        "longitude": -4.33671,
        "brightness": 340.07,
        "confidence": "nominal",
        "frp": 8.3,
        "acq_date": "2026-04-06",
        "acq_time": "1414",
        "satellite": "Suomi-NPP/VIIRS",
        "daynight": "D",
        "scan": 0.47,
        "track": 0.64,
        "version": "2.0NRT"
      }
    },
    {
      "type": "Feature",
      "geometry": {
        "type": "Point",
        "coordinates": [
          -4.34085,
          43.19436
        ]
      },
      "properties": {
        "latitude": 43.19436,
        "longitude": -4.34085,
        "brightness": 341.65,
        "confidence": "nominal",
        "frp": 8.3,
        "acq_date": "2026-04-06",
        "acq_time": "1414",
        "satellite": "Suomi-NPP/VIIRS",
        "daynight": "D",
        "scan": 0.47,
        "track": 0.64,
        "version": "2.0NRT"
      }
    },
    {
      "type": "Feature",
      "geometry": {
        "type": "Point",
        "coordinates": [
          -4.34484,
          43.19425
        ]
      },
      "properties": {
        "latitude": 43.19425,
        "longitude": -4.34484,
        "brightness": 346.03,
        "confidence": "nominal",
        "frp": 7.08,
        "acq_date": "2026-04-06",
        "acq_time": "1414",
        "satellite": "Suomi-NPP/VIIRS",
        "daynight": "D",
        "scan": 0.47,
        "track": 0.64,
        "version": "2.0NRT"
      }
    },
    {
      "type": "Feature",
      "geometry": {
        "type": "Point",
        "coordinates": [
          -4.34186,
          43.20037
        ]
      },
      "properties": {
        "latitude": 43.20037,
        "longitude": -4.34186,
        "brightness": 340.13,
        "confidence": "nominal",
        "frp": 7.25,
        "acq_date": "2026-04-06",
        "acq_time": "1414",
        "satellite": "Suomi-NPP/VIIRS",
        "daynight": "D",
        "scan": 0.47,
        "track": 0.64,
        "version": "2.0NRT"
      }
    },
    {
      "type": "Feature",
      "geometry": {
        "type": "Point",
        "coordinates": [
          -4.34576,
          43.20026
        ]
      },
      "properties": {
        "latitude": 43.20026,
        "longitude": -4.34576,
        "brightness": 328.7,
        "confidence": "nominal",
        "frp": 5.04,
        "acq_date": "2026-04-06",
        "acq_time": "1414",
        "satellite": "Suomi-NPP/VIIRS",
        "daynight": "D",
        "scan": 0.47,
        "track": 0.64,
        "version": "2.0NRT"
      }
    },
    {
      "type": "Feature",
      "geometry": {
        "type": "Point",
        "coordinates": [
          -4.32849,
          43.18949
        ]
      },
      "properties": {
        "latitude": 43.18949,
        "longitude": -4.32849,
        "brightness": 367.0,
        "confidence": "high",
        "frp": 16.92,
        "acq_date": "2026-04-06",
        "acq_time": "1414",
        "satellite": "Suomi-NPP/VIIRS",
        "daynight": "D",
        "scan": 0.48,
        "track": 0.64,
        "version": "2.0NRT"
      }
    },
    {
      "type": "Feature",
      "geometry": {
        "type": "Point",
        "coordinates": [
          -4.33457,
          43.18934
        ]
      },
      "properties": {
        "latitude": 43.18934,
        "longitude": -4.33457,
        "brightness": 367.0,
        "confidence": "high",
        "frp": 9.93,
        "acq_date": "2026-04-06",
        "acq_time": "1414",
        "satellite": "Suomi-NPP/VIIRS",
        "daynight": "D",
        "scan": 0.48,
        "track": 0.64,
        "version": "2.0NRT"
      }
    },
    {
      "type": "Feature",
      "geometry": {
        "type": "Point",
        "coordinates": [
          -4.33926,
          43.18923
        ]
      },
      "properties": {
        "latitude": 43.18923,
        "longitude": -4.33926,
        "brightness": 339.17,
        "confidence": "nominal",
        "frp": 9.93,
        "acq_date": "2026-04-06",
        "acq_time": "1414",
        "satellite": "Suomi-NPP/VIIRS",
        "daynight": "D",
        "scan": 0.48,
        "track": 0.64,
        "version": "2.0NRT"
      }
    },
    {
      "type": "Feature",
      "geometry": {
        "type": "Point",
        "coordinates": [
          -4.3428,
          43.19519
        ]
      },
      "properties": {
        "latitude": 43.19519,
        "longitude": -4.3428,
        "brightness": 367.0,
        "confidence": "high",
        "frp": 8.02,
        "acq_date": "2026-04-06",
        "acq_time": "1414",
        "satellite": "Suomi-NPP/VIIRS",
        "daynight": "D",
        "scan": 0.47,
        "track": 0.64,
        "version": "2.0NRT"
      }
    },
    {
      "type": "Feature",
      "geometry": {
        "type": "Point",
        "coordinates": [
          -4.33428,
          43.19539
        ]
      },
      "properties": {
        "latitude": 43.19539,
        "longitude": -4.33428,
        "brightness": 353.47,
        "confidence": "nominal",
        "frp": 8.71,
        "acq_date": "2026-04-06",
        "acq_time": "1414",
        "satellite": "Suomi-NPP/VIIRS",
        "daynight": "D",
        "scan": 0.48,
        "track": 0.64,
        "version": "2.0NRT"
      }
    },
    {
      "type": "Feature",
      "geometry": {
        "type": "Point",
        "coordinates": [
          -4.33882,
          43.19528
        ]
      },
      "properties": {
        "latitude": 43.19528,
        "longitude": -4.33882,
        "brightness": 340.39,
        "confidence": "nominal",
        "frp": 8.71,
        "acq_date": "2026-04-06",
        "acq_time": "1414",
        "satellite": "Suomi-NPP/VIIRS",
        "daynight": "D",
        "scan": 0.48,
        "track": 0.64,
        "version": "2.0NRT"
      }
    },
    {
      "type": "Feature",
      "geometry": {
        "type": "Point",
        "coordinates": [
          -4.34685,
          43.19508
        ]
      },
      "properties": {
        "latitude": 43.19508,
        "longitude": -4.34685,
        "brightness": 331.2,
        "confidence": "nominal",
        "frp": 8.02,
        "acq_date": "2026-04-06",
        "acq_time": "1414",
        "satellite": "Suomi-NPP/VIIRS",
        "daynight": "D",
        "scan": 0.47,
        "track": 0.64,
        "version": "2.0NRT"
      }
    },
    {
      "type": "Feature",
      "geometry": {
        "type": "Point",
        "coordinates": [
          -4.49151,
          43.22744
        ]
      },
      "properties": {
        "latitude": 43.22744,
        "longitude": -4.49151,
        "brightness": 349.12,
        "confidence": "nominal",
        "frp": 5.54,
        "acq_date": "2026-04-06",
        "acq_time": "1414",
        "satellite": "Suomi-NPP/VIIRS",
        "daynight": "D",
        "scan": 0.47,
        "track": 0.64,
        "version": "2.0NRT"
      }
    },
    {
      "type": "Feature",
      "geometry": {
        "type": "Point",
        "coordinates": [
          -4.49916,
          43.22723
        ]
      },
      "properties": {
        "latitude": 43.22723,
        "longitude": -4.49916,
        "brightness": 343.3,
        "confidence": "nominal",
        "frp": 5.54,
        "acq_date": "2026-04-06",
        "acq_time": "1414",
        "satellite": "Suomi-NPP/VIIRS",
        "daynight": "D",
        "scan": 0.47,
        "track": 0.64,
        "version": "2.0NRT"
      }
    },
    {
      "type": "Feature",
      "geometry": {
        "type": "Point",
        "coordinates": [
          -4.48183,
          43.2337
        ]
      },
      "properties": {
        "latitude": 43.2337,
        "longitude": -4.48183,
        "brightness": 335.46,
        "confidence": "nominal",
        "frp": 9.33,
        "acq_date": "2026-04-06",
        "acq_time": "1414",
        "satellite": "Suomi-NPP/VIIRS",
        "daynight": "D",
        "scan": 0.47,
        "track": 0.64,
        "version": "2.0NRT"
      }
    },
    {
      "type": "Feature",
      "geometry": {
        "type": "Point",
        "coordinates": [
          -4.48897,
          43.23351
        ]
      },
      "properties": {
        "latitude": 43.23351,
        "longitude": -4.48897,
        "brightness": 341.68,
        "confidence": "nominal",
        "frp": 5.54,
        "acq_date": "2026-04-06",
        "acq_time": "1414",
        "satellite": "Suomi-NPP/VIIRS",
        "daynight": "D",
        "scan": 0.47,
        "track": 0.64,
        "version": "2.0NRT"
      }
    },
    {
      "type": "Feature",
      "geometry": {
        "type": "Point",
        "coordinates": [
          -4.49593,
          43.23331
        ]
      },
      "properties": {
        "latitude": 43.23331,
        "longitude": -4.49593,
        "brightness": 340.94,
        "confidence": "nominal",
        "frp": 5.54,
        "acq_date": "2026-04-06",
        "acq_time": "1414",
        "satellite": "Suomi-NPP/VIIRS",
        "daynight": "D",
        "scan": 0.47,
        "track": 0.64,
        "version": "2.0NRT"
      }
    },
    {
      "type": "Feature",
      "geometry": {
        "type": "Point",
        "coordinates": [
          -4.3429,
          43.26163
        ]
      },
      "properties": {
        "latitude": 43.26163,
        "longitude": -4.3429,
        "brightness": 347.68,
        "confidence": "nominal",
        "frp": 5.04,
        "acq_date": "2026-04-06",
        "acq_time": "1414",
        "satellite": "Suomi-NPP/VIIRS",
        "daynight": "D",
        "scan": 0.47,
        "track": 0.64,
        "version": "2.0NRT"
      }
    },
    {
      "type": "Feature",
      "geometry": {
        "type": "Point",
        "coordinates": [
          -4.4244,
          43.28343
        ]
      },
      "properties": {
        "latitude": 43.28343,
        "longitude": -4.4244,
        "brightness": 351.52,
        "confidence": "nominal",
        "frp": 7.61,
        "acq_date": "2026-04-06",
        "acq_time": "1414",
        "satellite": "Suomi-NPP/VIIRS",
        "daynight": "D",
        "scan": 0.47,
        "track": 0.64,
        "version": "2.0NRT"
      }
    },
    {
      "type": "Feature",
      "geometry": {
        "type": "Point",
        "coordinates": [
          1.22862,
          41.19594
        ]
      },
      "properties": {
        "latitude": 41.19594,
        "longitude": 1.22862,
        "brightness": 332.07,
        "confidence": "nominal",
        "frp": 2.02,
        "acq_date": "2026-04-06",
        "acq_time": "1255",
        "satellite": "NOAA-20/VIIRS",
        "daynight": "D",
        "scan": 0.39,
        "track": 0.36,
        "version": "2.0NRT"
      }
    },
    {
      "type": "Feature",
      "geometry": {
        "type": "Point",
        "coordinates": [
          -1.67704,
          42.51193
        ]
      },
      "properties": {
        "latitude": 42.51193,
        "longitude": -1.67704,
        "brightness": 335.22,
        "confidence": "nominal",
        "frp": 1.75,
        "acq_date": "2026-04-06",
        "acq_time": "1255",
        "satellite": "NOAA-20/VIIRS",
        "daynight": "D",
        "scan": 0.4,
        "track": 0.37,
        "version": "2.0NRT"
      }
    },
    {
      "type": "Feature",
      "geometry": {
        "type": "Point",
        "coordinates": [
          4.89478,
          43.44168
        ]
      },
      "properties": {
        "latitude": 43.44168,
        "longitude": 4.89478,
        "brightness": 329.59,
        "confidence": "nominal",
        "frp": 3.36,
        "acq_date": "2026-04-06",
        "acq_time": "1255",
        "satellite": "NOAA-20/VIIRS",
        "daynight": "D",
        "scan": 0.49,
        "track": 0.4,
        "version": "2.0NRT"
      }
    },
    {
      "type": "Feature",
      "geometry": {
        "type": "Point",
        "coordinates": [
          0.49266,
          42.86852
        ]
      },
      "properties": {
        "latitude": 42.86852,
        "longitude": 0.49266,
        "brightness": 330.27,
        "confidence": "nominal",
        "frp": 2.37,
        "acq_date": "2026-04-06",
        "acq_time": "1255",
        "satellite": "NOAA-20/VIIRS",
        "daynight": "D",
        "scan": 0.38,
        "track": 0.36,
        "version": "2.0NRT"
      }
    },
    {
      "type": "Feature",
      "geometry": {
        "type": "Point",
        "coordinates": [
          4.90004,
          43.44603
        ]
      },
      "properties": {
        "latitude": 43.44603,
        "longitude": 4.90004,
        "brightness": 332.78,
        "confidence": "nominal",
        "frp": 3.36,
        "acq_date": "2026-04-06",
        "acq_time": "1255",
        "satellite": "NOAA-20/VIIRS",
        "daynight": "D",
        "scan": 0.49,
        "track": 0.4,
        "version": "2.0NRT"
      }
    },
    {
      "type": "Feature",
      "geometry": {
        "type": "Point",
        "coordinates": [
          -1.78337,
          46.99662
        ]
      },
      "properties": {
        "latitude": 46.99662,
        "longitude": -1.78337,
        "brightness": 337.35,
        "confidence": "nominal",
        "frp": 3.22,
        "acq_date": "2026-04-06",
        "acq_time": "1255",
        "satellite": "NOAA-20/VIIRS",
        "daynight": "D",
        "scan": 0.38,
        "track": 0.36,
        "version": "2.0NRT"
      }
    },
    {
      "type": "Feature",
      "geometry": {
        "type": "Point",
        "coordinates": [
          -0.46421,
          47.59157
        ]
      },
      "properties": {
        "latitude": 47.59157,
        "longitude": -0.46421,
        "brightness": 338.74,
        "confidence": "nominal",
        "frp": 5.8,
        "acq_date": "2026-04-06",
        "acq_time": "1255",
        "satellite": "NOAA-20/VIIRS",
        "daynight": "D",
        "scan": 0.39,
        "track": 0.36,
        "version": "2.0NRT"
      }
    },
    {
      "type": "Feature",
      "geometry": {
        "type": "Point",
        "coordinates": [
          6.75283,
          49.35706
        ]
      },
      "properties": {
        "latitude": 49.35706,
        "longitude": 6.75283,
        "brightness": 326.71,
        "confidence": "low",
        "frp": 3.97,
        "acq_date": "2026-04-06",
        "acq_time": "1255",
        "satellite": "NOAA-20/VIIRS",
        "daynight": "D",
        "scan": 0.45,
        "track": 0.47,
        "version": "2.0NRT"
      }
    },
    {
      "type": "Feature",
      "geometry": {
        "type": "Point",
        "coordinates": [
          6.7466,
          49.3566
        ]
      },
      "properties": {
        "latitude": 49.3566,
        "longitude": 6.7466,
        "brightness": 327.14,
        "confidence": "low",
        "frp": 3.7,
        "acq_date": "2026-04-06",
        "acq_time": "1255",
        "satellite": "NOAA-20/VIIRS",
        "daynight": "D",
        "scan": 0.45,
        "track": 0.47,
        "version": "2.0NRT"
      }
    },
    {
      "type": "Feature",
      "geometry": {
        "type": "Point",
        "coordinates": [
          5.96252,
          49.5057
        ]
      },
      "properties": {
        "latitude": 49.5057,
        "longitude": 5.96252,
        "brightness": 338.81,
        "confidence": "nominal",
        "frp": 3.79,
        "acq_date": "2026-04-06",
        "acq_time": "1255",
        "satellite": "NOAA-20/VIIRS",
        "daynight": "D",
        "scan": 0.42,
        "track": 0.45,
        "version": "2.0NRT"
      }
    },
    {
      "type": "Feature",
      "geometry": {
        "type": "Point",
        "coordinates": [
          -4.79932,
          50.52201
        ]
      },
      "properties": {
        "latitude": 50.52201,
        "longitude": -4.79932,
        "brightness": 334.1,
        "confidence": "nominal",
        "frp": 3.23,
        "acq_date": "2026-04-06",
        "acq_time": "1255",
        "satellite": "NOAA-20/VIIRS",
        "daynight": "D",
        "scan": 0.39,
        "track": 0.37,
        "version": "2.0NRT"
      }
    },
    {
      "type": "Feature",
      "geometry": {
        "type": "Point",
        "coordinates": [
          0.00895,
          43.13941
        ]
      },
      "properties": {
        "latitude": 43.13941,
        "longitude": 0.00895,
        "brightness": 336.4,
        "confidence": "nominal",
        "frp": 2.78,
        "acq_date": "2026-04-06",
        "acq_time": "1253",
        "satellite": "NOAA-20/VIIRS",
        "daynight": "D",
        "scan": 0.38,
        "track": 0.36,
        "version": "2.0NRT"
      }
    },
    {
      "type": "Feature",
      "geometry": {
        "type": "Point",
        "coordinates": [
          -0.46859,
          43.07489
        ]
      },
      "properties": {
        "latitude": 43.07489,
        "longitude": -0.46859,
        "brightness": 333.26,
        "confidence": "nominal",
        "frp": 2.8,
        "acq_date": "2026-04-06",
        "acq_time": "1253",
        "satellite": "NOAA-20/VIIRS",
        "daynight": "D",
        "scan": 0.39,
        "track": 0.36,
        "version": "2.0NRT"
      }
    },
    {
      "type": "Feature",
      "geometry": {
        "type": "Point",
        "coordinates": [
          -0.47325,
          43.07415
        ]
      },
      "properties": {
        "latitude": 43.07415,
        "longitude": -0.47325,
        "brightness": 333.24,
        "confidence": "nominal",
        "frp": 2.8,
        "acq_date": "2026-04-06",
        "acq_time": "1253",
        "satellite": "NOAA-20/VIIRS",
        "daynight": "D",
        "scan": 0.39,
        "track": 0.36,
        "version": "2.0NRT"
      }
    },
    {
      "type": "Feature",
      "geometry": {
        "type": "Point",
        "coordinates": [
          -0.50501,
          43.08276
        ]
      },
      "properties": {
        "latitude": 43.08276,
        "longitude": -0.50501,
        "brightness": 329.7,
        "confidence": "nominal",
        "frp": 3.29,
        "acq_date": "2026-04-06",
        "acq_time": "1253",
        "satellite": "NOAA-20/VIIRS",
        "daynight": "D",
        "scan": 0.39,
        "track": 0.36,
        "version": "2.0NRT"
      }
    },
    {
      "type": "Feature",
      "geometry": {
        "type": "Point",
        "coordinates": [
          -0.84862,
          43.05847
        ]
      },
      "properties": {
        "latitude": 43.05847,
        "longitude": -0.84862,
        "brightness": 333.51,
        "confidence": "low",
        "frp": 7.58,
        "acq_date": "2026-04-06",
        "acq_time": "1253",
        "satellite": "NOAA-20/VIIRS",
        "daynight": "D",
        "scan": 0.39,
        "track": 0.36,
        "version": "2.0NRT"
      }
    },
    {
      "type": "Feature",
      "geometry": {
        "type": "Point",
        "coordinates": [
          3.00476,
          43.61515
        ]
      },
      "properties": {
        "latitude": 43.61515,
        "longitude": 3.00476,
        "brightness": 333.56,
        "confidence": "nominal",
        "frp": 17.06,
        "acq_date": "2026-04-06",
        "acq_time": "1253",
        "satellite": "NOAA-20/VIIRS",
        "daynight": "D",
        "scan": 0.42,
        "track": 0.38,
        "version": "2.0NRT"
      }
    },
    {
      "type": "Feature",
      "geometry": {
        "type": "Point",
        "coordinates": [
          -0.84491,
          43.06251
        ]
      },
      "properties": {
        "latitude": 43.06251,
        "longitude": -0.84491,
        "brightness": 332.45,
        "confidence": "low",
        "frp": 3.09,
        "acq_date": "2026-04-06",
        "acq_time": "1253",
        "satellite": "NOAA-20/VIIRS",
        "daynight": "D",
        "scan": 0.39,
        "track": 0.36,
        "version": "2.0NRT"
      }
    },
    {
      "type": "Feature",
      "geometry": {
        "type": "Point",
        "coordinates": [
          -4.95835,
          42.31107
        ]
      },
      "properties": {
        "latitude": 42.31107,
        "longitude": -4.95835,
        "brightness": 332.37,
        "confidence": "nominal",
        "frp": 13.09,
        "acq_date": "2026-04-06",
        "acq_time": "1253",
        "satellite": "NOAA-20/VIIRS",
        "daynight": "D",
        "scan": 0.5,
        "track": 0.41,
        "version": "2.0NRT"
      }
    },
    {
      "type": "Feature",
      "geometry": {
        "type": "Point",
        "coordinates": [
          5.06389,
          43.89421
        ]
      },
      "properties": {
        "latitude": 43.89421,
        "longitude": 5.06389,
        "brightness": 331.03,
        "confidence": "nominal",
        "frp": 3.31,
        "acq_date": "2026-04-06",
        "acq_time": "1253",
        "satellite": "NOAA-20/VIIRS",
        "daynight": "D",
        "scan": 0.5,
        "track": 0.41,
        "version": "2.0NRT"
      }
    },
    {
      "type": "Feature",
      "geometry": {
        "type": "Point",
        "coordinates": [
          -2.73762,
          42.83964
        ]
      },
      "properties": {
        "latitude": 42.83964,
        "longitude": -2.73762,
        "brightness": 336.9,
        "confidence": "nominal",
        "frp": 2.95,
        "acq_date": "2026-04-06",
        "acq_time": "1253",
        "satellite": "NOAA-20/VIIRS",
        "daynight": "D",
        "scan": 0.42,
        "track": 0.38,
        "version": "2.0NRT"
      }
    },
    {
      "type": "Feature",
      "geometry": {
        "type": "Point",
        "coordinates": [
          -2.67203,
          42.86581
        ]
      },
      "properties": {
        "latitude": 42.86581,
        "longitude": -2.67203,
        "brightness": 336.54,
        "confidence": "nominal",
        "frp": 2.46,
        "acq_date": "2026-04-06",
        "acq_time": "1253",
        "satellite": "NOAA-20/VIIRS",
        "daynight": "D",
        "scan": 0.42,
        "track": 0.37,
        "version": "2.0NRT"
      }
    },
    {
      "type": "Feature",
      "geometry": {
        "type": "Point",
        "coordinates": [
          3.10924,
          43.84449
        ]
      },
      "properties": {
        "latitude": 43.84449,
        "longitude": 3.10924,
        "brightness": 328.65,
        "confidence": "nominal",
        "frp": 1.9,
        "acq_date": "2026-04-06",
        "acq_time": "1253",
        "satellite": "NOAA-20/VIIRS",
        "daynight": "D",
        "scan": 0.43,
        "track": 0.38,
        "version": "2.0NRT"
      }
    },
    {
      "type": "Feature",
      "geometry": {
        "type": "Point",
        "coordinates": [
          -2.75475,
          43.22813
        ]
      },
      "properties": {
        "latitude": 43.22813,
        "longitude": -2.75475,
        "brightness": 327.9,
        "confidence": "nominal",
        "frp": 1.69,
        "acq_date": "2026-04-06",
        "acq_time": "1253",
        "satellite": "NOAA-20/VIIRS",
        "daynight": "D",
        "scan": 0.42,
        "track": 0.37,
        "version": "2.0NRT"
      }
    },
    {
      "type": "Feature",
      "geometry": {
        "type": "Point",
        "coordinates": [
          3.85865,
          44.34927
        ]
      },
      "properties": {
        "latitude": 44.34927,
        "longitude": 3.85865,
        "brightness": 331.82,
        "confidence": "nominal",
        "frp": 3.44,
        "acq_date": "2026-04-06",
        "acq_time": "1253",
        "satellite": "NOAA-20/VIIRS",
        "daynight": "D",
        "scan": 0.46,
        "track": 0.39,
        "version": "2.0NRT"
      }
    },
    {
      "type": "Feature",
      "geometry": {
        "type": "Point",
        "coordinates": [
          3.85304,
          44.34861
        ]
      },
      "properties": {
        "latitude": 44.34861,
        "longitude": 3.85304,
        "brightness": 335.61,
        "confidence": "nominal",
        "frp": 3.44,
        "acq_date": "2026-04-06",
        "acq_time": "1253",
        "satellite": "NOAA-20/VIIRS",
        "daynight": "D",
        "scan": 0.46,
        "track": 0.39,
        "version": "2.0NRT"
      }
    },
    {
      "type": "Feature",
      "geometry": {
        "type": "Point",
        "coordinates": [
          3.61426,
          44.42097
        ]
      },
      "properties": {
        "latitude": 44.42097,
        "longitude": 3.61426,
        "brightness": 339.34,
        "confidence": "nominal",
        "frp": 6.51,
        "acq_date": "2026-04-06",
        "acq_time": "1253",
        "satellite": "NOAA-20/VIIRS",
        "daynight": "D",
        "scan": 0.45,
        "track": 0.39,
        "version": "2.0NRT"
      }
    },
    {
      "type": "Feature",
      "geometry": {
        "type": "Point",
        "coordinates": [
          -4.33274,
          43.19267
        ]
      },
      "properties": {
        "latitude": 43.19267,
        "longitude": -4.33274,
        "brightness": 334.26,
        "confidence": "nominal",
        "frp": 10.52,
        "acq_date": "2026-04-06",
        "acq_time": "1253",
        "satellite": "NOAA-20/VIIRS",
        "daynight": "D",
        "scan": 0.46,
        "track": 0.39,
        "version": "2.0NRT"
      }
    },
    {
      "type": "Feature",
      "geometry": {
        "type": "Point",
        "coordinates": [
          -4.33865,
          43.19154
        ]
      },
      "properties": {
        "latitude": 43.19154,
        "longitude": -4.33865,
        "brightness": 332.15,
        "confidence": "nominal",
        "frp": 4.54,
        "acq_date": "2026-04-06",
        "acq_time": "1253",
        "satellite": "NOAA-20/VIIRS",
        "daynight": "D",
        "scan": 0.46,
        "track": 0.39,
        "version": "2.0NRT"
      }
    },
    {
      "type": "Feature",
      "geometry": {
        "type": "Point",
        "coordinates": [
          -4.34024,
          43.19499
        ]
      },
      "properties": {
        "latitude": 43.19499,
        "longitude": -4.34024,
        "brightness": 343.63,
        "confidence": "nominal",
        "frp": 10.14,
        "acq_date": "2026-04-06",
        "acq_time": "1253",
        "satellite": "NOAA-20/VIIRS",
        "daynight": "D",
        "scan": 0.46,
        "track": 0.39,
        "version": "2.0NRT"
      }
    },
    {
      "type": "Feature",
      "geometry": {
        "type": "Point",
        "coordinates": [
          -4.3354,
          43.19373
        ]
      },
      "properties": {
        "latitude": 43.19373,
        "longitude": -4.3354,
        "brightness": 346.45,
        "confidence": "nominal",
        "frp": 5.24,
        "acq_date": "2026-04-06",
        "acq_time": "1253",
        "satellite": "NOAA-20/VIIRS",
        "daynight": "D",
        "scan": 0.46,
        "track": 0.39,
        "version": "2.0NRT"
      }
    },
    {
      "type": "Feature",
      "geometry": {
        "type": "Point",
        "coordinates": [
          -4.34155,
          43.19252
        ]
      },
      "properties": {
        "latitude": 43.19252,
        "longitude": -4.34155,
        "brightness": 334.15,
        "confidence": "nominal",
        "frp": 5.24,
        "acq_date": "2026-04-06",
        "acq_time": "1253",
        "satellite": "NOAA-20/VIIRS",
        "daynight": "D",
        "scan": 0.46,
        "track": 0.39,
        "version": "2.0NRT"
      }
    },
    {
      "type": "Feature",
      "geometry": {
        "type": "Point",
        "coordinates": [
          -4.34304,
          43.19599
        ]
      },
      "properties": {
        "latitude": 43.19599,
        "longitude": -4.34304,
        "brightness": 341.32,
        "confidence": "nominal",
        "frp": 5.24,
        "acq_date": "2026-04-06",
        "acq_time": "1253",
        "satellite": "NOAA-20/VIIRS",
        "daynight": "D",
        "scan": 0.46,
        "track": 0.39,
        "version": "2.0NRT"
      }
    },
    {
      "type": "Feature",
      "geometry": {
        "type": "Point",
        "coordinates": [
          0.95492,
          44.10819
        ]
      },
      "properties": {
        "latitude": 44.10819,
        "longitude": 0.95492,
        "brightness": 332.24,
        "confidence": "nominal",
        "frp": 1.32,
        "acq_date": "2026-04-06",
        "acq_time": "1253",
        "satellite": "NOAA-20/VIIRS",
        "daynight": "D",
        "scan": 0.39,
        "track": 0.36,
        "version": "2.0NRT"
      }
    },
    {
      "type": "Feature",
      "geometry": {
        "type": "Point",
        "coordinates": [
          -4.32898,
          43.28522
        ]
      },
      "properties": {
        "latitude": 43.28522,
        "longitude": -4.32898,
        "brightness": 335.96,
        "confidence": "nominal",
        "frp": 4.04,
        "acq_date": "2026-04-06",
        "acq_time": "1253",
        "satellite": "NOAA-20/VIIRS",
        "daynight": "D",
        "scan": 0.46,
        "track": 0.39,
        "version": "2.0NRT"
      }
    },
    {
      "type": "Feature",
      "geometry": {
        "type": "Point",
        "coordinates": [
          3.11079,
          44.46054
        ]
      },
      "properties": {
        "latitude": 44.46054,
        "longitude": 3.11079,
        "brightness": 333.08,
        "confidence": "nominal",
        "frp": 3.45,
        "acq_date": "2026-04-06",
        "acq_time": "1253",
        "satellite": "NOAA-20/VIIRS",
        "daynight": "D",
        "scan": 0.43,
        "track": 0.38,
        "version": "2.0NRT"
      }
    },
    {
      "type": "Feature",
      "geometry": {
        "type": "Point",
        "coordinates": [
          -4.42257,
          43.27847
        ]
      },
      "properties": {
        "latitude": 43.27847,
        "longitude": -4.42257,
        "brightness": 334.75,
        "confidence": "nominal",
        "frp": 3.79,
        "acq_date": "2026-04-06",
        "acq_time": "1253",
        "satellite": "NOAA-20/VIIRS",
        "daynight": "D",
        "scan": 0.46,
        "track": 0.39,
        "version": "2.0NRT"
      }
    },
    {
      "type": "Feature",
      "geometry": {
        "type": "Point",
        "coordinates": [
          0.68549,
          44.16833
        ]
      },
      "properties": {
        "latitude": 44.16833,
        "longitude": 0.68549,
        "brightness": 339.37,
        "confidence": "nominal",
        "frp": 2.42,
        "acq_date": "2026-04-06",
        "acq_time": "1253",
        "satellite": "NOAA-20/VIIRS",
        "daynight": "D",
        "scan": 0.39,
        "track": 0.36,
        "version": "2.0NRT"
      }
    },
    {
      "type": "Feature",
      "geometry": {
        "type": "Point",
        "coordinates": [
          4.40385,
          44.75709
        ]
      },
      "properties": {
        "latitude": 44.75709,
        "longitude": 4.40385,
        "brightness": 332.06,
        "confidence": "nominal",
        "frp": 4.54,
        "acq_date": "2026-04-06",
        "acq_time": "1253",
        "satellite": "NOAA-20/VIIRS",
        "daynight": "D",
        "scan": 0.48,
        "track": 0.4,
        "version": "2.0NRT"
      }
    },
    {
      "type": "Feature",
      "geometry": {
        "type": "Point",
        "coordinates": [
          -4.91657,
          43.323
        ]
      },
      "properties": {
        "latitude": 43.323,
        "longitude": -4.91657,
        "brightness": 345.32,
        "confidence": "nominal",
        "frp": 9.2,
        "acq_date": "2026-04-06",
        "acq_time": "1253",
        "satellite": "NOAA-20/VIIRS",
        "daynight": "D",
        "scan": 0.48,
        "track": 0.4,
        "version": "2.0NRT"
      }
    },
    {
      "type": "Feature",
      "geometry": {
        "type": "Point",
        "coordinates": [
          4.40271,
          44.76072
        ]
      },
      "properties": {
        "latitude": 44.76072,
        "longitude": 4.40271,
        "brightness": 333.36,
        "confidence": "nominal",
        "frp": 4.54,
        "acq_date": "2026-04-06",
        "acq_time": "1253",
        "satellite": "NOAA-20/VIIRS",
        "daynight": "D",
        "scan": 0.48,
        "track": 0.4,
        "version": "2.0NRT"
      }
    },
    {
      "type": "Feature",
      "geometry": {
        "type": "Point",
        "coordinates": [
          4.2927,
          44.99025
        ]
      },
      "properties": {
        "latitude": 44.99025,
        "longitude": 4.2927,
        "brightness": 333.48,
        "confidence": "nominal",
        "frp": 3.04,
        "acq_date": "2026-04-06",
        "acq_time": "1253",
        "satellite": "NOAA-20/VIIRS",
        "daynight": "D",
        "scan": 0.48,
        "track": 0.4,
        "version": "2.0NRT"
      }
    },
    {
      "type": "Feature",
      "geometry": {
        "type": "Point",
        "coordinates": [
          7.99308,
          45.53596
        ]
      },
      "properties": {
        "latitude": 45.53596,
        "longitude": 7.99308,
        "brightness": 340.18,
        "confidence": "nominal",
        "frp": 7.93,
        "acq_date": "2026-04-06",
        "acq_time": "1253",
        "satellite": "NOAA-20/VIIRS",
        "daynight": "D",
        "scan": 0.47,
        "track": 0.48,
        "version": "2.0NRT"
      }
    },
    {
      "type": "Feature",
      "geometry": {
        "type": "Point",
        "coordinates": [
          2.68359,
          45.03536
        ]
      },
      "properties": {
        "latitude": 45.03536,
        "longitude": 2.68359,
        "brightness": 331.6,
        "confidence": "nominal",
        "frp": 2.69,
        "acq_date": "2026-04-06",
        "acq_time": "1253",
        "satellite": "NOAA-20/VIIRS",
        "daynight": "D",
        "scan": 0.43,
        "track": 0.38,
        "version": "2.0NRT"
      }
    },
    {
      "type": "Feature",
      "geometry": {
        "type": "Point",
        "coordinates": [
          8.19104,
          45.87416
        ]
      },
      "properties": {
        "latitude": 45.87416,
        "longitude": 8.19104,
        "brightness": 340.13,
        "confidence": "nominal",
        "frp": 23.21,
        "acq_date": "2026-04-06",
        "acq_time": "1253",
        "satellite": "NOAA-20/VIIRS",
        "daynight": "D",
        "scan": 0.48,
        "track": 0.48,
        "version": "2.0NRT"
      }
    },
    {
      "type": "Feature",
      "geometry": {
        "type": "Point",
        "coordinates": [
          8.18545,
          45.87376
        ]
      },
      "properties": {
        "latitude": 45.87376,
        "longitude": 8.18545,
        "brightness": 349.92,
        "confidence": "nominal",
        "frp": 23.21,
        "acq_date": "2026-04-06",
        "acq_time": "1253",
        "satellite": "NOAA-20/VIIRS",
        "daynight": "D",
        "scan": 0.48,
        "track": 0.48,
        "version": "2.0NRT"
      }
    },
    {
      "type": "Feature",
      "geometry": {
        "type": "Point",
        "coordinates": [
          8.18889,
          45.87849
        ]
      },
      "properties": {
        "latitude": 45.87849,
        "longitude": 8.18889,
        "brightness": 347.22,
        "confidence": "nominal",
        "frp": 23.21,
        "acq_date": "2026-04-06",
        "acq_time": "1253",
        "satellite": "NOAA-20/VIIRS",
        "daynight": "D",
        "scan": 0.48,
        "track": 0.48,
        "version": "2.0NRT"
      }
    },
    {
      "type": "Feature",
      "geometry": {
        "type": "Point",
        "coordinates": [
          2.78203,
          46.01775
        ]
      },
      "properties": {
        "latitude": 46.01775,
        "longitude": 2.78203,
        "brightness": 331.46,
        "confidence": "nominal",
        "frp": 3.31,
        "acq_date": "2026-04-06",
        "acq_time": "1253",
        "satellite": "NOAA-20/VIIRS",
        "daynight": "D",
        "scan": 0.44,
        "track": 0.38,
        "version": "2.0NRT"
      }
    },
    {
      "type": "Feature",
      "geometry": {
        "type": "Point",
        "coordinates": [
          2.78675,
          46.02192
        ]
      },
      "properties": {
        "latitude": 46.02192,
        "longitude": 2.78675,
        "brightness": 336.39,
        "confidence": "nominal",
        "frp": 3.31,
        "acq_date": "2026-04-06",
        "acq_time": "1253",
        "satellite": "NOAA-20/VIIRS",
        "daynight": "D",
        "scan": 0.44,
        "track": 0.38,
        "version": "2.0NRT"
      }
    },
    {
      "type": "Feature",
      "geometry": {
        "type": "Point",
        "coordinates": [
          -0.05837,
          45.97596
        ]
      },
      "properties": {
        "latitude": 45.97596,
        "longitude": -0.05837,
        "brightness": 327.85,
        "confidence": "nominal",
        "frp": 1.41,
        "acq_date": "2026-04-06",
        "acq_time": "1253",
        "satellite": "NOAA-20/VIIRS",
        "daynight": "D",
        "scan": 0.39,
        "track": 0.36,
        "version": "2.0NRT"
      }
    },
    {
      "type": "Feature",
      "geometry": {
        "type": "Point",
        "coordinates": [
          -0.93806,
          46.25461
        ]
      },
      "properties": {
        "latitude": 46.25461,
        "longitude": -0.93806,
        "brightness": 330.12,
        "confidence": "nominal",
        "frp": 1.24,
        "acq_date": "2026-04-06",
        "acq_time": "1253",
        "satellite": "NOAA-20/VIIRS",
        "daynight": "D",
        "scan": 0.38,
        "track": 0.36,
        "version": "2.0NRT"
      }
    },
    {
      "type": "Feature",
      "geometry": {
        "type": "Point",
        "coordinates": [
          2.58519,
          49.04988
        ]
      },
      "properties": {
        "latitude": 49.04988,
        "longitude": 2.58519,
        "brightness": 341.25,
        "confidence": "nominal",
        "frp": 3.35,
        "acq_date": "2026-04-06",
        "acq_time": "1236",
        "satellite": "Suomi-NPP/VIIRS",
        "daynight": "D",
        "scan": 0.39,
        "track": 0.36,
        "version": "2.0NRT"
      }
    },
    {
      "type": "Feature",
      "geometry": {
        "type": "Point",
        "coordinates": [
          2.57993,
          49.049
        ]
      },
      "properties": {
        "latitude": 49.049,
        "longitude": 2.57993,
        "brightness": 347.73,
        "confidence": "nominal",
        "frp": 3.35,
        "acq_date": "2026-04-06",
        "acq_time": "1236",
        "satellite": "Suomi-NPP/VIIRS",
        "daynight": "D",
        "scan": 0.39,
        "track": 0.36,
        "version": "2.0NRT"
      }
    },
    {
      "type": "Feature",
      "geometry": {
        "type": "Point",
        "coordinates": [
          1.11367,
          49.03095
        ]
      },
      "properties": {
        "latitude": 49.03095,
        "longitude": 1.11367,
        "brightness": 335.25,
        "confidence": "nominal",
        "frp": 1.95,
        "acq_date": "2026-04-06",
        "acq_time": "1236",
        "satellite": "Suomi-NPP/VIIRS",
        "daynight": "D",
        "scan": 0.41,
        "track": 0.37,
        "version": "2.0NRT"
      }
    },
    {
      "type": "Feature",
      "geometry": {
        "type": "Point",
        "coordinates": [
          8.74917,
          42.4647
        ]
      },
      "properties": {
        "latitude": 42.4647,
        "longitude": 8.74917,
        "brightness": 327.97,
        "confidence": "nominal",
        "frp": 2.26,
        "acq_date": "2026-04-06",
        "acq_time": "1234",
        "satellite": "Suomi-NPP/VIIRS",
        "daynight": "D",
        "scan": 0.4,
        "track": 0.37,
        "version": "2.0NRT"
      }
    },
    {
      "type": "Feature",
      "geometry": {
        "type": "Point",
        "coordinates": [
          4.89366,
          43.43941
        ]
      },
      "properties": {
        "latitude": 43.43941,
        "longitude": 4.89366,
        "brightness": 340.43,
        "confidence": "nominal",
        "frp": 4.73,
        "acq_date": "2026-04-06",
        "acq_time": "1234",
        "satellite": "Suomi-NPP/VIIRS",
        "daynight": "D",
        "scan": 0.39,
        "track": 0.36,
        "version": "2.0NRT"
      }
    },
    {
      "type": "Feature",
      "geometry": {
        "type": "Point",
        "coordinates": [
          -1.59571,
          42.16562
        ]
      },
      "properties": {
        "latitude": 42.16562,
        "longitude": -1.59571,
        "brightness": 334.01,
        "confidence": "nominal",
        "frp": 2.82,
        "acq_date": "2026-04-06",
        "acq_time": "1234",
        "satellite": "Suomi-NPP/VIIRS",
        "daynight": "D",
        "scan": 0.45,
        "track": 0.47,
        "version": "2.0NRT"
      }
    },
    {
      "type": "Feature",
      "geometry": {
        "type": "Point",
        "coordinates": [
          3.15621,
          43.34057
        ]
      },
      "properties": {
        "latitude": 43.34057,
        "longitude": 3.15621,
        "brightness": 337.95,
        "confidence": "nominal",
        "frp": 2.73,
        "acq_date": "2026-04-06",
        "acq_time": "1234",
        "satellite": "Suomi-NPP/VIIRS",
        "daynight": "D",
        "scan": 0.42,
        "track": 0.38,
        "version": "2.0NRT"
      }
    },
    {
      "type": "Feature",
      "geometry": {
        "type": "Point",
        "coordinates": [
          3.15504,
          43.34399
        ]
      },
      "properties": {
        "latitude": 43.34399,
        "longitude": 3.15504,
        "brightness": 339.4,
        "confidence": "nominal",
        "frp": 1.72,
        "acq_date": "2026-04-06",
        "acq_time": "1234",
        "satellite": "Suomi-NPP/VIIRS",
        "daynight": "D",
        "scan": 0.42,
        "track": 0.38,
        "version": "2.0NRT"
      }
    },
    {
      "type": "Feature",
      "geometry": {
        "type": "Point",
        "coordinates": [
          5.14584,
          43.74139
        ]
      },
      "properties": {
        "latitude": 43.74139,
        "longitude": 5.14584,
        "brightness": 337.96,
        "confidence": "nominal",
        "frp": 2.43,
        "acq_date": "2026-04-06",
        "acq_time": "1234",
        "satellite": "Suomi-NPP/VIIRS",
        "daynight": "D",
        "scan": 0.39,
        "track": 0.36,
        "version": "2.0NRT"
      }
    },
    {
      "type": "Feature",
      "geometry": {
        "type": "Point",
        "coordinates": [
          4.46392,
          43.75805
        ]
      },
      "properties": {
        "latitude": 43.75805,
        "longitude": 4.46392,
        "brightness": 336.06,
        "confidence": "nominal",
        "frp": 2.21,
        "acq_date": "2026-04-06",
        "acq_time": "1234",
        "satellite": "Suomi-NPP/VIIRS",
        "daynight": "D",
        "scan": 0.4,
        "track": 0.37,
        "version": "2.0NRT"
      }
    },
    {
      "type": "Feature",
      "geometry": {
        "type": "Point",
        "coordinates": [
          4.46286,
          43.76137
        ]
      },
      "properties": {
        "latitude": 43.76137,
        "longitude": 4.46286,
        "brightness": 335.05,
        "confidence": "nominal",
        "frp": 2.21,
        "acq_date": "2026-04-06",
        "acq_time": "1234",
        "satellite": "Suomi-NPP/VIIRS",
        "daynight": "D",
        "scan": 0.4,
        "track": 0.37,
        "version": "2.0NRT"
      }
    },
    {
      "type": "Feature",
      "geometry": {
        "type": "Point",
        "coordinates": [
          5.06531,
          43.89302
        ]
      },
      "properties": {
        "latitude": 43.89302,
        "longitude": 5.06531,
        "brightness": 331.94,
        "confidence": "nominal",
        "frp": 3.62,
        "acq_date": "2026-04-06",
        "acq_time": "1234",
        "satellite": "Suomi-NPP/VIIRS",
        "daynight": "D",
        "scan": 0.39,
        "track": 0.36,
        "version": "2.0NRT"
      }
    },
    {
      "type": "Feature",
      "geometry": {
        "type": "Point",
        "coordinates": [
          3.00621,
          43.61719
        ]
      },
      "properties": {
        "latitude": 43.61719,
        "longitude": 3.00621,
        "brightness": 336.91,
        "confidence": "nominal",
        "frp": 19.6,
        "acq_date": "2026-04-06",
        "acq_time": "1234",
        "satellite": "Suomi-NPP/VIIRS",
        "daynight": "D",
        "scan": 0.43,
        "track": 0.38,
        "version": "2.0NRT"
      }
    },
    {
      "type": "Feature",
      "geometry": {
        "type": "Point",
        "coordinates": [
          4.86322,
          43.97927
        ]
      },
      "properties": {
        "latitude": 43.97927,
        "longitude": 4.86322,
        "brightness": 330.17,
        "confidence": "low",
        "frp": 1.79,
        "acq_date": "2026-04-06",
        "acq_time": "1234",
        "satellite": "Suomi-NPP/VIIRS",
        "daynight": "D",
        "scan": 0.39,
        "track": 0.36,
        "version": "2.0NRT"
      }
    },
    {
      "type": "Feature",
      "geometry": {
        "type": "Point",
        "coordinates": [
          -0.46705,
          43.07434
        ]
      },
      "properties": {
        "latitude": 43.07434,
        "longitude": -0.46705,
        "brightness": 328.16,
        "confidence": "nominal",
        "frp": 4.46,
        "acq_date": "2026-04-06",
        "acq_time": "1234",
        "satellite": "Suomi-NPP/VIIRS",
        "daynight": "D",
        "scan": 0.39,
        "track": 0.44,
        "version": "2.0NRT"
      }
    },
    {
      "type": "Feature",
      "geometry": {
        "type": "Point",
        "coordinates": [
          -0.4716,
          43.07334
        ]
      },
      "properties": {
        "latitude": 43.07334,
        "longitude": -0.4716,
        "brightness": 345.56,
        "confidence": "nominal",
        "frp": 4.46,
        "acq_date": "2026-04-06",
        "acq_time": "1234",
        "satellite": "Suomi-NPP/VIIRS",
        "daynight": "D",
        "scan": 0.39,
        "track": 0.44,
        "version": "2.0NRT"
      }
    },
    {
      "type": "Feature",
      "geometry": {
        "type": "Point",
        "coordinates": [
          -4.60407,
          42.11398
        ]
      },
      "properties": {
        "latitude": 42.11398,
        "longitude": -4.60407,
        "brightness": 340.79,
        "confidence": "nominal",
        "frp": 8.24,
        "acq_date": "2026-04-06",
        "acq_time": "1234",
        "satellite": "Suomi-NPP/VIIRS",
        "daynight": "D",
        "scan": 0.64,
        "track": 0.54,
        "version": "2.0NRT"
      }
    },
    {
      "type": "Feature",
      "geometry": {
        "type": "Point",
        "coordinates": [
          -0.8413,
          43.05999
        ]
      },
      "properties": {
        "latitude": 43.05999,
        "longitude": -0.8413,
        "brightness": 327.23,
        "confidence": "low",
        "frp": 3.87,
        "acq_date": "2026-04-06",
        "acq_time": "1234",
        "satellite": "Suomi-NPP/VIIRS",
        "daynight": "D",
        "scan": 0.4,
        "track": 0.44,
        "version": "2.0NRT"
      }
    },
    {
      "type": "Feature",
      "geometry": {
        "type": "Point",
        "coordinates": [
          -0.84629,
          43.05888
        ]
      },
      "properties": {
        "latitude": 43.05888,
        "longitude": -0.84629,
        "brightness": 351.71,
        "confidence": "nominal",
        "frp": 5.0,
        "acq_date": "2026-04-06",
        "acq_time": "1234",
        "satellite": "Suomi-NPP/VIIRS",
        "daynight": "D",
        "scan": 0.4,
        "track": 0.44,
        "version": "2.0NRT"
      }
    },
    {
      "type": "Feature",
      "geometry": {
        "type": "Point",
        "coordinates": [
          -0.84338,
          43.06385
        ]
      },
      "properties": {
        "latitude": 43.06385,
        "longitude": -0.84338,
        "brightness": 339.96,
        "confidence": "nominal",
        "frp": 3.87,
        "acq_date": "2026-04-06",
        "acq_time": "1234",
        "satellite": "Suomi-NPP/VIIRS",
        "daynight": "D",
        "scan": 0.4,
        "track": 0.44,
        "version": "2.0NRT"
      }
    },
    {
      "type": "Feature",
      "geometry": {
        "type": "Point",
        "coordinates": [
          -0.84826,
          43.06277
        ]
      },
      "properties": {
        "latitude": 43.06277,
        "longitude": -0.84826,
        "brightness": 327.05,
        "confidence": "low",
        "frp": 5.0,
        "acq_date": "2026-04-06",
        "acq_time": "1234",
        "satellite": "Suomi-NPP/VIIRS",
        "daynight": "D",
        "scan": 0.4,
        "track": 0.44,
        "version": "2.0NRT"
      }
    },
    {
      "type": "Feature",
      "geometry": {
        "type": "Point",
        "coordinates": [
          3.32586,
          44.02654
        ]
      },
      "properties": {
        "latitude": 44.02654,
        "longitude": 3.32586,
        "brightness": 341.89,
        "confidence": "nominal",
        "frp": 4.92,
        "acq_date": "2026-04-06",
        "acq_time": "1234",
        "satellite": "Suomi-NPP/VIIRS",
        "daynight": "D",
        "scan": 0.41,
        "track": 0.37,
        "version": "2.0NRT"
      }
    },
    {
      "type": "Feature",
      "geometry": {
        "type": "Point",
        "coordinates": [
          5.09094,
          44.36013
        ]
      },
      "properties": {
        "latitude": 44.36013,
        "longitude": 5.09094,
        "brightness": 330.07,
        "confidence": "nominal",
        "frp": 1.85,
        "acq_date": "2026-04-06",
        "acq_time": "1234",
        "satellite": "Suomi-NPP/VIIRS",
        "daynight": "D",
        "scan": 0.39,
        "track": 0.36,
        "version": "2.0NRT"
      }
    },
    {
      "type": "Feature",
      "geometry": {
        "type": "Point",
        "coordinates": [
          -4.9582,
          42.31116
        ]
      },
      "properties": {
        "latitude": 42.31116,
        "longitude": -4.9582,
        "brightness": 339.48,
        "confidence": "nominal",
        "frp": 7.97,
        "acq_date": "2026-04-06",
        "acq_time": "1234",
        "satellite": "Suomi-NPP/VIIRS",
        "daynight": "D",
        "scan": 0.33,
        "track": 0.55,
        "version": "2.0NRT"
      }
    },
    {
      "type": "Feature",
      "geometry": {
        "type": "Point",
        "coordinates": [
          -4.9621,
          42.31013
        ]
      },
      "properties": {
        "latitude": 42.31013,
        "longitude": -4.9621,
        "brightness": 355.55,
        "confidence": "nominal",
        "frp": 7.97,
        "acq_date": "2026-04-06",
        "acq_time": "1234",
        "satellite": "Suomi-NPP/VIIRS",
        "daynight": "D",
        "scan": 0.33,
        "track": 0.55,
        "version": "2.0NRT"
      }
    },
    {
      "type": "Feature",
      "geometry": {
        "type": "Point",
        "coordinates": [
          -4.96439,
          42.31499
        ]
      },
      "properties": {
        "latitude": 42.31499,
        "longitude": -4.96439,
        "brightness": 331.98,
        "confidence": "nominal",
        "frp": 2.97,
        "acq_date": "2026-04-06",
        "acq_time": "1234",
        "satellite": "Suomi-NPP/VIIRS",
        "daynight": "D",
        "scan": 0.33,
        "track": 0.55,
        "version": "2.0NRT"
      }
    },
    {
      "type": "Feature",
      "geometry": {
        "type": "Point",
        "coordinates": [
          -4.95899,
          42.32187
        ]
      },
      "properties": {
        "latitude": 42.32187,
        "longitude": -4.95899,
        "brightness": 333.91,
        "confidence": "nominal",
        "frp": 2.92,
        "acq_date": "2026-04-06",
        "acq_time": "1234",
        "satellite": "Suomi-NPP/VIIRS",
        "daynight": "D",
        "scan": 0.33,
        "track": 0.55,
        "version": "2.0NRT"
      }
    },
    {
      "type": "Feature",
      "geometry": {
        "type": "Point",
        "coordinates": [
          9.94565,
          45.14409
        ]
      },
      "properties": {
        "latitude": 45.14409,
        "longitude": 9.94565,
        "brightness": 335.26,
        "confidence": "low",
        "frp": 12.72,
        "acq_date": "2026-04-06",
        "acq_time": "1234",
        "satellite": "Suomi-NPP/VIIRS",
        "daynight": "D",
        "scan": 0.46,
        "track": 0.39,
        "version": "2.0NRT"
      }
    },
    {
      "type": "Feature",
      "geometry": {
        "type": "Point",
        "coordinates": [
          -4.96,
          42.31456
        ]
      },
      "properties": {
        "latitude": 42.31456,
        "longitude": -4.96,
        "brightness": 331.63,
        "confidence": "nominal",
        "frp": 9.1,
        "acq_date": "2026-04-06",
        "acq_time": "1234",
        "satellite": "Suomi-NPP/VIIRS",
        "daynight": "D",
        "scan": 0.33,
        "track": 0.55,
        "version": "2.0NRT"
      }
    },
    {
      "type": "Feature",
      "geometry": {
        "type": "Point",
        "coordinates": [
          -4.96385,
          42.31353
        ]
      },
      "properties": {
        "latitude": 42.31353,
        "longitude": -4.96385,
        "brightness": 354.76,
        "confidence": "nominal",
        "frp": 9.1,
        "acq_date": "2026-04-06",
        "acq_time": "1234",
        "satellite": "Suomi-NPP/VIIRS",
        "daynight": "D",
        "scan": 0.33,
        "track": 0.55,
        "version": "2.0NRT"
      }
    },
    {
      "type": "Feature",
      "geometry": {
        "type": "Point",
        "coordinates": [
          -4.96074,
          42.3253
        ]
      },
      "properties": {
        "latitude": 42.3253,
        "longitude": -4.96074,
        "brightness": 352.7,
        "confidence": "nominal",
        "frp": 5.93,
        "acq_date": "2026-04-06",
        "acq_time": "1234",
        "satellite": "Suomi-NPP/VIIRS",
        "daynight": "D",
        "scan": 0.33,
        "track": 0.55,
        "version": "2.0NRT"
      }
    },
    {
      "type": "Feature",
      "geometry": {
        "type": "Point",
        "coordinates": [
          4.80028,
          44.55535
        ]
      },
      "properties": {
        "latitude": 44.55535,
        "longitude": 4.80028,
        "brightness": 337.43,
        "confidence": "nominal",
        "frp": 1.78,
        "acq_date": "2026-04-06",
        "acq_time": "1234",
        "satellite": "Suomi-NPP/VIIRS",
        "daynight": "D",
        "scan": 0.39,
        "track": 0.36,
        "version": "2.0NRT"
      }
    },
    {
      "type": "Feature",
      "geometry": {
        "type": "Point",
        "coordinates": [
          7.62272,
          45.02571
        ]
      },
      "properties": {
        "latitude": 45.02571,
        "longitude": 7.62272,
        "brightness": 339.44,
        "confidence": "nominal",
        "frp": 5.73,
        "acq_date": "2026-04-06",
        "acq_time": "1234",
        "satellite": "Suomi-NPP/VIIRS",
        "daynight": "D",
        "scan": 0.4,
        "track": 0.37,
        "version": "2.0NRT"
      }
    },
    {
      "type": "Feature",
      "geometry": {
        "type": "Point",
        "coordinates": [
          7.61769,
          45.02502
        ]
      },
      "properties": {
        "latitude": 45.02502,
        "longitude": 7.61769,
        "brightness": 356.46,
        "confidence": "nominal",
        "frp": 5.6,
        "acq_date": "2026-04-06",
        "acq_time": "1234",
        "satellite": "Suomi-NPP/VIIRS",
        "daynight": "D",
        "scan": 0.4,
        "track": 0.37,
        "version": "2.0NRT"
      }
    },
    {
      "type": "Feature",
      "geometry": {
        "type": "Point",
        "coordinates": [
          7.61265,
          45.02432
        ]
      },
      "properties": {
        "latitude": 45.02432,
        "longitude": 7.61265,
        "brightness": 348.26,
        "confidence": "nominal",
        "frp": 5.6,
        "acq_date": "2026-04-06",
        "acq_time": "1234",
        "satellite": "Suomi-NPP/VIIRS",
        "daynight": "D",
        "scan": 0.4,
        "track": 0.37,
        "version": "2.0NRT"
      }
    },
    {
      "type": "Feature",
      "geometry": {
        "type": "Point",
        "coordinates": [
          7.61677,
          45.02837
        ]
      },
      "properties": {
        "latitude": 45.02837,
        "longitude": 7.61677,
        "brightness": 356.17,
        "confidence": "nominal",
        "frp": 5.6,
        "acq_date": "2026-04-06",
        "acq_time": "1234",
        "satellite": "Suomi-NPP/VIIRS",
        "daynight": "D",
        "scan": 0.4,
        "track": 0.37,
        "version": "2.0NRT"
      }
    },
    {
      "type": "Feature",
      "geometry": {
        "type": "Point",
        "coordinates": [
          7.61173,
          45.02768
        ]
      },
      "properties": {
        "latitude": 45.02768,
        "longitude": 7.61173,
        "brightness": 338.31,
        "confidence": "nominal",
        "frp": 5.6,
        "acq_date": "2026-04-06",
        "acq_time": "1234",
        "satellite": "Suomi-NPP/VIIRS",
        "daynight": "D",
        "scan": 0.4,
        "track": 0.37,
        "version": "2.0NRT"
      }
    },
    {
      "type": "Feature",
      "geometry": {
        "type": "Point",
        "coordinates": [
          3.6182,
          44.42135
        ]
      },
      "properties": {
        "latitude": 44.42135,
        "longitude": 3.6182,
        "brightness": 333.41,
        "confidence": "nominal",
        "frp": 2.6,
        "acq_date": "2026-04-06",
        "acq_time": "1234",
        "satellite": "Suomi-NPP/VIIRS",
        "daynight": "D",
        "scan": 0.4,
        "track": 0.37,
        "version": "2.0NRT"
      }
    },
    {
      "type": "Feature",
      "geometry": {
        "type": "Point",
        "coordinates": [
          7.71225,
          45.1116
        ]
      },
      "properties": {
        "latitude": 45.1116,
        "longitude": 7.71225,
        "brightness": 334.93,
        "confidence": "low",
        "frp": 1.66,
        "acq_date": "2026-04-06",
        "acq_time": "1234",
        "satellite": "Suomi-NPP/VIIRS",
        "daynight": "D",
        "scan": 0.4,
        "track": 0.37,
        "version": "2.0NRT"
      }
    },
    {
      "type": "Feature",
      "geometry": {
        "type": "Point",
        "coordinates": [
          4.53273,
          44.66578
        ]
      },
      "properties": {
        "latitude": 44.66578,
        "longitude": 4.53273,
        "brightness": 328.84,
        "confidence": "nominal",
        "frp": 2.18,
        "acq_date": "2026-04-06",
        "acq_time": "1234",
        "satellite": "Suomi-NPP/VIIRS",
        "daynight": "D",
        "scan": 0.39,
        "track": 0.36,
        "version": "2.0NRT"
      }
    },
    {
      "type": "Feature",
      "geometry": {
        "type": "Point",
        "coordinates": [
          3.10828,
          44.46132
        ]
      },
      "properties": {
        "latitude": 44.46132,
        "longitude": 3.10828,
        "brightness": 327.27,
        "confidence": "low",
        "frp": 2.03,
        "acq_date": "2026-04-06",
        "acq_time": "1234",
        "satellite": "Suomi-NPP/VIIRS",
        "daynight": "D",
        "scan": 0.41,
        "track": 0.37,
        "version": "2.0NRT"
      }
    },
    {
      "type": "Feature",
      "geometry": {
        "type": "Point",
        "coordinates": [
          4.40232,
          44.75674
        ]
      },
      "properties": {
        "latitude": 44.75674,
        "longitude": 4.40232,
        "brightness": 328.86,
        "confidence": "nominal",
        "frp": 1.15,
        "acq_date": "2026-04-06",
        "acq_time": "1234",
        "satellite": "Suomi-NPP/VIIRS",
        "daynight": "D",
        "scan": 0.39,
        "track": 0.36,
        "version": "2.0NRT"
      }
    },
    {
      "type": "Feature",
      "geometry": {
        "type": "Point",
        "coordinates": [
          4.40132,
          44.76005
        ]
      },
      "properties": {
        "latitude": 44.76005,
        "longitude": 4.40132,
        "brightness": 335.48,
        "confidence": "nominal",
        "frp": 4.9,
        "acq_date": "2026-04-06",
        "acq_time": "1234",
        "satellite": "Suomi-NPP/VIIRS",
        "daynight": "D",
        "scan": 0.39,
        "track": 0.36,
        "version": "2.0NRT"
      }
    },
    {
      "type": "Feature",
      "geometry": {
        "type": "Point",
        "coordinates": [
          3.19983,
          44.67719
        ]
      },
      "properties": {
        "latitude": 44.67719,
        "longitude": 3.19983,
        "brightness": 327.84,
        "confidence": "nominal",
        "frp": 2.34,
        "acq_date": "2026-04-06",
        "acq_time": "1234",
        "satellite": "Suomi-NPP/VIIRS",
        "daynight": "D",
        "scan": 0.41,
        "track": 0.37,
        "version": "2.0NRT"
      }
    },
    {
      "type": "Feature",
      "geometry": {
        "type": "Point",
        "coordinates": [
          2.5255,
          44.61802
        ]
      },
      "properties": {
        "latitude": 44.61802,
        "longitude": 2.5255,
        "brightness": 342.37,
        "confidence": "nominal",
        "frp": 4.03,
        "acq_date": "2026-04-06",
        "acq_time": "1234",
        "satellite": "Suomi-NPP/VIIRS",
        "daynight": "D",
        "scan": 0.43,
        "track": 0.38,
        "version": "2.0NRT"
      }
    },
    {
      "type": "Feature",
      "geometry": {
        "type": "Point",
        "coordinates": [
          7.99717,
          45.53683
        ]
      },
      "properties": {
        "latitude": 45.53683,
        "longitude": 7.99717,
        "brightness": 330.99,
        "confidence": "nominal",
        "frp": 4.65,
        "acq_date": "2026-04-06",
        "acq_time": "1234",
        "satellite": "Suomi-NPP/VIIRS",
        "daynight": "D",
        "scan": 0.41,
        "track": 0.37,
        "version": "2.0NRT"
      }
    },
    {
      "type": "Feature",
      "geometry": {
        "type": "Point",
        "coordinates": [
          7.99192,
          45.53614
        ]
      },
      "properties": {
        "latitude": 45.53614,
        "longitude": 7.99192,
        "brightness": 333.19,
        "confidence": "nominal",
        "frp": 4.92,
        "acq_date": "2026-04-06",
        "acq_time": "1234",
        "satellite": "Suomi-NPP/VIIRS",
        "daynight": "D",
        "scan": 0.41,
        "track": 0.37,
        "version": "2.0NRT"
      }
    },
    {
      "type": "Feature",
      "geometry": {
        "type": "Point",
        "coordinates": [
          -4.34803,
          43.19544
        ]
      },
      "properties": {
        "latitude": 43.19544,
        "longitude": -4.34803,
        "brightness": 339.39,
        "confidence": "nominal",
        "frp": 4.64,
        "acq_date": "2026-04-06",
        "acq_time": "1234",
        "satellite": "Suomi-NPP/VIIRS",
        "daynight": "D",
        "scan": 0.58,
        "track": 0.52,
        "version": "2.0NRT"
      }
    },
    {
      "type": "Feature",
      "geometry": {
        "type": "Point",
        "coordinates": [
          -4.48167,
          43.23373
        ]
      },
      "properties": {
        "latitude": 43.23373,
        "longitude": -4.48167,
        "brightness": 329.97,
        "confidence": "nominal",
        "frp": 6.17,
        "acq_date": "2026-04-06",
        "acq_time": "1234",
        "satellite": "Suomi-NPP/VIIRS",
        "daynight": "D",
        "scan": 0.59,
        "track": 0.52,
        "version": "2.0NRT"
      }
    },
    {
      "type": "Feature",
      "geometry": {
        "type": "Point",
        "coordinates": [
          -4.4877,
          43.23219
        ]
      },
      "properties": {
        "latitude": 43.23219,
        "longitude": -4.4877,
        "brightness": 355.73,
        "confidence": "nominal",
        "frp": 42.02,
        "acq_date": "2026-04-06",
        "acq_time": "1234",
        "satellite": "Suomi-NPP/VIIRS",
        "daynight": "D",
        "scan": 0.59,
        "track": 0.53,
        "version": "2.0NRT"
      }
    },
    {
      "type": "Feature",
      "geometry": {
        "type": "Point",
        "coordinates": [
          -4.4935,
          43.23071
        ]
      },
      "properties": {
        "latitude": 43.23071,
        "longitude": -4.4935,
        "brightness": 354.55,
        "confidence": "nominal",
        "frp": 42.02,
        "acq_date": "2026-04-06",
        "acq_time": "1234",
        "satellite": "Suomi-NPP/VIIRS",
        "daynight": "D",
        "scan": 0.59,
        "track": 0.53,
        "version": "2.0NRT"
      }
    },
    {
      "type": "Feature",
      "geometry": {
        "type": "Point",
        "coordinates": [
          -4.49699,
          43.23503
        ]
      },
      "properties": {
        "latitude": 43.23503,
        "longitude": -4.49699,
        "brightness": 325.82,
        "confidence": "low",
        "frp": 4.95,
        "acq_date": "2026-04-06",
        "acq_time": "1234",
        "satellite": "Suomi-NPP/VIIRS",
        "daynight": "D",
        "scan": 0.59,
        "track": 0.53,
        "version": "2.0NRT"
      }
    },
    {
      "type": "Feature",
      "geometry": {
        "type": "Point",
        "coordinates": [
          -4.48156,
          43.23172
        ]
      },
      "properties": {
        "latitude": 43.23172,
        "longitude": -4.48156,
        "brightness": 334.92,
        "confidence": "nominal",
        "frp": 8.02,
        "acq_date": "2026-04-06",
        "acq_time": "1234",
        "satellite": "Suomi-NPP/VIIRS",
        "daynight": "D",
        "scan": 0.58,
        "track": 0.52,
        "version": "2.0NRT"
      }
    },
    {
      "type": "Feature",
      "geometry": {
        "type": "Point",
        "coordinates": [
          -4.4875,
          43.23018
        ]
      },
      "properties": {
        "latitude": 43.23018,
        "longitude": -4.4875,
        "brightness": 340.44,
        "confidence": "nominal",
        "frp": 8.02,
        "acq_date": "2026-04-06",
        "acq_time": "1234",
        "satellite": "Suomi-NPP/VIIRS",
        "daynight": "D",
        "scan": 0.59,
        "track": 0.52,
        "version": "2.0NRT"
      }
    },
    {
      "type": "Feature",
      "geometry": {
        "type": "Point",
        "coordinates": [
          -4.49317,
          43.22869
        ]
      },
      "properties": {
        "latitude": 43.22869,
        "longitude": -4.49317,
        "brightness": 355.35,
        "confidence": "nominal",
        "frp": 23.54,
        "acq_date": "2026-04-06",
        "acq_time": "1234",
        "satellite": "Suomi-NPP/VIIRS",
        "daynight": "D",
        "scan": 0.59,
        "track": 0.53,
        "version": "2.0NRT"
      }
    },
    {
      "type": "Feature",
      "geometry": {
        "type": "Point",
        "coordinates": [
          -4.49034,
          43.23464
        ]
      },
      "properties": {
        "latitude": 43.23464,
        "longitude": -4.49034,
        "brightness": 354.06,
        "confidence": "nominal",
        "frp": 22.92,
        "acq_date": "2026-04-06",
        "acq_time": "1234",
        "satellite": "Suomi-NPP/VIIRS",
        "daynight": "D",
        "scan": 0.59,
        "track": 0.52,
        "version": "2.0NRT"
      }
    },
    {
      "type": "Feature",
      "geometry": {
        "type": "Point",
        "coordinates": [
          -4.49638,
          43.23307
        ]
      },
      "properties": {
        "latitude": 43.23307,
        "longitude": -4.49638,
        "brightness": 355.12,
        "confidence": "nominal",
        "frp": 31.3,
        "acq_date": "2026-04-06",
        "acq_time": "1234",
        "satellite": "Suomi-NPP/VIIRS",
        "daynight": "D",
        "scan": 0.59,
        "track": 0.53,
        "version": "2.0NRT"
      }
    },
    {
      "type": "Feature",
      "geometry": {
        "type": "Point",
        "coordinates": [
          3.13423,
          44.9165
        ]
      },
      "properties": {
        "latitude": 44.9165,
        "longitude": 3.13423,
        "brightness": 329.58,
        "confidence": "nominal",
        "frp": 2.55,
        "acq_date": "2026-04-06",
        "acq_time": "1234",
        "satellite": "Suomi-NPP/VIIRS",
        "daynight": "D",
        "scan": 0.41,
        "track": 0.37,
        "version": "2.0NRT"
      }
    },
    {
      "type": "Feature",
      "geometry": {
        "type": "Point",
        "coordinates": [
          7.26485,
          45.71751
        ]
      },
      "properties": {
        "latitude": 45.71751,
        "longitude": 7.26485,
        "brightness": 332.21,
        "confidence": "nominal",
        "frp": 1.41,
        "acq_date": "2026-04-06",
        "acq_time": "1234",
        "satellite": "Suomi-NPP/VIIRS",
        "daynight": "D",
        "scan": 0.4,
        "track": 0.37,
        "version": "2.0NRT"
      }
    },
    {
      "type": "Feature",
      "geometry": {
        "type": "Point",
        "coordinates": [
          -4.9187,
          43.32551
        ]
      },
      "properties": {
        "latitude": 43.32551,
        "longitude": -4.9187,
        "brightness": 339.92,
        "confidence": "nominal",
        "frp": 7.87,
        "acq_date": "2026-04-06",
        "acq_time": "1234",
        "satellite": "Suomi-NPP/VIIRS",
        "daynight": "D",
        "scan": 0.61,
        "track": 0.53,
        "version": "2.0NRT"
      }
    },
    {
      "type": "Feature",
      "geometry": {
        "type": "Point",
        "coordinates": [
          8.18322,
          45.87597
        ]
      },
      "properties": {
        "latitude": 45.87597,
        "longitude": 8.18322,
        "brightness": 345.39,
        "confidence": "nominal",
        "frp": 85.17,
        "acq_date": "2026-04-06",
        "acq_time": "1234",
        "satellite": "Suomi-NPP/VIIRS",
        "daynight": "D",
        "scan": 0.41,
        "track": 0.37,
        "version": "2.0NRT"
      }
    },
    {
      "type": "Feature",
      "geometry": {
        "type": "Point",
        "coordinates": [
          8.18705,
          45.87999
        ]
      },
      "properties": {
        "latitude": 45.87999,
        "longitude": 8.18705,
        "brightness": 350.52,
        "confidence": "nominal",
        "frp": 11.18,
        "acq_date": "2026-04-06",
        "acq_time": "1234",
        "satellite": "Suomi-NPP/VIIRS",
        "daynight": "D",
        "scan": 0.41,
        "track": 0.37,
        "version": "2.0NRT"
      }
    },
    {
      "type": "Feature",
      "geometry": {
        "type": "Point",
        "coordinates": [
          -4.91987,
          43.32624
        ]
      },
      "properties": {
        "latitude": 43.32624,
        "longitude": -4.91987,
        "brightness": 339.15,
        "confidence": "nominal",
        "frp": 12.74,
        "acq_date": "2026-04-06",
        "acq_time": "1234",
        "satellite": "Suomi-NPP/VIIRS",
        "daynight": "D",
        "scan": 0.61,
        "track": 0.53,
        "version": "2.0NRT"
      }
    },
    {
      "type": "Feature",
      "geometry": {
        "type": "Point",
        "coordinates": [
          3.14458,
          45.14879
        ]
      },
      "properties": {
        "latitude": 45.14879,
        "longitude": 3.14458,
        "brightness": 344.9,
        "confidence": "nominal",
        "frp": 14.47,
        "acq_date": "2026-04-06",
        "acq_time": "1234",
        "satellite": "Suomi-NPP/VIIRS",
        "daynight": "D",
        "scan": 0.41,
        "track": 0.37,
        "version": "2.0NRT"
      }
    },
    {
      "type": "Feature",
      "geometry": {
        "type": "Point",
        "coordinates": [
          3.13949,
          45.14788
        ]
      },
      "properties": {
        "latitude": 45.14788,
        "longitude": 3.13949,
        "brightness": 327.68,
        "confidence": "low",
        "frp": 14.47,
        "acq_date": "2026-04-06",
        "acq_time": "1234",
        "satellite": "Suomi-NPP/VIIRS",
        "daynight": "D",
        "scan": 0.41,
        "track": 0.37,
        "version": "2.0NRT"
      }
    },
    {
      "type": "Feature",
      "geometry": {
        "type": "Point",
        "coordinates": [
          1.4807,
          45.14053
        ]
      },
      "properties": {
        "latitude": 45.14053,
        "longitude": 1.4807,
        "brightness": 334.74,
        "confidence": "nominal",
        "frp": 3.21,
        "acq_date": "2026-04-06",
        "acq_time": "1234",
        "satellite": "Suomi-NPP/VIIRS",
        "daynight": "D",
        "scan": 0.45,
        "track": 0.39,
        "version": "2.0NRT"
      }
    },
    {
      "type": "Feature",
      "geometry": {
        "type": "Point",
        "coordinates": [
          3.43818,
          46.08212
        ]
      },
      "properties": {
        "latitude": 46.08212,
        "longitude": 3.43818,
        "brightness": 327.77,
        "confidence": "low",
        "frp": 1.49,
        "acq_date": "2026-04-06",
        "acq_time": "1234",
        "satellite": "Suomi-NPP/VIIRS",
        "daynight": "D",
        "scan": 0.4,
        "track": 0.37,
        "version": "2.0NRT"
      }
    },
    {
      "type": "Feature",
      "geometry": {
        "type": "Point",
        "coordinates": [
          2.78751,
          46.02166
        ]
      },
      "properties": {
        "latitude": 46.02166,
        "longitude": 2.78751,
        "brightness": 332.73,
        "confidence": "nominal",
        "frp": 3.48,
        "acq_date": "2026-04-06",
        "acq_time": "1234",
        "satellite": "Suomi-NPP/VIIRS",
        "daynight": "D",
        "scan": 0.41,
        "track": 0.37,
        "version": "2.0NRT"
      }
    },
    {
      "type": "Feature",
      "geometry": {
        "type": "Point",
        "coordinates": [
          2.18902,
          45.95205
        ]
      },
      "properties": {
        "latitude": 45.95205,
        "longitude": 2.18902,
        "brightness": 341.43,
        "confidence": "nominal",
        "frp": 3.82,
        "acq_date": "2026-04-06",
        "acq_time": "1234",
        "satellite": "Suomi-NPP/VIIRS",
        "daynight": "D",
        "scan": 0.42,
        "track": 0.38,
        "version": "2.0NRT"
      }
    },
    {
      "type": "Feature",
      "geometry": {
        "type": "Point",
        "coordinates": [
          1.78372,
          45.9571
        ]
      },
      "properties": {
        "latitude": 45.9571,
        "longitude": 1.78372,
        "brightness": 349.38,
        "confidence": "nominal",
        "frp": 4.87,
        "acq_date": "2026-04-06",
        "acq_time": "1234",
        "satellite": "Suomi-NPP/VIIRS",
        "daynight": "D",
        "scan": 0.43,
        "track": 0.38,
        "version": "2.0NRT"
      }
    },
    {
      "type": "Feature",
      "geometry": {
        "type": "Point",
        "coordinates": [
          2.81748,
          46.35336
        ]
      },
      "properties": {
        "latitude": 46.35336,
        "longitude": 2.81748,
        "brightness": 325.73,
        "confidence": "nominal",
        "frp": 0.9,
        "acq_date": "2026-04-06",
        "acq_time": "1234",
        "satellite": "Suomi-NPP/VIIRS",
        "daynight": "D",
        "scan": 0.4,
        "track": 0.37,
        "version": "2.0NRT"
      }
    },
    {
      "type": "Feature",
      "geometry": {
        "type": "Point",
        "coordinates": [
          2.6944,
          46.38092
        ]
      },
      "properties": {
        "latitude": 46.38092,
        "longitude": 2.6944,
        "brightness": 336.83,
        "confidence": "nominal",
        "frp": 3.12,
        "acq_date": "2026-04-06",
        "acq_time": "1234",
        "satellite": "Suomi-NPP/VIIRS",
        "daynight": "D",
        "scan": 0.41,
        "track": 0.37,
        "version": "2.0NRT"
      }
    },
    {
      "type": "Feature",
      "geometry": {
        "type": "Point",
        "coordinates": [
          3.2517,
          47.43845
        ]
      },
      "properties": {
        "latitude": 47.43845,
        "longitude": 3.2517,
        "brightness": 340.41,
        "confidence": "nominal",
        "frp": 3.29,
        "acq_date": "2026-04-06",
        "acq_time": "1234",
        "satellite": "Suomi-NPP/VIIRS",
        "daynight": "D",
        "scan": 0.39,
        "track": 0.36,
        "version": "2.0NRT"
      }
    },
    {
      "type": "Feature",
      "geometry": {
        "type": "Point",
        "coordinates": [
          3.24657,
          47.43758
        ]
      },
      "properties": {
        "latitude": 47.43758,
        "longitude": 3.24657,
        "brightness": 339.42,
        "confidence": "nominal",
        "frp": 4.37,
        "acq_date": "2026-04-06",
        "acq_time": "1234",
        "satellite": "Suomi-NPP/VIIRS",
        "daynight": "D",
        "scan": 0.39,
        "track": 0.36,
        "version": "2.0NRT"
      }
    },
    {
      "type": "Feature",
      "geometry": {
        "type": "Point",
        "coordinates": [
          2.47135,
          47.56957
        ]
      },
      "properties": {
        "latitude": 47.56957,
        "longitude": 2.47135,
        "brightness": 356.7,
        "confidence": "low",
        "frp": 5.08,
        "acq_date": "2026-04-06",
        "acq_time": "1234",
        "satellite": "Suomi-NPP/VIIRS",
        "daynight": "D",
        "scan": 0.4,
        "track": 0.37,
        "version": "2.0NRT"
      }
    },
    {
      "type": "Feature",
      "geometry": {
        "type": "Point",
        "coordinates": [
          2.47532,
          47.5738
        ]
      },
      "properties": {
        "latitude": 47.5738,
        "longitude": 2.47532,
        "brightness": 340.02,
        "confidence": "nominal",
        "frp": 5.08,
        "acq_date": "2026-04-06",
        "acq_time": "1234",
        "satellite": "Suomi-NPP/VIIRS",
        "daynight": "D",
        "scan": 0.4,
        "track": 0.37,
        "version": "2.0NRT"
      }
    },
    {
      "type": "Feature",
      "geometry": {
        "type": "Point",
        "coordinates": [
          1.42064,
          47.96803
        ]
      },
      "properties": {
        "latitude": 47.96803,
        "longitude": 1.42064,
        "brightness": 339.29,
        "confidence": "nominal",
        "frp": 3.24,
        "acq_date": "2026-04-06",
        "acq_time": "1234",
        "satellite": "Suomi-NPP/VIIRS",
        "daynight": "D",
        "scan": 0.42,
        "track": 0.37,
        "version": "2.0NRT"
      }
    },
    {
      "type": "Feature",
      "geometry": {
        "type": "Point",
        "coordinates": [
          6.75081,
          49.3587
        ]
      },
      "properties": {
        "latitude": 49.3587,
        "longitude": 6.75081,
        "brightness": 338.74,
        "confidence": "nominal",
        "frp": 3.73,
        "acq_date": "2026-04-06",
        "acq_time": "1234",
        "satellite": "Suomi-NPP/VIIRS",
        "daynight": "D",
        "scan": 0.41,
        "track": 0.37,
        "version": "2.0NRT"
      }
    },
    {
      "type": "Feature",
      "geometry": {
        "type": "Point",
        "coordinates": [
          9.2449,
          41.10223
        ]
      },
      "properties": {
        "latitude": 41.10223,
        "longitude": 9.2449,
        "brightness": 331.43,
        "confidence": "nominal",
        "frp": 2.48,
        "acq_date": "2026-04-06",
        "acq_time": "1232",
        "satellite": "Suomi-NPP/VIIRS",
        "daynight": "D",
        "scan": 0.4,
        "track": 0.37,
        "version": "2.0NRT"
      }
    },
    {
      "type": "Feature",
      "geometry": {
        "type": "Point",
        "coordinates": [
          8.90195,
          42.48761
        ]
      },
      "properties": {
        "latitude": 42.48761,
        "longitude": 8.90195,
        "brightness": 340.68,
        "confidence": "nominal",
        "frp": 4.42,
        "acq_date": "2026-04-06",
        "acq_time": "1113",
        "satellite": "NOAA-20/VIIRS",
        "daynight": "D",
        "scan": 0.58,
        "track": 0.7,
        "version": "2.0NRT"
      }
    },
    {
      "type": "Feature",
      "geometry": {
        "type": "Point",
        "coordinates": [
          9.9462,
          45.14489
        ]
      },
      "properties": {
        "latitude": 45.14489,
        "longitude": 9.9462,
        "brightness": 328.2,
        "confidence": "low",
        "frp": 1.42,
        "acq_date": "2026-04-06",
        "acq_time": "1113",
        "satellite": "NOAA-20/VIIRS",
        "daynight": "D",
        "scan": 0.43,
        "track": 0.62,
        "version": "2.0NRT"
      }
    },
    {
      "type": "Feature",
      "geometry": {
        "type": "Point",
        "coordinates": [
          -3.77999,
          41.57671
        ]
      },
      "properties": {
        "latitude": 41.57671,
        "longitude": -3.77999,
        "brightness": 306.29,
        "confidence": "55",
        "frp": 4.35,
        "acq_date": "2026-04-06",
        "acq_time": "0934",
        "satellite": "MODIS/T",
        "daynight": "D",
        "scan": 1.04,
        "track": 1.02,
        "version": "6.1NRT"
      }
    },
    {
      "type": "Feature",
      "geometry": {
        "type": "Point",
        "coordinates": [
          6.37116,
          47.56665
        ]
      },
      "properties": {
        "latitude": 47.56665,
        "longitude": 6.37116,
        "brightness": 305.32,
        "confidence": "61",
        "frp": 13.35,
        "acq_date": "2026-04-06",
        "acq_time": "0932",
        "satellite": "MODIS/T",
        "daynight": "D",
        "scan": 1.55,
        "track": 1.23,
        "version": "6.1NRT"
      }
    },
    {
      "type": "Feature",
      "geometry": {
        "type": "Point",
        "coordinates": [
          5.05261,
          47.00534
        ]
      },
      "properties": {
        "latitude": 47.00534,
        "longitude": 5.05261,
        "brightness": 303.97,
        "confidence": "58",
        "frp": 8.71,
        "acq_date": "2026-04-06",
        "acq_time": "0932",
        "satellite": "MODIS/T",
        "daynight": "D",
        "scan": 1.38,
        "track": 1.16,
        "version": "6.1NRT"
      }
    },
    {
      "type": "Feature",
      "geometry": {
        "type": "Point",
        "coordinates": [
          5.76444,
          46.74002
        ]
      },
      "properties": {
        "latitude": 46.74002,
        "longitude": 5.76444,
        "brightness": 301.14,
        "confidence": "45",
        "frp": 7.03,
        "acq_date": "2026-04-06",
        "acq_time": "0932",
        "satellite": "MODIS/T",
        "daynight": "D",
        "scan": 1.51,
        "track": 1.21,
        "version": "6.1NRT"
      }
    },
    {
      "type": "Feature",
      "geometry": {
        "type": "Point",
        "coordinates": [
          4.85567,
          46.82188
        ]
      },
      "properties": {
        "latitude": 46.82188,
        "longitude": 4.85567,
        "brightness": 305.19,
        "confidence": "61",
        "frp": 8.13,
        "acq_date": "2026-04-06",
        "acq_time": "0932",
        "satellite": "MODIS/T",
        "daynight": "D",
        "scan": 1.37,
        "track": 1.16,
        "version": "6.1NRT"
      }
    },
    {
      "type": "Feature",
      "geometry": {
        "type": "Point",
        "coordinates": [
          4.4815,
          46.75618
        ]
      },
      "properties": {
        "latitude": 46.75618,
        "longitude": 4.4815,
        "brightness": 301.52,
        "confidence": "47",
        "frp": 5.87,
        "acq_date": "2026-04-06",
        "acq_time": "0932",
        "satellite": "MODIS/T",
        "daynight": "D",
        "scan": 1.32,
        "track": 1.14,
        "version": "6.1NRT"
      }
    },
    {
      "type": "Feature",
      "geometry": {
        "type": "Point",
        "coordinates": [
          8.18031,
          45.8792
        ]
      },
      "properties": {
        "latitude": 45.8792,
        "longitude": 8.18031,
        "brightness": 300.87,
        "confidence": "39",
        "frp": 16.0,
        "acq_date": "2026-04-06",
        "acq_time": "0932",
        "satellite": "MODIS/T",
        "daynight": "D",
        "scan": 2.13,
        "track": 1.42,
        "version": "6.1NRT"
      }
    },
    {
      "type": "Feature",
      "geometry": {
        "type": "Point",
        "coordinates": [
          8.1733,
          45.87743
        ]
      },
      "properties": {
        "latitude": 45.87743,
        "longitude": 8.1733,
        "brightness": 300.33,
        "confidence": "31",
        "frp": 15.62,
        "acq_date": "2026-04-06",
        "acq_time": "0932",
        "satellite": "MODIS/T",
        "daynight": "D",
        "scan": 2.13,
        "track": 1.42,
        "version": "6.1NRT"
      }
    },
    {
      "type": "Feature",
      "geometry": {
        "type": "Point",
        "coordinates": [
          4.80869,
          46.32675
        ]
      },
      "properties": {
        "latitude": 46.32675,
        "longitude": 4.80869,
        "brightness": 302.86,
        "confidence": "49",
        "frp": 5.71,
        "acq_date": "2026-04-06",
        "acq_time": "0932",
        "satellite": "MODIS/T",
        "daynight": "D",
        "scan": 1.39,
        "track": 1.17,
        "version": "6.1NRT"
      }
    },
    {
      "type": "Feature",
      "geometry": {
        "type": "Point",
        "coordinates": [
          5.2551,
          45.83906
        ]
      },
      "properties": {
        "latitude": 45.83906,
        "longitude": 5.2551,
        "brightness": 307.48,
        "confidence": "35",
        "frp": 9.5,
        "acq_date": "2026-04-06",
        "acq_time": "0932",
        "satellite": "MODIS/T",
        "daynight": "D",
        "scan": 1.5,
        "track": 1.21,
        "version": "6.1NRT"
      }
    },
    {
      "type": "Feature",
      "geometry": {
        "type": "Point",
        "coordinates": [
          5.27336,
          45.83541
        ]
      },
      "properties": {
        "latitude": 45.83541,
        "longitude": 5.27336,
        "brightness": 309.84,
        "confidence": "45",
        "frp": 12.42,
        "acq_date": "2026-04-06",
        "acq_time": "0932",
        "satellite": "MODIS/T",
        "daynight": "D",
        "scan": 1.5,
        "track": 1.21,
        "version": "6.1NRT"
      }
    },
    {
      "type": "Feature",
      "geometry": {
        "type": "Point",
        "coordinates": [
          3.86654,
          44.34861
        ]
      },
      "properties": {
        "latitude": 44.34861,
        "longitude": 3.86654,
        "brightness": 316.66,
        "confidence": "77",
        "frp": 22.06,
        "acq_date": "2026-04-06",
        "acq_time": "0932",
        "satellite": "MODIS/T",
        "daynight": "D",
        "scan": 1.39,
        "track": 1.17,
        "version": "6.1NRT"
      }
    },
    {
      "type": "Feature",
      "geometry": {
        "type": "Point",
        "coordinates": [
          4.90232,
          43.43957
        ]
      },
      "properties": {
        "latitude": 43.43957,
        "longitude": 4.90232,
        "brightness": 306.07,
        "confidence": "0",
        "frp": 8.64,
        "acq_date": "2026-04-06",
        "acq_time": "0932",
        "satellite": "MODIS/T",
        "daynight": "D",
        "scan": 1.64,
        "track": 1.26,
        "version": "6.1NRT"
      }
    },
    {
      "type": "Feature",
      "geometry": {
        "type": "Point",
        "coordinates": [
          -0.6101,
          43.03836
        ]
      },
      "properties": {
        "latitude": 43.03836,
        "longitude": -0.6101,
        "brightness": 306.87,
        "confidence": "52",
        "frp": 5.61,
        "acq_date": "2026-04-06",
        "acq_time": "0932",
        "satellite": "MODIS/T",
        "daynight": "D",
        "scan": 1.02,
        "track": 1.01,
        "version": "6.1NRT"
      }
    },
    {
      "type": "Feature",
      "geometry": {
        "type": "Point",
        "coordinates": [
          1.90535,
          41.49839
        ]
      },
      "properties": {
        "latitude": 41.49839,
        "longitude": 1.90535,
        "brightness": 307.71,
        "confidence": "60",
        "frp": 7.48,
        "acq_date": "2026-04-06",
        "acq_time": "0932",
        "satellite": "MODIS/T",
        "daynight": "D",
        "scan": 1.27,
        "track": 1.12,
        "version": "6.1NRT"
      }
    },
    {
      "type": "Feature",
      "geometry": {
        "type": "Point",
        "coordinates": [
          -4.34232,
          43.1963
        ]
      },
      "properties": {
        "latitude": 43.1963,
        "longitude": -4.34232,
        "brightness": 329.68,
        "confidence": "nominal",
        "frp": 4.47,
        "acq_date": "2026-04-06",
        "acq_time": "0310",
        "satellite": "NOAA-20/VIIRS",
        "daynight": "N",
        "scan": 0.39,
        "track": 0.59,
        "version": "2.0NRT"
      }
    },
    {
      "type": "Feature",
      "geometry": {
        "type": "Point",
        "coordinates": [
          -4.33904,
          43.19536
        ]
      },
      "properties": {
        "latitude": 43.19536,
        "longitude": -4.33904,
        "brightness": 339.73,
        "confidence": "nominal",
        "frp": 5.51,
        "acq_date": "2026-04-06",
        "acq_time": "0310",
        "satellite": "NOAA-20/VIIRS",
        "daynight": "N",
        "scan": 0.39,
        "track": 0.59,
        "version": "2.0NRT"
      }
    },
    {
      "type": "Feature",
      "geometry": {
        "type": "Point",
        "coordinates": [
          -0.86,
          41.55374
        ]
      },
      "properties": {
        "latitude": 41.55374,
        "longitude": -0.86,
        "brightness": 321.15,
        "confidence": "nominal",
        "frp": 2.68,
        "acq_date": "2026-04-06",
        "acq_time": "0310",
        "satellite": "NOAA-20/VIIRS",
        "daynight": "N",
        "scan": 0.64,
        "track": 0.72,
        "version": "2.0NRT"
      }
    },
    {
      "type": "Feature",
      "geometry": {
        "type": "Point",
        "coordinates": [
          5.66962,
          50.76308
        ]
      },
      "properties": {
        "latitude": 50.76308,
        "longitude": 5.66962,
        "brightness": 300.04,
        "confidence": "nominal",
        "frp": 1.3,
        "acq_date": "2026-04-06",
        "acq_time": "0308",
        "satellite": "NOAA-20/VIIRS",
        "daynight": "N",
        "scan": 0.58,
        "track": 0.7,
        "version": "2.0NRT"
      }
    },
    {
      "type": "Feature",
      "geometry": {
        "type": "Point",
        "coordinates": [
          -2.062,
          47.31342
        ]
      },
      "properties": {
        "latitude": 47.31342,
        "longitude": -2.062,
        "brightness": 296.89,
        "confidence": "nominal",
        "frp": 0.95,
        "acq_date": "2026-04-06",
        "acq_time": "0308",
        "satellite": "NOAA-20/VIIRS",
        "daynight": "N",
        "scan": 0.37,
        "track": 0.58,
        "version": "2.0NRT"
      }
    },
    {
      "type": "Feature",
      "geometry": {
        "type": "Point",
        "coordinates": [
          4.89365,
          43.43766
        ]
      },
      "properties": {
        "latitude": 43.43766,
        "longitude": 4.89365,
        "brightness": 298.45,
        "confidence": "nominal",
        "frp": 2.03,
        "acq_date": "2026-04-06",
        "acq_time": "0249",
        "satellite": "Suomi-NPP/VIIRS",
        "daynight": "N",
        "scan": 0.51,
        "track": 0.66,
        "version": "2.0NRT"
      }
    },
    {
      "type": "Feature",
      "geometry": {
        "type": "Point",
        "coordinates": [
          4.89543,
          43.45086
        ]
      },
      "properties": {
        "latitude": 43.45086,
        "longitude": 4.89543,
        "brightness": 296.79,
        "confidence": "nominal",
        "frp": 0.82,
        "acq_date": "2026-04-06",
        "acq_time": "0249",
        "satellite": "Suomi-NPP/VIIRS",
        "daynight": "N",
        "scan": 0.51,
        "track": 0.66,
        "version": "2.0NRT"
      }
    },
    {
      "type": "Feature",
      "geometry": {
        "type": "Point",
        "coordinates": [
          4.89448,
          43.43766
        ]
      },
      "properties": {
        "latitude": 43.43766,
        "longitude": 4.89448,
        "brightness": 297.32,
        "confidence": "nominal",
        "frp": 2.49,
        "acq_date": "2026-04-06",
        "acq_time": "0249",
        "satellite": "Suomi-NPP/VIIRS",
        "daynight": "N",
        "scan": 0.51,
        "track": 0.66,
        "version": "2.0NRT"
      }
    },
    {
      "type": "Feature",
      "geometry": {
        "type": "Point",
        "coordinates": [
          5.01035,
          43.38081
        ]
      },
      "properties": {
        "latitude": 43.38081,
        "longitude": 5.01035,
        "brightness": 298.96,
        "confidence": "nominal",
        "frp": 1.37,
        "acq_date": "2026-04-06",
        "acq_time": "0249",
        "satellite": "Suomi-NPP/VIIRS",
        "daynight": "N",
        "scan": 0.52,
        "track": 0.67,
        "version": "2.0NRT"
      }
    },
    {
      "type": "Feature",
      "geometry": {
        "type": "Point",
        "coordinates": [
          -3.10738,
          43.3343
        ]
      },
      "properties": {
        "latitude": 43.3343,
        "longitude": -3.10738,
        "brightness": 298.1,
        "confidence": "nominal",
        "frp": 0.7,
        "acq_date": "2026-04-06",
        "acq_time": "0249",
        "satellite": "Suomi-NPP/VIIRS",
        "daynight": "N",
        "scan": 0.44,
        "track": 0.46,
        "version": "2.0NRT"
      }
    },
    {
      "type": "Feature",
      "geometry": {
        "type": "Point",
        "coordinates": [
          -4.33715,
          43.19749
        ]
      },
      "properties": {
        "latitude": 43.19749,
        "longitude": -4.33715,
        "brightness": 297.7,
        "confidence": "nominal",
        "frp": 0.34,
        "acq_date": "2026-04-06",
        "acq_time": "0249",
        "satellite": "Suomi-NPP/VIIRS",
        "daynight": "N",
        "scan": 0.39,
        "track": 0.44,
        "version": "2.0NRT"
      }
    },
    {
      "type": "Feature",
      "geometry": {
        "type": "Point",
        "coordinates": [
          -4.34231,
          43.19439
        ]
      },
      "properties": {
        "latitude": 43.19439,
        "longitude": -4.34231,
        "brightness": 334.5,
        "confidence": "nominal",
        "frp": 4.05,
        "acq_date": "2026-04-06",
        "acq_time": "0249",
        "satellite": "Suomi-NPP/VIIRS",
        "daynight": "N",
        "scan": 0.39,
        "track": 0.44,
        "version": "2.0NRT"
      }
    },
    {
      "type": "Feature",
      "geometry": {
        "type": "Point",
        "coordinates": [
          -4.33849,
          43.19354
        ]
      },
      "properties": {
        "latitude": 43.19354,
        "longitude": -4.33849,
        "brightness": 341.16,
        "confidence": "nominal",
        "frp": 4.05,
        "acq_date": "2026-04-06",
        "acq_time": "0249",
        "satellite": "Suomi-NPP/VIIRS",
        "daynight": "N",
        "scan": 0.39,
        "track": 0.44,
        "version": "2.0NRT"
      }
    },
    {
      "type": "Feature",
      "geometry": {
        "type": "Point",
        "coordinates": [
          -0.85927,
          41.55525
        ]
      },
      "properties": {
        "latitude": 41.55525,
        "longitude": -0.85927,
        "brightness": 326.99,
        "confidence": "nominal",
        "frp": 3.48,
        "acq_date": "2026-04-06",
        "acq_time": "0249",
        "satellite": "Suomi-NPP/VIIRS",
        "daynight": "N",
        "scan": 0.62,
        "track": 0.54,
        "version": "2.0NRT"
      }
    },
    {
      "type": "Feature",
      "geometry": {
        "type": "Point",
        "coordinates": [
          -0.85203,
          41.55336
        ]
      },
      "properties": {
        "latitude": 41.55336,
        "longitude": -0.85203,
        "brightness": 299.01,
        "confidence": "nominal",
        "frp": 3.48,
        "acq_date": "2026-04-06",
        "acq_time": "0249",
        "satellite": "Suomi-NPP/VIIRS",
        "daynight": "N",
        "scan": 0.62,
        "track": 0.54,
        "version": "2.0NRT"
      }
    },
    {
      "type": "Feature",
      "geometry": {
        "type": "Point",
        "coordinates": [
          6.14746,
          49.31758
        ]
      },
      "properties": {
        "latitude": 49.31758,
        "longitude": 6.14746,
        "brightness": 297.17,
        "confidence": "nominal",
        "frp": 0.57,
        "acq_date": "2026-04-06",
        "acq_time": "0247",
        "satellite": "Suomi-NPP/VIIRS",
        "daynight": "N",
        "scan": 0.38,
        "track": 0.58,
        "version": "2.0NRT"
      }
    },
    {
      "type": "Feature",
      "geometry": {
        "type": "Point",
        "coordinates": [
          -1.36569,
          50.83168
        ]
      },
      "properties": {
        "latitude": 50.83168,
        "longitude": -1.36569,
        "brightness": 295.97,
        "confidence": "nominal",
        "frp": 1.22,
        "acq_date": "2026-04-06",
        "acq_time": "0247",
        "satellite": "Suomi-NPP/VIIRS",
        "daynight": "N",
        "scan": 0.52,
        "track": 0.42,
        "version": "2.0NRT"
      }
    },
    {
      "type": "Feature",
      "geometry": {
        "type": "Point",
        "coordinates": [
          4.56527,
          48.76962
        ]
      },
      "properties": {
        "latitude": 48.76962,
        "longitude": 4.56527,
        "brightness": 299.41,
        "confidence": "nominal",
        "frp": 0.67,
        "acq_date": "2026-04-06",
        "acq_time": "0247",
        "satellite": "Suomi-NPP/VIIRS",
        "daynight": "N",
        "scan": 0.34,
        "track": 0.56,
        "version": "2.0NRT"
      }
    },
    {
      "type": "Feature",
      "geometry": {
        "type": "Point",
        "coordinates": [
          5.67347,
          50.76469
        ]
      },
      "properties": {
        "latitude": 50.76469,
        "longitude": 5.67347,
        "brightness": 307.68,
        "confidence": "nominal",
        "frp": 1.29,
        "acq_date": "2026-04-06",
        "acq_time": "0247",
        "satellite": "Suomi-NPP/VIIRS",
        "daynight": "N",
        "scan": 0.32,
        "track": 0.55,
        "version": "2.0NRT"
      }
    },
    {
      "type": "Feature",
      "geometry": {
        "type": "Point",
        "coordinates": [
          5.67296,
          50.76621
        ]
      },
      "properties": {
        "latitude": 50.76621,
        "longitude": 5.67296,
        "brightness": 307.57,
        "confidence": "nominal",
        "frp": 1.29,
        "acq_date": "2026-04-06",
        "acq_time": "0247",
        "satellite": "Suomi-NPP/VIIRS",
        "daynight": "N",
        "scan": 0.32,
        "track": 0.55,
        "version": "2.0NRT"
      }
    },
    {
      "type": "Feature",
      "geometry": {
        "type": "Point",
        "coordinates": [
          -4.9621,
          42.30967
        ]
      },
      "properties": {
        "latitude": 42.30967,
        "longitude": -4.9621,
        "brightness": 300.95,
        "confidence": "nominal",
        "frp": 0.5,
        "acq_date": "2026-04-06",
        "acq_time": "0130",
        "satellite": "NOAA-20/VIIRS",
        "daynight": "N",
        "scan": 0.37,
        "track": 0.58,
        "version": "2.0NRT"
      }
    },
    {
      "type": "Feature",
      "geometry": {
        "type": "Point",
        "coordinates": [
          -0.85939,
          41.55359
        ]
      },
      "properties": {
        "latitude": 41.55359,
        "longitude": -0.85939,
        "brightness": 337.45,
        "confidence": "nominal",
        "frp": 5.75,
        "acq_date": "2026-04-06",
        "acq_time": "0130",
        "satellite": "NOAA-20/VIIRS",
        "daynight": "N",
        "scan": 0.45,
        "track": 0.47,
        "version": "2.0NRT"
      }
    },
    {
      "type": "Feature",
      "geometry": {
        "type": "Point",
        "coordinates": [
          -0.85399,
          41.55313
        ]
      },
      "properties": {
        "latitude": 41.55313,
        "longitude": -0.85399,
        "brightness": 301.69,
        "confidence": "nominal",
        "frp": 5.75,
        "acq_date": "2026-04-06",
        "acq_time": "0130",
        "satellite": "NOAA-20/VIIRS",
        "daynight": "N",
        "scan": 0.45,
        "track": 0.47,
        "version": "2.0NRT"
      }
    },
    {
      "type": "Feature",
      "geometry": {
        "type": "Point",
        "coordinates": [
          7.37125,
          43.79323
        ]
      },
      "properties": {
        "latitude": 43.79323,
        "longitude": 7.37125,
        "brightness": 297.25,
        "confidence": "nominal",
        "frp": 0.64,
        "acq_date": "2026-04-06",
        "acq_time": "0130",
        "satellite": "NOAA-20/VIIRS",
        "daynight": "N",
        "scan": 0.39,
        "track": 0.36,
        "version": "2.0NRT"
      }
    },
    {
      "type": "Feature",
      "geometry": {
        "type": "Point",
        "coordinates": [
          7.37596,
          43.79251
        ]
      },
      "properties": {
        "latitude": 43.79251,
        "longitude": 7.37596,
        "brightness": 299.17,
        "confidence": "nominal",
        "frp": 0.63,
        "acq_date": "2026-04-06",
        "acq_time": "0130",
        "satellite": "NOAA-20/VIIRS",
        "daynight": "N",
        "scan": 0.39,
        "track": 0.36,
        "version": "2.0NRT"
      }
    },
    {
      "type": "Feature",
      "geometry": {
        "type": "Point",
        "coordinates": [
          4.89901,
          43.4486
        ]
      },
      "properties": {
        "latitude": 43.4486,
        "longitude": 4.89901,
        "brightness": 322.49,
        "confidence": "nominal",
        "frp": 2.46,
        "acq_date": "2026-04-06",
        "acq_time": "0130",
        "satellite": "NOAA-20/VIIRS",
        "daynight": "N",
        "scan": 0.42,
        "track": 0.38,
        "version": "2.0NRT"
      }
    },
    {
      "type": "Feature",
      "geometry": {
        "type": "Point",
        "coordinates": [
          4.89816,
          43.44518
        ]
      },
      "properties": {
        "latitude": 43.44518,
        "longitude": 4.89816,
        "brightness": 330.02,
        "confidence": "nominal",
        "frp": 2.46,
        "acq_date": "2026-04-06",
        "acq_time": "0130",
        "satellite": "NOAA-20/VIIRS",
        "daynight": "N",
        "scan": 0.42,
        "track": 0.38,
        "version": "2.0NRT"
      }
    },
    {
      "type": "Feature",
      "geometry": {
        "type": "Point",
        "coordinates": [
          4.89132,
          43.43903
        ]
      },
      "properties": {
        "latitude": 43.43903,
        "longitude": 4.89132,
        "brightness": 321.08,
        "confidence": "nominal",
        "frp": 2.47,
        "acq_date": "2026-04-06",
        "acq_time": "0130",
        "satellite": "NOAA-20/VIIRS",
        "daynight": "N",
        "scan": 0.42,
        "track": 0.38,
        "version": "2.0NRT"
      }
    },
    {
      "type": "Feature",
      "geometry": {
        "type": "Point",
        "coordinates": [
          4.89046,
          43.43561
        ]
      },
      "properties": {
        "latitude": 43.43561,
        "longitude": 4.89046,
        "brightness": 306.06,
        "confidence": "nominal",
        "frp": 1.04,
        "acq_date": "2026-04-06",
        "acq_time": "0130",
        "satellite": "NOAA-20/VIIRS",
        "daynight": "N",
        "scan": 0.42,
        "track": 0.38,
        "version": "2.0NRT"
      }
    },
    {
      "type": "Feature",
      "geometry": {
        "type": "Point",
        "coordinates": [
          4.8956,
          43.43493
        ]
      },
      "properties": {
        "latitude": 43.43493,
        "longitude": 4.8956,
        "brightness": 301.5,
        "confidence": "nominal",
        "frp": 1.32,
        "acq_date": "2026-04-06",
        "acq_time": "0130",
        "satellite": "NOAA-20/VIIRS",
        "daynight": "N",
        "scan": 0.42,
        "track": 0.38,
        "version": "2.0NRT"
      }
    },
    {
      "type": "Feature",
      "geometry": {
        "type": "Point",
        "coordinates": [
          5.00895,
          43.38121
        ]
      },
      "properties": {
        "latitude": 43.38121,
        "longitude": 5.00895,
        "brightness": 310.27,
        "confidence": "nominal",
        "frp": 1.07,
        "acq_date": "2026-04-06",
        "acq_time": "0130",
        "satellite": "NOAA-20/VIIRS",
        "daynight": "N",
        "scan": 0.42,
        "track": 0.37,
        "version": "2.0NRT"
      }
    },
    {
      "type": "Feature",
      "geometry": {
        "type": "Point",
        "coordinates": [
          0.99146,
          43.18526
        ]
      },
      "properties": {
        "latitude": 43.18526,
        "longitude": 0.99146,
        "brightness": 297.28,
        "confidence": "nominal",
        "frp": 0.51,
        "acq_date": "2026-04-06",
        "acq_time": "0130",
        "satellite": "NOAA-20/VIIRS",
        "daynight": "N",
        "scan": 0.39,
        "track": 0.44,
        "version": "2.0NRT"
      }
    },
    {
      "type": "Feature",
      "geometry": {
        "type": "Point",
        "coordinates": [
          -4.3457,
          43.19363
        ]
      },
      "properties": {
        "latitude": 43.19363,
        "longitude": -4.3457,
        "brightness": 300.49,
        "confidence": "nominal",
        "frp": 1.21,
        "acq_date": "2026-04-06",
        "acq_time": "0130",
        "satellite": "NOAA-20/VIIRS",
        "daynight": "N",
        "scan": 0.35,
        "track": 0.57,
        "version": "2.0NRT"
      }
    },
    {
      "type": "Feature",
      "geometry": {
        "type": "Point",
        "coordinates": [
          -4.33815,
          43.19326
        ]
      },
      "properties": {
        "latitude": 43.19326,
        "longitude": -4.33815,
        "brightness": 307.86,
        "confidence": "nominal",
        "frp": 1.16,
        "acq_date": "2026-04-06",
        "acq_time": "0130",
        "satellite": "NOAA-20/VIIRS",
        "daynight": "N",
        "scan": 0.35,
        "track": 0.57,
        "version": "2.0NRT"
      }
    },
    {
      "type": "Feature",
      "geometry": {
        "type": "Point",
        "coordinates": [
          5.67424,
          50.76461
        ]
      },
      "properties": {
        "latitude": 50.76461,
        "longitude": 5.67424,
        "brightness": 295.22,
        "confidence": "nominal",
        "frp": 0.62,
        "acq_date": "2026-04-06",
        "acq_time": "0128",
        "satellite": "NOAA-20/VIIRS",
        "daynight": "N",
        "scan": 0.47,
        "track": 0.39,
        "version": "2.0NRT"
      }
    },
    {
      "type": "Feature",
      "geometry": {
        "type": "Point",
        "coordinates": [
          6.00782,
          49.46505
        ]
      },
      "properties": {
        "latitude": 49.46505,
        "longitude": 6.00782,
        "brightness": 302.99,
        "confidence": "nominal",
        "frp": 1.08,
        "acq_date": "2026-04-06",
        "acq_time": "0128",
        "satellite": "NOAA-20/VIIRS",
        "daynight": "N",
        "scan": 0.44,
        "track": 0.39,
        "version": "2.0NRT"
      }
    },
    {
      "type": "Feature",
      "geometry": {
        "type": "Point",
        "coordinates": [
          6.74747,
          49.35911
        ]
      },
      "properties": {
        "latitude": 49.35911,
        "longitude": 6.74747,
        "brightness": 327.5,
        "confidence": "nominal",
        "frp": 1.62,
        "acq_date": "2026-04-06",
        "acq_time": "0128",
        "satellite": "NOAA-20/VIIRS",
        "daynight": "N",
        "scan": 0.42,
        "track": 0.38,
        "version": "2.0NRT"
      }
    },
    {
      "type": "Feature",
      "geometry": {
        "type": "Point",
        "coordinates": [
          6.74642,
          49.35569
        ]
      },
      "properties": {
        "latitude": 49.35569,
        "longitude": 6.74642,
        "brightness": 299.17,
        "confidence": "nominal",
        "frp": 1.62,
        "acq_date": "2026-04-06",
        "acq_time": "0128",
        "satellite": "NOAA-20/VIIRS",
        "daynight": "N",
        "scan": 0.42,
        "track": 0.38,
        "version": "2.0NRT"
      }
    },
    {
      "type": "Feature",
      "geometry": {
        "type": "Point",
        "coordinates": [
          6.74334,
          49.34542
        ]
      },
      "properties": {
        "latitude": 49.34542,
        "longitude": 6.74334,
        "brightness": 301.79,
        "confidence": "nominal",
        "frp": 0.75,
        "acq_date": "2026-04-06",
        "acq_time": "0128",
        "satellite": "NOAA-20/VIIRS",
        "daynight": "N",
        "scan": 0.42,
        "track": 0.38,
        "version": "2.0NRT"
      }
    },
    {
      "type": "Feature",
      "geometry": {
        "type": "Point",
        "coordinates": [
          6.14485,
          49.32196
        ]
      },
      "properties": {
        "latitude": 49.32196,
        "longitude": 6.14485,
        "brightness": 296.86,
        "confidence": "nominal",
        "frp": 0.43,
        "acq_date": "2026-04-06",
        "acq_time": "0128",
        "satellite": "NOAA-20/VIIRS",
        "daynight": "N",
        "scan": 0.44,
        "track": 0.38,
        "version": "2.0NRT"
      }
    },
    {
      "type": "Feature",
      "geometry": {
        "type": "Point",
        "coordinates": [
          7.82341,
          48.6005
        ]
      },
      "properties": {
        "latitude": 48.6005,
        "longitude": 7.82341,
        "brightness": 299.7,
        "confidence": "nominal",
        "frp": 1.07,
        "acq_date": "2026-04-06",
        "acq_time": "0128",
        "satellite": "NOAA-20/VIIRS",
        "daynight": "N",
        "scan": 0.4,
        "track": 0.37,
        "version": "2.0NRT"
      }
    },
    {
      "type": "Feature",
      "geometry": {
        "type": "Point",
        "coordinates": [
          7.82235,
          48.59718
        ]
      },
      "properties": {
        "latitude": 48.59718,
        "longitude": 7.82235,
        "brightness": 311.08,
        "confidence": "nominal",
        "frp": 1.54,
        "acq_date": "2026-04-06",
        "acq_time": "0128",
        "satellite": "NOAA-20/VIIRS",
        "daynight": "N",
        "scan": 0.4,
        "track": 0.37,
        "version": "2.0NRT"
      }
    },
    {
      "type": "Feature",
      "geometry": {
        "type": "Point",
        "coordinates": [
          6.11244,
          48.61046
        ]
      },
      "properties": {
        "latitude": 48.61046,
        "longitude": 6.11244,
        "brightness": 297.74,
        "confidence": "nominal",
        "frp": 0.91,
        "acq_date": "2026-04-06",
        "acq_time": "0128",
        "satellite": "NOAA-20/VIIRS",
        "daynight": "N",
        "scan": 0.43,
        "track": 0.38,
        "version": "2.0NRT"
      }
    },
    {
      "type": "Feature",
      "geometry": {
        "type": "Point",
        "coordinates": [
          7.2363,
          47.63044
        ]
      },
      "properties": {
        "latitude": 47.63044,
        "longitude": 7.2363,
        "brightness": 299.41,
        "confidence": "nominal",
        "frp": 0.61,
        "acq_date": "2026-04-06",
        "acq_time": "0128",
        "satellite": "NOAA-20/VIIRS",
        "daynight": "N",
        "scan": 0.4,
        "track": 0.37,
        "version": "2.0NRT"
      }
    },
    {
      "type": "Feature",
      "geometry": {
        "type": "Point",
        "coordinates": [
          8.6381,
          45.92248
        ]
      },
      "properties": {
        "latitude": 45.92248,
        "longitude": 8.6381,
        "brightness": 311.37,
        "confidence": "nominal",
        "frp": 1.35,
        "acq_date": "2026-04-06",
        "acq_time": "0128",
        "satellite": "NOAA-20/VIIRS",
        "daynight": "N",
        "scan": 0.38,
        "track": 0.36,
        "version": "2.0NRT"
      }
    },
    {
      "type": "Feature",
      "geometry": {
        "type": "Point",
        "coordinates": [
          8.63217,
          45.91999
        ]
      },
      "properties": {
        "latitude": 45.91999,
        "longitude": 8.63217,
        "brightness": 338.64,
        "confidence": "nominal",
        "frp": 5.29,
        "acq_date": "2026-04-06",
        "acq_time": "0128",
        "satellite": "NOAA-20/VIIRS",
        "daynight": "N",
        "scan": 0.38,
        "track": 0.36,
        "version": "2.0NRT"
      }
    },
    {
      "type": "Feature",
      "geometry": {
        "type": "Point",
        "coordinates": [
          8.63705,
          45.91923
        ]
      },
      "properties": {
        "latitude": 45.91923,
        "longitude": 8.63705,
        "brightness": 340.6,
        "confidence": "nominal",
        "frp": 5.38,
        "acq_date": "2026-04-06",
        "acq_time": "0128",
        "satellite": "NOAA-20/VIIRS",
        "daynight": "N",
        "scan": 0.38,
        "track": 0.36,
        "version": "2.0NRT"
      }
    },
    {
      "type": "Feature",
      "geometry": {
        "type": "Point",
        "coordinates": [
          8.17701,
          45.87788
        ]
      },
      "properties": {
        "latitude": 45.87788,
        "longitude": 8.17701,
        "brightness": 303.99,
        "confidence": "nominal",
        "frp": 1.42,
        "acq_date": "2026-04-06",
        "acq_time": "0128",
        "satellite": "NOAA-20/VIIRS",
        "daynight": "N",
        "scan": 0.39,
        "track": 0.36,
        "version": "2.0NRT"
      }
    },
    {
      "type": "Feature",
      "geometry": {
        "type": "Point",
        "coordinates": [
          8.18192,
          45.87712
        ]
      },
      "properties": {
        "latitude": 45.87712,
        "longitude": 8.18192,
        "brightness": 318.83,
        "confidence": "nominal",
        "frp": 1.42,
        "acq_date": "2026-04-06",
        "acq_time": "0128",
        "satellite": "NOAA-20/VIIRS",
        "daynight": "N",
        "scan": 0.39,
        "track": 0.36,
        "version": "2.0NRT"
      }
    },
    {
      "type": "Feature",
      "geometry": {
        "type": "Point",
        "coordinates": [
          9.94074,
          45.14767
        ]
      },
      "properties": {
        "latitude": 45.14767,
        "longitude": 9.94074,
        "brightness": 299.03,
        "confidence": "nominal",
        "frp": 1.98,
        "acq_date": "2026-04-06",
        "acq_time": "0128",
        "satellite": "NOAA-20/VIIRS",
        "daynight": "N",
        "scan": 0.39,
        "track": 0.36,
        "version": "2.0NRT"
      }
    },
    {
      "type": "Feature",
      "geometry": {
        "type": "Point",
        "coordinates": [
          9.94564,
          45.14683
        ]
      },
      "properties": {
        "latitude": 45.14683,
        "longitude": 9.94564,
        "brightness": 299.83,
        "confidence": "nominal",
        "frp": 1.84,
        "acq_date": "2026-04-06",
        "acq_time": "0128",
        "satellite": "NOAA-20/VIIRS",
        "daynight": "N",
        "scan": 0.39,
        "track": 0.36,
        "version": "2.0NRT"
      }
    },
    {
      "type": "Feature",
      "geometry": {
        "type": "Point",
        "coordinates": [
          9.93962,
          45.14439
        ]
      },
      "properties": {
        "latitude": 45.14439,
        "longitude": 9.93962,
        "brightness": 326.64,
        "confidence": "nominal",
        "frp": 1.98,
        "acq_date": "2026-04-06",
        "acq_time": "0128",
        "satellite": "NOAA-20/VIIRS",
        "daynight": "N",
        "scan": 0.39,
        "track": 0.36,
        "version": "2.0NRT"
      }
    },
    {
      "type": "Feature",
      "geometry": {
        "type": "Point",
        "coordinates": [
          9.94452,
          45.14355
        ]
      },
      "properties": {
        "latitude": 45.14355,
        "longitude": 9.94452,
        "brightness": 327.36,
        "confidence": "nominal",
        "frp": 1.84,
        "acq_date": "2026-04-06",
        "acq_time": "0128",
        "satellite": "NOAA-20/VIIRS",
        "daynight": "N",
        "scan": 0.39,
        "track": 0.36,
        "version": "2.0NRT"
      }
    },
    {
      "type": "Feature",
      "geometry": {
        "type": "Point",
        "coordinates": [
          7.37547,
          43.79372
        ]
      },
      "properties": {
        "latitude": 43.79372,
        "longitude": 7.37547,
        "brightness": 307.39,
        "confidence": "nominal",
        "frp": 1.16,
        "acq_date": "2026-04-06",
        "acq_time": "0109",
        "satellite": "Suomi-NPP/VIIRS",
        "daynight": "N",
        "scan": 0.39,
        "track": 0.44,
        "version": "2.0NRT"
      }
    },
    {
      "type": "Feature",
      "geometry": {
        "type": "Point",
        "coordinates": [
          4.89628,
          43.44502
        ]
      },
      "properties": {
        "latitude": 43.44502,
        "longitude": 4.89628,
        "brightness": 318.75,
        "confidence": "nominal",
        "frp": 3.59,
        "acq_date": "2026-04-06",
        "acq_time": "0109",
        "satellite": "Suomi-NPP/VIIRS",
        "daynight": "N",
        "scan": 0.51,
        "track": 0.49,
        "version": "2.0NRT"
      }
    },
    {
      "type": "Feature",
      "geometry": {
        "type": "Point",
        "coordinates": [
          4.88919,
          43.44091
        ]
      },
      "properties": {
        "latitude": 43.44091,
        "longitude": 4.88919,
        "brightness": 308.57,
        "confidence": "nominal",
        "frp": 1.66,
        "acq_date": "2026-04-06",
        "acq_time": "0109",
        "satellite": "Suomi-NPP/VIIRS",
        "daynight": "N",
        "scan": 0.51,
        "track": 0.49,
        "version": "2.0NRT"
      }
    },
    {
      "type": "Feature",
      "geometry": {
        "type": "Point",
        "coordinates": [
          4.88853,
          43.43634
        ]
      },
      "properties": {
        "latitude": 43.43634,
        "longitude": 4.88853,
        "brightness": 299.06,
        "confidence": "nominal",
        "frp": 1.66,
        "acq_date": "2026-04-06",
        "acq_time": "0109",
        "satellite": "Suomi-NPP/VIIRS",
        "daynight": "N",
        "scan": 0.51,
        "track": 0.49,
        "version": "2.0NRT"
      }
    },
    {
      "type": "Feature",
      "geometry": {
        "type": "Point",
        "coordinates": [
          4.89493,
          43.43588
        ]
      },
      "properties": {
        "latitude": 43.43588,
        "longitude": 4.89493,
        "brightness": 299.87,
        "confidence": "nominal",
        "frp": 1.2,
        "acq_date": "2026-04-06",
        "acq_time": "0109",
        "satellite": "Suomi-NPP/VIIRS",
        "daynight": "N",
        "scan": 0.51,
        "track": 0.49,
        "version": "2.0NRT"
      }
    },
    {
      "type": "Feature",
      "geometry": {
        "type": "Point",
        "coordinates": [
          4.89622,
          43.4453
        ]
      },
      "properties": {
        "latitude": 43.4453,
        "longitude": 4.89622,
        "brightness": 317.8,
        "confidence": "nominal",
        "frp": 2.13,
        "acq_date": "2026-04-06",
        "acq_time": "0109",
        "satellite": "Suomi-NPP/VIIRS",
        "daynight": "N",
        "scan": 0.51,
        "track": 0.49,
        "version": "2.0NRT"
      }
    },
    {
      "type": "Feature",
      "geometry": {
        "type": "Point",
        "coordinates": [
          4.90256,
          43.44481
        ]
      },
      "properties": {
        "latitude": 43.44481,
        "longitude": 4.90256,
        "brightness": 299.34,
        "confidence": "nominal",
        "frp": 0.66,
        "acq_date": "2026-04-06",
        "acq_time": "0109",
        "satellite": "Suomi-NPP/VIIRS",
        "daynight": "N",
        "scan": 0.51,
        "track": 0.49,
        "version": "2.0NRT"
      }
    },
    {
      "type": "Feature",
      "geometry": {
        "type": "Point",
        "coordinates": [
          4.88916,
          43.44123
        ]
      },
      "properties": {
        "latitude": 43.44123,
        "longitude": 4.88916,
        "brightness": 299.08,
        "confidence": "nominal",
        "frp": 2.13,
        "acq_date": "2026-04-06",
        "acq_time": "0109",
        "satellite": "Suomi-NPP/VIIRS",
        "daynight": "N",
        "scan": 0.51,
        "track": 0.49,
        "version": "2.0NRT"
      }
    },
    {
      "type": "Feature",
      "geometry": {
        "type": "Point",
        "coordinates": [
          4.88851,
          43.43666
        ]
      },
      "properties": {
        "latitude": 43.43666,
        "longitude": 4.88851,
        "brightness": 300.64,
        "confidence": "nominal",
        "frp": 1.44,
        "acq_date": "2026-04-06",
        "acq_time": "0109",
        "satellite": "Suomi-NPP/VIIRS",
        "daynight": "N",
        "scan": 0.51,
        "track": 0.49,
        "version": "2.0NRT"
      }
    },
    {
      "type": "Feature",
      "geometry": {
        "type": "Point",
        "coordinates": [
          4.89489,
          43.43616
        ]
      },
      "properties": {
        "latitude": 43.43616,
        "longitude": 4.89489,
        "brightness": 303.38,
        "confidence": "nominal",
        "frp": 1.44,
        "acq_date": "2026-04-06",
        "acq_time": "0109",
        "satellite": "Suomi-NPP/VIIRS",
        "daynight": "N",
        "scan": 0.51,
        "track": 0.49,
        "version": "2.0NRT"
      }
    },
    {
      "type": "Feature",
      "geometry": {
        "type": "Point",
        "coordinates": [
          5.0083,
          43.38129
        ]
      },
      "properties": {
        "latitude": 43.38129,
        "longitude": 5.0083,
        "brightness": 300.82,
        "confidence": "nominal",
        "frp": 1.14,
        "acq_date": "2026-04-06",
        "acq_time": "0109",
        "satellite": "Suomi-NPP/VIIRS",
        "daynight": "N",
        "scan": 0.5,
        "track": 0.49,
        "version": "2.0NRT"
      }
    },
    {
      "type": "Feature",
      "geometry": {
        "type": "Point",
        "coordinates": [
          -0.85805,
          41.55732
        ]
      },
      "properties": {
        "latitude": 41.55732,
        "longitude": -0.85805,
        "brightness": 321.57,
        "confidence": "nominal",
        "frp": 1.99,
        "acq_date": "2026-04-06",
        "acq_time": "0109",
        "satellite": "Suomi-NPP/VIIRS",
        "daynight": "N",
        "scan": 0.48,
        "track": 0.65,
        "version": "2.0NRT"
      }
    },
    {
      "type": "Feature",
      "geometry": {
        "type": "Point",
        "coordinates": [
          -0.85808,
          41.55125
        ]
      },
      "properties": {
        "latitude": 41.55125,
        "longitude": -0.85808,
        "brightness": 337.18,
        "confidence": "nominal",
        "frp": 4.44,
        "acq_date": "2026-04-06",
        "acq_time": "0109",
        "satellite": "Suomi-NPP/VIIRS",
        "daynight": "N",
        "scan": 0.48,
        "track": 0.65,
        "version": "2.0NRT"
      }
    },
    {
      "type": "Feature",
      "geometry": {
        "type": "Point",
        "coordinates": [
          -0.85996,
          41.55668
        ]
      },
      "properties": {
        "latitude": 41.55668,
        "longitude": -0.85996,
        "brightness": 319.53,
        "confidence": "nominal",
        "frp": 2.87,
        "acq_date": "2026-04-06",
        "acq_time": "0109",
        "satellite": "Suomi-NPP/VIIRS",
        "daynight": "N",
        "scan": 0.48,
        "track": 0.65,
        "version": "2.0NRT"
      }
    },
    {
      "type": "Feature",
      "geometry": {
        "type": "Point",
        "coordinates": [
          -0.85413,
          41.55647
        ]
      },
      "properties": {
        "latitude": 41.55647,
        "longitude": -0.85413,
        "brightness": 311.37,
        "confidence": "nominal",
        "frp": 2.02,
        "acq_date": "2026-04-06",
        "acq_time": "0109",
        "satellite": "Suomi-NPP/VIIRS",
        "daynight": "N",
        "scan": 0.48,
        "track": 0.65,
        "version": "2.0NRT"
      }
    },
    {
      "type": "Feature",
      "geometry": {
        "type": "Point",
        "coordinates": [
          -0.86,
          41.55062
        ]
      },
      "properties": {
        "latitude": 41.55062,
        "longitude": -0.86,
        "brightness": 302.34,
        "confidence": "nominal",
        "frp": 2.87,
        "acq_date": "2026-04-06",
        "acq_time": "0109",
        "satellite": "Suomi-NPP/VIIRS",
        "daynight": "N",
        "scan": 0.48,
        "track": 0.65,
        "version": "2.0NRT"
      }
    },
    {
      "type": "Feature",
      "geometry": {
        "type": "Point",
        "coordinates": [
          -0.85417,
          41.55042
        ]
      },
      "properties": {
        "latitude": 41.55042,
        "longitude": -0.85417,
        "brightness": 298.67,
        "confidence": "nominal",
        "frp": 2.02,
        "acq_date": "2026-04-06",
        "acq_time": "0109",
        "satellite": "Suomi-NPP/VIIRS",
        "daynight": "N",
        "scan": 0.48,
        "track": 0.65,
        "version": "2.0NRT"
      }
    },
    {
      "type": "Feature",
      "geometry": {
        "type": "Point",
        "coordinates": [
          6.74654,
          49.35957
        ]
      },
      "properties": {
        "latitude": 49.35957,
        "longitude": 6.74654,
        "brightness": 305.75,
        "confidence": "nominal",
        "frp": 1.67,
        "acq_date": "2026-04-06",
        "acq_time": "0107",
        "satellite": "Suomi-NPP/VIIRS",
        "daynight": "N",
        "scan": 0.48,
        "track": 0.48,
        "version": "2.0NRT"
      }
    },
    {
      "type": "Feature",
      "geometry": {
        "type": "Point",
        "coordinates": [
          6.74571,
          49.35512
        ]
      },
      "properties": {
        "latitude": 49.35512,
        "longitude": 6.74571,
        "brightness": 304.07,
        "confidence": "nominal",
        "frp": 1.85,
        "acq_date": "2026-04-06",
        "acq_time": "0107",
        "satellite": "Suomi-NPP/VIIRS",
        "daynight": "N",
        "scan": 0.48,
        "track": 0.48,
        "version": "2.0NRT"
      }
    },
    {
      "type": "Feature",
      "geometry": {
        "type": "Point",
        "coordinates": [
          8.63562,
          45.92077
        ]
      },
      "properties": {
        "latitude": 45.92077,
        "longitude": 8.63562,
        "brightness": 329.23,
        "confidence": "nominal",
        "frp": 4.12,
        "acq_date": "2026-04-06",
        "acq_time": "0107",
        "satellite": "Suomi-NPP/VIIRS",
        "daynight": "N",
        "scan": 0.55,
        "track": 0.42,
        "version": "2.0NRT"
      }
    },
    {
      "type": "Feature",
      "geometry": {
        "type": "Point",
        "coordinates": [
          8.17973,
          45.87866
        ]
      },
      "properties": {
        "latitude": 45.87866,
        "longitude": 8.17973,
        "brightness": 301.71,
        "confidence": "nominal",
        "frp": 1.27,
        "acq_date": "2026-04-06",
        "acq_time": "0107",
        "satellite": "Suomi-NPP/VIIRS",
        "daynight": "N",
        "scan": 0.57,
        "track": 0.43,
        "version": "2.0NRT"
      }
    },
    {
      "type": "Feature",
      "geometry": {
        "type": "Point",
        "coordinates": [
          9.94332,
          45.14581
        ]
      },
      "properties": {
        "latitude": 45.14581,
        "longitude": 9.94332,
        "brightness": 317.65,
        "confidence": "nominal",
        "frp": 2.67,
        "acq_date": "2026-04-06",
        "acq_time": "0107",
        "satellite": "Suomi-NPP/VIIRS",
        "daynight": "N",
        "scan": 0.48,
        "track": 0.4,
        "version": "2.0NRT"
      }
    },
    {
      "type": "Feature",
      "geometry": {
        "type": "Point",
        "coordinates": [
          -0.85856,
          41.55893
        ]
      },
      "properties": {
        "latitude": 41.55893,
        "longitude": -0.85856,
        "brightness": 328.83,
        "confidence": "100",
        "frp": 90.41,
        "acq_date": "2026-04-05",
        "acq_time": "2000",
        "satellite": "MODIS/T",
        "daynight": "N",
        "scan": 2.17,
        "track": 1.43,
        "version": "6.1NRT"
      }
    },
    {
      "type": "Feature",
      "geometry": {
        "type": "Point",
        "coordinates": [
          -0.86036,
          41.54791
        ]
      },
      "properties": {
        "latitude": 41.54791,
        "longitude": -0.86036,
        "brightness": 318.05,
        "confidence": "96",
        "frp": 55.16,
        "acq_date": "2026-04-05",
        "acq_time": "2000",
        "satellite": "MODIS/T",
        "daynight": "N",
        "scan": 2.17,
        "track": 1.43,
        "version": "6.1NRT"
      }
    },
    {
      "type": "Feature",
      "geometry": {
        "type": "Point",
        "coordinates": [
          -0.86543,
          41.55996
        ]
      },
      "properties": {
        "latitude": 41.55996,
        "longitude": -0.86543,
        "brightness": 310.28,
        "confidence": "80",
        "frp": 35.63,
        "acq_date": "2026-04-05",
        "acq_time": "2000",
        "satellite": "MODIS/T",
        "daynight": "N",
        "scan": 2.17,
        "track": 1.43,
        "version": "6.1NRT"
      }
    },
    {
      "type": "Feature",
      "geometry": {
        "type": "Point",
        "coordinates": [
          9.25656,
          46.1452
        ]
      },
      "properties": {
        "latitude": 46.1452,
        "longitude": 9.25656,
        "brightness": 313.22,
        "confidence": "73",
        "frp": 13.16,
        "acq_date": "2026-04-05",
        "acq_time": "1355",
        "satellite": "MODIS/A",
        "daynight": "D",
        "scan": 1.14,
        "track": 1.06,
        "version": "6.1NRT"
      }
    },
    {
      "type": "Feature",
      "geometry": {
        "type": "Point",
        "coordinates": [
          5.1022,
          45.34044
        ]
      },
      "properties": {
        "latitude": 45.34044,
        "longitude": 5.1022,
        "brightness": 306.79,
        "confidence": "64",
        "frp": 10.79,
        "acq_date": "2026-04-05",
        "acq_time": "1355",
        "satellite": "MODIS/A",
        "daynight": "D",
        "scan": 1.85,
        "track": 1.33,
        "version": "6.1NRT"
      }
    },
    {
      "type": "Feature",
      "geometry": {
        "type": "Point",
        "coordinates": [
          3.74908,
          43.44951
        ]
      },
      "properties": {
        "latitude": 43.44951,
        "longitude": 3.74908,
        "brightness": 302.31,
        "confidence": "0",
        "frp": 10.91,
        "acq_date": "2026-04-05",
        "acq_time": "1353",
        "satellite": "MODIS/A",
        "daynight": "D",
        "scan": 2.49,
        "track": 1.52,
        "version": "6.1NRT"
      }
    },
    {
      "type": "Feature",
      "geometry": {
        "type": "Point",
        "coordinates": [
          9.93682,
          45.14833
        ]
      },
      "properties": {
        "latitude": 45.14833,
        "longitude": 9.93682,
        "brightness": 332.57,
        "confidence": "81",
        "frp": 30.85,
        "acq_date": "2026-04-05",
        "acq_time": "1353",
        "satellite": "MODIS/A",
        "daynight": "D",
        "scan": 1.12,
        "track": 1.05,
        "version": "6.1NRT"
      }
    },
    {
      "type": "Feature",
      "geometry": {
        "type": "Point",
        "coordinates": [
          -4.75388,
          43.31219
        ]
      },
      "properties": {
        "latitude": 43.31219,
        "longitude": -4.75388,
        "brightness": 331.3,
        "confidence": "nominal",
        "frp": 8.58,
        "acq_date": "2026-04-05",
        "acq_time": "1314",
        "satellite": "NOAA-20/VIIRS",
        "daynight": "D",
        "scan": 0.38,
        "track": 0.36,
        "version": "2.0NRT"
      }
    },
    {
      "type": "Feature",
      "geometry": {
        "type": "Point",
        "coordinates": [
          3.09723,
          44.50866
        ]
      },
      "properties": {
        "latitude": 44.50866,
        "longitude": 3.09723,
        "brightness": 346.42,
        "confidence": "nominal",
        "frp": 6.52,
        "acq_date": "2026-04-05",
        "acq_time": "1314",
        "satellite": "NOAA-20/VIIRS",
        "daynight": "D",
        "scan": 0.45,
        "track": 0.47,
        "version": "2.0NRT"
      }
    },
    {
      "type": "Feature",
      "geometry": {
        "type": "Point",
        "coordinates": [
          9.94834,
          45.14178
        ]
      },
      "properties": {
        "latitude": 45.14178,
        "longitude": 9.94834,
        "brightness": 334.81,
        "confidence": "nominal",
        "frp": 5.4,
        "acq_date": "2026-04-05",
        "acq_time": "1314",
        "satellite": "NOAA-20/VIIRS",
        "daynight": "D",
        "scan": 0.49,
        "track": 0.65,
        "version": "2.0NRT"
      }
    },
    {
      "type": "Feature",
      "geometry": {
        "type": "Point",
        "coordinates": [
          9.9459,
          45.14239
        ]
      },
      "properties": {
        "latitude": 45.14239,
        "longitude": 9.9459,
        "brightness": 344.43,
        "confidence": "nominal",
        "frp": 4.64,
        "acq_date": "2026-04-05",
        "acq_time": "1314",
        "satellite": "NOAA-20/VIIRS",
        "daynight": "D",
        "scan": 0.49,
        "track": 0.65,
        "version": "2.0NRT"
      }
    },
    {
      "type": "Feature",
      "geometry": {
        "type": "Point",
        "coordinates": [
          3.03646,
          44.895
        ]
      },
      "properties": {
        "latitude": 44.895,
        "longitude": 3.03646,
        "brightness": 335.76,
        "confidence": "nominal",
        "frp": 5.88,
        "acq_date": "2026-04-05",
        "acq_time": "1314",
        "satellite": "NOAA-20/VIIRS",
        "daynight": "D",
        "scan": 0.45,
        "track": 0.47,
        "version": "2.0NRT"
      }
    },
    {
      "type": "Feature",
      "geometry": {
        "type": "Point",
        "coordinates": [
          9.74508,
          45.33326
        ]
      },
      "properties": {
        "latitude": 45.33326,
        "longitude": 9.74508,
        "brightness": 333.04,
        "confidence": "nominal",
        "frp": 2.3,
        "acq_date": "2026-04-05",
        "acq_time": "1314",
        "satellite": "NOAA-20/VIIRS",
        "daynight": "D",
        "scan": 0.48,
        "track": 0.65,
        "version": "2.0NRT"
      }
    },
    {
      "type": "Feature",
      "geometry": {
        "type": "Point",
        "coordinates": [
          9.73878,
          45.33311
        ]
      },
      "properties": {
        "latitude": 45.33311,
        "longitude": 9.73878,
        "brightness": 337.16,
        "confidence": "nominal",
        "frp": 2.93,
        "acq_date": "2026-04-05",
        "acq_time": "1314",
        "satellite": "NOAA-20/VIIRS",
        "daynight": "D",
        "scan": 0.48,
        "track": 0.65,
        "version": "2.0NRT"
      }
    },
    {
      "type": "Feature",
      "geometry": {
        "type": "Point",
        "coordinates": [
          9.74302,
          45.32874
        ]
      },
      "properties": {
        "latitude": 45.32874,
        "longitude": 9.74302,
        "brightness": 346.97,
        "confidence": "nominal",
        "frp": 4.66,
        "acq_date": "2026-04-05",
        "acq_time": "1314",
        "satellite": "NOAA-20/VIIRS",
        "daynight": "D",
        "scan": 0.49,
        "track": 0.65,
        "version": "2.0NRT"
      }
    },
    {
      "type": "Feature",
      "geometry": {
        "type": "Point",
        "coordinates": [
          9.26104,
          45.38364
        ]
      },
      "properties": {
        "latitude": 45.38364,
        "longitude": 9.26104,
        "brightness": 340.95,
        "confidence": "nominal",
        "frp": 3.09,
        "acq_date": "2026-04-05",
        "acq_time": "1314",
        "satellite": "NOAA-20/VIIRS",
        "daynight": "D",
        "scan": 0.46,
        "track": 0.63,
        "version": "2.0NRT"
      }
    },
    {
      "type": "Feature",
      "geometry": {
        "type": "Point",
        "coordinates": [
          9.07434,
          45.42467
        ]
      },
      "properties": {
        "latitude": 45.42467,
        "longitude": 9.07434,
        "brightness": 339.42,
        "confidence": "nominal",
        "frp": 3.03,
        "acq_date": "2026-04-05",
        "acq_time": "1314",
        "satellite": "NOAA-20/VIIRS",
        "daynight": "D",
        "scan": 0.45,
        "track": 0.63,
        "version": "2.0NRT"
      }
    },
    {
      "type": "Feature",
      "geometry": {
        "type": "Point",
        "coordinates": [
          9.05001,
          45.44161
        ]
      },
      "properties": {
        "latitude": 45.44161,
        "longitude": 9.05001,
        "brightness": 326.62,
        "confidence": "low",
        "frp": 2.16,
        "acq_date": "2026-04-05",
        "acq_time": "1314",
        "satellite": "NOAA-20/VIIRS",
        "daynight": "D",
        "scan": 0.45,
        "track": 0.63,
        "version": "2.0NRT"
      }
    },
    {
      "type": "Feature",
      "geometry": {
        "type": "Point",
        "coordinates": [
          9.80444,
          45.53091
        ]
      },
      "properties": {
        "latitude": 45.53091,
        "longitude": 9.80444,
        "brightness": 349.82,
        "confidence": "nominal",
        "frp": 4.65,
        "acq_date": "2026-04-05",
        "acq_time": "1314",
        "satellite": "NOAA-20/VIIRS",
        "daynight": "D",
        "scan": 0.49,
        "track": 0.65,
        "version": "2.0NRT"
      }
    },
    {
      "type": "Feature",
      "geometry": {
        "type": "Point",
        "coordinates": [
          9.42535,
          45.55467
        ]
      },
      "properties": {
        "latitude": 45.55467,
        "longitude": 9.42535,
        "brightness": 344.97,
        "confidence": "nominal",
        "frp": 2.94,
        "acq_date": "2026-04-05",
        "acq_time": "1314",
        "satellite": "NOAA-20/VIIRS",
        "daynight": "D",
        "scan": 0.47,
        "track": 0.64,
        "version": "2.0NRT"
      }
    },
    {
      "type": "Feature",
      "geometry": {
        "type": "Point",
        "coordinates": [
          9.07473,
          45.58163
        ]
      },
      "properties": {
        "latitude": 45.58163,
        "longitude": 9.07473,
        "brightness": 352.72,
        "confidence": "nominal",
        "frp": 3.89,
        "acq_date": "2026-04-05",
        "acq_time": "1314",
        "satellite": "NOAA-20/VIIRS",
        "daynight": "D",
        "scan": 0.45,
        "track": 0.63,
        "version": "2.0NRT"
      }
    },
    {
      "type": "Feature",
      "geometry": {
        "type": "Point",
        "coordinates": [
          9.19645,
          45.67745
        ]
      },
      "properties": {
        "latitude": 45.67745,
        "longitude": 9.19645,
        "brightness": 339.57,
        "confidence": "nominal",
        "frp": 2.49,
        "acq_date": "2026-04-05",
        "acq_time": "1314",
        "satellite": "NOAA-20/VIIRS",
        "daynight": "D",
        "scan": 0.46,
        "track": 0.63,
        "version": "2.0NRT"
      }
    },
    {
      "type": "Feature",
      "geometry": {
        "type": "Point",
        "coordinates": [
          9.37284,
          46.01217
        ]
      },
      "properties": {
        "latitude": 46.01217,
        "longitude": 9.37284,
        "brightness": 348.87,
        "confidence": "nominal",
        "frp": 3.62,
        "acq_date": "2026-04-05",
        "acq_time": "1314",
        "satellite": "NOAA-20/VIIRS",
        "daynight": "D",
        "scan": 0.47,
        "track": 0.64,
        "version": "2.0NRT"
      }
    },
    {
      "type": "Feature",
      "geometry": {
        "type": "Point",
        "coordinates": [
          -3.53513,
          50.46583
        ]
      },
      "properties": {
        "latitude": 50.46583,
        "longitude": -3.53513,
        "brightness": 337.56,
        "confidence": "nominal",
        "frp": 4.7,
        "acq_date": "2026-04-05",
        "acq_time": "1314",
        "satellite": "NOAA-20/VIIRS",
        "daynight": "D",
        "scan": 0.44,
        "track": 0.38,
        "version": "2.0NRT"
      }
    },
    {
      "type": "Feature",
      "geometry": {
        "type": "Point",
        "coordinates": [
          2.8622,
          42.54771
        ]
      },
      "properties": {
        "latitude": 42.54771,
        "longitude": 2.8622,
        "brightness": 329.23,
        "confidence": "nominal",
        "frp": 2.02,
        "acq_date": "2026-04-05",
        "acq_time": "1312",
        "satellite": "NOAA-20/VIIRS",
        "daynight": "D",
        "scan": 0.42,
        "track": 0.45,
        "version": "2.0NRT"
      }
    },
    {
      "type": "Feature",
      "geometry": {
        "type": "Point",
        "coordinates": [
          4.88349,
          43.44226
        ]
      },
      "properties": {
        "latitude": 43.44226,
        "longitude": 4.88349,
        "brightness": 333.97,
        "confidence": "nominal",
        "frp": 4.49,
        "acq_date": "2026-04-05",
        "acq_time": "1312",
        "satellite": "NOAA-20/VIIRS",
        "daynight": "D",
        "scan": 0.53,
        "track": 0.5,
        "version": "2.0NRT"
      }
    },
    {
      "type": "Feature",
      "geometry": {
        "type": "Point",
        "coordinates": [
          4.9,
          43.44589
        ]
      },
      "properties": {
        "latitude": 43.44589,
        "longitude": 4.9,
        "brightness": 341.78,
        "confidence": "nominal",
        "frp": 6.32,
        "acq_date": "2026-04-05",
        "acq_time": "1312",
        "satellite": "NOAA-20/VIIRS",
        "daynight": "D",
        "scan": 0.54,
        "track": 0.51,
        "version": "2.0NRT"
      }
    },
    {
      "type": "Feature",
      "geometry": {
        "type": "Point",
        "coordinates": [
          -1.66188,
          43.06297
        ]
      },
      "properties": {
        "latitude": 43.06297,
        "longitude": -1.66188,
        "brightness": 334.19,
        "confidence": "nominal",
        "frp": 6.44,
        "acq_date": "2026-04-05",
        "acq_time": "1312",
        "satellite": "NOAA-20/VIIRS",
        "daynight": "D",
        "scan": 0.42,
        "track": 0.38,
        "version": "2.0NRT"
      }
    },
    {
      "type": "Feature",
      "geometry": {
        "type": "Point",
        "coordinates": [
          -1.55876,
          43.07959
        ]
      },
      "properties": {
        "latitude": 43.07959,
        "longitude": -1.55876,
        "brightness": 367.0,
        "confidence": "high",
        "frp": 10.43,
        "acq_date": "2026-04-05",
        "acq_time": "1312",
        "satellite": "NOAA-20/VIIRS",
        "daynight": "D",
        "scan": 0.43,
        "track": 0.38,
        "version": "2.0NRT"
      }
    },
    {
      "type": "Feature",
      "geometry": {
        "type": "Point",
        "coordinates": [
          -3.90248,
          43.05138
        ]
      },
      "properties": {
        "latitude": 43.05138,
        "longitude": -3.90248,
        "brightness": 331.45,
        "confidence": "nominal",
        "frp": 9.52,
        "acq_date": "2026-04-05",
        "acq_time": "1312",
        "satellite": "NOAA-20/VIIRS",
        "daynight": "D",
        "scan": 0.39,
        "track": 0.36,
        "version": "2.0NRT"
      }
    },
    {
      "type": "Feature",
      "geometry": {
        "type": "Point",
        "coordinates": [
          -3.89392,
          43.05604
        ]
      },
      "properties": {
        "latitude": 43.05604,
        "longitude": -3.89392,
        "brightness": 345.34,
        "confidence": "nominal",
        "frp": 5.38,
        "acq_date": "2026-04-05",
        "acq_time": "1312",
        "satellite": "NOAA-20/VIIRS",
        "daynight": "D",
        "scan": 0.39,
        "track": 0.36,
        "version": "2.0NRT"
      }
    },
    {
      "type": "Feature",
      "geometry": {
        "type": "Point",
        "coordinates": [
          -3.89867,
          43.05535
        ]
      },
      "properties": {
        "latitude": 43.05535,
        "longitude": -3.89867,
        "brightness": 343.92,
        "confidence": "nominal",
        "frp": 9.52,
        "acq_date": "2026-04-05",
        "acq_time": "1312",
        "satellite": "NOAA-20/VIIRS",
        "daynight": "D",
        "scan": 0.39,
        "track": 0.36,
        "version": "2.0NRT"
      }
    },
    {
      "type": "Feature",
      "geometry": {
        "type": "Point",
        "coordinates": [
          -3.9034,
          43.05465
        ]
      },
      "properties": {
        "latitude": 43.05465,
        "longitude": -3.9034,
        "brightness": 334.07,
        "confidence": "nominal",
        "frp": 9.52,
        "acq_date": "2026-04-05",
        "acq_time": "1312",
        "satellite": "NOAA-20/VIIRS",
        "daynight": "D",
        "scan": 0.39,
        "track": 0.36,
        "version": "2.0NRT"
      }
    },
    {
      "type": "Feature",
      "geometry": {
        "type": "Point",
        "coordinates": [
          -3.90811,
          43.05397
        ]
      },
      "properties": {
        "latitude": 43.05397,
        "longitude": -3.90811,
        "brightness": 349.15,
        "confidence": "nominal",
        "frp": 22.83,
        "acq_date": "2026-04-05",
        "acq_time": "1312",
        "satellite": "NOAA-20/VIIRS",
        "daynight": "D",
        "scan": 0.39,
        "track": 0.36,
        "version": "2.0NRT"
      }
    },
    {
      "type": "Feature",
      "geometry": {
        "type": "Point",
        "coordinates": [
          -3.89954,
          43.05863
        ]
      },
      "properties": {
        "latitude": 43.05863,
        "longitude": -3.89954,
        "brightness": 337.18,
        "confidence": "nominal",
        "frp": 2.73,
        "acq_date": "2026-04-05",
        "acq_time": "1312",
        "satellite": "NOAA-20/VIIRS",
        "daynight": "D",
        "scan": 0.39,
        "track": 0.36,
        "version": "2.0NRT"
      }
    },
    {
      "type": "Feature",
      "geometry": {
        "type": "Point",
        "coordinates": [
          -4.08282,
          43.14742
        ]
      },
      "properties": {
        "latitude": 43.14742,
        "longitude": -4.08282,
        "brightness": 334.73,
        "confidence": "nominal",
        "frp": 2.36,
        "acq_date": "2026-04-05",
        "acq_time": "1312",
        "satellite": "NOAA-20/VIIRS",
        "daynight": "D",
        "scan": 0.39,
        "track": 0.36,
        "version": "2.0NRT"
      }
    },
    {
      "type": "Feature",
      "geometry": {
        "type": "Point",
        "coordinates": [
          -3.61936,
          43.22529
        ]
      },
      "properties": {
        "latitude": 43.22529,
        "longitude": -3.61936,
        "brightness": 337.09,
        "confidence": "nominal",
        "frp": 5.23,
        "acq_date": "2026-04-05",
        "acq_time": "1312",
        "satellite": "NOAA-20/VIIRS",
        "daynight": "D",
        "scan": 0.39,
        "track": 0.36,
        "version": "2.0NRT"
      }
    },
    {
      "type": "Feature",
      "geometry": {
        "type": "Point",
        "coordinates": [
          -3.5573,
          50.50726
        ]
      },
      "properties": {
        "latitude": 50.50726,
        "longitude": -3.5573,
        "brightness": 342.96,
        "confidence": "nominal",
        "frp": 4.06,
        "acq_date": "2026-04-05",
        "acq_time": "1253",
        "satellite": "Suomi-NPP/VIIRS",
        "daynight": "D",
        "scan": 0.4,
        "track": 0.37,
        "version": "2.0NRT"
      }
    },
    {
      "type": "Feature",
      "geometry": {
        "type": "Point",
        "coordinates": [
          0.38334,
          41.71001
        ]
      },
      "properties": {
        "latitude": 41.71001,
        "longitude": 0.38334,
        "brightness": 333.01,
        "confidence": "nominal",
        "frp": 2.06,
        "acq_date": "2026-04-05",
        "acq_time": "1251",
        "satellite": "Suomi-NPP/VIIRS",
        "daynight": "D",
        "scan": 0.4,
        "track": 0.37,
        "version": "2.0NRT"
      }
    },
    {
      "type": "Feature",
      "geometry": {
        "type": "Point",
        "coordinates": [
          2.92023,
          42.71677
        ]
      },
      "properties": {
        "latitude": 42.71677,
        "longitude": 2.92023,
        "brightness": 329.72,
        "confidence": "nominal",
        "frp": 0.71,
        "acq_date": "2026-04-05",
        "acq_time": "1251",
        "satellite": "Suomi-NPP/VIIRS",
        "daynight": "D",
        "scan": 0.39,
        "track": 0.36,
        "version": "2.0NRT"
      }
    },
    {
      "type": "Feature",
      "geometry": {
        "type": "Point",
        "coordinates": [
          4.89144,
          43.43825
        ]
      },
      "properties": {
        "latitude": 43.43825,
        "longitude": 4.89144,
        "brightness": 333.07,
        "confidence": "nominal",
        "frp": 4.94,
        "acq_date": "2026-04-05",
        "acq_time": "1251",
        "satellite": "Suomi-NPP/VIIRS",
        "daynight": "D",
        "scan": 0.43,
        "track": 0.38,
        "version": "2.0NRT"
      }
    },
    {
      "type": "Feature",
      "geometry": {
        "type": "Point",
        "coordinates": [
          4.88531,
          43.44108
        ]
      },
      "properties": {
        "latitude": 43.44108,
        "longitude": 4.88531,
        "brightness": 332.73,
        "confidence": "nominal",
        "frp": 4.4,
        "acq_date": "2026-04-05",
        "acq_time": "1251",
        "satellite": "Suomi-NPP/VIIRS",
        "daynight": "D",
        "scan": 0.43,
        "track": 0.38,
        "version": "2.0NRT"
      }
    },
    {
      "type": "Feature",
      "geometry": {
        "type": "Point",
        "coordinates": [
          4.90045,
          43.44657
        ]
      },
      "properties": {
        "latitude": 43.44657,
        "longitude": 4.90045,
        "brightness": 331.7,
        "confidence": "low",
        "frp": 5.58,
        "acq_date": "2026-04-05",
        "acq_time": "1251",
        "satellite": "Suomi-NPP/VIIRS",
        "daynight": "D",
        "scan": 0.43,
        "track": 0.38,
        "version": "2.0NRT"
      }
    },
    {
      "type": "Feature",
      "geometry": {
        "type": "Point",
        "coordinates": [
          0.92791,
          42.94284
        ]
      },
      "properties": {
        "latitude": 42.94284,
        "longitude": 0.92791,
        "brightness": 333.35,
        "confidence": "nominal",
        "frp": 3.22,
        "acq_date": "2026-04-05",
        "acq_time": "1251",
        "satellite": "Suomi-NPP/VIIRS",
        "daynight": "D",
        "scan": 0.39,
        "track": 0.36,
        "version": "2.0NRT"
      }
    },
    {
      "type": "Feature",
      "geometry": {
        "type": "Point",
        "coordinates": [
          -0.62032,
          43.08353
        ]
      },
      "properties": {
        "latitude": 43.08353,
        "longitude": -0.62032,
        "brightness": 330.76,
        "confidence": "nominal",
        "frp": 3.55,
        "acq_date": "2026-04-05",
        "acq_time": "1251",
        "satellite": "Suomi-NPP/VIIRS",
        "daynight": "D",
        "scan": 0.41,
        "track": 0.37,
        "version": "2.0NRT"
      }
    },
    {
      "type": "Feature",
      "geometry": {
        "type": "Point",
        "coordinates": [
          -0.89581,
          43.13075
        ]
      },
      "properties": {
        "latitude": 43.13075,
        "longitude": -0.89581,
        "brightness": 330.0,
        "confidence": "nominal",
        "frp": 3.46,
        "acq_date": "2026-04-05",
        "acq_time": "1251",
        "satellite": "Suomi-NPP/VIIRS",
        "daynight": "D",
        "scan": 0.41,
        "track": 0.37,
        "version": "2.0NRT"
      }
    },
    {
      "type": "Feature",
      "geometry": {
        "type": "Point",
        "coordinates": [
          -2.73654,
          42.83788
        ]
      },
      "properties": {
        "latitude": 42.83788,
        "longitude": -2.73654,
        "brightness": 332.03,
        "confidence": "low",
        "frp": 3.82,
        "acq_date": "2026-04-05",
        "acq_time": "1251",
        "satellite": "Suomi-NPP/VIIRS",
        "daynight": "D",
        "scan": 0.47,
        "track": 0.4,
        "version": "2.0NRT"
      }
    },
    {
      "type": "Feature",
      "geometry": {
        "type": "Point",
        "coordinates": [
          -1.55996,
          43.07717
        ]
      },
      "properties": {
        "latitude": 43.07717,
        "longitude": -1.55996,
        "brightness": 326.43,
        "confidence": "nominal",
        "frp": 1.25,
        "acq_date": "2026-04-05",
        "acq_time": "1251",
        "satellite": "Suomi-NPP/VIIRS",
        "daynight": "D",
        "scan": 0.43,
        "track": 0.38,
        "version": "2.0NRT"
      }
    },
    {
      "type": "Feature",
      "geometry": {
        "type": "Point",
        "coordinates": [
          -2.66903,
          42.86634
        ]
      },
      "properties": {
        "latitude": 42.86634,
        "longitude": -2.66903,
        "brightness": 336.88,
        "confidence": "nominal",
        "frp": 3.39,
        "acq_date": "2026-04-05",
        "acq_time": "1251",
        "satellite": "Suomi-NPP/VIIRS",
        "daynight": "D",
        "scan": 0.46,
        "track": 0.39,
        "version": "2.0NRT"
      }
    },
    {
      "type": "Feature",
      "geometry": {
        "type": "Point",
        "coordinates": [
          -2.67461,
          42.86526
        ]
      },
      "properties": {
        "latitude": 42.86526,
        "longitude": -2.67461,
        "brightness": 335.04,
        "confidence": "nominal",
        "frp": 3.39,
        "acq_date": "2026-04-05",
        "acq_time": "1251",
        "satellite": "Suomi-NPP/VIIRS",
        "daynight": "D",
        "scan": 0.46,
        "track": 0.39,
        "version": "2.0NRT"
      }
    },
    {
      "type": "Feature",
      "geometry": {
        "type": "Point",
        "coordinates": [
          -2.70253,
          42.85979
        ]
      },
      "properties": {
        "latitude": 42.85979,
        "longitude": -2.70253,
        "brightness": 335.63,
        "confidence": "nominal",
        "frp": 4.3,
        "acq_date": "2026-04-05",
        "acq_time": "1251",
        "satellite": "Suomi-NPP/VIIRS",
        "daynight": "D",
        "scan": 0.47,
        "track": 0.39,
        "version": "2.0NRT"
      }
    },
    {
      "type": "Feature",
      "geometry": {
        "type": "Point",
        "coordinates": [
          -1.56108,
          43.08059
        ]
      },
      "properties": {
        "latitude": 43.08059,
        "longitude": -1.56108,
        "brightness": 347.6,
        "confidence": "nominal",
        "frp": 12.89,
        "acq_date": "2026-04-05",
        "acq_time": "1251",
        "satellite": "Suomi-NPP/VIIRS",
        "daynight": "D",
        "scan": 0.43,
        "track": 0.38,
        "version": "2.0NRT"
      }
    },
    {
      "type": "Feature",
      "geometry": {
        "type": "Point",
        "coordinates": [
          -1.65904,
          43.06248
        ]
      },
      "properties": {
        "latitude": 43.06248,
        "longitude": -1.65904,
        "brightness": 328.76,
        "confidence": "nominal",
        "frp": 2.02,
        "acq_date": "2026-04-05",
        "acq_time": "1251",
        "satellite": "Suomi-NPP/VIIRS",
        "daynight": "D",
        "scan": 0.43,
        "track": 0.38,
        "version": "2.0NRT"
      }
    },
    {
      "type": "Feature",
      "geometry": {
        "type": "Point",
        "coordinates": [
          -4.76494,
          42.4797
        ]
      },
      "properties": {
        "latitude": 42.4797,
        "longitude": -4.76494,
        "brightness": 329.59,
        "confidence": "nominal",
        "frp": 2.65,
        "acq_date": "2026-04-05",
        "acq_time": "1251",
        "satellite": "Suomi-NPP/VIIRS",
        "daynight": "D",
        "scan": 0.57,
        "track": 0.43,
        "version": "2.0NRT"
      }
    },
    {
      "type": "Feature",
      "geometry": {
        "type": "Point",
        "coordinates": [
          2.14155,
          44.01433
        ]
      },
      "properties": {
        "latitude": 44.01433,
        "longitude": 2.14155,
        "brightness": 335.92,
        "confidence": "nominal",
        "frp": 2.21,
        "acq_date": "2026-04-05",
        "acq_time": "1251",
        "satellite": "Suomi-NPP/VIIRS",
        "daynight": "D",
        "scan": 0.39,
        "track": 0.36,
        "version": "2.0NRT"
      }
    },
    {
      "type": "Feature",
      "geometry": {
        "type": "Point",
        "coordinates": [
          -3.8687,
          43.04726
        ]
      },
      "properties": {
        "latitude": 43.04726,
        "longitude": -3.8687,
        "brightness": 351.01,
        "confidence": "nominal",
        "frp": 10.74,
        "acq_date": "2026-04-05",
        "acq_time": "1251",
        "satellite": "Suomi-NPP/VIIRS",
        "daynight": "D",
        "scan": 0.51,
        "track": 0.41,
        "version": "2.0NRT"
      }
    },
    {
      "type": "Feature",
      "geometry": {
        "type": "Point",
        "coordinates": [
          -3.9024,
          43.05223
        ]
      },
      "properties": {
        "latitude": 43.05223,
        "longitude": -3.9024,
        "brightness": 331.71,
        "confidence": "nominal",
        "frp": 11.54,
        "acq_date": "2026-04-05",
        "acq_time": "1251",
        "satellite": "Suomi-NPP/VIIRS",
        "daynight": "D",
        "scan": 0.51,
        "track": 0.41,
        "version": "2.0NRT"
      }
    },
    {
      "type": "Feature",
      "geometry": {
        "type": "Point",
        "coordinates": [
          -3.90847,
          43.05097
        ]
      },
      "properties": {
        "latitude": 43.05097,
        "longitude": -3.90847,
        "brightness": 345.45,
        "confidence": "nominal",
        "frp": 13.93,
        "acq_date": "2026-04-05",
        "acq_time": "1251",
        "satellite": "Suomi-NPP/VIIRS",
        "daynight": "D",
        "scan": 0.51,
        "track": 0.41,
        "version": "2.0NRT"
      }
    },
    {
      "type": "Feature",
      "geometry": {
        "type": "Point",
        "coordinates": [
          -3.89804,
          43.05712
        ]
      },
      "properties": {
        "latitude": 43.05712,
        "longitude": -3.89804,
        "brightness": 348.5,
        "confidence": "nominal",
        "frp": 9.94,
        "acq_date": "2026-04-05",
        "acq_time": "1251",
        "satellite": "Suomi-NPP/VIIRS",
        "daynight": "D",
        "scan": 0.51,
        "track": 0.41,
        "version": "2.0NRT"
      }
    },
    {
      "type": "Feature",
      "geometry": {
        "type": "Point",
        "coordinates": [
          -3.9037,
          43.05595
        ]
      },
      "properties": {
        "latitude": 43.05595,
        "longitude": -3.9037,
        "brightness": 330.65,
        "confidence": "nominal",
        "frp": 9.94,
        "acq_date": "2026-04-05",
        "acq_time": "1251",
        "satellite": "Suomi-NPP/VIIRS",
        "daynight": "D",
        "scan": 0.51,
        "track": 0.41,
        "version": "2.0NRT"
      }
    },
    {
      "type": "Feature",
      "geometry": {
        "type": "Point",
        "coordinates": [
          -3.90965,
          43.05471
        ]
      },
      "properties": {
        "latitude": 43.05471,
        "longitude": -3.90965,
        "brightness": 342.38,
        "confidence": "nominal",
        "frp": 5.91,
        "acq_date": "2026-04-05",
        "acq_time": "1251",
        "satellite": "Suomi-NPP/VIIRS",
        "daynight": "D",
        "scan": 0.51,
        "track": 0.41,
        "version": "2.0NRT"
      }
    },
    {
      "type": "Feature",
      "geometry": {
        "type": "Point",
        "coordinates": [
          3.8723,
          44.37251
        ]
      },
      "properties": {
        "latitude": 44.37251,
        "longitude": 3.8723,
        "brightness": 343.12,
        "confidence": "nominal",
        "frp": 14.79,
        "acq_date": "2026-04-05",
        "acq_time": "1251",
        "satellite": "Suomi-NPP/VIIRS",
        "daynight": "D",
        "scan": 0.41,
        "track": 0.37,
        "version": "2.0NRT"
      }
    },
    {
      "type": "Feature",
      "geometry": {
        "type": "Point",
        "coordinates": [
          -0.2996,
          43.84221
        ]
      },
      "properties": {
        "latitude": 43.84221,
        "longitude": -0.2996,
        "brightness": 346.38,
        "confidence": "nominal",
        "frp": 2.62,
        "acq_date": "2026-04-05",
        "acq_time": "1251",
        "satellite": "Suomi-NPP/VIIRS",
        "daynight": "D",
        "scan": 0.4,
        "track": 0.37,
        "version": "2.0NRT"
      }
    },
    {
      "type": "Feature",
      "geometry": {
        "type": "Point",
        "coordinates": [
          9.94513,
          45.14621
        ]
      },
      "properties": {
        "latitude": 45.14621,
        "longitude": 9.94513,
        "brightness": 345.2,
        "confidence": "nominal",
        "frp": 19.01,
        "acq_date": "2026-04-05",
        "acq_time": "1251",
        "satellite": "Suomi-NPP/VIIRS",
        "daynight": "D",
        "scan": 0.48,
        "track": 0.48,
        "version": "2.0NRT"
      }
    },
    {
      "type": "Feature",
      "geometry": {
        "type": "Point",
        "coordinates": [
          -1.00092,
          43.83347
        ]
      },
      "properties": {
        "latitude": 43.83347,
        "longitude": -1.00092,
        "brightness": 339.7,
        "confidence": "nominal",
        "frp": 3.27,
        "acq_date": "2026-04-05",
        "acq_time": "1251",
        "satellite": "Suomi-NPP/VIIRS",
        "daynight": "D",
        "scan": 0.41,
        "track": 0.37,
        "version": "2.0NRT"
      }
    },
    {
      "type": "Feature",
      "geometry": {
        "type": "Point",
        "coordinates": [
          -0.49409,
          43.9428
        ]
      },
      "properties": {
        "latitude": 43.9428,
        "longitude": -0.49409,
        "brightness": 345.84,
        "confidence": "nominal",
        "frp": 3.23,
        "acq_date": "2026-04-05",
        "acq_time": "1251",
        "satellite": "Suomi-NPP/VIIRS",
        "daynight": "D",
        "scan": 0.4,
        "track": 0.37,
        "version": "2.0NRT"
      }
    },
    {
      "type": "Feature",
      "geometry": {
        "type": "Point",
        "coordinates": [
          -1.22651,
          43.91055
        ]
      },
      "properties": {
        "latitude": 43.91055,
        "longitude": -1.22651,
        "brightness": 351.95,
        "confidence": "nominal",
        "frp": 6.81,
        "acq_date": "2026-04-05",
        "acq_time": "1251",
        "satellite": "Suomi-NPP/VIIRS",
        "daynight": "D",
        "scan": 0.41,
        "track": 0.37,
        "version": "2.0NRT"
      }
    },
    {
      "type": "Feature",
      "geometry": {
        "type": "Point",
        "coordinates": [
          -0.68262,
          44.03427
        ]
      },
      "properties": {
        "latitude": 44.03427,
        "longitude": -0.68262,
        "brightness": 339.97,
        "confidence": "nominal",
        "frp": 4.48,
        "acq_date": "2026-04-05",
        "acq_time": "1251",
        "satellite": "Suomi-NPP/VIIRS",
        "daynight": "D",
        "scan": 0.4,
        "track": 0.37,
        "version": "2.0NRT"
      }
    },
    {
      "type": "Feature",
      "geometry": {
        "type": "Point",
        "coordinates": [
          -0.68373,
          44.0376
        ]
      },
      "properties": {
        "latitude": 44.0376,
        "longitude": -0.68373,
        "brightness": 335.41,
        "confidence": "nominal",
        "frp": 4.48,
        "acq_date": "2026-04-05",
        "acq_time": "1251",
        "satellite": "Suomi-NPP/VIIRS",
        "daynight": "D",
        "scan": 0.4,
        "track": 0.37,
        "version": "2.0NRT"
      }
    },
    {
      "type": "Feature",
      "geometry": {
        "type": "Point",
        "coordinates": [
          -4.75417,
          43.31205
        ]
      },
      "properties": {
        "latitude": 43.31205,
        "longitude": -4.75417,
        "brightness": 330.68,
        "confidence": "nominal",
        "frp": 2.13,
        "acq_date": "2026-04-05",
        "acq_time": "1251",
        "satellite": "Suomi-NPP/VIIRS",
        "daynight": "D",
        "scan": 0.55,
        "track": 0.43,
        "version": "2.0NRT"
      }
    },
    {
      "type": "Feature",
      "geometry": {
        "type": "Point",
        "coordinates": [
          -4.84821,
          43.29177
        ]
      },
      "properties": {
        "latitude": 43.29177,
        "longitude": -4.84821,
        "brightness": 328.59,
        "confidence": "nominal",
        "frp": 3.52,
        "acq_date": "2026-04-05",
        "acq_time": "1251",
        "satellite": "Suomi-NPP/VIIRS",
        "daynight": "D",
        "scan": 0.55,
        "track": 0.43,
        "version": "2.0NRT"
      }
    },
    {
      "type": "Feature",
      "geometry": {
        "type": "Point",
        "coordinates": [
          3.04063,
          44.8965
        ]
      },
      "properties": {
        "latitude": 44.8965,
        "longitude": 3.04063,
        "brightness": 336.13,
        "confidence": "nominal",
        "frp": 5.73,
        "acq_date": "2026-04-05",
        "acq_time": "1251",
        "satellite": "Suomi-NPP/VIIRS",
        "daynight": "D",
        "scan": 0.4,
        "track": 0.37,
        "version": "2.0NRT"
      }
    },
    {
      "type": "Feature",
      "geometry": {
        "type": "Point",
        "coordinates": [
          3.03554,
          44.89581
        ]
      },
      "properties": {
        "latitude": 44.89581,
        "longitude": 3.03554,
        "brightness": 329.71,
        "confidence": "nominal",
        "frp": 5.73,
        "acq_date": "2026-04-05",
        "acq_time": "1251",
        "satellite": "Suomi-NPP/VIIRS",
        "daynight": "D",
        "scan": 0.4,
        "track": 0.37,
        "version": "2.0NRT"
      }
    },
    {
      "type": "Feature",
      "geometry": {
        "type": "Point",
        "coordinates": [
          8.15933,
          45.53517
        ]
      },
      "properties": {
        "latitude": 45.53517,
        "longitude": 8.15933,
        "brightness": 328.21,
        "confidence": "nominal",
        "frp": 5.56,
        "acq_date": "2026-04-05",
        "acq_time": "1251",
        "satellite": "Suomi-NPP/VIIRS",
        "daynight": "D",
        "scan": 0.4,
        "track": 0.44,
        "version": "2.0NRT"
      }
    },
    {
      "type": "Feature",
      "geometry": {
        "type": "Point",
        "coordinates": [
          9.10412,
          45.62628
        ]
      },
      "properties": {
        "latitude": 45.62628,
        "longitude": 9.10412,
        "brightness": 338.64,
        "confidence": "nominal",
        "frp": 3.15,
        "acq_date": "2026-04-05",
        "acq_time": "1251",
        "satellite": "Suomi-NPP/VIIRS",
        "daynight": "D",
        "scan": 0.44,
        "track": 0.46,
        "version": "2.0NRT"
      }
    },
    {
      "type": "Feature",
      "geometry": {
        "type": "Point",
        "coordinates": [
          9.10397,
          45.62353
        ]
      },
      "properties": {
        "latitude": 45.62353,
        "longitude": 9.10397,
        "brightness": 335.22,
        "confidence": "nominal",
        "frp": 1.11,
        "acq_date": "2026-04-05",
        "acq_time": "1251",
        "satellite": "Suomi-NPP/VIIRS",
        "daynight": "D",
        "scan": 0.44,
        "track": 0.46,
        "version": "2.0NRT"
      }
    },
    {
      "type": "Feature",
      "geometry": {
        "type": "Point",
        "coordinates": [
          -0.70384,
          44.52555
        ]
      },
      "properties": {
        "latitude": 44.52555,
        "longitude": -0.70384,
        "brightness": 349.07,
        "confidence": "nominal",
        "frp": 4.82,
        "acq_date": "2026-04-05",
        "acq_time": "1251",
        "satellite": "Suomi-NPP/VIIRS",
        "daynight": "D",
        "scan": 0.4,
        "track": 0.37,
        "version": "2.0NRT"
      }
    },
    {
      "type": "Feature",
      "geometry": {
        "type": "Point",
        "coordinates": [
          -0.70877,
          44.5247
        ]
      },
      "properties": {
        "latitude": 44.5247,
        "longitude": -0.70877,
        "brightness": 346.49,
        "confidence": "nominal",
        "frp": 4.82,
        "acq_date": "2026-04-05",
        "acq_time": "1251",
        "satellite": "Suomi-NPP/VIIRS",
        "daynight": "D",
        "scan": 0.4,
        "track": 0.37,
        "version": "2.0NRT"
      }
    },
    {
      "type": "Feature",
      "geometry": {
        "type": "Point",
        "coordinates": [
          8.63514,
          45.92136
        ]
      },
      "properties": {
        "latitude": 45.92136,
        "longitude": 8.63514,
        "brightness": 335.4,
        "confidence": "nominal",
        "frp": 2.1,
        "acq_date": "2026-04-05",
        "acq_time": "1251",
        "satellite": "Suomi-NPP/VIIRS",
        "daynight": "D",
        "scan": 0.43,
        "track": 0.46,
        "version": "2.0NRT"
      }
    },
    {
      "type": "Feature",
      "geometry": {
        "type": "Point",
        "coordinates": [
          -0.61903,
          44.91784
        ]
      },
      "properties": {
        "latitude": 44.91784,
        "longitude": -0.61903,
        "brightness": 325.2,
        "confidence": "low",
        "frp": 2.24,
        "acq_date": "2026-04-05",
        "acq_time": "1251",
        "satellite": "Suomi-NPP/VIIRS",
        "daynight": "D",
        "scan": 0.39,
        "track": 0.36,
        "version": "2.0NRT"
      }
    },
    {
      "type": "Feature",
      "geometry": {
        "type": "Point",
        "coordinates": [
          7.89085,
          46.30004
        ]
      },
      "properties": {
        "latitude": 46.30004,
        "longitude": 7.89085,
        "brightness": 337.93,
        "confidence": "nominal",
        "frp": 3.24,
        "acq_date": "2026-04-05",
        "acq_time": "1251",
        "satellite": "Suomi-NPP/VIIRS",
        "daynight": "D",
        "scan": 0.4,
        "track": 0.44,
        "version": "2.0NRT"
      }
    },
    {
      "type": "Feature",
      "geometry": {
        "type": "Point",
        "coordinates": [
          4.88604,
          43.44236
        ]
      },
      "properties": {
        "latitude": 43.44236,
        "longitude": 4.88604,
        "brightness": 331.34,
        "confidence": "nominal",
        "frp": 6.24,
        "acq_date": "2026-04-05",
        "acq_time": "1132",
        "satellite": "NOAA-20/VIIRS",
        "daynight": "D",
        "scan": 0.5,
        "track": 0.66,
        "version": "2.0NRT"
      }
    },
    {
      "type": "Feature",
      "geometry": {
        "type": "Point",
        "coordinates": [
          9.94612,
          45.14482
        ]
      },
      "properties": {
        "latitude": 45.14482,
        "longitude": 9.94612,
        "brightness": 327.84,
        "confidence": "nominal",
        "frp": 3.12,
        "acq_date": "2026-04-05",
        "acq_time": "1132",
        "satellite": "NOAA-20/VIIRS",
        "daynight": "D",
        "scan": 0.52,
        "track": 0.5,
        "version": "2.0NRT"
      }
    },
    {
      "type": "Feature",
      "geometry": {
        "type": "Point",
        "coordinates": [
          9.94453,
          45.14542
        ]
      },
      "properties": {
        "latitude": 45.14542,
        "longitude": 9.94453,
        "brightness": 328.04,
        "confidence": "nominal",
        "frp": 5.39,
        "acq_date": "2026-04-05",
        "acq_time": "1132",
        "satellite": "NOAA-20/VIIRS",
        "daynight": "D",
        "scan": 0.52,
        "track": 0.5,
        "version": "2.0NRT"
      }
    },
    {
      "type": "Feature",
      "geometry": {
        "type": "Point",
        "coordinates": [
          7.72277,
          45.10556
        ]
      },
      "properties": {
        "latitude": 45.10556,
        "longitude": 7.72277,
        "brightness": 327.55,
        "confidence": "low",
        "frp": 2.24,
        "acq_date": "2026-04-05",
        "acq_time": "1132",
        "satellite": "NOAA-20/VIIRS",
        "daynight": "D",
        "scan": 0.33,
        "track": 0.55,
        "version": "2.0NRT"
      }
    },
    {
      "type": "Feature",
      "geometry": {
        "type": "Point",
        "coordinates": [
          4.80196,
          44.26993
        ]
      },
      "properties": {
        "latitude": 44.26993,
        "longitude": 4.80196,
        "brightness": 301.98,
        "confidence": "34",
        "frp": 4.11,
        "acq_date": "2026-04-05",
        "acq_time": "0854",
        "satellite": "MODIS/T",
        "daynight": "D",
        "scan": 1.21,
        "track": 1.09,
        "version": "6.1NRT"
      }
    },
    {
      "type": "Feature",
      "geometry": {
        "type": "Point",
        "coordinates": [
          1.49116,
          42.23832
        ]
      },
      "properties": {
        "latitude": 42.23832,
        "longitude": 1.49116,
        "brightness": 302.14,
        "confidence": "39",
        "frp": 9.58,
        "acq_date": "2026-04-05",
        "acq_time": "0854",
        "satellite": "MODIS/T",
        "daynight": "D",
        "scan": 1.68,
        "track": 1.27,
        "version": "6.1NRT"
      }
    },
    {
      "type": "Feature",
      "geometry": {
        "type": "Point",
        "coordinates": [
          9.93999,
          45.14542
        ]
      },
      "properties": {
        "latitude": 45.14542,
        "longitude": 9.93999,
        "brightness": 313.12,
        "confidence": "68",
        "frp": 9.78,
        "acq_date": "2026-04-05",
        "acq_time": "0852",
        "satellite": "MODIS/T",
        "daynight": "D",
        "scan": 1.02,
        "track": 1.01,
        "version": "6.1NRT"
      }
    },
    {
      "type": "Feature",
      "geometry": {
        "type": "Point",
        "coordinates": [
          9.95244,
          45.14352
        ]
      },
      "properties": {
        "latitude": 45.14352,
        "longitude": 9.95244,
        "brightness": 306.75,
        "confidence": "62",
        "frp": 5.19,
        "acq_date": "2026-04-05",
        "acq_time": "0852",
        "satellite": "MODIS/T",
        "daynight": "D",
        "scan": 1.02,
        "track": 1.01,
        "version": "6.1NRT"
      }
    },
    {
      "type": "Feature",
      "geometry": {
        "type": "Point",
        "coordinates": [
          -3.1042,
          43.33628
        ]
      },
      "properties": {
        "latitude": 43.33628,
        "longitude": -3.1042,
        "brightness": 300.84,
        "confidence": "nominal",
        "frp": 0.81,
        "acq_date": "2026-04-05",
        "acq_time": "0328",
        "satellite": "NOAA-20/VIIRS",
        "daynight": "N",
        "scan": 0.73,
        "track": 0.76,
        "version": "2.0NRT"
      }
    },
    {
      "type": "Feature",
      "geometry": {
        "type": "Point",
        "coordinates": [
          -4.34456,
          43.19969
        ]
      },
      "properties": {
        "latitude": 43.19969,
        "longitude": -4.34456,
        "brightness": 295.02,
        "confidence": "nominal",
        "frp": 1.42,
        "acq_date": "2026-04-05",
        "acq_time": "0328",
        "satellite": "NOAA-20/VIIRS",
        "daynight": "N",
        "scan": 0.65,
        "track": 0.73,
        "version": "2.0NRT"
      }
    },
    {
      "type": "Feature",
      "geometry": {
        "type": "Point",
        "coordinates": [
          -4.34476,
          43.19455
        ]
      },
      "properties": {
        "latitude": 43.19455,
        "longitude": -4.34476,
        "brightness": 301.9,
        "confidence": "nominal",
        "frp": 1.62,
        "acq_date": "2026-04-05",
        "acq_time": "0328",
        "satellite": "NOAA-20/VIIRS",
        "daynight": "N",
        "scan": 0.65,
        "track": 0.73,
        "version": "2.0NRT"
      }
    },
    {
      "type": "Feature",
      "geometry": {
        "type": "Point",
        "coordinates": [
          -4.34301,
          43.19618
        ]
      },
      "properties": {
        "latitude": 43.19618,
        "longitude": -4.34301,
        "brightness": 328.92,
        "confidence": "nominal",
        "frp": 2.18,
        "acq_date": "2026-04-05",
        "acq_time": "0308",
        "satellite": "Suomi-NPP/VIIRS",
        "daynight": "N",
        "scan": 0.32,
        "track": 0.55,
        "version": "2.0NRT"
      }
    },
    {
      "type": "Feature",
      "geometry": {
        "type": "Point",
        "coordinates": [
          1.99874,
          41.40586
        ]
      },
      "properties": {
        "latitude": 41.40586,
        "longitude": 1.99874,
        "brightness": 304.27,
        "confidence": "nominal",
        "frp": 0.89,
        "acq_date": "2026-04-05",
        "acq_time": "0149",
        "satellite": "NOAA-20/VIIRS",
        "daynight": "N",
        "scan": 0.38,
        "track": 0.36,
        "version": "2.0NRT"
      }
    },
    {
      "type": "Feature",
      "geometry": {
        "type": "Point",
        "coordinates": [
          1.66359,
          41.3141
        ]
      },
      "properties": {
        "latitude": 41.3141,
        "longitude": 1.66359,
        "brightness": 300.94,
        "confidence": "nominal",
        "frp": 1.2,
        "acq_date": "2026-04-05",
        "acq_time": "0149",
        "satellite": "NOAA-20/VIIRS",
        "daynight": "N",
        "scan": 0.39,
        "track": 0.36,
        "version": "2.0NRT"
      }
    },
    {
      "type": "Feature",
      "geometry": {
        "type": "Point",
        "coordinates": [
          6.35055,
          47.4763
        ]
      },
      "properties": {
        "latitude": 47.4763,
        "longitude": 6.35055,
        "brightness": 298.48,
        "confidence": "nominal",
        "frp": 0.35,
        "acq_date": "2026-04-05",
        "acq_time": "0147",
        "satellite": "NOAA-20/VIIRS",
        "daynight": "N",
        "scan": 0.39,
        "track": 0.37,
        "version": "2.0NRT"
      }
    },
    {
      "type": "Feature",
      "geometry": {
        "type": "Point",
        "coordinates": [
          8.62697,
          45.92293
        ]
      },
      "properties": {
        "latitude": 45.92293,
        "longitude": 8.62697,
        "brightness": 327.59,
        "confidence": "nominal",
        "frp": 2.38,
        "acq_date": "2026-04-05",
        "acq_time": "0147",
        "satellite": "NOAA-20/VIIRS",
        "daynight": "N",
        "scan": 0.47,
        "track": 0.39,
        "version": "2.0NRT"
      }
    },
    {
      "type": "Feature",
      "geometry": {
        "type": "Point",
        "coordinates": [
          8.632,
          45.92191
        ]
      },
      "properties": {
        "latitude": 45.92191,
        "longitude": 8.632,
        "brightness": 316.24,
        "confidence": "nominal",
        "frp": 3.5,
        "acq_date": "2026-04-05",
        "acq_time": "0147",
        "satellite": "NOAA-20/VIIRS",
        "daynight": "N",
        "scan": 0.47,
        "track": 0.39,
        "version": "2.0NRT"
      }
    },
    {
      "type": "Feature",
      "geometry": {
        "type": "Point",
        "coordinates": [
          8.63031,
          45.91846
        ]
      },
      "properties": {
        "latitude": 45.91846,
        "longitude": 8.63031,
        "brightness": 335.23,
        "confidence": "nominal",
        "frp": 3.5,
        "acq_date": "2026-04-05",
        "acq_time": "0147",
        "satellite": "NOAA-20/VIIRS",
        "daynight": "N",
        "scan": 0.47,
        "track": 0.39,
        "version": "2.0NRT"
      }
    },
    {
      "type": "Feature",
      "geometry": {
        "type": "Point",
        "coordinates": [
          8.62532,
          45.91946
        ]
      },
      "properties": {
        "latitude": 45.91946,
        "longitude": 8.62532,
        "brightness": 314.79,
        "confidence": "nominal",
        "frp": 2.38,
        "acq_date": "2026-04-05",
        "acq_time": "0147",
        "satellite": "NOAA-20/VIIRS",
        "daynight": "N",
        "scan": 0.47,
        "track": 0.39,
        "version": "2.0NRT"
      }
    },
    {
      "type": "Feature",
      "geometry": {
        "type": "Point",
        "coordinates": [
          8.62393,
          45.91595
        ]
      },
      "properties": {
        "latitude": 45.91595,
        "longitude": 8.62393,
        "brightness": 302.64,
        "confidence": "nominal",
        "frp": 1.29,
        "acq_date": "2026-04-05",
        "acq_time": "0147",
        "satellite": "NOAA-20/VIIRS",
        "daynight": "N",
        "scan": 0.47,
        "track": 0.39,
        "version": "2.0NRT"
      }
    },
    {
      "type": "Feature",
      "geometry": {
        "type": "Point",
        "coordinates": [
          2.71219,
          46.93236
        ]
      },
      "properties": {
        "latitude": 46.93236,
        "longitude": 2.71219,
        "brightness": 310.42,
        "confidence": "nominal",
        "frp": 1.45,
        "acq_date": "2026-04-05",
        "acq_time": "0147",
        "satellite": "NOAA-20/VIIRS",
        "daynight": "N",
        "scan": 0.39,
        "track": 0.36,
        "version": "2.0NRT"
      }
    },
    {
      "type": "Feature",
      "geometry": {
        "type": "Point",
        "coordinates": [
          9.4649,
          45.68121
        ]
      },
      "properties": {
        "latitude": 45.68121,
        "longitude": 9.4649,
        "brightness": 295.31,
        "confidence": "nominal",
        "frp": 0.96,
        "acq_date": "2026-04-05",
        "acq_time": "0147",
        "satellite": "NOAA-20/VIIRS",
        "daynight": "N",
        "scan": 0.5,
        "track": 0.41,
        "version": "2.0NRT"
      }
    },
    {
      "type": "Feature",
      "geometry": {
        "type": "Point",
        "coordinates": [
          9.94001,
          45.1451
        ]
      },
      "properties": {
        "latitude": 45.1451,
        "longitude": 9.94001,
        "brightness": 327.55,
        "confidence": "nominal",
        "frp": 3.99,
        "acq_date": "2026-04-05",
        "acq_time": "0147",
        "satellite": "NOAA-20/VIIRS",
        "daynight": "N",
        "scan": 0.54,
        "track": 0.42,
        "version": "2.0NRT"
      }
    },
    {
      "type": "Feature",
      "geometry": {
        "type": "Point",
        "coordinates": [
          4.75972,
          45.44384
        ]
      },
      "properties": {
        "latitude": 45.44384,
        "longitude": 4.75972,
        "brightness": 302.83,
        "confidence": "nominal",
        "frp": 0.68,
        "acq_date": "2026-04-05",
        "acq_time": "0147",
        "satellite": "NOAA-20/VIIRS",
        "daynight": "N",
        "scan": 0.39,
        "track": 0.36,
        "version": "2.0NRT"
      }
    },
    {
      "type": "Feature",
      "geometry": {
        "type": "Point",
        "coordinates": [
          7.3736,
          43.79365
        ]
      },
      "properties": {
        "latitude": 43.79365,
        "longitude": 7.3736,
        "brightness": 296.43,
        "confidence": "nominal",
        "frp": 0.57,
        "acq_date": "2026-04-05",
        "acq_time": "0147",
        "satellite": "NOAA-20/VIIRS",
        "daynight": "N",
        "scan": 0.46,
        "track": 0.39,
        "version": "2.0NRT"
      }
    },
    {
      "type": "Feature",
      "geometry": {
        "type": "Point",
        "coordinates": [
          4.61865,
          43.80399
        ]
      },
      "properties": {
        "latitude": 43.80399,
        "longitude": 4.61865,
        "brightness": 295.82,
        "confidence": "nominal",
        "frp": 0.53,
        "acq_date": "2026-04-05",
        "acq_time": "0147",
        "satellite": "NOAA-20/VIIRS",
        "daynight": "N",
        "scan": 0.39,
        "track": 0.36,
        "version": "2.0NRT"
      }
    },
    {
      "type": "Feature",
      "geometry": {
        "type": "Point",
        "coordinates": [
          4.89568,
          43.44648
        ]
      },
      "properties": {
        "latitude": 43.44648,
        "longitude": 4.89568,
        "brightness": 325.11,
        "confidence": "nominal",
        "frp": 1.77,
        "acq_date": "2026-04-05",
        "acq_time": "0147",
        "satellite": "NOAA-20/VIIRS",
        "daynight": "N",
        "scan": 0.4,
        "track": 0.37,
        "version": "2.0NRT"
      }
    },
    {
      "type": "Feature",
      "geometry": {
        "type": "Point",
        "coordinates": [
          4.90051,
          43.44563
        ]
      },
      "properties": {
        "latitude": 43.44563,
        "longitude": 4.90051,
        "brightness": 308.51,
        "confidence": "nominal",
        "frp": 1.77,
        "acq_date": "2026-04-05",
        "acq_time": "0147",
        "satellite": "NOAA-20/VIIRS",
        "daynight": "N",
        "scan": 0.4,
        "track": 0.37,
        "version": "2.0NRT"
      }
    },
    {
      "type": "Feature",
      "geometry": {
        "type": "Point",
        "coordinates": [
          4.8935,
          43.43987
        ]
      },
      "properties": {
        "latitude": 43.43987,
        "longitude": 4.8935,
        "brightness": 319.16,
        "confidence": "nominal",
        "frp": 1.45,
        "acq_date": "2026-04-05",
        "acq_time": "0147",
        "satellite": "NOAA-20/VIIRS",
        "daynight": "N",
        "scan": 0.4,
        "track": 0.37,
        "version": "2.0NRT"
      }
    },
    {
      "type": "Feature",
      "geometry": {
        "type": "Point",
        "coordinates": [
          4.89241,
          43.43657
        ]
      },
      "properties": {
        "latitude": 43.43657,
        "longitude": 4.89241,
        "brightness": 298.49,
        "confidence": "nominal",
        "frp": 0.89,
        "acq_date": "2026-04-05",
        "acq_time": "0147",
        "satellite": "NOAA-20/VIIRS",
        "daynight": "N",
        "scan": 0.4,
        "track": 0.37,
        "version": "2.0NRT"
      }
    },
    {
      "type": "Feature",
      "geometry": {
        "type": "Point",
        "coordinates": [
          4.89615,
          43.43243
        ]
      },
      "properties": {
        "latitude": 43.43243,
        "longitude": 4.89615,
        "brightness": 307.1,
        "confidence": "nominal",
        "frp": 0.89,
        "acq_date": "2026-04-05",
        "acq_time": "0147",
        "satellite": "NOAA-20/VIIRS",
        "daynight": "N",
        "scan": 0.4,
        "track": 0.37,
        "version": "2.0NRT"
      }
    },
    {
      "type": "Feature",
      "geometry": {
        "type": "Point",
        "coordinates": [
          5.01199,
          43.38055
        ]
      },
      "properties": {
        "latitude": 43.38055,
        "longitude": 5.01199,
        "brightness": 296.79,
        "confidence": "nominal",
        "frp": 0.71,
        "acq_date": "2026-04-05",
        "acq_time": "0147",
        "satellite": "NOAA-20/VIIRS",
        "daynight": "N",
        "scan": 0.4,
        "track": 0.37,
        "version": "2.0NRT"
      }
    },
    {
      "type": "Feature",
      "geometry": {
        "type": "Point",
        "coordinates": [
          1.20195,
          43.94358
        ]
      },
      "properties": {
        "latitude": 43.94358,
        "longitude": 1.20195,
        "brightness": 299.08,
        "confidence": "nominal",
        "frp": 0.5,
        "acq_date": "2026-04-05",
        "acq_time": "0147",
        "satellite": "NOAA-20/VIIRS",
        "daynight": "N",
        "scan": 0.4,
        "track": 0.37,
        "version": "2.0NRT"
      }
    },
    {
      "type": "Feature",
      "geometry": {
        "type": "Point",
        "coordinates": [
          3.02901,
          43.0244
        ]
      },
      "properties": {
        "latitude": 43.0244,
        "longitude": 3.02901,
        "brightness": 296.08,
        "confidence": "nominal",
        "frp": 0.47,
        "acq_date": "2026-04-05",
        "acq_time": "0147",
        "satellite": "NOAA-20/VIIRS",
        "daynight": "N",
        "scan": 0.38,
        "track": 0.36,
        "version": "2.0NRT"
      }
    },
    {
      "type": "Feature",
      "geometry": {
        "type": "Point",
        "coordinates": [
          -4.34757,
          43.19426
        ]
      },
      "properties": {
        "latitude": 43.19426,
        "longitude": -4.34757,
        "brightness": 300.52,
        "confidence": "nominal",
        "frp": 1.33,
        "acq_date": "2026-04-05",
        "acq_time": "0147",
        "satellite": "NOAA-20/VIIRS",
        "daynight": "N",
        "scan": 0.41,
        "track": 0.45,
        "version": "2.0NRT"
      }
    },
    {
      "type": "Feature",
      "geometry": {
        "type": "Point",
        "coordinates": [
          -4.34105,
          43.19365
        ]
      },
      "properties": {
        "latitude": 43.19365,
        "longitude": -4.34105,
        "brightness": 311.45,
        "confidence": "nominal",
        "frp": 1.33,
        "acq_date": "2026-04-05",
        "acq_time": "0147",
        "satellite": "NOAA-20/VIIRS",
        "daynight": "N",
        "scan": 0.41,
        "track": 0.45,
        "version": "2.0NRT"
      }
    },
    {
      "type": "Feature",
      "geometry": {
        "type": "Point",
        "coordinates": [
          7.85555,
          50.94235
        ]
      },
      "properties": {
        "latitude": 50.94235,
        "longitude": 7.85555,
        "brightness": 297.2,
        "confidence": "nominal",
        "frp": 0.58,
        "acq_date": "2026-04-05",
        "acq_time": "0145",
        "satellite": "NOAA-20/VIIRS",
        "daynight": "N",
        "scan": 0.39,
        "track": 0.36,
        "version": "2.0NRT"
      }
    },
    {
      "type": "Feature",
      "geometry": {
        "type": "Point",
        "coordinates": [
          5.79527,
          50.9587
        ]
      },
      "properties": {
        "latitude": 50.9587,
        "longitude": 5.79527,
        "brightness": 304.5,
        "confidence": "nominal",
        "frp": 0.55,
        "acq_date": "2026-04-05",
        "acq_time": "0145",
        "satellite": "NOAA-20/VIIRS",
        "daynight": "N",
        "scan": 0.38,
        "track": 0.36,
        "version": "2.0NRT"
      }
    },
    {
      "type": "Feature",
      "geometry": {
        "type": "Point",
        "coordinates": [
          5.67237,
          50.76471
        ]
      },
      "properties": {
        "latitude": 50.76471,
        "longitude": 5.67237,
        "brightness": 298.56,
        "confidence": "nominal",
        "frp": 0.7,
        "acq_date": "2026-04-05",
        "acq_time": "0145",
        "satellite": "NOAA-20/VIIRS",
        "daynight": "N",
        "scan": 0.38,
        "track": 0.36,
        "version": "2.0NRT"
      }
    },
    {
      "type": "Feature",
      "geometry": {
        "type": "Point",
        "coordinates": [
          3.48911,
          50.33168
        ]
      },
      "properties": {
        "latitude": 50.33168,
        "longitude": 3.48911,
        "brightness": 298.26,
        "confidence": "nominal",
        "frp": 0.6,
        "acq_date": "2026-04-05",
        "acq_time": "0145",
        "satellite": "NOAA-20/VIIRS",
        "daynight": "N",
        "scan": 0.4,
        "track": 0.37,
        "version": "2.0NRT"
      }
    },
    {
      "type": "Feature",
      "geometry": {
        "type": "Point",
        "coordinates": [
          6.74772,
          49.35878
        ]
      },
      "properties": {
        "latitude": 49.35878,
        "longitude": 6.74772,
        "brightness": 323.42,
        "confidence": "nominal",
        "frp": 1.82,
        "acq_date": "2026-04-05",
        "acq_time": "0145",
        "satellite": "NOAA-20/VIIRS",
        "daynight": "N",
        "scan": 0.39,
        "track": 0.36,
        "version": "2.0NRT"
      }
    },
    {
      "type": "Feature",
      "geometry": {
        "type": "Point",
        "coordinates": [
          6.73691,
          49.35072
        ]
      },
      "properties": {
        "latitude": 49.35072,
        "longitude": 6.73691,
        "brightness": 329.24,
        "confidence": "nominal",
        "frp": 1.99,
        "acq_date": "2026-04-05",
        "acq_time": "0145",
        "satellite": "NOAA-20/VIIRS",
        "daynight": "N",
        "scan": 0.39,
        "track": 0.36,
        "version": "2.0NRT"
      }
    },
    {
      "type": "Feature",
      "geometry": {
        "type": "Point",
        "coordinates": [
          6.74739,
          49.34894
        ]
      },
      "properties": {
        "latitude": 49.34894,
        "longitude": 6.74739,
        "brightness": 301.59,
        "confidence": "nominal",
        "frp": 1.06,
        "acq_date": "2026-04-05",
        "acq_time": "0145",
        "satellite": "NOAA-20/VIIRS",
        "daynight": "N",
        "scan": 0.39,
        "track": 0.36,
        "version": "2.0NRT"
      }
    },
    {
      "type": "Feature",
      "geometry": {
        "type": "Point",
        "coordinates": [
          6.73561,
          49.34747
        ]
      },
      "properties": {
        "latitude": 49.34747,
        "longitude": 6.73561,
        "brightness": 300.37,
        "confidence": "nominal",
        "frp": 1.99,
        "acq_date": "2026-04-05",
        "acq_time": "0145",
        "satellite": "NOAA-20/VIIRS",
        "daynight": "N",
        "scan": 0.39,
        "track": 0.36,
        "version": "2.0NRT"
      }
    },
    {
      "type": "Feature",
      "geometry": {
        "type": "Point",
        "coordinates": [
          6.00342,
          49.46629
        ]
      },
      "properties": {
        "latitude": 49.46629,
        "longitude": 6.00342,
        "brightness": 305.26,
        "confidence": "nominal",
        "frp": 0.63,
        "acq_date": "2026-04-05",
        "acq_time": "0145",
        "satellite": "NOAA-20/VIIRS",
        "daynight": "N",
        "scan": 0.39,
        "track": 0.36,
        "version": "2.0NRT"
      }
    },
    {
      "type": "Feature",
      "geometry": {
        "type": "Point",
        "coordinates": [
          9.73761,
          48.36696
        ]
      },
      "properties": {
        "latitude": 48.36696,
        "longitude": 9.73761,
        "brightness": 297.02,
        "confidence": "nominal",
        "frp": 0.35,
        "acq_date": "2026-04-05",
        "acq_time": "0145",
        "satellite": "NOAA-20/VIIRS",
        "daynight": "N",
        "scan": 0.46,
        "track": 0.39,
        "version": "2.0NRT"
      }
    },
    {
      "type": "Feature",
      "geometry": {
        "type": "Point",
        "coordinates": [
          7.82268,
          48.59833
        ]
      },
      "properties": {
        "latitude": 48.59833,
        "longitude": 7.82268,
        "brightness": 322.18,
        "confidence": "nominal",
        "frp": 2.48,
        "acq_date": "2026-04-05",
        "acq_time": "0145",
        "satellite": "NOAA-20/VIIRS",
        "daynight": "N",
        "scan": 0.41,
        "track": 0.37,
        "version": "2.0NRT"
      }
    },
    {
      "type": "Feature",
      "geometry": {
        "type": "Point",
        "coordinates": [
          6.9645,
          48.69222
        ]
      },
      "properties": {
        "latitude": 48.69222,
        "longitude": 6.9645,
        "brightness": 297.53,
        "confidence": "nominal",
        "frp": 0.52,
        "acq_date": "2026-04-05",
        "acq_time": "0145",
        "satellite": "NOAA-20/VIIRS",
        "daynight": "N",
        "scan": 0.4,
        "track": 0.37,
        "version": "2.0NRT"
      }
    },
    {
      "type": "Feature",
      "geometry": {
        "type": "Point",
        "coordinates": [
          6.10984,
          48.61127
        ]
      },
      "properties": {
        "latitude": 48.61127,
        "longitude": 6.10984,
        "brightness": 299.63,
        "confidence": "nominal",
        "frp": 0.48,
        "acq_date": "2026-04-05",
        "acq_time": "0145",
        "satellite": "NOAA-20/VIIRS",
        "daynight": "N",
        "scan": 0.39,
        "track": 0.36,
        "version": "2.0NRT"
      }
    },
    {
      "type": "Feature",
      "geometry": {
        "type": "Point",
        "coordinates": [
          6.11498,
          48.61041
        ]
      },
      "properties": {
        "latitude": 48.61041,
        "longitude": 6.11498,
        "brightness": 299.13,
        "confidence": "nominal",
        "frp": 1.18,
        "acq_date": "2026-04-05",
        "acq_time": "0145",
        "satellite": "NOAA-20/VIIRS",
        "daynight": "N",
        "scan": 0.39,
        "track": 0.36,
        "version": "2.0NRT"
      }
    },
    {
      "type": "Feature",
      "geometry": {
        "type": "Point",
        "coordinates": [
          2.98323,
          48.38811
        ]
      },
      "properties": {
        "latitude": 48.38811,
        "longitude": 2.98323,
        "brightness": 306.18,
        "confidence": "nominal",
        "frp": 0.98,
        "acq_date": "2026-04-05",
        "acq_time": "0145",
        "satellite": "NOAA-20/VIIRS",
        "daynight": "N",
        "scan": 0.4,
        "track": 0.37,
        "version": "2.0NRT"
      }
    },
    {
      "type": "Feature",
      "geometry": {
        "type": "Point",
        "coordinates": [
          7.23599,
          47.62886
        ]
      },
      "properties": {
        "latitude": 47.62886,
        "longitude": 7.23599,
        "brightness": 296.07,
        "confidence": "nominal",
        "frp": 0.68,
        "acq_date": "2026-04-05",
        "acq_time": "0145",
        "satellite": "NOAA-20/VIIRS",
        "daynight": "N",
        "scan": 0.41,
        "track": 0.37,
        "version": "2.0NRT"
      }
    },
    {
      "type": "Feature",
      "geometry": {
        "type": "Point",
        "coordinates": [
          2.71092,
          46.93222
        ]
      },
      "properties": {
        "latitude": 46.93222,
        "longitude": 2.71092,
        "brightness": 304.6,
        "confidence": "nominal",
        "frp": 1.08,
        "acq_date": "2026-04-05",
        "acq_time": "0128",
        "satellite": "Suomi-NPP/VIIRS",
        "daynight": "N",
        "scan": 0.42,
        "track": 0.45,
        "version": "2.0NRT"
      }
    },
    {
      "type": "Feature",
      "geometry": {
        "type": "Point",
        "coordinates": [
          8.63074,
          45.92072
        ]
      },
      "properties": {
        "latitude": 45.92072,
        "longitude": 8.63074,
        "brightness": 327.16,
        "confidence": "nominal",
        "frp": 2.61,
        "acq_date": "2026-04-05",
        "acq_time": "0128",
        "satellite": "Suomi-NPP/VIIRS",
        "daynight": "N",
        "scan": 0.4,
        "track": 0.37,
        "version": "2.0NRT"
      }
    },
    {
      "type": "Feature",
      "geometry": {
        "type": "Point",
        "coordinates": [
          8.62531,
          45.9215
        ]
      },
      "properties": {
        "latitude": 45.9215,
        "longitude": 8.62531,
        "brightness": 305.94,
        "confidence": "nominal",
        "frp": 0.82,
        "acq_date": "2026-04-05",
        "acq_time": "0128",
        "satellite": "Suomi-NPP/VIIRS",
        "daynight": "N",
        "scan": 0.4,
        "track": 0.37,
        "version": "2.0NRT"
      }
    },
    {
      "type": "Feature",
      "geometry": {
        "type": "Point",
        "coordinates": [
          8.6298,
          45.91738
        ]
      },
      "properties": {
        "latitude": 45.91738,
        "longitude": 8.6298,
        "brightness": 336.96,
        "confidence": "nominal",
        "frp": 3.73,
        "acq_date": "2026-04-05",
        "acq_time": "0128",
        "satellite": "Suomi-NPP/VIIRS",
        "daynight": "N",
        "scan": 0.4,
        "track": 0.37,
        "version": "2.0NRT"
      }
    },
    {
      "type": "Feature",
      "geometry": {
        "type": "Point",
        "coordinates": [
          8.62439,
          45.91816
        ]
      },
      "properties": {
        "latitude": 45.91816,
        "longitude": 8.62439,
        "brightness": 314.6,
        "confidence": "nominal",
        "frp": 1.96,
        "acq_date": "2026-04-05",
        "acq_time": "0128",
        "satellite": "Suomi-NPP/VIIRS",
        "daynight": "N",
        "scan": 0.4,
        "track": 0.37,
        "version": "2.0NRT"
      }
    },
    {
      "type": "Feature",
      "geometry": {
        "type": "Point",
        "coordinates": [
          9.46623,
          45.68179
        ]
      },
      "properties": {
        "latitude": 45.68179,
        "longitude": 9.46623,
        "brightness": 301.02,
        "confidence": "nominal",
        "frp": 0.58,
        "acq_date": "2026-04-05",
        "acq_time": "0128",
        "satellite": "Suomi-NPP/VIIRS",
        "daynight": "N",
        "scan": 0.39,
        "track": 0.36,
        "version": "2.0NRT"
      }
    },
    {
      "type": "Feature",
      "geometry": {
        "type": "Point",
        "coordinates": [
          9.94374,
          45.14463
        ]
      },
      "properties": {
        "latitude": 45.14463,
        "longitude": 9.94374,
        "brightness": 330.98,
        "confidence": "nominal",
        "frp": 7.07,
        "acq_date": "2026-04-05",
        "acq_time": "0128",
        "satellite": "Suomi-NPP/VIIRS",
        "daynight": "N",
        "scan": 0.38,
        "track": 0.36,
        "version": "2.0NRT"
      }
    },
    {
      "type": "Feature",
      "geometry": {
        "type": "Point",
        "coordinates": [
          9.93891,
          45.14539
        ]
      },
      "properties": {
        "latitude": 45.14539,
        "longitude": 9.93891,
        "brightness": 305.95,
        "confidence": "nominal",
        "frp": 4.17,
        "acq_date": "2026-04-05",
        "acq_time": "0128",
        "satellite": "Suomi-NPP/VIIRS",
        "daynight": "N",
        "scan": 0.38,
        "track": 0.36,
        "version": "2.0NRT"
      }
    },
    {
      "type": "Feature",
      "geometry": {
        "type": "Point",
        "coordinates": [
          4.76041,
          45.44553
        ]
      },
      "properties": {
        "latitude": 45.44553,
        "longitude": 4.76041,
        "brightness": 296.65,
        "confidence": "nominal",
        "frp": 0.82,
        "acq_date": "2026-04-05",
        "acq_time": "0128",
        "satellite": "Suomi-NPP/VIIRS",
        "daynight": "N",
        "scan": 0.5,
        "track": 0.41,
        "version": "2.0NRT"
      }
    },
    {
      "type": "Feature",
      "geometry": {
        "type": "Point",
        "coordinates": [
          7.37389,
          43.79251
        ]
      },
      "properties": {
        "latitude": 43.79251,
        "longitude": 7.37389,
        "brightness": 306.43,
        "confidence": "nominal",
        "frp": 1.09,
        "acq_date": "2026-04-05",
        "acq_time": "0128",
        "satellite": "Suomi-NPP/VIIRS",
        "daynight": "N",
        "scan": 0.4,
        "track": 0.37,
        "version": "2.0NRT"
      }
    },
    {
      "type": "Feature",
      "geometry": {
        "type": "Point",
        "coordinates": [
          1.19753,
          43.94165
        ]
      },
      "properties": {
        "latitude": 43.94165,
        "longitude": 1.19753,
        "brightness": 303.46,
        "confidence": "nominal",
        "frp": 0.89,
        "acq_date": "2026-04-05",
        "acq_time": "0128",
        "satellite": "Suomi-NPP/VIIRS",
        "daynight": "N",
        "scan": 0.46,
        "track": 0.47,
        "version": "2.0NRT"
      }
    },
    {
      "type": "Feature",
      "geometry": {
        "type": "Point",
        "coordinates": [
          4.89679,
          43.44815
        ]
      },
      "properties": {
        "latitude": 43.44815,
        "longitude": 4.89679,
        "brightness": 328.22,
        "confidence": "nominal",
        "frp": 2.88,
        "acq_date": "2026-04-05",
        "acq_time": "0128",
        "satellite": "Suomi-NPP/VIIRS",
        "daynight": "N",
        "scan": 0.47,
        "track": 0.4,
        "version": "2.0NRT"
      }
    },
    {
      "type": "Feature",
      "geometry": {
        "type": "Point",
        "coordinates": [
          4.89599,
          43.44451
        ]
      },
      "properties": {
        "latitude": 43.44451,
        "longitude": 4.89599,
        "brightness": 306.65,
        "confidence": "nominal",
        "frp": 1.15,
        "acq_date": "2026-04-05",
        "acq_time": "0128",
        "satellite": "Suomi-NPP/VIIRS",
        "daynight": "N",
        "scan": 0.47,
        "track": 0.4,
        "version": "2.0NRT"
      }
    },
    {
      "type": "Feature",
      "geometry": {
        "type": "Point",
        "coordinates": [
          4.90179,
          43.44383
        ]
      },
      "properties": {
        "latitude": 43.44383,
        "longitude": 4.90179,
        "brightness": 298.34,
        "confidence": "nominal",
        "frp": 1.15,
        "acq_date": "2026-04-05",
        "acq_time": "0128",
        "satellite": "Suomi-NPP/VIIRS",
        "daynight": "N",
        "scan": 0.47,
        "track": 0.4,
        "version": "2.0NRT"
      }
    },
    {
      "type": "Feature",
      "geometry": {
        "type": "Point",
        "coordinates": [
          4.88854,
          43.43792
        ]
      },
      "properties": {
        "latitude": 43.43792,
        "longitude": 4.88854,
        "brightness": 304.34,
        "confidence": "nominal",
        "frp": 2.15,
        "acq_date": "2026-04-05",
        "acq_time": "0128",
        "satellite": "Suomi-NPP/VIIRS",
        "daynight": "N",
        "scan": 0.47,
        "track": 0.4,
        "version": "2.0NRT"
      }
    },
    {
      "type": "Feature",
      "geometry": {
        "type": "Point",
        "coordinates": [
          4.89436,
          43.43724
        ]
      },
      "properties": {
        "latitude": 43.43724,
        "longitude": 4.89436,
        "brightness": 304.73,
        "confidence": "nominal",
        "frp": 0.76,
        "acq_date": "2026-04-05",
        "acq_time": "0128",
        "satellite": "Suomi-NPP/VIIRS",
        "daynight": "N",
        "scan": 0.47,
        "track": 0.4,
        "version": "2.0NRT"
      }
    },
    {
      "type": "Feature",
      "geometry": {
        "type": "Point",
        "coordinates": [
          4.89355,
          43.4336
        ]
      },
      "properties": {
        "latitude": 43.4336,
        "longitude": 4.89355,
        "brightness": 302.71,
        "confidence": "nominal",
        "frp": 0.76,
        "acq_date": "2026-04-05",
        "acq_time": "0128",
        "satellite": "Suomi-NPP/VIIRS",
        "daynight": "N",
        "scan": 0.47,
        "track": 0.4,
        "version": "2.0NRT"
      }
    },
    {
      "type": "Feature",
      "geometry": {
        "type": "Point",
        "coordinates": [
          4.89935,
          43.43293
        ]
      },
      "properties": {
        "latitude": 43.43293,
        "longitude": 4.89935,
        "brightness": 297.49,
        "confidence": "nominal",
        "frp": 0.76,
        "acq_date": "2026-04-05",
        "acq_time": "0128",
        "satellite": "Suomi-NPP/VIIRS",
        "daynight": "N",
        "scan": 0.47,
        "track": 0.4,
        "version": "2.0NRT"
      }
    },
    {
      "type": "Feature",
      "geometry": {
        "type": "Point",
        "coordinates": [
          5.01129,
          43.3794
        ]
      },
      "properties": {
        "latitude": 43.3794,
        "longitude": 5.01129,
        "brightness": 297.77,
        "confidence": "nominal",
        "frp": 1.24,
        "acq_date": "2026-04-05",
        "acq_time": "0128",
        "satellite": "Suomi-NPP/VIIRS",
        "daynight": "N",
        "scan": 0.46,
        "track": 0.39,
        "version": "2.0NRT"
      }
    },
    {
      "type": "Feature",
      "geometry": {
        "type": "Point",
        "coordinates": [
          1.66434,
          41.31374
        ]
      },
      "properties": {
        "latitude": 41.31374,
        "longitude": 1.66434,
        "brightness": 296.64,
        "confidence": "nominal",
        "frp": 0.25,
        "acq_date": "2026-04-05",
        "acq_time": "0128",
        "satellite": "Suomi-NPP/VIIRS",
        "daynight": "N",
        "scan": 0.41,
        "track": 0.45,
        "version": "2.0NRT"
      }
    },
    {
      "type": "Feature",
      "geometry": {
        "type": "Point",
        "coordinates": [
          7.85396,
          50.94234
        ]
      },
      "properties": {
        "latitude": 50.94234,
        "longitude": 7.85396,
        "brightness": 299.77,
        "confidence": "nominal",
        "frp": 0.8,
        "acq_date": "2026-04-05",
        "acq_time": "0126",
        "satellite": "Suomi-NPP/VIIRS",
        "daynight": "N",
        "scan": 0.45,
        "track": 0.39,
        "version": "2.0NRT"
      }
    },
    {
      "type": "Feature",
      "geometry": {
        "type": "Point",
        "coordinates": [
          8.1223,
          50.65961
        ]
      },
      "properties": {
        "latitude": 50.65961,
        "longitude": 8.1223,
        "brightness": 299.5,
        "confidence": "nominal",
        "frp": 0.83,
        "acq_date": "2026-04-05",
        "acq_time": "0126",
        "satellite": "Suomi-NPP/VIIRS",
        "daynight": "N",
        "scan": 0.44,
        "track": 0.38,
        "version": "2.0NRT"
      }
    },
    {
      "type": "Feature",
      "geometry": {
        "type": "Point",
        "coordinates": [
          5.67277,
          50.76291
        ]
      },
      "properties": {
        "latitude": 50.76291,
        "longitude": 5.67277,
        "brightness": 297.81,
        "confidence": "nominal",
        "frp": 1.15,
        "acq_date": "2026-04-05",
        "acq_time": "0126",
        "satellite": "Suomi-NPP/VIIRS",
        "daynight": "N",
        "scan": 0.53,
        "track": 0.42,
        "version": "2.0NRT"
      }
    },
    {
      "type": "Feature",
      "geometry": {
        "type": "Point",
        "coordinates": [
          9.76816,
          49.95492
        ]
      },
      "properties": {
        "latitude": 49.95492,
        "longitude": 9.76816,
        "brightness": 296.56,
        "confidence": "nominal",
        "frp": 0.59,
        "acq_date": "2026-04-05",
        "acq_time": "0126",
        "satellite": "Suomi-NPP/VIIRS",
        "daynight": "N",
        "scan": 0.4,
        "track": 0.37,
        "version": "2.0NRT"
      }
    },
    {
      "type": "Feature",
      "geometry": {
        "type": "Point",
        "coordinates": [
          6.00789,
          49.46616
        ]
      },
      "properties": {
        "latitude": 49.46616,
        "longitude": 6.00789,
        "brightness": 302.84,
        "confidence": "nominal",
        "frp": 1.15,
        "acq_date": "2026-04-05",
        "acq_time": "0126",
        "satellite": "Suomi-NPP/VIIRS",
        "daynight": "N",
        "scan": 0.5,
        "track": 0.41,
        "version": "2.0NRT"
      }
    },
    {
      "type": "Feature",
      "geometry": {
        "type": "Point",
        "coordinates": [
          6.74635,
          49.35836
        ]
      },
      "properties": {
        "latitude": 49.35836,
        "longitude": 6.74635,
        "brightness": 301.48,
        "confidence": "nominal",
        "frp": 1.48,
        "acq_date": "2026-04-05",
        "acq_time": "0126",
        "satellite": "Suomi-NPP/VIIRS",
        "daynight": "N",
        "scan": 0.47,
        "track": 0.4,
        "version": "2.0NRT"
      }
    },
    {
      "type": "Feature",
      "geometry": {
        "type": "Point",
        "coordinates": [
          6.74439,
          49.35111
        ]
      },
      "properties": {
        "latitude": 49.35111,
        "longitude": 6.74439,
        "brightness": 296.43,
        "confidence": "nominal",
        "frp": 2.33,
        "acq_date": "2026-04-05",
        "acq_time": "0126",
        "satellite": "Suomi-NPP/VIIRS",
        "daynight": "N",
        "scan": 0.47,
        "track": 0.4,
        "version": "2.0NRT"
      }
    },
    {
      "type": "Feature",
      "geometry": {
        "type": "Point",
        "coordinates": [
          6.73693,
          49.34821
        ]
      },
      "properties": {
        "latitude": 49.34821,
        "longitude": 6.73693,
        "brightness": 327.84,
        "confidence": "nominal",
        "frp": 2.33,
        "acq_date": "2026-04-05",
        "acq_time": "0126",
        "satellite": "Suomi-NPP/VIIRS",
        "daynight": "N",
        "scan": 0.47,
        "track": 0.4,
        "version": "2.0NRT"
      }
    },
    {
      "type": "Feature",
      "geometry": {
        "type": "Point",
        "coordinates": [
          6.74343,
          49.34748
        ]
      },
      "properties": {
        "latitude": 49.34748,
        "longitude": 6.74343,
        "brightness": 329.76,
        "confidence": "nominal",
        "frp": 2.33,
        "acq_date": "2026-04-05",
        "acq_time": "0126",
        "satellite": "Suomi-NPP/VIIRS",
        "daynight": "N",
        "scan": 0.47,
        "track": 0.4,
        "version": "2.0NRT"
      }
    },
    {
      "type": "Feature",
      "geometry": {
        "type": "Point",
        "coordinates": [
          9.46669,
          48.87543
        ]
      },
      "properties": {
        "latitude": 48.87543,
        "longitude": 9.46669,
        "brightness": 299.67,
        "confidence": "nominal",
        "frp": 0.47,
        "acq_date": "2026-04-05",
        "acq_time": "0126",
        "satellite": "Suomi-NPP/VIIRS",
        "daynight": "N",
        "scan": 0.4,
        "track": 0.37,
        "version": "2.0NRT"
      }
    },
    {
      "type": "Feature",
      "geometry": {
        "type": "Point",
        "coordinates": [
          7.82013,
          48.59797
        ]
      },
      "properties": {
        "latitude": 48.59797,
        "longitude": 7.82013,
        "brightness": 307.91,
        "confidence": "nominal",
        "frp": 1.39,
        "acq_date": "2026-04-05",
        "acq_time": "0126",
        "satellite": "Suomi-NPP/VIIRS",
        "daynight": "N",
        "scan": 0.43,
        "track": 0.38,
        "version": "2.0NRT"
      }
    },
    {
      "type": "Feature",
      "geometry": {
        "type": "Point",
        "coordinates": [
          9.73067,
          48.33308
        ]
      },
      "properties": {
        "latitude": 48.33308,
        "longitude": 9.73067,
        "brightness": 295.37,
        "confidence": "nominal",
        "frp": 0.62,
        "acq_date": "2026-04-05",
        "acq_time": "0126",
        "satellite": "Suomi-NPP/VIIRS",
        "daynight": "N",
        "scan": 0.39,
        "track": 0.36,
        "version": "2.0NRT"
      }
    },
    {
      "type": "Feature",
      "geometry": {
        "type": "Point",
        "coordinates": [
          6.96914,
          48.69071
        ]
      },
      "properties": {
        "latitude": 48.69071,
        "longitude": 6.96914,
        "brightness": 296.39,
        "confidence": "nominal",
        "frp": 0.87,
        "acq_date": "2026-04-05",
        "acq_time": "0126",
        "satellite": "Suomi-NPP/VIIRS",
        "daynight": "N",
        "scan": 0.45,
        "track": 0.39,
        "version": "2.0NRT"
      }
    },
    {
      "type": "Feature",
      "geometry": {
        "type": "Point",
        "coordinates": [
          6.10871,
          48.61161
        ]
      },
      "properties": {
        "latitude": 48.61161,
        "longitude": 6.10871,
        "brightness": 321.46,
        "confidence": "nominal",
        "frp": 1.88,
        "acq_date": "2026-04-05",
        "acq_time": "0126",
        "satellite": "Suomi-NPP/VIIRS",
        "daynight": "N",
        "scan": 0.48,
        "track": 0.4,
        "version": "2.0NRT"
      }
    },
    {
      "type": "Feature",
      "geometry": {
        "type": "Point",
        "coordinates": [
          6.11528,
          48.61087
        ]
      },
      "properties": {
        "latitude": 48.61087,
        "longitude": 6.11528,
        "brightness": 303.34,
        "confidence": "nominal",
        "frp": 1.48,
        "acq_date": "2026-04-05",
        "acq_time": "0126",
        "satellite": "Suomi-NPP/VIIRS",
        "daynight": "N",
        "scan": 0.48,
        "track": 0.4,
        "version": "2.0NRT"
      }
    },
    {
      "type": "Feature",
      "geometry": {
        "type": "Point",
        "coordinates": [
          2.97891,
          48.38494
        ]
      },
      "properties": {
        "latitude": 48.38494,
        "longitude": 2.97891,
        "brightness": 300.95,
        "confidence": "nominal",
        "frp": 1.21,
        "acq_date": "2026-04-05",
        "acq_time": "0126",
        "satellite": "Suomi-NPP/VIIRS",
        "daynight": "N",
        "scan": 0.42,
        "track": 0.45,
        "version": "2.0NRT"
      }
    },
    {
      "type": "Feature",
      "geometry": {
        "type": "Point",
        "coordinates": [
          -4.35155,
          43.19595
        ]
      },
      "properties": {
        "latitude": 43.19595,
        "longitude": -4.35155,
        "brightness": 300.02,
        "confidence": "10",
        "frp": 9.14,
        "acq_date": "2026-04-04",
        "acq_time": "2057",
        "satellite": "MODIS/T",
        "daynight": "N",
        "scan": 1.19,
        "track": 1.08,
        "version": "6.1NRT"
      }
    },
    {
      "type": "Feature",
      "geometry": {
        "type": "Point",
        "coordinates": [
          -4.09341,
          43.25422
        ]
      },
      "properties": {
        "latitude": 43.25422,
        "longitude": -4.09341,
        "brightness": 314.71,
        "confidence": "75",
        "frp": 12.92,
        "acq_date": "2026-04-04",
        "acq_time": "1452",
        "satellite": "MODIS/A",
        "daynight": "D",
        "scan": 1.1,
        "track": 1.04,
        "version": "6.1NRT"
      }
    },
    {
      "type": "Feature",
      "geometry": {
        "type": "Point",
        "coordinates": [
          -4.10623,
          43.25204
        ]
      },
      "properties": {
        "latitude": 43.25204,
        "longitude": -4.10623,
        "brightness": 309.73,
        "confidence": "69",
        "frp": 9.0,
        "acq_date": "2026-04-04",
        "acq_time": "1452",
        "satellite": "MODIS/A",
        "daynight": "D",
        "scan": 1.1,
        "track": 1.04,
        "version": "6.1NRT"
      }
    },
    {
      "type": "Feature",
      "geometry": {
        "type": "Point",
        "coordinates": [
          3.95831,
          44.56302
        ]
      },
      "properties": {
        "latitude": 44.56302,
        "longitude": 3.95831,
        "brightness": 309.86,
        "confidence": "67",
        "frp": 13.71,
        "acq_date": "2026-04-04",
        "acq_time": "1452",
        "satellite": "MODIS/A",
        "daynight": "D",
        "scan": 1.55,
        "track": 1.23,
        "version": "6.1NRT"
      }
    },
    {
      "type": "Feature",
      "geometry": {
        "type": "Point",
        "coordinates": [
          8.62873,
          45.91523
        ]
      },
      "properties": {
        "latitude": 45.91523,
        "longitude": 8.62873,
        "brightness": 305.04,
        "confidence": "0",
        "frp": 15.41,
        "acq_date": "2026-04-04",
        "acq_time": "1452",
        "satellite": "MODIS/A",
        "daynight": "D",
        "scan": 2.96,
        "track": 1.64,
        "version": "6.1NRT"
      }
    },
    {
      "type": "Feature",
      "geometry": {
        "type": "Point",
        "coordinates": [
          0.18307,
          41.92264
        ]
      },
      "properties": {
        "latitude": 41.92264,
        "longitude": 0.18307,
        "brightness": 338.14,
        "confidence": "nominal",
        "frp": 6.45,
        "acq_date": "2026-04-04",
        "acq_time": "1331",
        "satellite": "NOAA-20/VIIRS",
        "daynight": "D",
        "scan": 0.52,
        "track": 0.5,
        "version": "2.0NRT"
      }
    },
    {
      "type": "Feature",
      "geometry": {
        "type": "Point",
        "coordinates": [
          2.9811,
          43.6853
        ]
      },
      "properties": {
        "latitude": 43.6853,
        "longitude": 2.9811,
        "brightness": 333.78,
        "confidence": "nominal",
        "frp": 2.38,
        "acq_date": "2026-04-04",
        "acq_time": "1331",
        "satellite": "NOAA-20/VIIRS",
        "daynight": "D",
        "scan": 0.38,
        "track": 0.58,
        "version": "2.0NRT"
      }
    },
    {
      "type": "Feature",
      "geometry": {
        "type": "Point",
        "coordinates": [
          -3.58534,
          43.22674
        ]
      },
      "properties": {
        "latitude": 43.22674,
        "longitude": -3.58534,
        "brightness": 338.35,
        "confidence": "nominal",
        "frp": 10.02,
        "acq_date": "2026-04-04",
        "acq_time": "1331",
        "satellite": "NOAA-20/VIIRS",
        "daynight": "D",
        "scan": 0.53,
        "track": 0.42,
        "version": "2.0NRT"
      }
    },
    {
      "type": "Feature",
      "geometry": {
        "type": "Point",
        "coordinates": [
          -4.09834,
          43.25721
        ]
      },
      "properties": {
        "latitude": 43.25721,
        "longitude": -4.09834,
        "brightness": 335.18,
        "confidence": "nominal",
        "frp": 4.41,
        "acq_date": "2026-04-04",
        "acq_time": "1331",
        "satellite": "NOAA-20/VIIRS",
        "daynight": "D",
        "scan": 0.51,
        "track": 0.41,
        "version": "2.0NRT"
      }
    },
    {
      "type": "Feature",
      "geometry": {
        "type": "Point",
        "coordinates": [
          -0.9186,
          43.97893
        ]
      },
      "properties": {
        "latitude": 43.97893,
        "longitude": -0.9186,
        "brightness": 332.11,
        "confidence": "nominal",
        "frp": 4.49,
        "acq_date": "2026-04-04",
        "acq_time": "1331",
        "satellite": "NOAA-20/VIIRS",
        "daynight": "D",
        "scan": 0.48,
        "track": 0.48,
        "version": "2.0NRT"
      }
    },
    {
      "type": "Feature",
      "geometry": {
        "type": "Point",
        "coordinates": [
          3.74861,
          44.37876
        ]
      },
      "properties": {
        "latitude": 44.37876,
        "longitude": 3.74861,
        "brightness": 335.95,
        "confidence": "nominal",
        "frp": 2.44,
        "acq_date": "2026-04-04",
        "acq_time": "1331",
        "satellite": "NOAA-20/VIIRS",
        "daynight": "D",
        "scan": 0.42,
        "track": 0.61,
        "version": "2.0NRT"
      }
    },
    {
      "type": "Feature",
      "geometry": {
        "type": "Point",
        "coordinates": [
          0.38138,
          44.33545
        ]
      },
      "properties": {
        "latitude": 44.33545,
        "longitude": 0.38138,
        "brightness": 329.36,
        "confidence": "nominal",
        "frp": 2.78,
        "acq_date": "2026-04-04",
        "acq_time": "1331",
        "satellite": "NOAA-20/VIIRS",
        "daynight": "D",
        "scan": 0.56,
        "track": 0.52,
        "version": "2.0NRT"
      }
    },
    {
      "type": "Feature",
      "geometry": {
        "type": "Point",
        "coordinates": [
          0.38149,
          44.33572
        ]
      },
      "properties": {
        "latitude": 44.33572,
        "longitude": 0.38149,
        "brightness": 329.03,
        "confidence": "nominal",
        "frp": 3.98,
        "acq_date": "2026-04-04",
        "acq_time": "1331",
        "satellite": "NOAA-20/VIIRS",
        "daynight": "D",
        "scan": 0.56,
        "track": 0.52,
        "version": "2.0NRT"
      }
    },
    {
      "type": "Feature",
      "geometry": {
        "type": "Point",
        "coordinates": [
          3.02825,
          44.55993
        ]
      },
      "properties": {
        "latitude": 44.55993,
        "longitude": 3.02825,
        "brightness": 332.96,
        "confidence": "nominal",
        "frp": 2.72,
        "acq_date": "2026-04-04",
        "acq_time": "1331",
        "satellite": "NOAA-20/VIIRS",
        "daynight": "D",
        "scan": 0.38,
        "track": 0.59,
        "version": "2.0NRT"
      }
    },
    {
      "type": "Feature",
      "geometry": {
        "type": "Point",
        "coordinates": [
          7.43334,
          44.89848
        ]
      },
      "properties": {
        "latitude": 44.89848,
        "longitude": 7.43334,
        "brightness": 325.49,
        "confidence": "nominal",
        "frp": 1.0,
        "acq_date": "2026-04-04",
        "acq_time": "1331",
        "satellite": "NOAA-20/VIIRS",
        "daynight": "D",
        "scan": 0.64,
        "track": 0.72,
        "version": "2.0NRT"
      }
    },
    {
      "type": "Feature",
      "geometry": {
        "type": "Point",
        "coordinates": [
          3.04698,
          44.89188
        ]
      },
      "properties": {
        "latitude": 44.89188,
        "longitude": 3.04698,
        "brightness": 334.03,
        "confidence": "nominal",
        "frp": 3.46,
        "acq_date": "2026-04-04",
        "acq_time": "1331",
        "satellite": "NOAA-20/VIIRS",
        "daynight": "D",
        "scan": 0.39,
        "track": 0.59,
        "version": "2.0NRT"
      }
    },
    {
      "type": "Feature",
      "geometry": {
        "type": "Point",
        "coordinates": [
          3.04207,
          44.89167
        ]
      },
      "properties": {
        "latitude": 44.89167,
        "longitude": 3.04207,
        "brightness": 327.94,
        "confidence": "nominal",
        "frp": 3.46,
        "acq_date": "2026-04-04",
        "acq_time": "1331",
        "satellite": "NOAA-20/VIIRS",
        "daynight": "D",
        "scan": 0.39,
        "track": 0.59,
        "version": "2.0NRT"
      }
    },
    {
      "type": "Feature",
      "geometry": {
        "type": "Point",
        "coordinates": [
          3.0427,
          44.89231
        ]
      },
      "properties": {
        "latitude": 44.89231,
        "longitude": 3.0427,
        "brightness": 342.11,
        "confidence": "nominal",
        "frp": 6.49,
        "acq_date": "2026-04-04",
        "acq_time": "1331",
        "satellite": "NOAA-20/VIIRS",
        "daynight": "D",
        "scan": 0.39,
        "track": 0.59,
        "version": "2.0NRT"
      }
    },
    {
      "type": "Feature",
      "geometry": {
        "type": "Point",
        "coordinates": [
          8.40941,
          45.21033
        ]
      },
      "properties": {
        "latitude": 45.21033,
        "longitude": 8.40941,
        "brightness": 327.24,
        "confidence": "nominal",
        "frp": 1.22,
        "acq_date": "2026-04-04",
        "acq_time": "1331",
        "satellite": "NOAA-20/VIIRS",
        "daynight": "D",
        "scan": 0.71,
        "track": 0.75,
        "version": "2.0NRT"
      }
    },
    {
      "type": "Feature",
      "geometry": {
        "type": "Point",
        "coordinates": [
          4.89327,
          43.43871
        ]
      },
      "properties": {
        "latitude": 43.43871,
        "longitude": 4.89327,
        "brightness": 336.73,
        "confidence": "low",
        "frp": 5.43,
        "acq_date": "2026-04-04",
        "acq_time": "1312",
        "satellite": "Suomi-NPP/VIIRS",
        "daynight": "D",
        "scan": 0.44,
        "track": 0.46,
        "version": "2.0NRT"
      }
    },
    {
      "type": "Feature",
      "geometry": {
        "type": "Point",
        "coordinates": [
          4.89753,
          43.44781
        ]
      },
      "properties": {
        "latitude": 43.44781,
        "longitude": 4.89753,
        "brightness": 341.48,
        "confidence": "nominal",
        "frp": 6.55,
        "acq_date": "2026-04-04",
        "acq_time": "1312",
        "satellite": "Suomi-NPP/VIIRS",
        "daynight": "D",
        "scan": 0.44,
        "track": 0.46,
        "version": "2.0NRT"
      }
    },
    {
      "type": "Feature",
      "geometry": {
        "type": "Point",
        "coordinates": [
          4.90021,
          43.44912
        ]
      },
      "properties": {
        "latitude": 43.44912,
        "longitude": 4.90021,
        "brightness": 344.89,
        "confidence": "nominal",
        "frp": 4.73,
        "acq_date": "2026-04-04",
        "acq_time": "1312",
        "satellite": "Suomi-NPP/VIIRS",
        "daynight": "D",
        "scan": 0.44,
        "track": 0.46,
        "version": "2.0NRT"
      }
    },
    {
      "type": "Feature",
      "geometry": {
        "type": "Point",
        "coordinates": [
          4.75932,
          43.67573
        ]
      },
      "properties": {
        "latitude": 43.67573,
        "longitude": 4.75932,
        "brightness": 335.43,
        "confidence": "nominal",
        "frp": 2.54,
        "acq_date": "2026-04-04",
        "acq_time": "1312",
        "satellite": "Suomi-NPP/VIIRS",
        "daynight": "D",
        "scan": 0.44,
        "track": 0.46,
        "version": "2.0NRT"
      }
    },
    {
      "type": "Feature",
      "geometry": {
        "type": "Point",
        "coordinates": [
          -1.49857,
          43.12507
        ]
      },
      "properties": {
        "latitude": 43.12507,
        "longitude": -1.49857,
        "brightness": 334.18,
        "confidence": "nominal",
        "frp": 4.56,
        "acq_date": "2026-04-04",
        "acq_time": "1312",
        "satellite": "Suomi-NPP/VIIRS",
        "daynight": "D",
        "scan": 0.39,
        "track": 0.37,
        "version": "2.0NRT"
      }
    },
    {
      "type": "Feature",
      "geometry": {
        "type": "Point",
        "coordinates": [
          -4.09816,
          43.2584
        ]
      },
      "properties": {
        "latitude": 43.2584,
        "longitude": -4.09816,
        "brightness": 337.67,
        "confidence": "nominal",
        "frp": 2.69,
        "acq_date": "2026-04-04",
        "acq_time": "1312",
        "satellite": "Suomi-NPP/VIIRS",
        "daynight": "D",
        "scan": 0.39,
        "track": 0.36,
        "version": "2.0NRT"
      }
    },
    {
      "type": "Feature",
      "geometry": {
        "type": "Point",
        "coordinates": [
          3.7502,
          44.37854
        ]
      },
      "properties": {
        "latitude": 44.37854,
        "longitude": 3.7502,
        "brightness": 341.83,
        "confidence": "nominal",
        "frp": 6.34,
        "acq_date": "2026-04-04",
        "acq_time": "1312",
        "satellite": "Suomi-NPP/VIIRS",
        "daynight": "D",
        "scan": 0.4,
        "track": 0.44,
        "version": "2.0NRT"
      }
    },
    {
      "type": "Feature",
      "geometry": {
        "type": "Point",
        "coordinates": [
          3.90064,
          44.50702
        ]
      },
      "properties": {
        "latitude": 44.50702,
        "longitude": 3.90064,
        "brightness": 345.7,
        "confidence": "nominal",
        "frp": 5.9,
        "acq_date": "2026-04-04",
        "acq_time": "1312",
        "satellite": "Suomi-NPP/VIIRS",
        "daynight": "D",
        "scan": 0.41,
        "track": 0.45,
        "version": "2.0NRT"
      }
    },
    {
      "type": "Feature",
      "geometry": {
        "type": "Point",
        "coordinates": [
          -0.92063,
          43.97879
        ]
      },
      "properties": {
        "latitude": 43.97879,
        "longitude": -0.92063,
        "brightness": 342.97,
        "confidence": "nominal",
        "frp": 4.66,
        "acq_date": "2026-04-04",
        "acq_time": "1312",
        "satellite": "Suomi-NPP/VIIRS",
        "daynight": "D",
        "scan": 0.41,
        "track": 0.37,
        "version": "2.0NRT"
      }
    },
    {
      "type": "Feature",
      "geometry": {
        "type": "Point",
        "coordinates": [
          9.94427,
          45.14426
        ]
      },
      "properties": {
        "latitude": 45.14426,
        "longitude": 9.94427,
        "brightness": 367.0,
        "confidence": "high",
        "frp": 4.15,
        "acq_date": "2026-04-04",
        "acq_time": "1312",
        "satellite": "Suomi-NPP/VIIRS",
        "daynight": "D",
        "scan": 0.41,
        "track": 0.6,
        "version": "2.0NRT"
      }
    },
    {
      "type": "Feature",
      "geometry": {
        "type": "Point",
        "coordinates": [
          3.04277,
          44.89396
        ]
      },
      "properties": {
        "latitude": 44.89396,
        "longitude": 3.04277,
        "brightness": 345.96,
        "confidence": "nominal",
        "frp": 7.58,
        "acq_date": "2026-04-04",
        "acq_time": "1312",
        "satellite": "Suomi-NPP/VIIRS",
        "daynight": "D",
        "scan": 0.57,
        "track": 0.43,
        "version": "2.0NRT"
      }
    },
    {
      "type": "Feature",
      "geometry": {
        "type": "Point",
        "coordinates": [
          3.04182,
          44.89443
        ]
      },
      "properties": {
        "latitude": 44.89443,
        "longitude": 3.04182,
        "brightness": 338.3,
        "confidence": "nominal",
        "frp": 11.37,
        "acq_date": "2026-04-04",
        "acq_time": "1312",
        "satellite": "Suomi-NPP/VIIRS",
        "daynight": "D",
        "scan": 0.57,
        "track": 0.43,
        "version": "2.0NRT"
      }
    },
    {
      "type": "Feature",
      "geometry": {
        "type": "Point",
        "coordinates": [
          3.1353,
          44.91531
        ]
      },
      "properties": {
        "latitude": 44.91531,
        "longitude": 3.1353,
        "brightness": 350.01,
        "confidence": "nominal",
        "frp": 8.65,
        "acq_date": "2026-04-04",
        "acq_time": "1312",
        "satellite": "Suomi-NPP/VIIRS",
        "daynight": "D",
        "scan": 0.38,
        "track": 0.43,
        "version": "2.0NRT"
      }
    },
    {
      "type": "Feature",
      "geometry": {
        "type": "Point",
        "coordinates": [
          9.07445,
          45.57951
        ]
      },
      "properties": {
        "latitude": 45.57951,
        "longitude": 9.07445,
        "brightness": 337.24,
        "confidence": "nominal",
        "frp": 2.49,
        "acq_date": "2026-04-04",
        "acq_time": "1312",
        "satellite": "Suomi-NPP/VIIRS",
        "daynight": "D",
        "scan": 0.37,
        "track": 0.58,
        "version": "2.0NRT"
      }
    },
    {
      "type": "Feature",
      "geometry": {
        "type": "Point",
        "coordinates": [
          4.99798,
          43.37804
        ]
      },
      "properties": {
        "latitude": 43.37804,
        "longitude": 4.99798,
        "brightness": 325.04,
        "confidence": "nominal",
        "frp": 4.15,
        "acq_date": "2026-04-04",
        "acq_time": "1151",
        "satellite": "NOAA-20/VIIRS",
        "daynight": "D",
        "scan": 0.59,
        "track": 0.53,
        "version": "2.0NRT"
      }
    },
    {
      "type": "Feature",
      "geometry": {
        "type": "Point",
        "coordinates": [
          4.90086,
          43.44532
        ]
      },
      "properties": {
        "latitude": 43.44532,
        "longitude": 4.90086,
        "brightness": 331.08,
        "confidence": "nominal",
        "frp": 4.46,
        "acq_date": "2026-04-04",
        "acq_time": "1151",
        "satellite": "NOAA-20/VIIRS",
        "daynight": "D",
        "scan": 0.59,
        "track": 0.53,
        "version": "2.0NRT"
      }
    },
    {
      "type": "Feature",
      "geometry": {
        "type": "Point",
        "coordinates": [
          3.52961,
          43.43049
        ]
      },
      "properties": {
        "latitude": 43.43049,
        "longitude": 3.52961,
        "brightness": 325.79,
        "confidence": "nominal",
        "frp": 0.81,
        "acq_date": "2026-04-04",
        "acq_time": "1151",
        "satellite": "NOAA-20/VIIRS",
        "daynight": "D",
        "scan": 0.34,
        "track": 0.56,
        "version": "2.0NRT"
      }
    },
    {
      "type": "Feature",
      "geometry": {
        "type": "Point",
        "coordinates": [
          9.94452,
          45.14328
        ]
      },
      "properties": {
        "latitude": 45.14328,
        "longitude": 9.94452,
        "brightness": 334.35,
        "confidence": "nominal",
        "frp": 15.01,
        "acq_date": "2026-04-04",
        "acq_time": "1151",
        "satellite": "NOAA-20/VIIRS",
        "daynight": "D",
        "scan": 0.49,
        "track": 0.4,
        "version": "2.0NRT"
      }
    },
    {
      "type": "Feature",
      "geometry": {
        "type": "Point",
        "coordinates": [
          9.9416,
          45.14543
        ]
      },
      "properties": {
        "latitude": 45.14543,
        "longitude": 9.9416,
        "brightness": 339.81,
        "confidence": "nominal",
        "frp": 9.63,
        "acq_date": "2026-04-04",
        "acq_time": "1151",
        "satellite": "NOAA-20/VIIRS",
        "daynight": "D",
        "scan": 0.49,
        "track": 0.4,
        "version": "2.0NRT"
      }
    },
    {
      "type": "Feature",
      "geometry": {
        "type": "Point",
        "coordinates": [
          2.98033,
          43.68286
        ]
      },
      "properties": {
        "latitude": 43.68286,
        "longitude": 2.98033,
        "brightness": 337.11,
        "confidence": "nominal",
        "frp": 2.65,
        "acq_date": "2026-04-04",
        "acq_time": "1151",
        "satellite": "NOAA-20/VIIRS",
        "daynight": "D",
        "scan": 0.36,
        "track": 0.57,
        "version": "2.0NRT"
      }
    },
    {
      "type": "Feature",
      "geometry": {
        "type": "Point",
        "coordinates": [
          9.3705,
          45.24936
        ]
      },
      "properties": {
        "latitude": 45.24936,
        "longitude": 9.3705,
        "brightness": 332.75,
        "confidence": "nominal",
        "frp": 2.42,
        "acq_date": "2026-04-04",
        "acq_time": "1151",
        "satellite": "NOAA-20/VIIRS",
        "daynight": "D",
        "scan": 0.51,
        "track": 0.41,
        "version": "2.0NRT"
      }
    },
    {
      "type": "Feature",
      "geometry": {
        "type": "Point",
        "coordinates": [
          7.72075,
          45.10753
        ]
      },
      "properties": {
        "latitude": 45.10753,
        "longitude": 7.72075,
        "brightness": 335.91,
        "confidence": "nominal",
        "frp": 2.16,
        "acq_date": "2026-04-04",
        "acq_time": "1151",
        "satellite": "NOAA-20/VIIRS",
        "daynight": "D",
        "scan": 0.4,
        "track": 0.44,
        "version": "2.0NRT"
      }
    },
    {
      "type": "Feature",
      "geometry": {
        "type": "Point",
        "coordinates": [
          7.74648,
          45.12183
        ]
      },
      "properties": {
        "latitude": 45.12183,
        "longitude": 7.74648,
        "brightness": 341.14,
        "confidence": "nominal",
        "frp": 4.13,
        "acq_date": "2026-04-04",
        "acq_time": "1151",
        "satellite": "NOAA-20/VIIRS",
        "daynight": "D",
        "scan": 0.4,
        "track": 0.44,
        "version": "2.0NRT"
      }
    },
    {
      "type": "Feature",
      "geometry": {
        "type": "Point",
        "coordinates": [
          4.40898,
          44.71526
        ]
      },
      "properties": {
        "latitude": 44.71526,
        "longitude": 4.40898,
        "brightness": 328.69,
        "confidence": "nominal",
        "frp": 5.7,
        "acq_date": "2026-04-04",
        "acq_time": "1151",
        "satellite": "NOAA-20/VIIRS",
        "daynight": "D",
        "scan": 0.58,
        "track": 0.52,
        "version": "2.0NRT"
      }
    },
    {
      "type": "Feature",
      "geometry": {
        "type": "Point",
        "coordinates": [
          3.51837,
          44.63168
        ]
      },
      "properties": {
        "latitude": 44.63168,
        "longitude": 3.51837,
        "brightness": 333.59,
        "confidence": "nominal",
        "frp": 3.35,
        "acq_date": "2026-04-04",
        "acq_time": "1151",
        "satellite": "NOAA-20/VIIRS",
        "daynight": "D",
        "scan": 0.32,
        "track": 0.55,
        "version": "2.0NRT"
      }
    },
    {
      "type": "Feature",
      "geometry": {
        "type": "Point",
        "coordinates": [
          2.99198,
          42.5591
        ]
      },
      "properties": {
        "latitude": 42.5591,
        "longitude": 2.99198,
        "brightness": 340.54,
        "confidence": "nominal",
        "frp": 3.89,
        "acq_date": "2026-04-04",
        "acq_time": "1149",
        "satellite": "NOAA-20/VIIRS",
        "daynight": "D",
        "scan": 0.39,
        "track": 0.59,
        "version": "2.0NRT"
      }
    },
    {
      "type": "Feature",
      "geometry": {
        "type": "Point",
        "coordinates": [
          2.98929,
          42.5642
        ]
      },
      "properties": {
        "latitude": 42.5642,
        "longitude": 2.98929,
        "brightness": 329.22,
        "confidence": "nominal",
        "frp": 1.42,
        "acq_date": "2026-04-04",
        "acq_time": "1149",
        "satellite": "NOAA-20/VIIRS",
        "daynight": "D",
        "scan": 0.39,
        "track": 0.59,
        "version": "2.0NRT"
      }
    },
    {
      "type": "Feature",
      "geometry": {
        "type": "Point",
        "coordinates": [
          2.98892,
          42.56115
        ]
      },
      "properties": {
        "latitude": 42.56115,
        "longitude": 2.98892,
        "brightness": 340.73,
        "confidence": "nominal",
        "frp": 3.71,
        "acq_date": "2026-04-04",
        "acq_time": "1149",
        "satellite": "NOAA-20/VIIRS",
        "daynight": "D",
        "scan": 0.39,
        "track": 0.59,
        "version": "2.0NRT"
      }
    },
    {
      "type": "Feature",
      "geometry": {
        "type": "Point",
        "coordinates": [
          4.89688,
          43.44726
        ]
      },
      "properties": {
        "latitude": 43.44726,
        "longitude": 4.89688,
        "brightness": 331.85,
        "confidence": "nominal",
        "frp": 4.89,
        "acq_date": "2026-04-04",
        "acq_time": "1132",
        "satellite": "Suomi-NPP/VIIRS",
        "daynight": "D",
        "scan": 0.57,
        "track": 0.69,
        "version": "2.0NRT"
      }
    },
    {
      "type": "Feature",
      "geometry": {
        "type": "Point",
        "coordinates": [
          -3.97231,
          41.61634
        ]
      },
      "properties": {
        "latitude": 41.61634,
        "longitude": -3.97231,
        "brightness": 304.75,
        "confidence": "55",
        "frp": 4.76,
        "acq_date": "2026-04-04",
        "acq_time": "0954",
        "satellite": "MODIS/T",
        "daynight": "D",
        "scan": 1.16,
        "track": 1.07,
        "version": "6.1NRT"
      }
    },
    {
      "type": "Feature",
      "geometry": {
        "type": "Point",
        "coordinates": [
          0.11542,
          45.8546
        ]
      },
      "properties": {
        "latitude": 45.8546,
        "longitude": 0.11542,
        "brightness": 304.83,
        "confidence": "33",
        "frp": 10.04,
        "acq_date": "2026-04-04",
        "acq_time": "0952",
        "satellite": "MODIS/T",
        "daynight": "D",
        "scan": 1.47,
        "track": 1.2,
        "version": "6.1NRT"
      }
    },
    {
      "type": "Feature",
      "geometry": {
        "type": "Point",
        "coordinates": [
          -0.27314,
          45.76276
        ]
      },
      "properties": {
        "latitude": 45.76276,
        "longitude": -0.27314,
        "brightness": 302.61,
        "confidence": "53",
        "frp": 8.4,
        "acq_date": "2026-04-04",
        "acq_time": "0952",
        "satellite": "MODIS/T",
        "daynight": "D",
        "scan": 1.42,
        "track": 1.18,
        "version": "6.1NRT"
      }
    },
    {
      "type": "Feature",
      "geometry": {
        "type": "Point",
        "coordinates": [
          3.43174,
          44.00476
        ]
      },
      "properties": {
        "latitude": 44.00476,
        "longitude": 3.43174,
        "brightness": 303.24,
        "confidence": "55",
        "frp": 23.92,
        "acq_date": "2026-04-04",
        "acq_time": "0952",
        "satellite": "MODIS/T",
        "daynight": "D",
        "scan": 2.49,
        "track": 1.52,
        "version": "6.1NRT"
      }
    },
    {
      "type": "Feature",
      "geometry": {
        "type": "Point",
        "coordinates": [
          -0.98681,
          44.7034
        ]
      },
      "properties": {
        "latitude": 44.7034,
        "longitude": -0.98681,
        "brightness": 303.66,
        "confidence": "53",
        "frp": 8.85,
        "acq_date": "2026-04-04",
        "acq_time": "0952",
        "satellite": "MODIS/T",
        "daynight": "D",
        "scan": 1.38,
        "track": 1.16,
        "version": "6.1NRT"
      }
    },
    {
      "type": "Feature",
      "geometry": {
        "type": "Point",
        "coordinates": [
          -0.97938,
          44.69315
        ]
      },
      "properties": {
        "latitude": 44.69315,
        "longitude": -0.97938,
        "brightness": 302.74,
        "confidence": "49",
        "frp": 8.24,
        "acq_date": "2026-04-04",
        "acq_time": "0952",
        "satellite": "MODIS/T",
        "daynight": "D",
        "scan": 1.38,
        "track": 1.16,
        "version": "6.1NRT"
      }
    },
    {
      "type": "Feature",
      "geometry": {
        "type": "Point",
        "coordinates": [
          -0.43115,
          44.54526
        ]
      },
      "properties": {
        "latitude": 44.54526,
        "longitude": -0.43115,
        "brightness": 304.58,
        "confidence": "59",
        "frp": 10.61,
        "acq_date": "2026-04-04",
        "acq_time": "0952",
        "satellite": "MODIS/T",
        "daynight": "D",
        "scan": 1.48,
        "track": 1.2,
        "version": "6.1NRT"
      }
    },
    {
      "type": "Feature",
      "geometry": {
        "type": "Point",
        "coordinates": [
          3.32721,
          43.40424
        ]
      },
      "properties": {
        "latitude": 43.40424,
        "longitude": 3.32721,
        "brightness": 306.5,
        "confidence": "64",
        "frp": 19.07,
        "acq_date": "2026-04-04",
        "acq_time": "0952",
        "satellite": "MODIS/T",
        "daynight": "D",
        "scan": 2.55,
        "track": 1.54,
        "version": "6.1NRT"
      }
    },
    {
      "type": "Feature",
      "geometry": {
        "type": "Point",
        "coordinates": [
          -0.66434,
          44.10805
        ]
      },
      "properties": {
        "latitude": 44.10805,
        "longitude": -0.66434,
        "brightness": 310.02,
        "confidence": "69",
        "frp": 16.61,
        "acq_date": "2026-04-04",
        "acq_time": "0952",
        "satellite": "MODIS/T",
        "daynight": "D",
        "scan": 1.47,
        "track": 1.2,
        "version": "6.1NRT"
      }
    },
    {
      "type": "Feature",
      "geometry": {
        "type": "Point",
        "coordinates": [
          -0.62939,
          44.10125
        ]
      },
      "properties": {
        "latitude": 44.10125,
        "longitude": -0.62939,
        "brightness": 304.6,
        "confidence": "56",
        "frp": 10.0,
        "acq_date": "2026-04-04",
        "acq_time": "0952",
        "satellite": "MODIS/T",
        "daynight": "D",
        "scan": 1.48,
        "track": 1.2,
        "version": "6.1NRT"
      }
    },
    {
      "type": "Feature",
      "geometry": {
        "type": "Point",
        "coordinates": [
          -0.62833,
          43.93451
        ]
      },
      "properties": {
        "latitude": 43.93451,
        "longitude": -0.62833,
        "brightness": 300.66,
        "confidence": "40",
        "frp": 7.25,
        "acq_date": "2026-04-04",
        "acq_time": "0952",
        "satellite": "MODIS/T",
        "daynight": "D",
        "scan": 1.49,
        "track": 1.21,
        "version": "6.1NRT"
      }
    },
    {
      "type": "Feature",
      "geometry": {
        "type": "Point",
        "coordinates": [
          -0.90386,
          43.94407
        ]
      },
      "properties": {
        "latitude": 43.94407,
        "longitude": -0.90386,
        "brightness": 311.28,
        "confidence": "71",
        "frp": 19.06,
        "acq_date": "2026-04-04",
        "acq_time": "0952",
        "satellite": "MODIS/T",
        "daynight": "D",
        "scan": 1.45,
        "track": 1.19,
        "version": "6.1NRT"
      }
    },
    {
      "type": "Feature",
      "geometry": {
        "type": "Point",
        "coordinates": [
          -4.0975,
          43.25337
        ]
      },
      "properties": {
        "latitude": 43.25337,
        "longitude": -4.0975,
        "brightness": 308.32,
        "confidence": "67",
        "frp": 7.94,
        "acq_date": "2026-04-04",
        "acq_time": "0952",
        "satellite": "MODIS/T",
        "daynight": "D",
        "scan": 1.1,
        "track": 1.04,
        "version": "6.1NRT"
      }
    },
    {
      "type": "Feature",
      "geometry": {
        "type": "Point",
        "coordinates": [
          -2.73165,
          42.83269
        ]
      },
      "properties": {
        "latitude": 42.83269,
        "longitude": -2.73165,
        "brightness": 302.99,
        "confidence": "37",
        "frp": 6.52,
        "acq_date": "2026-04-04",
        "acq_time": "0952",
        "satellite": "MODIS/T",
        "daynight": "D",
        "scan": 1.25,
        "track": 1.11,
        "version": "6.1NRT"
      }
    },
    {
      "type": "Feature",
      "geometry": {
        "type": "Point",
        "coordinates": [
          4.89939,
          43.4459
        ]
      },
      "properties": {
        "latitude": 43.4459,
        "longitude": 4.89939,
        "brightness": 307.05,
        "confidence": "nominal",
        "frp": 2.08,
        "acq_date": "2026-04-04",
        "acq_time": "0209",
        "satellite": "NOAA-20/VIIRS",
        "daynight": "N",
        "scan": 0.57,
        "track": 0.43,
        "version": "2.0NRT"
      }
    },
    {
      "type": "Feature",
      "geometry": {
        "type": "Point",
        "coordinates": [
          4.88436,
          43.44504
        ]
      },
      "properties": {
        "latitude": 43.44504,
        "longitude": 4.88436,
        "brightness": 326.17,
        "confidence": "nominal",
        "frp": 9.27,
        "acq_date": "2026-04-04",
        "acq_time": "0209",
        "satellite": "NOAA-20/VIIRS",
        "daynight": "N",
        "scan": 0.57,
        "track": 0.43,
        "version": "2.0NRT"
      }
    },
    {
      "type": "Feature",
      "geometry": {
        "type": "Point",
        "coordinates": [
          4.87764,
          43.44651
        ]
      },
      "properties": {
        "latitude": 43.44651,
        "longitude": 4.87764,
        "brightness": 310.75,
        "confidence": "nominal",
        "frp": 9.27,
        "acq_date": "2026-04-04",
        "acq_time": "0209",
        "satellite": "NOAA-20/VIIRS",
        "daynight": "N",
        "scan": 0.56,
        "track": 0.43,
        "version": "2.0NRT"
      }
    },
    {
      "type": "Feature",
      "geometry": {
        "type": "Point",
        "coordinates": [
          4.89779,
          43.44208
        ]
      },
      "properties": {
        "latitude": 43.44208,
        "longitude": 4.89779,
        "brightness": 297.05,
        "confidence": "nominal",
        "frp": 1.36,
        "acq_date": "2026-04-04",
        "acq_time": "0209",
        "satellite": "NOAA-20/VIIRS",
        "daynight": "N",
        "scan": 0.57,
        "track": 0.43,
        "version": "2.0NRT"
      }
    },
    {
      "type": "Feature",
      "geometry": {
        "type": "Point",
        "coordinates": [
          4.87606,
          43.4427
        ]
      },
      "properties": {
        "latitude": 43.4427,
        "longitude": 4.87606,
        "brightness": 326.77,
        "confidence": "nominal",
        "frp": 9.27,
        "acq_date": "2026-04-04",
        "acq_time": "0209",
        "satellite": "NOAA-20/VIIRS",
        "daynight": "N",
        "scan": 0.56,
        "track": 0.43,
        "version": "2.0NRT"
      }
    },
    {
      "type": "Feature",
      "geometry": {
        "type": "Point",
        "coordinates": [
          4.88278,
          43.44122
        ]
      },
      "properties": {
        "latitude": 43.44122,
        "longitude": 4.88278,
        "brightness": 300.49,
        "confidence": "nominal",
        "frp": 9.27,
        "acq_date": "2026-04-04",
        "acq_time": "0209",
        "satellite": "NOAA-20/VIIRS",
        "daynight": "N",
        "scan": 0.57,
        "track": 0.43,
        "version": "2.0NRT"
      }
    },
    {
      "type": "Feature",
      "geometry": {
        "type": "Point",
        "coordinates": [
          4.89465,
          43.43444
        ]
      },
      "properties": {
        "latitude": 43.43444,
        "longitude": 4.89465,
        "brightness": 303.02,
        "confidence": "nominal",
        "frp": 1.5,
        "acq_date": "2026-04-04",
        "acq_time": "0209",
        "satellite": "NOAA-20/VIIRS",
        "daynight": "N",
        "scan": 0.57,
        "track": 0.43,
        "version": "2.0NRT"
      }
    },
    {
      "type": "Feature",
      "geometry": {
        "type": "Point",
        "coordinates": [
          4.99872,
          43.38208
        ]
      },
      "properties": {
        "latitude": 43.38208,
        "longitude": 4.99872,
        "brightness": 297.32,
        "confidence": "nominal",
        "frp": 1.44,
        "acq_date": "2026-04-04",
        "acq_time": "0209",
        "satellite": "NOAA-20/VIIRS",
        "daynight": "N",
        "scan": 0.57,
        "track": 0.43,
        "version": "2.0NRT"
      }
    },
    {
      "type": "Feature",
      "geometry": {
        "type": "Point",
        "coordinates": [
          5.01112,
          43.37931
        ]
      },
      "properties": {
        "latitude": 43.37931,
        "longitude": 5.01112,
        "brightness": 295.76,
        "confidence": "nominal",
        "frp": 0.75,
        "acq_date": "2026-04-04",
        "acq_time": "0209",
        "satellite": "NOAA-20/VIIRS",
        "daynight": "N",
        "scan": 0.38,
        "track": 0.43,
        "version": "2.0NRT"
      }
    },
    {
      "type": "Feature",
      "geometry": {
        "type": "Point",
        "coordinates": [
          4.99946,
          43.38339
        ]
      },
      "properties": {
        "latitude": 43.38339,
        "longitude": 4.99946,
        "brightness": 297.93,
        "confidence": "nominal",
        "frp": 1.33,
        "acq_date": "2026-04-04",
        "acq_time": "0209",
        "satellite": "NOAA-20/VIIRS",
        "daynight": "N",
        "scan": 0.57,
        "track": 0.43,
        "version": "2.0NRT"
      }
    },
    {
      "type": "Feature",
      "geometry": {
        "type": "Point",
        "coordinates": [
          0.99092,
          43.18438
        ]
      },
      "properties": {
        "latitude": 43.18438,
        "longitude": 0.99092,
        "brightness": 300.51,
        "confidence": "nominal",
        "frp": 0.73,
        "acq_date": "2026-04-04",
        "acq_time": "0209",
        "satellite": "NOAA-20/VIIRS",
        "daynight": "N",
        "scan": 0.42,
        "track": 0.37,
        "version": "2.0NRT"
      }
    },
    {
      "type": "Feature",
      "geometry": {
        "type": "Point",
        "coordinates": [
          0.98884,
          43.18497
        ]
      },
      "properties": {
        "latitude": 43.18497,
        "longitude": 0.98884,
        "brightness": 298.42,
        "confidence": "nominal",
        "frp": 0.83,
        "acq_date": "2026-04-04",
        "acq_time": "0209",
        "satellite": "NOAA-20/VIIRS",
        "daynight": "N",
        "scan": 0.42,
        "track": 0.37,
        "version": "2.0NRT"
      }
    },
    {
      "type": "Feature",
      "geometry": {
        "type": "Point",
        "coordinates": [
          -3.84179,
          43.40938
        ]
      },
      "properties": {
        "latitude": 43.40938,
        "longitude": -3.84179,
        "brightness": 312.04,
        "confidence": "nominal",
        "frp": 1.44,
        "acq_date": "2026-04-04",
        "acq_time": "0209",
        "satellite": "NOAA-20/VIIRS",
        "daynight": "N",
        "scan": 0.4,
        "track": 0.37,
        "version": "2.0NRT"
      }
    },
    {
      "type": "Feature",
      "geometry": {
        "type": "Point",
        "coordinates": [
          -2.77304,
          43.20639
        ]
      },
      "properties": {
        "latitude": 43.20639,
        "longitude": -2.77304,
        "brightness": 298.32,
        "confidence": "nominal",
        "frp": 0.76,
        "acq_date": "2026-04-04",
        "acq_time": "0209",
        "satellite": "NOAA-20/VIIRS",
        "daynight": "N",
        "scan": 0.39,
        "track": 0.36,
        "version": "2.0NRT"
      }
    },
    {
      "type": "Feature",
      "geometry": {
        "type": "Point",
        "coordinates": [
          -1.74109,
          42.81427
        ]
      },
      "properties": {
        "latitude": 42.81427,
        "longitude": -1.74109,
        "brightness": 305.4,
        "confidence": "nominal",
        "frp": 1.33,
        "acq_date": "2026-04-04",
        "acq_time": "0209",
        "satellite": "NOAA-20/VIIRS",
        "daynight": "N",
        "scan": 0.38,
        "track": 0.36,
        "version": "2.0NRT"
      }
    },
    {
      "type": "Feature",
      "geometry": {
        "type": "Point",
        "coordinates": [
          0.17999,
          41.92308
        ]
      },
      "properties": {
        "latitude": 41.92308,
        "longitude": 0.17999,
        "brightness": 334.68,
        "confidence": "nominal",
        "frp": 4.91,
        "acq_date": "2026-04-04",
        "acq_time": "0209",
        "satellite": "NOAA-20/VIIRS",
        "daynight": "N",
        "scan": 0.41,
        "track": 0.37,
        "version": "2.0NRT"
      }
    },
    {
      "type": "Feature",
      "geometry": {
        "type": "Point",
        "coordinates": [
          -3.96931,
          41.61399
        ]
      },
      "properties": {
        "latitude": 41.61399,
        "longitude": -3.96931,
        "brightness": 295.91,
        "confidence": "nominal",
        "frp": 0.44,
        "acq_date": "2026-04-04",
        "acq_time": "0209",
        "satellite": "NOAA-20/VIIRS",
        "daynight": "N",
        "scan": 0.39,
        "track": 0.37,
        "version": "2.0NRT"
      }
    },
    {
      "type": "Feature",
      "geometry": {
        "type": "Point",
        "coordinates": [
          1.89308,
          50.97004
        ]
      },
      "properties": {
        "latitude": 50.97004,
        "longitude": 1.89308,
        "brightness": 299.95,
        "confidence": "nominal",
        "frp": 0.55,
        "acq_date": "2026-04-04",
        "acq_time": "0206",
        "satellite": "NOAA-20/VIIRS",
        "daynight": "N",
        "scan": 0.38,
        "track": 0.36,
        "version": "2.0NRT"
      }
    },
    {
      "type": "Feature",
      "geometry": {
        "type": "Point",
        "coordinates": [
          9.46375,
          45.68232
        ]
      },
      "properties": {
        "latitude": 45.68232,
        "longitude": 9.46375,
        "brightness": 296.79,
        "confidence": "nominal",
        "frp": 1.51,
        "acq_date": "2026-04-04",
        "acq_time": "0206",
        "satellite": "NOAA-20/VIIRS",
        "daynight": "N",
        "scan": 0.53,
        "track": 0.5,
        "version": "2.0NRT"
      }
    },
    {
      "type": "Feature",
      "geometry": {
        "type": "Point",
        "coordinates": [
          9.46395,
          45.68269
        ]
      },
      "properties": {
        "latitude": 45.68269,
        "longitude": 9.46395,
        "brightness": 296.26,
        "confidence": "nominal",
        "frp": 1.11,
        "acq_date": "2026-04-04",
        "acq_time": "0206",
        "satellite": "NOAA-20/VIIRS",
        "daynight": "N",
        "scan": 0.53,
        "track": 0.5,
        "version": "2.0NRT"
      }
    },
    {
      "type": "Feature",
      "geometry": {
        "type": "Point",
        "coordinates": [
          8.68587,
          45.78268
        ]
      },
      "properties": {
        "latitude": 45.78268,
        "longitude": 8.68587,
        "brightness": 295.02,
        "confidence": "nominal",
        "frp": 0.8,
        "acq_date": "2026-04-04",
        "acq_time": "0206",
        "satellite": "NOAA-20/VIIRS",
        "daynight": "N",
        "scan": 0.49,
        "track": 0.48,
        "version": "2.0NRT"
      }
    },
    {
      "type": "Feature",
      "geometry": {
        "type": "Point",
        "coordinates": [
          9.94056,
          45.14672
        ]
      },
      "properties": {
        "latitude": 45.14672,
        "longitude": 9.94056,
        "brightness": 329.38,
        "confidence": "nominal",
        "frp": 3.97,
        "acq_date": "2026-04-04",
        "acq_time": "0206",
        "satellite": "NOAA-20/VIIRS",
        "daynight": "N",
        "scan": 0.58,
        "track": 0.52,
        "version": "2.0NRT"
      }
    },
    {
      "type": "Feature",
      "geometry": {
        "type": "Point",
        "coordinates": [
          -1.48516,
          41.47302
        ]
      },
      "properties": {
        "latitude": 41.47302,
        "longitude": -1.48516,
        "brightness": 296.21,
        "confidence": "nominal",
        "frp": 0.51,
        "acq_date": "2026-04-04",
        "acq_time": "0147",
        "satellite": "Suomi-NPP/VIIRS",
        "daynight": "N",
        "scan": 0.52,
        "track": 0.41,
        "version": "2.0NRT"
      }
    },
    {
      "type": "Feature",
      "geometry": {
        "type": "Point",
        "coordinates": [
          9.46333,
          45.68193
        ]
      },
      "properties": {
        "latitude": 45.68193,
        "longitude": 9.46333,
        "brightness": 299.4,
        "confidence": "nominal",
        "frp": 1.03,
        "acq_date": "2026-04-04",
        "acq_time": "0145",
        "satellite": "Suomi-NPP/VIIRS",
        "daynight": "N",
        "scan": 0.44,
        "track": 0.38,
        "version": "2.0NRT"
      }
    },
    {
      "type": "Feature",
      "geometry": {
        "type": "Point",
        "coordinates": [
          8.68588,
          45.78201
        ]
      },
      "properties": {
        "latitude": 45.78201,
        "longitude": 8.68588,
        "brightness": 299.67,
        "confidence": "nominal",
        "frp": 0.42,
        "acq_date": "2026-04-04",
        "acq_time": "0145",
        "satellite": "Suomi-NPP/VIIRS",
        "daynight": "N",
        "scan": 0.42,
        "track": 0.38,
        "version": "2.0NRT"
      }
    },
    {
      "type": "Feature",
      "geometry": {
        "type": "Point",
        "coordinates": [
          8.79095,
          45.43863
        ]
      },
      "properties": {
        "latitude": 45.43863,
        "longitude": 8.79095,
        "brightness": 295.48,
        "confidence": "nominal",
        "frp": 1.02,
        "acq_date": "2026-04-04",
        "acq_time": "0145",
        "satellite": "Suomi-NPP/VIIRS",
        "daynight": "N",
        "scan": 0.43,
        "track": 0.38,
        "version": "2.0NRT"
      }
    },
    {
      "type": "Feature",
      "geometry": {
        "type": "Point",
        "coordinates": [
          9.94187,
          45.14694
        ]
      },
      "properties": {
        "latitude": 45.14694,
        "longitude": 9.94187,
        "brightness": 331.75,
        "confidence": "nominal",
        "frp": 4.72,
        "acq_date": "2026-04-04",
        "acq_time": "0145",
        "satellite": "Suomi-NPP/VIIRS",
        "daynight": "N",
        "scan": 0.47,
        "track": 0.39,
        "version": "2.0NRT"
      }
    },
    {
      "type": "Feature",
      "geometry": {
        "type": "Point",
        "coordinates": [
          9.94046,
          45.14341
        ]
      },
      "properties": {
        "latitude": 45.14341,
        "longitude": 9.94046,
        "brightness": 331.86,
        "confidence": "nominal",
        "frp": 4.72,
        "acq_date": "2026-04-04",
        "acq_time": "0145",
        "satellite": "Suomi-NPP/VIIRS",
        "daynight": "N",
        "scan": 0.47,
        "track": 0.39,
        "version": "2.0NRT"
      }
    },
    {
      "type": "Feature",
      "geometry": {
        "type": "Point",
        "coordinates": [
          7.37487,
          43.79517
        ]
      },
      "properties": {
        "latitude": 43.79517,
        "longitude": 7.37487,
        "brightness": 299.75,
        "confidence": "nominal",
        "frp": 0.8,
        "acq_date": "2026-04-04",
        "acq_time": "0145",
        "satellite": "Suomi-NPP/VIIRS",
        "daynight": "N",
        "scan": 0.41,
        "track": 0.37,
        "version": "2.0NRT"
      }
    },
    {
      "type": "Feature",
      "geometry": {
        "type": "Point",
        "coordinates": [
          4.89825,
          43.44558
        ]
      },
      "properties": {
        "latitude": 43.44558,
        "longitude": 4.89825,
        "brightness": 323.98,
        "confidence": "nominal",
        "frp": 1.38,
        "acq_date": "2026-04-04",
        "acq_time": "0145",
        "satellite": "Suomi-NPP/VIIRS",
        "daynight": "N",
        "scan": 0.38,
        "track": 0.36,
        "version": "2.0NRT"
      }
    },
    {
      "type": "Feature",
      "geometry": {
        "type": "Point",
        "coordinates": [
          4.89355,
          43.44634
        ]
      },
      "properties": {
        "latitude": 43.44634,
        "longitude": 4.89355,
        "brightness": 296.1,
        "confidence": "nominal",
        "frp": 1.38,
        "acq_date": "2026-04-04",
        "acq_time": "0145",
        "satellite": "Suomi-NPP/VIIRS",
        "daynight": "N",
        "scan": 0.38,
        "track": 0.36,
        "version": "2.0NRT"
      }
    },
    {
      "type": "Feature",
      "geometry": {
        "type": "Point",
        "coordinates": [
          4.87848,
          43.44532
        ]
      },
      "properties": {
        "latitude": 43.44532,
        "longitude": 4.87848,
        "brightness": 327.46,
        "confidence": "nominal",
        "frp": 4.27,
        "acq_date": "2026-04-04",
        "acq_time": "0145",
        "satellite": "Suomi-NPP/VIIRS",
        "daynight": "N",
        "scan": 0.38,
        "track": 0.36,
        "version": "2.0NRT"
      }
    },
    {
      "type": "Feature",
      "geometry": {
        "type": "Point",
        "coordinates": [
          4.88317,
          43.44457
        ]
      },
      "properties": {
        "latitude": 43.44457,
        "longitude": 4.88317,
        "brightness": 320.99,
        "confidence": "nominal",
        "frp": 3.79,
        "acq_date": "2026-04-04",
        "acq_time": "0145",
        "satellite": "Suomi-NPP/VIIRS",
        "daynight": "N",
        "scan": 0.38,
        "track": 0.36,
        "version": "2.0NRT"
      }
    },
    {
      "type": "Feature",
      "geometry": {
        "type": "Point",
        "coordinates": [
          4.89726,
          43.44231
        ]
      },
      "properties": {
        "latitude": 43.44231,
        "longitude": 4.89726,
        "brightness": 304.37,
        "confidence": "nominal",
        "frp": 1.06,
        "acq_date": "2026-04-04",
        "acq_time": "0145",
        "satellite": "Suomi-NPP/VIIRS",
        "daynight": "N",
        "scan": 0.38,
        "track": 0.36,
        "version": "2.0NRT"
      }
    },
    {
      "type": "Feature",
      "geometry": {
        "type": "Point",
        "coordinates": [
          4.88218,
          43.4413
        ]
      },
      "properties": {
        "latitude": 43.4413,
        "longitude": 4.88218,
        "brightness": 328.37,
        "confidence": "nominal",
        "frp": 3.79,
        "acq_date": "2026-04-04",
        "acq_time": "0145",
        "satellite": "Suomi-NPP/VIIRS",
        "daynight": "N",
        "scan": 0.38,
        "track": 0.36,
        "version": "2.0NRT"
      }
    },
    {
      "type": "Feature",
      "geometry": {
        "type": "Point",
        "coordinates": [
          4.87749,
          43.44205
        ]
      },
      "properties": {
        "latitude": 43.44205,
        "longitude": 4.87749,
        "brightness": 313.23,
        "confidence": "nominal",
        "frp": 4.27,
        "acq_date": "2026-04-04",
        "acq_time": "0145",
        "satellite": "Suomi-NPP/VIIRS",
        "daynight": "N",
        "scan": 0.38,
        "track": 0.36,
        "version": "2.0NRT"
      }
    },
    {
      "type": "Feature",
      "geometry": {
        "type": "Point",
        "coordinates": [
          4.88119,
          43.43802
        ]
      },
      "properties": {
        "latitude": 43.43802,
        "longitude": 4.88119,
        "brightness": 319.61,
        "confidence": "nominal",
        "frp": 1.87,
        "acq_date": "2026-04-04",
        "acq_time": "0145",
        "satellite": "Suomi-NPP/VIIRS",
        "daynight": "N",
        "scan": 0.38,
        "track": 0.36,
        "version": "2.0NRT"
      }
    },
    {
      "type": "Feature",
      "geometry": {
        "type": "Point",
        "coordinates": [
          4.89058,
          43.43651
        ]
      },
      "properties": {
        "latitude": 43.43651,
        "longitude": 4.89058,
        "brightness": 296.94,
        "confidence": "nominal",
        "frp": 0.48,
        "acq_date": "2026-04-04",
        "acq_time": "0145",
        "satellite": "Suomi-NPP/VIIRS",
        "daynight": "N",
        "scan": 0.38,
        "track": 0.36,
        "version": "2.0NRT"
      }
    },
    {
      "type": "Feature",
      "geometry": {
        "type": "Point",
        "coordinates": [
          4.89429,
          43.43249
        ]
      },
      "properties": {
        "latitude": 43.43249,
        "longitude": 4.89429,
        "brightness": 297.83,
        "confidence": "nominal",
        "frp": 0.48,
        "acq_date": "2026-04-04",
        "acq_time": "0145",
        "satellite": "Suomi-NPP/VIIRS",
        "daynight": "N",
        "scan": 0.38,
        "track": 0.36,
        "version": "2.0NRT"
      }
    },
    {
      "type": "Feature",
      "geometry": {
        "type": "Point",
        "coordinates": [
          4.99695,
          43.3816
        ]
      },
      "properties": {
        "latitude": 43.3816,
        "longitude": 4.99695,
        "brightness": 335.08,
        "confidence": "nominal",
        "frp": 4.29,
        "acq_date": "2026-04-04",
        "acq_time": "0145",
        "satellite": "Suomi-NPP/VIIRS",
        "daynight": "N",
        "scan": 0.38,
        "track": 0.36,
        "version": "2.0NRT"
      }
    },
    {
      "type": "Feature",
      "geometry": {
        "type": "Point",
        "coordinates": [
          3.47483,
          43.53146
        ]
      },
      "properties": {
        "latitude": 43.53146,
        "longitude": 3.47483,
        "brightness": 300.81,
        "confidence": "nominal",
        "frp": 0.64,
        "acq_date": "2026-04-04",
        "acq_time": "0145",
        "satellite": "Suomi-NPP/VIIRS",
        "daynight": "N",
        "scan": 0.39,
        "track": 0.36,
        "version": "2.0NRT"
      }
    },
    {
      "type": "Feature",
      "geometry": {
        "type": "Point",
        "coordinates": [
          3.44906,
          43.52836
        ]
      },
      "properties": {
        "latitude": 43.52836,
        "longitude": 3.44906,
        "brightness": 295.69,
        "confidence": "nominal",
        "frp": 0.54,
        "acq_date": "2026-04-04",
        "acq_time": "0145",
        "satellite": "Suomi-NPP/VIIRS",
        "daynight": "N",
        "scan": 0.39,
        "track": 0.36,
        "version": "2.0NRT"
      }
    },
    {
      "type": "Feature",
      "geometry": {
        "type": "Point",
        "coordinates": [
          9.94384,
          45.15095
        ]
      },
      "properties": {
        "latitude": 45.15095,
        "longitude": 9.94384,
        "brightness": 295.16,
        "confidence": "nominal",
        "frp": 1.0,
        "acq_date": "2026-04-04",
        "acq_time": "0026",
        "satellite": "NOAA-20/VIIRS",
        "daynight": "N",
        "scan": 0.44,
        "track": 0.62,
        "version": "2.0NRT"
      }
    },
    {
      "type": "Feature",
      "geometry": {
        "type": "Point",
        "coordinates": [
          9.9377,
          45.14536
        ]
      },
      "properties": {
        "latitude": 45.14536,
        "longitude": 9.9377,
        "brightness": 316.4,
        "confidence": "nominal",
        "frp": 2.21,
        "acq_date": "2026-04-04",
        "acq_time": "0026",
        "satellite": "NOAA-20/VIIRS",
        "daynight": "N",
        "scan": 0.44,
        "track": 0.62,
        "version": "2.0NRT"
      }
    },
    {
      "type": "Feature",
      "geometry": {
        "type": "Point",
        "coordinates": [
          9.94339,
          45.14518
        ]
      },
      "properties": {
        "latitude": 45.14518,
        "longitude": 9.94339,
        "brightness": 314.06,
        "confidence": "nominal",
        "frp": 2.21,
        "acq_date": "2026-04-04",
        "acq_time": "0026",
        "satellite": "NOAA-20/VIIRS",
        "daynight": "N",
        "scan": 0.44,
        "track": 0.62,
        "version": "2.0NRT"
      }
    },
    {
      "type": "Feature",
      "geometry": {
        "type": "Point",
        "coordinates": [
          4.89678,
          43.44938
        ]
      },
      "properties": {
        "latitude": 43.44938,
        "longitude": 4.89678,
        "brightness": 305.67,
        "confidence": "65",
        "frp": 10.72,
        "acq_date": "2026-04-03",
        "acq_time": "2019",
        "satellite": "MODIS/T",
        "daynight": "N",
        "scan": 1.13,
        "track": 1.06,
        "version": "6.1NRT"
      }
    },
    {
      "type": "Feature",
      "geometry": {
        "type": "Point",
        "coordinates": [
          3.84715,
          44.5028
        ]
      },
      "properties": {
        "latitude": 44.5028,
        "longitude": 3.84715,
        "brightness": 303.96,
        "confidence": "58",
        "frp": 10.38,
        "acq_date": "2026-04-03",
        "acq_time": "2019",
        "satellite": "MODIS/T",
        "daynight": "N",
        "scan": 1.08,
        "track": 1.04,
        "version": "6.1NRT"
      }
    },
    {
      "type": "Feature",
      "geometry": {
        "type": "Point",
        "coordinates": [
          3.83395,
          44.50122
        ]
      },
      "properties": {
        "latitude": 44.50122,
        "longitude": 3.83395,
        "brightness": 361.13,
        "confidence": "100",
        "frp": 104.34,
        "acq_date": "2026-04-03",
        "acq_time": "2019",
        "satellite": "MODIS/T",
        "daynight": "N",
        "scan": 1.08,
        "track": 1.04,
        "version": "6.1NRT"
      }
    },
    {
      "type": "Feature",
      "geometry": {
        "type": "Point",
        "coordinates": [
          3.82066,
          44.49964
        ]
      },
      "properties": {
        "latitude": 44.49964,
        "longitude": 3.82066,
        "brightness": 304.58,
        "confidence": "61",
        "frp": 10.87,
        "acq_date": "2026-04-03",
        "acq_time": "2019",
        "satellite": "MODIS/T",
        "daynight": "N",
        "scan": 1.07,
        "track": 1.03,
        "version": "6.1NRT"
      }
    },
    {
      "type": "Feature",
      "geometry": {
        "type": "Point",
        "coordinates": [
          2.89214,
          42.55835
        ]
      },
      "properties": {
        "latitude": 42.55835,
        "longitude": 2.89214,
        "brightness": 304.25,
        "confidence": "58",
        "frp": 6.9,
        "acq_date": "2026-04-03",
        "acq_time": "1414",
        "satellite": "MODIS/A",
        "daynight": "D",
        "scan": 1.44,
        "track": 1.19,
        "version": "6.1NRT"
      }
    },
    {
      "type": "Feature",
      "geometry": {
        "type": "Point",
        "coordinates": [
          2.82032,
          42.60928
        ]
      },
      "properties": {
        "latitude": 42.60928,
        "longitude": 2.82032,
        "brightness": 304.02,
        "confidence": "58",
        "frp": 6.79,
        "acq_date": "2026-04-03",
        "acq_time": "1414",
        "satellite": "MODIS/A",
        "daynight": "D",
        "scan": 1.45,
        "track": 1.19,
        "version": "6.1NRT"
      }
    },
    {
      "type": "Feature",
      "geometry": {
        "type": "Point",
        "coordinates": [
          3.37117,
          43.37539
        ]
      },
      "properties": {
        "latitude": 43.37539,
        "longitude": 3.37117,
        "brightness": 312.79,
        "confidence": "73",
        "frp": 14.0,
        "acq_date": "2026-04-03",
        "acq_time": "1414",
        "satellite": "MODIS/A",
        "daynight": "D",
        "scan": 1.31,
        "track": 1.14,
        "version": "6.1NRT"
      }
    },
    {
      "type": "Feature",
      "geometry": {
        "type": "Point",
        "coordinates": [
          3.35586,
          43.37249
        ]
      },
      "properties": {
        "latitude": 43.37249,
        "longitude": 3.35586,
        "brightness": 315.43,
        "confidence": "76",
        "frp": 17.31,
        "acq_date": "2026-04-03",
        "acq_time": "1414",
        "satellite": "MODIS/A",
        "daynight": "D",
        "scan": 1.31,
        "track": 1.14,
        "version": "6.1NRT"
      }
    },
    {
      "type": "Feature",
      "geometry": {
        "type": "Point",
        "coordinates": [
          9.45718,
          44.70001
        ]
      },
      "properties": {
        "latitude": 44.70001,
        "longitude": 9.45718,
        "brightness": 306.72,
        "confidence": "59",
        "frp": 7.0,
        "acq_date": "2026-04-03",
        "acq_time": "1414",
        "satellite": "MODIS/A",
        "daynight": "D",
        "scan": 1.06,
        "track": 1.03,
        "version": "6.1NRT"
      }
    },
    {
      "type": "Feature",
      "geometry": {
        "type": "Point",
        "coordinates": [
          9.44455,
          44.69837
        ]
      },
      "properties": {
        "latitude": 44.69837,
        "longitude": 9.44455,
        "brightness": 310.66,
        "confidence": "67",
        "frp": 9.66,
        "acq_date": "2026-04-03",
        "acq_time": "1414",
        "satellite": "MODIS/A",
        "daynight": "D",
        "scan": 1.06,
        "track": 1.03,
        "version": "6.1NRT"
      }
    },
    {
      "type": "Feature",
      "geometry": {
        "type": "Point",
        "coordinates": [
          9.93921,
          45.13969
        ]
      },
      "properties": {
        "latitude": 45.13969,
        "longitude": 9.93921,
        "brightness": 319.66,
        "confidence": "0",
        "frp": 14.74,
        "acq_date": "2026-04-03",
        "acq_time": "1414",
        "satellite": "MODIS/A",
        "daynight": "D",
        "scan": 1.1,
        "track": 1.05,
        "version": "6.1NRT"
      }
    },
    {
      "type": "Feature",
      "geometry": {
        "type": "Point",
        "coordinates": [
          7.61305,
          45.0196
        ]
      },
      "properties": {
        "latitude": 45.0196,
        "longitude": 7.61305,
        "brightness": 327.76,
        "confidence": "85",
        "frp": 20.66,
        "acq_date": "2026-04-03",
        "acq_time": "1414",
        "satellite": "MODIS/A",
        "daynight": "D",
        "scan": 1.0,
        "track": 1.0,
        "version": "6.1NRT"
      }
    },
    {
      "type": "Feature",
      "geometry": {
        "type": "Point",
        "coordinates": [
          -1.69442,
          42.33918
        ]
      },
      "properties": {
        "latitude": 42.33918,
        "longitude": -1.69442,
        "brightness": 354.12,
        "confidence": "nominal",
        "frp": 4.67,
        "acq_date": "2026-04-03",
        "acq_time": "1350",
        "satellite": "NOAA-20/VIIRS",
        "daynight": "D",
        "scan": 0.37,
        "track": 0.58,
        "version": "2.0NRT"
      }
    },
    {
      "type": "Feature",
      "geometry": {
        "type": "Point",
        "coordinates": [
          3.36399,
          43.38422
        ]
      },
      "properties": {
        "latitude": 43.38422,
        "longitude": 3.36399,
        "brightness": 328.59,
        "confidence": "nominal",
        "frp": 4.26,
        "acq_date": "2026-04-03",
        "acq_time": "1350",
        "satellite": "NOAA-20/VIIRS",
        "daynight": "D",
        "scan": 0.68,
        "track": 0.74,
        "version": "2.0NRT"
      }
    },
    {
      "type": "Feature",
      "geometry": {
        "type": "Point",
        "coordinates": [
          3.36665,
          43.38432
        ]
      },
      "properties": {
        "latitude": 43.38432,
        "longitude": 3.36665,
        "brightness": 326.13,
        "confidence": "nominal",
        "frp": 4.81,
        "acq_date": "2026-04-03",
        "acq_time": "1350",
        "satellite": "NOAA-20/VIIRS",
        "daynight": "D",
        "scan": 0.68,
        "track": 0.74,
        "version": "2.0NRT"
      }
    },
    {
      "type": "Feature",
      "geometry": {
        "type": "Point",
        "coordinates": [
          3.97701,
          44.56377
        ]
      },
      "properties": {
        "latitude": 44.56377,
        "longitude": 3.97701,
        "brightness": 329.53,
        "confidence": "nominal",
        "frp": 6.25,
        "acq_date": "2026-04-03",
        "acq_time": "1350",
        "satellite": "NOAA-20/VIIRS",
        "daynight": "D",
        "scan": 0.74,
        "track": 0.76,
        "version": "2.0NRT"
      }
    },
    {
      "type": "Feature",
      "geometry": {
        "type": "Point",
        "coordinates": [
          3.9779,
          44.56142
        ]
      },
      "properties": {
        "latitude": 44.56142,
        "longitude": 3.9779,
        "brightness": 334.96,
        "confidence": "nominal",
        "frp": 3.87,
        "acq_date": "2026-04-03",
        "acq_time": "1329",
        "satellite": "Suomi-NPP/VIIRS",
        "daynight": "D",
        "scan": 0.35,
        "track": 0.57,
        "version": "2.0NRT"
      }
    },
    {
      "type": "Feature",
      "geometry": {
        "type": "Point",
        "coordinates": [
          3.97662,
          44.56668
        ]
      },
      "properties": {
        "latitude": 44.56668,
        "longitude": 3.97662,
        "brightness": 344.16,
        "confidence": "nominal",
        "frp": 3.87,
        "acq_date": "2026-04-03",
        "acq_time": "1329",
        "satellite": "Suomi-NPP/VIIRS",
        "daynight": "D",
        "scan": 0.35,
        "track": 0.57,
        "version": "2.0NRT"
      }
    },
    {
      "type": "Feature",
      "geometry": {
        "type": "Point",
        "coordinates": [
          3.97782,
          44.56474
        ]
      },
      "properties": {
        "latitude": 44.56474,
        "longitude": 3.97782,
        "brightness": 350.06,
        "confidence": "nominal",
        "frp": 7.58,
        "acq_date": "2026-04-03",
        "acq_time": "1329",
        "satellite": "Suomi-NPP/VIIRS",
        "daynight": "D",
        "scan": 0.35,
        "track": 0.57,
        "version": "2.0NRT"
      }
    },
    {
      "type": "Feature",
      "geometry": {
        "type": "Point",
        "coordinates": [
          3.97341,
          44.56455
        ]
      },
      "properties": {
        "latitude": 44.56455,
        "longitude": 3.97341,
        "brightness": 337.96,
        "confidence": "nominal",
        "frp": 6.07,
        "acq_date": "2026-04-03",
        "acq_time": "1329",
        "satellite": "Suomi-NPP/VIIRS",
        "daynight": "D",
        "scan": 0.35,
        "track": 0.57,
        "version": "2.0NRT"
      }
    },
    {
      "type": "Feature",
      "geometry": {
        "type": "Point",
        "coordinates": [
          7.42698,
          44.90353
        ]
      },
      "properties": {
        "latitude": 44.90353,
        "longitude": 7.42698,
        "brightness": 332.69,
        "confidence": "nominal",
        "frp": 1.78,
        "acq_date": "2026-04-03",
        "acq_time": "1329",
        "satellite": "Suomi-NPP/VIIRS",
        "daynight": "D",
        "scan": 0.52,
        "track": 0.67,
        "version": "2.0NRT"
      }
    },
    {
      "type": "Feature",
      "geometry": {
        "type": "Point",
        "coordinates": [
          9.94342,
          45.1473
        ]
      },
      "properties": {
        "latitude": 45.1473,
        "longitude": 9.94342,
        "brightness": 328.21,
        "confidence": "nominal",
        "frp": 3.02,
        "acq_date": "2026-04-03",
        "acq_time": "1329",
        "satellite": "Suomi-NPP/VIIRS",
        "daynight": "D",
        "scan": 0.69,
        "track": 0.74,
        "version": "2.0NRT"
      }
    },
    {
      "type": "Feature",
      "geometry": {
        "type": "Point",
        "coordinates": [
          9.15163,
          45.56767
        ]
      },
      "properties": {
        "latitude": 45.56767,
        "longitude": 9.15163,
        "brightness": 338.32,
        "confidence": "nominal",
        "frp": 2.84,
        "acq_date": "2026-04-03",
        "acq_time": "1329",
        "satellite": "Suomi-NPP/VIIRS",
        "daynight": "D",
        "scan": 0.63,
        "track": 0.72,
        "version": "2.0NRT"
      }
    },
    {
      "type": "Feature",
      "geometry": {
        "type": "Point",
        "coordinates": [
          9.41121,
          45.60148
        ]
      },
      "properties": {
        "latitude": 45.60148,
        "longitude": 9.41121,
        "brightness": 327.0,
        "confidence": "nominal",
        "frp": 1.12,
        "acq_date": "2026-04-03",
        "acq_time": "1329",
        "satellite": "Suomi-NPP/VIIRS",
        "daynight": "D",
        "scan": 0.65,
        "track": 0.73,
        "version": "2.0NRT"
      }
    },
    {
      "type": "Feature",
      "geometry": {
        "type": "Point",
        "coordinates": [
          9.41231,
          45.60139
        ]
      },
      "properties": {
        "latitude": 45.60139,
        "longitude": 9.41231,
        "brightness": 325.93,
        "confidence": "nominal",
        "frp": 0.99,
        "acq_date": "2026-04-03",
        "acq_time": "1329",
        "satellite": "Suomi-NPP/VIIRS",
        "daynight": "D",
        "scan": 0.65,
        "track": 0.73,
        "version": "2.0NRT"
      }
    },
    {
      "type": "Feature",
      "geometry": {
        "type": "Point",
        "coordinates": [
          9.43723,
          42.58669
        ]
      },
      "properties": {
        "latitude": 42.58669,
        "longitude": 9.43723,
        "brightness": 344.24,
        "confidence": "nominal",
        "frp": 3.83,
        "acq_date": "2026-04-03",
        "acq_time": "1210",
        "satellite": "NOAA-20/VIIRS",
        "daynight": "D",
        "scan": 0.4,
        "track": 0.37,
        "version": "2.0NRT"
      }
    },
    {
      "type": "Feature",
      "geometry": {
        "type": "Point",
        "coordinates": [
          2.2851,
          41.87067
        ]
      },
      "properties": {
        "latitude": 41.87067,
        "longitude": 2.2851,
        "brightness": 325.59,
        "confidence": "nominal",
        "frp": 2.07,
        "acq_date": "2026-04-03",
        "acq_time": "1210",
        "satellite": "NOAA-20/VIIRS",
        "daynight": "D",
        "scan": 0.51,
        "track": 0.5,
        "version": "2.0NRT"
      }
    },
    {
      "type": "Feature",
      "geometry": {
        "type": "Point",
        "coordinates": [
          4.90257,
          43.44498
        ]
      },
      "properties": {
        "latitude": 43.44498,
        "longitude": 4.90257,
        "brightness": 327.18,
        "confidence": "low",
        "frp": 3.23,
        "acq_date": "2026-04-03",
        "acq_time": "1210",
        "satellite": "NOAA-20/VIIRS",
        "daynight": "D",
        "scan": 0.54,
        "track": 0.42,
        "version": "2.0NRT"
      }
    },
    {
      "type": "Feature",
      "geometry": {
        "type": "Point",
        "coordinates": [
          4.07102,
          43.69715
        ]
      },
      "properties": {
        "latitude": 43.69715,
        "longitude": 4.07102,
        "brightness": 329.14,
        "confidence": "nominal",
        "frp": 3.19,
        "acq_date": "2026-04-03",
        "acq_time": "1210",
        "satellite": "NOAA-20/VIIRS",
        "daynight": "D",
        "scan": 0.38,
        "track": 0.44,
        "version": "2.0NRT"
      }
    },
    {
      "type": "Feature",
      "geometry": {
        "type": "Point",
        "coordinates": [
          7.47022,
          44.40987
        ]
      },
      "properties": {
        "latitude": 44.40987,
        "longitude": 7.47022,
        "brightness": 343.77,
        "confidence": "nominal",
        "frp": 3.42,
        "acq_date": "2026-04-03",
        "acq_time": "1210",
        "satellite": "NOAA-20/VIIRS",
        "daynight": "D",
        "scan": 0.42,
        "track": 0.38,
        "version": "2.0NRT"
      }
    },
    {
      "type": "Feature",
      "geometry": {
        "type": "Point",
        "coordinates": [
          9.94231,
          45.1428
        ]
      },
      "properties": {
        "latitude": 45.1428,
        "longitude": 9.94231,
        "brightness": 331.26,
        "confidence": "nominal",
        "frp": 3.21,
        "acq_date": "2026-04-03",
        "acq_time": "1210",
        "satellite": "NOAA-20/VIIRS",
        "daynight": "D",
        "scan": 0.38,
        "track": 0.36,
        "version": "2.0NRT"
      }
    },
    {
      "type": "Feature",
      "geometry": {
        "type": "Point",
        "coordinates": [
          9.28967,
          45.09238
        ]
      },
      "properties": {
        "latitude": 45.09238,
        "longitude": 9.28967,
        "brightness": 329.28,
        "confidence": "low",
        "frp": 1.7,
        "acq_date": "2026-04-03",
        "acq_time": "1210",
        "satellite": "NOAA-20/VIIRS",
        "daynight": "D",
        "scan": 0.39,
        "track": 0.36,
        "version": "2.0NRT"
      }
    },
    {
      "type": "Feature",
      "geometry": {
        "type": "Point",
        "coordinates": [
          7.55878,
          45.01336
        ]
      },
      "properties": {
        "latitude": 45.01336,
        "longitude": 7.55878,
        "brightness": 325.56,
        "confidence": "low",
        "frp": 0.55,
        "acq_date": "2026-04-03",
        "acq_time": "1210",
        "satellite": "NOAA-20/VIIRS",
        "daynight": "D",
        "scan": 0.42,
        "track": 0.37,
        "version": "2.0NRT"
      }
    },
    {
      "type": "Feature",
      "geometry": {
        "type": "Point",
        "coordinates": [
          7.72722,
          45.10777
        ]
      },
      "properties": {
        "latitude": 45.10777,
        "longitude": 7.72722,
        "brightness": 331.61,
        "confidence": "low",
        "frp": 1.65,
        "acq_date": "2026-04-03",
        "acq_time": "1210",
        "satellite": "NOAA-20/VIIRS",
        "daynight": "D",
        "scan": 0.41,
        "track": 0.37,
        "version": "2.0NRT"
      }
    },
    {
      "type": "Feature",
      "geometry": {
        "type": "Point",
        "coordinates": [
          7.7221,
          45.10686
        ]
      },
      "properties": {
        "latitude": 45.10686,
        "longitude": 7.7221,
        "brightness": 337.81,
        "confidence": "nominal",
        "frp": 4.97,
        "acq_date": "2026-04-03",
        "acq_time": "1210",
        "satellite": "NOAA-20/VIIRS",
        "daynight": "D",
        "scan": 0.41,
        "track": 0.37,
        "version": "2.0NRT"
      }
    },
    {
      "type": "Feature",
      "geometry": {
        "type": "Point",
        "coordinates": [
          7.72603,
          45.11111
        ]
      },
      "properties": {
        "latitude": 45.11111,
        "longitude": 7.72603,
        "brightness": 339.38,
        "confidence": "nominal",
        "frp": 1.65,
        "acq_date": "2026-04-03",
        "acq_time": "1210",
        "satellite": "NOAA-20/VIIRS",
        "daynight": "D",
        "scan": 0.41,
        "track": 0.37,
        "version": "2.0NRT"
      }
    },
    {
      "type": "Feature",
      "geometry": {
        "type": "Point",
        "coordinates": [
          7.72485,
          45.11446
        ]
      },
      "properties": {
        "latitude": 45.11446,
        "longitude": 7.72485,
        "brightness": 335.6,
        "confidence": "nominal",
        "frp": 2.8,
        "acq_date": "2026-04-03",
        "acq_time": "1210",
        "satellite": "NOAA-20/VIIRS",
        "daynight": "D",
        "scan": 0.41,
        "track": 0.37,
        "version": "2.0NRT"
      }
    },
    {
      "type": "Feature",
      "geometry": {
        "type": "Point",
        "coordinates": [
          9.49799,
          45.52426
        ]
      },
      "properties": {
        "latitude": 45.52426,
        "longitude": 9.49799,
        "brightness": 326.99,
        "confidence": "nominal",
        "frp": 1.24,
        "acq_date": "2026-04-03",
        "acq_time": "1210",
        "satellite": "NOAA-20/VIIRS",
        "daynight": "D",
        "scan": 0.39,
        "track": 0.36,
        "version": "2.0NRT"
      }
    },
    {
      "type": "Feature",
      "geometry": {
        "type": "Point",
        "coordinates": [
          8.94881,
          45.49625
        ]
      },
      "properties": {
        "latitude": 45.49625,
        "longitude": 8.94881,
        "brightness": 344.49,
        "confidence": "nominal",
        "frp": 8.09,
        "acq_date": "2026-04-03",
        "acq_time": "1210",
        "satellite": "NOAA-20/VIIRS",
        "daynight": "D",
        "scan": 0.39,
        "track": 0.36,
        "version": "2.0NRT"
      }
    },
    {
      "type": "Feature",
      "geometry": {
        "type": "Point",
        "coordinates": [
          9.0839,
          45.5255
        ]
      },
      "properties": {
        "latitude": 45.5255,
        "longitude": 9.0839,
        "brightness": 335.57,
        "confidence": "nominal",
        "frp": 2.56,
        "acq_date": "2026-04-03",
        "acq_time": "1210",
        "satellite": "NOAA-20/VIIRS",
        "daynight": "D",
        "scan": 0.39,
        "track": 0.36,
        "version": "2.0NRT"
      }
    },
    {
      "type": "Feature",
      "geometry": {
        "type": "Point",
        "coordinates": [
          7.85357,
          45.37265
        ]
      },
      "properties": {
        "latitude": 45.37265,
        "longitude": 7.85357,
        "brightness": 335.3,
        "confidence": "nominal",
        "frp": 2.37,
        "acq_date": "2026-04-03",
        "acq_time": "1210",
        "satellite": "NOAA-20/VIIRS",
        "daynight": "D",
        "scan": 0.41,
        "track": 0.37,
        "version": "2.0NRT"
      }
    },
    {
      "type": "Feature",
      "geometry": {
        "type": "Point",
        "coordinates": [
          9.60945,
          45.71688
        ]
      },
      "properties": {
        "latitude": 45.71688,
        "longitude": 9.60945,
        "brightness": 337.97,
        "confidence": "nominal",
        "frp": 2.04,
        "acq_date": "2026-04-03",
        "acq_time": "1210",
        "satellite": "NOAA-20/VIIRS",
        "daynight": "D",
        "scan": 0.39,
        "track": 0.36,
        "version": "2.0NRT"
      }
    },
    {
      "type": "Feature",
      "geometry": {
        "type": "Point",
        "coordinates": [
          8.45661,
          45.68221
        ]
      },
      "properties": {
        "latitude": 45.68221,
        "longitude": 8.45661,
        "brightness": 333.51,
        "confidence": "nominal",
        "frp": 1.93,
        "acq_date": "2026-04-03",
        "acq_time": "1210",
        "satellite": "NOAA-20/VIIRS",
        "daynight": "D",
        "scan": 0.4,
        "track": 0.37,
        "version": "2.0NRT"
      }
    },
    {
      "type": "Feature",
      "geometry": {
        "type": "Point",
        "coordinates": [
          7.56633,
          47.17247
        ]
      },
      "properties": {
        "latitude": 47.17247,
        "longitude": 7.56633,
        "brightness": 326.91,
        "confidence": "nominal",
        "frp": 2.4,
        "acq_date": "2026-04-03",
        "acq_time": "1210",
        "satellite": "NOAA-20/VIIRS",
        "daynight": "D",
        "scan": 0.4,
        "track": 0.37,
        "version": "2.0NRT"
      }
    },
    {
      "type": "Feature",
      "geometry": {
        "type": "Point",
        "coordinates": [
          7.5651,
          47.17576
        ]
      },
      "properties": {
        "latitude": 47.17576,
        "longitude": 7.5651,
        "brightness": 340.22,
        "confidence": "nominal",
        "frp": 3.77,
        "acq_date": "2026-04-03",
        "acq_time": "1210",
        "satellite": "NOAA-20/VIIRS",
        "daynight": "D",
        "scan": 0.4,
        "track": 0.37,
        "version": "2.0NRT"
      }
    },
    {
      "type": "Feature",
      "geometry": {
        "type": "Point",
        "coordinates": [
          4.90076,
          43.44577
        ]
      },
      "properties": {
        "latitude": 43.44577,
        "longitude": 4.90076,
        "brightness": 337.47,
        "confidence": "nominal",
        "frp": 2.47,
        "acq_date": "2026-04-03",
        "acq_time": "1149",
        "satellite": "Suomi-NPP/VIIRS",
        "daynight": "D",
        "scan": 0.35,
        "track": 0.57,
        "version": "2.0NRT"
      }
    },
    {
      "type": "Feature",
      "geometry": {
        "type": "Point",
        "coordinates": [
          4.90112,
          43.44579
        ]
      },
      "properties": {
        "latitude": 43.44579,
        "longitude": 4.90112,
        "brightness": 335.94,
        "confidence": "nominal",
        "frp": 3.12,
        "acq_date": "2026-04-03",
        "acq_time": "1149",
        "satellite": "Suomi-NPP/VIIRS",
        "daynight": "D",
        "scan": 0.35,
        "track": 0.56,
        "version": "2.0NRT"
      }
    },
    {
      "type": "Feature",
      "geometry": {
        "type": "Point",
        "coordinates": [
          9.94672,
          45.14511
        ]
      },
      "properties": {
        "latitude": 45.14511,
        "longitude": 9.94672,
        "brightness": 333.31,
        "confidence": "nominal",
        "frp": 3.42,
        "acq_date": "2026-04-03",
        "acq_time": "1149",
        "satellite": "Suomi-NPP/VIIRS",
        "daynight": "D",
        "scan": 0.56,
        "track": 0.43,
        "version": "2.0NRT"
      }
    },
    {
      "type": "Feature",
      "geometry": {
        "type": "Point",
        "coordinates": [
          9.9392,
          45.14549
        ]
      },
      "properties": {
        "latitude": 45.14549,
        "longitude": 9.9392,
        "brightness": 330.58,
        "confidence": "nominal",
        "frp": 8.81,
        "acq_date": "2026-04-03",
        "acq_time": "1149",
        "satellite": "Suomi-NPP/VIIRS",
        "daynight": "D",
        "scan": 0.56,
        "track": 0.43,
        "version": "2.0NRT"
      }
    },
    {
      "type": "Feature",
      "geometry": {
        "type": "Point",
        "coordinates": [
          7.62685,
          44.92886
        ]
      },
      "properties": {
        "latitude": 44.92886,
        "longitude": 7.62685,
        "brightness": 343.09,
        "confidence": "nominal",
        "frp": 3.56,
        "acq_date": "2026-04-03",
        "acq_time": "1149",
        "satellite": "Suomi-NPP/VIIRS",
        "daynight": "D",
        "scan": 0.48,
        "track": 0.48,
        "version": "2.0NRT"
      }
    },
    {
      "type": "Feature",
      "geometry": {
        "type": "Point",
        "coordinates": [
          4.5777,
          44.16887
        ]
      },
      "properties": {
        "latitude": 44.16887,
        "longitude": 4.5777,
        "brightness": 337.83,
        "confidence": "nominal",
        "frp": 1.7,
        "acq_date": "2026-04-03",
        "acq_time": "1149",
        "satellite": "Suomi-NPP/VIIRS",
        "daynight": "D",
        "scan": 0.34,
        "track": 0.56,
        "version": "2.0NRT"
      }
    },
    {
      "type": "Feature",
      "geometry": {
        "type": "Point",
        "coordinates": [
          4.0111,
          43.67861
        ]
      },
      "properties": {
        "latitude": 43.67861,
        "longitude": 4.0111,
        "brightness": 301.37,
        "confidence": "44",
        "frp": 3.37,
        "acq_date": "2026-04-03",
        "acq_time": "0913",
        "satellite": "MODIS/T",
        "daynight": "D",
        "scan": 1.01,
        "track": 1.0,
        "version": "6.1NRT"
      }
    },
    {
      "type": "Feature",
      "geometry": {
        "type": "Point",
        "coordinates": [
          4.02313,
          43.67682
        ]
      },
      "properties": {
        "latitude": 43.67682,
        "longitude": 4.02313,
        "brightness": 302.24,
        "confidence": "46",
        "frp": 3.69,
        "acq_date": "2026-04-03",
        "acq_time": "0913",
        "satellite": "MODIS/T",
        "daynight": "D",
        "scan": 1.01,
        "track": 1.0,
        "version": "6.1NRT"
      }
    },
    {
      "type": "Feature",
      "geometry": {
        "type": "Point",
        "coordinates": [
          -1.64927,
          42.05106
        ]
      },
      "properties": {
        "latitude": 42.05106,
        "longitude": -1.64927,
        "brightness": 331.33,
        "confidence": "87",
        "frp": 51.04,
        "acq_date": "2026-04-03",
        "acq_time": "0913",
        "satellite": "MODIS/T",
        "daynight": "D",
        "scan": 1.33,
        "track": 1.14,
        "version": "6.1NRT"
      }
    },
    {
      "type": "Feature",
      "geometry": {
        "type": "Point",
        "coordinates": [
          9.83278,
          45.62942
        ]
      },
      "properties": {
        "latitude": 45.62942,
        "longitude": 9.83278,
        "brightness": 305.42,
        "confidence": "61",
        "frp": 8.48,
        "acq_date": "2026-04-03",
        "acq_time": "0911",
        "satellite": "MODIS/T",
        "daynight": "D",
        "scan": 1.47,
        "track": 1.2,
        "version": "6.1NRT"
      }
    },
    {
      "type": "Feature",
      "geometry": {
        "type": "Point",
        "coordinates": [
          9.63506,
          45.65683
        ]
      },
      "properties": {
        "latitude": 45.65683,
        "longitude": 9.63506,
        "brightness": 305.08,
        "confidence": "61",
        "frp": 6.7,
        "acq_date": "2026-04-03",
        "acq_time": "0911",
        "satellite": "MODIS/T",
        "daynight": "D",
        "scan": 1.43,
        "track": 1.18,
        "version": "6.1NRT"
      }
    },
    {
      "type": "Feature",
      "geometry": {
        "type": "Point",
        "coordinates": [
          9.4811,
          45.40354
        ]
      },
      "properties": {
        "latitude": 45.40354,
        "longitude": 9.4811,
        "brightness": 304.48,
        "confidence": "59",
        "frp": 8.45,
        "acq_date": "2026-04-03",
        "acq_time": "0911",
        "satellite": "MODIS/T",
        "daynight": "D",
        "scan": 1.43,
        "track": 1.18,
        "version": "6.1NRT"
      }
    },
    {
      "type": "Feature",
      "geometry": {
        "type": "Point",
        "coordinates": [
          9.28919,
          45.4296
        ]
      },
      "properties": {
        "latitude": 45.4296,
        "longitude": 9.28919,
        "brightness": 302.25,
        "confidence": "46",
        "frp": 5.2,
        "acq_date": "2026-04-03",
        "acq_time": "0911",
        "satellite": "MODIS/T",
        "daynight": "D",
        "scan": 1.4,
        "track": 1.17,
        "version": "6.1NRT"
      }
    },
    {
      "type": "Feature",
      "geometry": {
        "type": "Point",
        "coordinates": [
          8.87176,
          45.46677
        ]
      },
      "properties": {
        "latitude": 45.46677,
        "longitude": 8.87176,
        "brightness": 303.35,
        "confidence": "56",
        "frp": 5.05,
        "acq_date": "2026-04-03",
        "acq_time": "0911",
        "satellite": "MODIS/T",
        "daynight": "D",
        "scan": 1.33,
        "track": 1.14,
        "version": "6.1NRT"
      }
    },
    {
      "type": "Feature",
      "geometry": {
        "type": "Point",
        "coordinates": [
          9.94278,
          45.14688
        ]
      },
      "properties": {
        "latitude": 45.14688,
        "longitude": 9.94278,
        "brightness": 307.44,
        "confidence": "57",
        "frp": 11.53,
        "acq_date": "2026-04-03",
        "acq_time": "0911",
        "satellite": "MODIS/T",
        "daynight": "D",
        "scan": 1.53,
        "track": 1.22,
        "version": "6.1NRT"
      }
    },
    {
      "type": "Feature",
      "geometry": {
        "type": "Point",
        "coordinates": [
          9.12872,
          45.07232
        ]
      },
      "properties": {
        "latitude": 45.07232,
        "longitude": 9.12872,
        "brightness": 301.53,
        "confidence": "47",
        "frp": 6.19,
        "acq_date": "2026-04-03",
        "acq_time": "0911",
        "satellite": "MODIS/T",
        "daynight": "D",
        "scan": 1.4,
        "track": 1.17,
        "version": "6.1NRT"
      }
    },
    {
      "type": "Feature",
      "geometry": {
        "type": "Point",
        "coordinates": [
          7.72048,
          45.1106
        ]
      },
      "properties": {
        "latitude": 45.1106,
        "longitude": 7.72048,
        "brightness": 311.84,
        "confidence": "57",
        "frp": 10.91,
        "acq_date": "2026-04-03",
        "acq_time": "0911",
        "satellite": "MODIS/T",
        "daynight": "D",
        "scan": 1.21,
        "track": 1.09,
        "version": "6.1NRT"
      }
    },
    {
      "type": "Feature",
      "geometry": {
        "type": "Point",
        "coordinates": [
          8.62335,
          44.62413
        ]
      },
      "properties": {
        "latitude": 44.62413,
        "longitude": 8.62335,
        "brightness": 310.62,
        "confidence": "70",
        "frp": 15.86,
        "acq_date": "2026-04-03",
        "acq_time": "0911",
        "satellite": "MODIS/T",
        "daynight": "D",
        "scan": 1.35,
        "track": 1.15,
        "version": "6.1NRT"
      }
    },
    {
      "type": "Feature",
      "geometry": {
        "type": "Point",
        "coordinates": [
          7.66136,
          44.63211
        ]
      },
      "properties": {
        "latitude": 44.63211,
        "longitude": 7.66136,
        "brightness": 301.86,
        "confidence": "44",
        "frp": 4.43,
        "acq_date": "2026-04-03",
        "acq_time": "0911",
        "satellite": "MODIS/T",
        "daynight": "D",
        "scan": 1.23,
        "track": 1.1,
        "version": "6.1NRT"
      }
    },
    {
      "type": "Feature",
      "geometry": {
        "type": "Point",
        "coordinates": [
          9.94227,
          45.14912
        ]
      },
      "properties": {
        "latitude": 45.14912,
        "longitude": 9.94227,
        "brightness": 337.21,
        "confidence": "100",
        "frp": 44.23,
        "acq_date": "2026-04-03",
        "acq_time": "0308",
        "satellite": "MODIS/A",
        "daynight": "N",
        "scan": 1.01,
        "track": 1.0,
        "version": "6.1NRT"
      }
    },
    {
      "type": "Feature",
      "geometry": {
        "type": "Point",
        "coordinates": [
          9.95459,
          45.14734
        ]
      },
      "properties": {
        "latitude": 45.14734,
        "longitude": 9.95459,
        "brightness": 316.47,
        "confidence": "93",
        "frp": 19.42,
        "acq_date": "2026-04-03",
        "acq_time": "0308",
        "satellite": "MODIS/A",
        "daynight": "N",
        "scan": 1.01,
        "track": 1.0,
        "version": "6.1NRT"
      }
    },
    {
      "type": "Feature",
      "geometry": {
        "type": "Point",
        "coordinates": [
          4.88601,
          43.4519
        ]
      },
      "properties": {
        "latitude": 43.4519,
        "longitude": 4.88601,
        "brightness": 306.09,
        "confidence": "58",
        "frp": 16.33,
        "acq_date": "2026-04-03",
        "acq_time": "0308",
        "satellite": "MODIS/A",
        "daynight": "N",
        "scan": 1.42,
        "track": 1.18,
        "version": "6.1NRT"
      }
    },
    {
      "type": "Feature",
      "geometry": {
        "type": "Point",
        "coordinates": [
          9.46523,
          45.68273
        ]
      },
      "properties": {
        "latitude": 45.68273,
        "longitude": 9.46523,
        "brightness": 298.24,
        "confidence": "nominal",
        "frp": 1.3,
        "acq_date": "2026-04-03",
        "acq_time": "0226",
        "satellite": "NOAA-20/VIIRS",
        "daynight": "N",
        "scan": 0.44,
        "track": 0.62,
        "version": "2.0NRT"
      }
    },
    {
      "type": "Feature",
      "geometry": {
        "type": "Point",
        "coordinates": [
          9.46567,
          45.68601
        ]
      },
      "properties": {
        "latitude": 45.68601,
        "longitude": 9.46567,
        "brightness": 304.29,
        "confidence": "nominal",
        "frp": 1.0,
        "acq_date": "2026-04-03",
        "acq_time": "0226",
        "satellite": "NOAA-20/VIIRS",
        "daynight": "N",
        "scan": 0.44,
        "track": 0.62,
        "version": "2.0NRT"
      }
    },
    {
      "type": "Feature",
      "geometry": {
        "type": "Point",
        "coordinates": [
          4.89373,
          43.44664
        ]
      },
      "properties": {
        "latitude": 43.44664,
        "longitude": 4.89373,
        "brightness": 307.26,
        "confidence": "nominal",
        "frp": 1.53,
        "acq_date": "2026-04-03",
        "acq_time": "0226",
        "satellite": "NOAA-20/VIIRS",
        "daynight": "N",
        "scan": 0.63,
        "track": 0.54,
        "version": "2.0NRT"
      }
    },
    {
      "type": "Feature",
      "geometry": {
        "type": "Point",
        "coordinates": [
          4.90103,
          43.44468
        ]
      },
      "properties": {
        "latitude": 43.44468,
        "longitude": 4.90103,
        "brightness": 296.69,
        "confidence": "nominal",
        "frp": 1.53,
        "acq_date": "2026-04-03",
        "acq_time": "0226",
        "satellite": "NOAA-20/VIIRS",
        "daynight": "N",
        "scan": 0.63,
        "track": 0.54,
        "version": "2.0NRT"
      }
    },
    {
      "type": "Feature",
      "geometry": {
        "type": "Point",
        "coordinates": [
          4.87685,
          43.44586
        ]
      },
      "properties": {
        "latitude": 43.44586,
        "longitude": 4.87685,
        "brightness": 320.84,
        "confidence": "nominal",
        "frp": 4.46,
        "acq_date": "2026-04-03",
        "acq_time": "0226",
        "satellite": "NOAA-20/VIIRS",
        "daynight": "N",
        "scan": 0.62,
        "track": 0.54,
        "version": "2.0NRT"
      }
    },
    {
      "type": "Feature",
      "geometry": {
        "type": "Point",
        "coordinates": [
          4.88414,
          43.4439
        ]
      },
      "properties": {
        "latitude": 43.4439,
        "longitude": 4.88414,
        "brightness": 320.22,
        "confidence": "nominal",
        "frp": 4.46,
        "acq_date": "2026-04-03",
        "acq_time": "0226",
        "satellite": "NOAA-20/VIIRS",
        "daynight": "N",
        "scan": 0.63,
        "track": 0.54,
        "version": "2.0NRT"
      }
    },
    {
      "type": "Feature",
      "geometry": {
        "type": "Point",
        "coordinates": [
          4.88904,
          43.43726
        ]
      },
      "properties": {
        "latitude": 43.43726,
        "longitude": 4.88904,
        "brightness": 296.03,
        "confidence": "nominal",
        "frp": 1.84,
        "acq_date": "2026-04-03",
        "acq_time": "0226",
        "satellite": "NOAA-20/VIIRS",
        "daynight": "N",
        "scan": 0.63,
        "track": 0.54,
        "version": "2.0NRT"
      }
    },
    {
      "type": "Feature",
      "geometry": {
        "type": "Point",
        "coordinates": [
          4.897,
          43.44902
        ]
      },
      "properties": {
        "latitude": 43.44902,
        "longitude": 4.897,
        "brightness": 302.75,
        "confidence": "nominal",
        "frp": 1.94,
        "acq_date": "2026-04-03",
        "acq_time": "0226",
        "satellite": "NOAA-20/VIIRS",
        "daynight": "N",
        "scan": 0.63,
        "track": 0.54,
        "version": "2.0NRT"
      }
    },
    {
      "type": "Feature",
      "geometry": {
        "type": "Point",
        "coordinates": [
          4.87768,
          43.44348
        ]
      },
      "properties": {
        "latitude": 43.44348,
        "longitude": 4.87768,
        "brightness": 336.39,
        "confidence": "nominal",
        "frp": 5.98,
        "acq_date": "2026-04-03",
        "acq_time": "0226",
        "satellite": "NOAA-20/VIIRS",
        "daynight": "N",
        "scan": 0.63,
        "track": 0.54,
        "version": "2.0NRT"
      }
    },
    {
      "type": "Feature",
      "geometry": {
        "type": "Point",
        "coordinates": [
          4.89227,
          43.43965
        ]
      },
      "properties": {
        "latitude": 43.43965,
        "longitude": 4.89227,
        "brightness": 296.64,
        "confidence": "nominal",
        "frp": 4.97,
        "acq_date": "2026-04-03",
        "acq_time": "0226",
        "satellite": "NOAA-20/VIIRS",
        "daynight": "N",
        "scan": 0.63,
        "track": 0.54,
        "version": "2.0NRT"
      }
    },
    {
      "type": "Feature",
      "geometry": {
        "type": "Point",
        "coordinates": [
          5.01108,
          43.38157
        ]
      },
      "properties": {
        "latitude": 43.38157,
        "longitude": 5.01108,
        "brightness": 298.82,
        "confidence": "nominal",
        "frp": 0.58,
        "acq_date": "2026-04-03",
        "acq_time": "0226",
        "satellite": "NOAA-20/VIIRS",
        "daynight": "N",
        "scan": 0.32,
        "track": 0.54,
        "version": "2.0NRT"
      }
    },
    {
      "type": "Feature",
      "geometry": {
        "type": "Point",
        "coordinates": [
          1.66442,
          41.31476
        ]
      },
      "properties": {
        "latitude": 41.31476,
        "longitude": 1.66442,
        "brightness": 303.2,
        "confidence": "nominal",
        "frp": 1.2,
        "acq_date": "2026-04-03",
        "acq_time": "0226",
        "satellite": "NOAA-20/VIIRS",
        "daynight": "N",
        "scan": 0.5,
        "track": 0.49,
        "version": "2.0NRT"
      }
    },
    {
      "type": "Feature",
      "geometry": {
        "type": "Point",
        "coordinates": [
          1.66138,
          41.31199
        ]
      },
      "properties": {
        "latitude": 41.31199,
        "longitude": 1.66138,
        "brightness": 301.49,
        "confidence": "nominal",
        "frp": 1.25,
        "acq_date": "2026-04-03",
        "acq_time": "0226",
        "satellite": "NOAA-20/VIIRS",
        "daynight": "N",
        "scan": 0.5,
        "track": 0.49,
        "version": "2.0NRT"
      }
    },
    {
      "type": "Feature",
      "geometry": {
        "type": "Point",
        "coordinates": [
          -3.97201,
          41.61275
        ]
      },
      "properties": {
        "latitude": 41.61275,
        "longitude": -3.97201,
        "brightness": 303.17,
        "confidence": "nominal",
        "frp": 1.05,
        "acq_date": "2026-04-03",
        "acq_time": "0226",
        "satellite": "NOAA-20/VIIRS",
        "daynight": "N",
        "scan": 0.43,
        "track": 0.38,
        "version": "2.0NRT"
      }
    },
    {
      "type": "Feature",
      "geometry": {
        "type": "Point",
        "coordinates": [
          6.75055,
          49.35733
        ]
      },
      "properties": {
        "latitude": 49.35733,
        "longitude": 6.75055,
        "brightness": 309.55,
        "confidence": "nominal",
        "frp": 2.35,
        "acq_date": "2026-04-03",
        "acq_time": "0224",
        "satellite": "NOAA-20/VIIRS",
        "daynight": "N",
        "scan": 0.52,
        "track": 0.5,
        "version": "2.0NRT"
      }
    },
    {
      "type": "Feature",
      "geometry": {
        "type": "Point",
        "coordinates": [
          6.74935,
          49.35627
        ]
      },
      "properties": {
        "latitude": 49.35627,
        "longitude": 6.74935,
        "brightness": 312.66,
        "confidence": "nominal",
        "frp": 1.73,
        "acq_date": "2026-04-03",
        "acq_time": "0224",
        "satellite": "NOAA-20/VIIRS",
        "daynight": "N",
        "scan": 0.52,
        "track": 0.5,
        "version": "2.0NRT"
      }
    },
    {
      "type": "Feature",
      "geometry": {
        "type": "Point",
        "coordinates": [
          5.95818,
          49.50547
        ]
      },
      "properties": {
        "latitude": 49.50547,
        "longitude": 5.95818,
        "brightness": 301.89,
        "confidence": "nominal",
        "frp": 1.3,
        "acq_date": "2026-04-03",
        "acq_time": "0224",
        "satellite": "NOAA-20/VIIRS",
        "daynight": "N",
        "scan": 0.47,
        "track": 0.48,
        "version": "2.0NRT"
      }
    },
    {
      "type": "Feature",
      "geometry": {
        "type": "Point",
        "coordinates": [
          6.14969,
          49.31812
        ]
      },
      "properties": {
        "latitude": 49.31812,
        "longitude": 6.14969,
        "brightness": 296.13,
        "confidence": "nominal",
        "frp": 0.55,
        "acq_date": "2026-04-03",
        "acq_time": "0224",
        "satellite": "NOAA-20/VIIRS",
        "daynight": "N",
        "scan": 0.49,
        "track": 0.48,
        "version": "2.0NRT"
      }
    },
    {
      "type": "Feature",
      "geometry": {
        "type": "Point",
        "coordinates": [
          7.82458,
          48.59765
        ]
      },
      "properties": {
        "latitude": 48.59765,
        "longitude": 7.82458,
        "brightness": 302.24,
        "confidence": "nominal",
        "frp": 3.18,
        "acq_date": "2026-04-03",
        "acq_time": "0224",
        "satellite": "NOAA-20/VIIRS",
        "daynight": "N",
        "scan": 0.6,
        "track": 0.53,
        "version": "2.0NRT"
      }
    },
    {
      "type": "Feature",
      "geometry": {
        "type": "Point",
        "coordinates": [
          1.76197,
          48.98475
        ]
      },
      "properties": {
        "latitude": 48.98475,
        "longitude": 1.76197,
        "brightness": 325.08,
        "confidence": "nominal",
        "frp": 2.95,
        "acq_date": "2026-04-03",
        "acq_time": "0224",
        "satellite": "NOAA-20/VIIRS",
        "daynight": "N",
        "scan": 0.5,
        "track": 0.41,
        "version": "2.0NRT"
      }
    },
    {
      "type": "Feature",
      "geometry": {
        "type": "Point",
        "coordinates": [
          8.26459,
          47.06875
        ]
      },
      "properties": {
        "latitude": 47.06875,
        "longitude": 8.26459,
        "brightness": 312.63,
        "confidence": "nominal",
        "frp": 1.17,
        "acq_date": "2026-04-03",
        "acq_time": "0224",
        "satellite": "NOAA-20/VIIRS",
        "daynight": "N",
        "scan": 0.35,
        "track": 0.57,
        "version": "2.0NRT"
      }
    },
    {
      "type": "Feature",
      "geometry": {
        "type": "Point",
        "coordinates": [
          2.98078,
          48.38751
        ]
      },
      "properties": {
        "latitude": 48.38751,
        "longitude": 2.98078,
        "brightness": 308.98,
        "confidence": "nominal",
        "frp": 1.66,
        "acq_date": "2026-04-03",
        "acq_time": "0224",
        "satellite": "NOAA-20/VIIRS",
        "daynight": "N",
        "scan": 0.38,
        "track": 0.44,
        "version": "2.0NRT"
      }
    },
    {
      "type": "Feature",
      "geometry": {
        "type": "Point",
        "coordinates": [
          7.55901,
          47.17437
        ]
      },
      "properties": {
        "latitude": 47.17437,
        "longitude": 7.55901,
        "brightness": 295.96,
        "confidence": "nominal",
        "frp": 0.84,
        "acq_date": "2026-04-03",
        "acq_time": "0224",
        "satellite": "NOAA-20/VIIRS",
        "daynight": "N",
        "scan": 0.32,
        "track": 0.55,
        "version": "2.0NRT"
      }
    },
    {
      "type": "Feature",
      "geometry": {
        "type": "Point",
        "coordinates": [
          7.56304,
          47.17323
        ]
      },
      "properties": {
        "latitude": 47.17323,
        "longitude": 7.56304,
        "brightness": 299.79,
        "confidence": "nominal",
        "frp": 0.84,
        "acq_date": "2026-04-03",
        "acq_time": "0224",
        "satellite": "NOAA-20/VIIRS",
        "daynight": "N",
        "scan": 0.32,
        "track": 0.55,
        "version": "2.0NRT"
      }
    },
    {
      "type": "Feature",
      "geometry": {
        "type": "Point",
        "coordinates": [
          7.56259,
          47.17337
        ]
      },
      "properties": {
        "latitude": 47.17337,
        "longitude": 7.56259,
        "brightness": 309.9,
        "confidence": "nominal",
        "frp": 1.18,
        "acq_date": "2026-04-03",
        "acq_time": "0224",
        "satellite": "NOAA-20/VIIRS",
        "daynight": "N",
        "scan": 0.32,
        "track": 0.55,
        "version": "2.0NRT"
      }
    },
    {
      "type": "Feature",
      "geometry": {
        "type": "Point",
        "coordinates": [
          -1.74189,
          42.81451
        ]
      },
      "properties": {
        "latitude": 42.81451,
        "longitude": -1.74189,
        "brightness": 305.08,
        "confidence": "nominal",
        "frp": 1.0,
        "acq_date": "2026-04-03",
        "acq_time": "0206",
        "satellite": "Suomi-NPP/VIIRS",
        "daynight": "N",
        "scan": 0.39,
        "track": 0.36,
        "version": "2.0NRT"
      }
    },
    {
      "type": "Feature",
      "geometry": {
        "type": "Point",
        "coordinates": [
          0.17985,
          41.92419
        ]
      },
      "properties": {
        "latitude": 41.92419,
        "longitude": 0.17985,
        "brightness": 327.63,
        "confidence": "nominal",
        "frp": 2.56,
        "acq_date": "2026-04-03",
        "acq_time": "0206",
        "satellite": "Suomi-NPP/VIIRS",
        "daynight": "N",
        "scan": 0.39,
        "track": 0.36,
        "version": "2.0NRT"
      }
    },
    {
      "type": "Feature",
      "geometry": {
        "type": "Point",
        "coordinates": [
          1.99999,
          41.40587
        ]
      },
      "properties": {
        "latitude": 41.40587,
        "longitude": 1.99999,
        "brightness": 300.79,
        "confidence": "nominal",
        "frp": 0.48,
        "acq_date": "2026-04-03",
        "acq_time": "0206",
        "satellite": "Suomi-NPP/VIIRS",
        "daynight": "N",
        "scan": 0.42,
        "track": 0.38,
        "version": "2.0NRT"
      }
    },
    {
      "type": "Feature",
      "geometry": {
        "type": "Point",
        "coordinates": [
          1.66202,
          41.31129
        ]
      },
      "properties": {
        "latitude": 41.31129,
        "longitude": 1.66202,
        "brightness": 302.36,
        "confidence": "nominal",
        "frp": 1.01,
        "acq_date": "2026-04-03",
        "acq_time": "0206",
        "satellite": "Suomi-NPP/VIIRS",
        "daynight": "N",
        "scan": 0.41,
        "track": 0.37,
        "version": "2.0NRT"
      }
    },
    {
      "type": "Feature",
      "geometry": {
        "type": "Point",
        "coordinates": [
          -3.97213,
          41.61198
        ]
      },
      "properties": {
        "latitude": 41.61198,
        "longitude": -3.97213,
        "brightness": 298.26,
        "confidence": "nominal",
        "frp": 0.8,
        "acq_date": "2026-04-03",
        "acq_time": "0206",
        "satellite": "Suomi-NPP/VIIRS",
        "daynight": "N",
        "scan": 0.43,
        "track": 0.38,
        "version": "2.0NRT"
      }
    },
    {
      "type": "Feature",
      "geometry": {
        "type": "Point",
        "coordinates": [
          5.66755,
          45.23044
        ]
      },
      "properties": {
        "latitude": 45.23044,
        "longitude": 5.66755,
        "brightness": 295.54,
        "confidence": "nominal",
        "frp": 0.65,
        "acq_date": "2026-04-03",
        "acq_time": "0206",
        "satellite": "Suomi-NPP/VIIRS",
        "daynight": "N",
        "scan": 0.48,
        "track": 0.4,
        "version": "2.0NRT"
      }
    },
    {
      "type": "Feature",
      "geometry": {
        "type": "Point",
        "coordinates": [
          4.89403,
          43.4487
        ]
      },
      "properties": {
        "latitude": 43.4487,
        "longitude": 4.89403,
        "brightness": 326.86,
        "confidence": "nominal",
        "frp": 2.0,
        "acq_date": "2026-04-03",
        "acq_time": "0206",
        "satellite": "Suomi-NPP/VIIRS",
        "daynight": "N",
        "scan": 0.48,
        "track": 0.4,
        "version": "2.0NRT"
      }
    },
    {
      "type": "Feature",
      "geometry": {
        "type": "Point",
        "coordinates": [
          4.89848,
          43.44391
        ]
      },
      "properties": {
        "latitude": 43.44391,
        "longitude": 4.89848,
        "brightness": 300.99,
        "confidence": "nominal",
        "frp": 0.87,
        "acq_date": "2026-04-03",
        "acq_time": "0206",
        "satellite": "Suomi-NPP/VIIRS",
        "daynight": "N",
        "scan": 0.48,
        "track": 0.4,
        "version": "2.0NRT"
      }
    },
    {
      "type": "Feature",
      "geometry": {
        "type": "Point",
        "coordinates": [
          4.87959,
          43.44389
        ]
      },
      "properties": {
        "latitude": 43.44389,
        "longitude": 4.87959,
        "brightness": 336.24,
        "confidence": "nominal",
        "frp": 28.24,
        "acq_date": "2026-04-03",
        "acq_time": "0206",
        "satellite": "Suomi-NPP/VIIRS",
        "daynight": "N",
        "scan": 0.48,
        "track": 0.4,
        "version": "2.0NRT"
      }
    },
    {
      "type": "Feature",
      "geometry": {
        "type": "Point",
        "coordinates": [
          5.01373,
          43.38124
        ]
      },
      "properties": {
        "latitude": 43.38124,
        "longitude": 5.01373,
        "brightness": 301.11,
        "confidence": "nominal",
        "frp": 0.57,
        "acq_date": "2026-04-03",
        "acq_time": "0206",
        "satellite": "Suomi-NPP/VIIRS",
        "daynight": "N",
        "scan": 0.49,
        "track": 0.4,
        "version": "2.0NRT"
      }
    },
    {
      "type": "Feature",
      "geometry": {
        "type": "Point",
        "coordinates": [
          3.56159,
          50.40137
        ]
      },
      "properties": {
        "latitude": 50.40137,
        "longitude": 3.56159,
        "brightness": 298.5,
        "confidence": "nominal",
        "frp": 0.83,
        "acq_date": "2026-04-03",
        "acq_time": "0204",
        "satellite": "Suomi-NPP/VIIRS",
        "daynight": "N",
        "scan": 0.39,
        "track": 0.36,
        "version": "2.0NRT"
      }
    },
    {
      "type": "Feature",
      "geometry": {
        "type": "Point",
        "coordinates": [
          3.49185,
          50.33064
        ]
      },
      "properties": {
        "latitude": 50.33064,
        "longitude": 3.49185,
        "brightness": 306.69,
        "confidence": "nominal",
        "frp": 1.06,
        "acq_date": "2026-04-03",
        "acq_time": "0204",
        "satellite": "Suomi-NPP/VIIRS",
        "daynight": "N",
        "scan": 0.39,
        "track": 0.36,
        "version": "2.0NRT"
      }
    },
    {
      "type": "Feature",
      "geometry": {
        "type": "Point",
        "coordinates": [
          6.74709,
          49.35832
        ]
      },
      "properties": {
        "latitude": 49.35832,
        "longitude": 6.74709,
        "brightness": 327.01,
        "confidence": "nominal",
        "frp": 2.99,
        "acq_date": "2026-04-03",
        "acq_time": "0204",
        "satellite": "Suomi-NPP/VIIRS",
        "daynight": "N",
        "scan": 0.45,
        "track": 0.39,
        "version": "2.0NRT"
      }
    },
    {
      "type": "Feature",
      "geometry": {
        "type": "Point",
        "coordinates": [
          5.96123,
          49.50615
        ]
      },
      "properties": {
        "latitude": 49.50615,
        "longitude": 5.96123,
        "brightness": 319.05,
        "confidence": "nominal",
        "frp": 1.88,
        "acq_date": "2026-04-03",
        "acq_time": "0204",
        "satellite": "Suomi-NPP/VIIRS",
        "daynight": "N",
        "scan": 0.43,
        "track": 0.38,
        "version": "2.0NRT"
      }
    },
    {
      "type": "Feature",
      "geometry": {
        "type": "Point",
        "coordinates": [
          5.95969,
          49.50277
        ]
      },
      "properties": {
        "latitude": 49.50277,
        "longitude": 5.95969,
        "brightness": 323.29,
        "confidence": "nominal",
        "frp": 1.88,
        "acq_date": "2026-04-03",
        "acq_time": "0204",
        "satellite": "Suomi-NPP/VIIRS",
        "daynight": "N",
        "scan": 0.43,
        "track": 0.38,
        "version": "2.0NRT"
      }
    },
    {
      "type": "Feature",
      "geometry": {
        "type": "Point",
        "coordinates": [
          5.95993,
          49.50512
        ]
      },
      "properties": {
        "latitude": 49.50512,
        "longitude": 5.95993,
        "brightness": 330.63,
        "confidence": "nominal",
        "frp": 3.07,
        "acq_date": "2026-04-03",
        "acq_time": "0204",
        "satellite": "Suomi-NPP/VIIRS",
        "daynight": "N",
        "scan": 0.43,
        "track": 0.38,
        "version": "2.0NRT"
      }
    },
    {
      "type": "Feature",
      "geometry": {
        "type": "Point",
        "coordinates": [
          6.00457,
          49.46722
        ]
      },
      "properties": {
        "latitude": 49.46722,
        "longitude": 6.00457,
        "brightness": 300.71,
        "confidence": "nominal",
        "frp": 1.22,
        "acq_date": "2026-04-03",
        "acq_time": "0204",
        "satellite": "Suomi-NPP/VIIRS",
        "daynight": "N",
        "scan": 0.43,
        "track": 0.38,
        "version": "2.0NRT"
      }
    },
    {
      "type": "Feature",
      "geometry": {
        "type": "Point",
        "coordinates": [
          6.1447,
          49.32196
        ]
      },
      "properties": {
        "latitude": 49.32196,
        "longitude": 6.1447,
        "brightness": 296.15,
        "confidence": "nominal",
        "frp": 1.24,
        "acq_date": "2026-04-03",
        "acq_time": "0204",
        "satellite": "Suomi-NPP/VIIRS",
        "daynight": "N",
        "scan": 0.43,
        "track": 0.38,
        "version": "2.0NRT"
      }
    },
    {
      "type": "Feature",
      "geometry": {
        "type": "Point",
        "coordinates": [
          9.73742,
          48.36902
        ]
      },
      "properties": {
        "latitude": 48.36902,
        "longitude": 9.73742,
        "brightness": 299.96,
        "confidence": "nominal",
        "frp": 0.84,
        "acq_date": "2026-04-03",
        "acq_time": "0204",
        "satellite": "Suomi-NPP/VIIRS",
        "daynight": "N",
        "scan": 0.39,
        "track": 0.44,
        "version": "2.0NRT"
      }
    },
    {
      "type": "Feature",
      "geometry": {
        "type": "Point",
        "coordinates": [
          7.82126,
          48.59901
        ]
      },
      "properties": {
        "latitude": 48.59901,
        "longitude": 7.82126,
        "brightness": 313.29,
        "confidence": "nominal",
        "frp": 1.77,
        "acq_date": "2026-04-03",
        "acq_time": "0204",
        "satellite": "Suomi-NPP/VIIRS",
        "daynight": "N",
        "scan": 0.5,
        "track": 0.41,
        "version": "2.0NRT"
      }
    },
    {
      "type": "Feature",
      "geometry": {
        "type": "Point",
        "coordinates": [
          7.81951,
          48.59542
        ]
      },
      "properties": {
        "latitude": 48.59542,
        "longitude": 7.81951,
        "brightness": 305.94,
        "confidence": "nominal",
        "frp": 1.77,
        "acq_date": "2026-04-03",
        "acq_time": "0204",
        "satellite": "Suomi-NPP/VIIRS",
        "daynight": "N",
        "scan": 0.5,
        "track": 0.41,
        "version": "2.0NRT"
      }
    },
    {
      "type": "Feature",
      "geometry": {
        "type": "Point",
        "coordinates": [
          6.10808,
          48.60986
        ]
      },
      "properties": {
        "latitude": 48.60986,
        "longitude": 6.10808,
        "brightness": 308.56,
        "confidence": "nominal",
        "frp": 1.6,
        "acq_date": "2026-04-03",
        "acq_time": "0204",
        "satellite": "Suomi-NPP/VIIRS",
        "daynight": "N",
        "scan": 0.44,
        "track": 0.38,
        "version": "2.0NRT"
      }
    },
    {
      "type": "Feature",
      "geometry": {
        "type": "Point",
        "coordinates": [
          1.75945,
          48.98547
        ]
      },
      "properties": {
        "latitude": 48.98547,
        "longitude": 1.75945,
        "brightness": 306.35,
        "confidence": "nominal",
        "frp": 1.85,
        "acq_date": "2026-04-03",
        "acq_time": "0204",
        "satellite": "Suomi-NPP/VIIRS",
        "daynight": "N",
        "scan": 0.38,
        "track": 0.36,
        "version": "2.0NRT"
      }
    },
    {
      "type": "Feature",
      "geometry": {
        "type": "Point",
        "coordinates": [
          1.75827,
          48.98221
        ]
      },
      "properties": {
        "latitude": 48.98221,
        "longitude": 1.75827,
        "brightness": 331.03,
        "confidence": "nominal",
        "frp": 1.85,
        "acq_date": "2026-04-03",
        "acq_time": "0204",
        "satellite": "Suomi-NPP/VIIRS",
        "daynight": "N",
        "scan": 0.38,
        "track": 0.36,
        "version": "2.0NRT"
      }
    },
    {
      "type": "Feature",
      "geometry": {
        "type": "Point",
        "coordinates": [
          2.98108,
          48.38887
        ]
      },
      "properties": {
        "latitude": 48.38887,
        "longitude": 2.98108,
        "brightness": 302.08,
        "confidence": "nominal",
        "frp": 0.86,
        "acq_date": "2026-04-03",
        "acq_time": "0204",
        "satellite": "Suomi-NPP/VIIRS",
        "daynight": "N",
        "scan": 0.39,
        "track": 0.36,
        "version": "2.0NRT"
      }
    },
    {
      "type": "Feature",
      "geometry": {
        "type": "Point",
        "coordinates": [
          2.98623,
          48.38799
        ]
      },
      "properties": {
        "latitude": 48.38799,
        "longitude": 2.98623,
        "brightness": 295.55,
        "confidence": "nominal",
        "frp": 0.54,
        "acq_date": "2026-04-03",
        "acq_time": "0204",
        "satellite": "Suomi-NPP/VIIRS",
        "daynight": "N",
        "scan": 0.39,
        "track": 0.36,
        "version": "2.0NRT"
      }
    },
    {
      "type": "Feature",
      "geometry": {
        "type": "Point",
        "coordinates": [
          2.97984,
          48.3856
        ]
      },
      "properties": {
        "latitude": 48.3856,
        "longitude": 2.97984,
        "brightness": 301.91,
        "confidence": "nominal",
        "frp": 0.86,
        "acq_date": "2026-04-03",
        "acq_time": "0204",
        "satellite": "Suomi-NPP/VIIRS",
        "daynight": "N",
        "scan": 0.39,
        "track": 0.36,
        "version": "2.0NRT"
      }
    },
    {
      "type": "Feature",
      "geometry": {
        "type": "Point",
        "coordinates": [
          8.26725,
          47.06893
        ]
      },
      "properties": {
        "latitude": 47.06893,
        "longitude": 8.26725,
        "brightness": 322.29,
        "confidence": "nominal",
        "frp": 3.88,
        "acq_date": "2026-04-03",
        "acq_time": "0204",
        "satellite": "Suomi-NPP/VIIRS",
        "daynight": "N",
        "scan": 0.55,
        "track": 0.43,
        "version": "2.0NRT"
      }
    },
    {
      "type": "Feature",
      "geometry": {
        "type": "Point",
        "coordinates": [
          7.5629,
          47.17526
        ]
      },
      "properties": {
        "latitude": 47.17526,
        "longitude": 7.5629,
        "brightness": 321.27,
        "confidence": "nominal",
        "frp": 3.54,
        "acq_date": "2026-04-03",
        "acq_time": "0204",
        "satellite": "Suomi-NPP/VIIRS",
        "daynight": "N",
        "scan": 0.52,
        "track": 0.41,
        "version": "2.0NRT"
      }
    },
    {
      "type": "Feature",
      "geometry": {
        "type": "Point",
        "coordinates": [
          7.5638,
          47.17636
        ]
      },
      "properties": {
        "latitude": 47.17636,
        "longitude": 7.5638,
        "brightness": 302.95,
        "confidence": "nominal",
        "frp": 1.78,
        "acq_date": "2026-04-03",
        "acq_time": "0204",
        "satellite": "Suomi-NPP/VIIRS",
        "daynight": "N",
        "scan": 0.52,
        "track": 0.41,
        "version": "2.0NRT"
      }
    },
    {
      "type": "Feature",
      "geometry": {
        "type": "Point",
        "coordinates": [
          7.56204,
          47.1727
        ]
      },
      "properties": {
        "latitude": 47.1727,
        "longitude": 7.56204,
        "brightness": 314.13,
        "confidence": "nominal",
        "frp": 1.78,
        "acq_date": "2026-04-03",
        "acq_time": "0204",
        "satellite": "Suomi-NPP/VIIRS",
        "daynight": "N",
        "scan": 0.52,
        "track": 0.41,
        "version": "2.0NRT"
      }
    },
    {
      "type": "Feature",
      "geometry": {
        "type": "Point",
        "coordinates": [
          8.68276,
          45.78355
        ]
      },
      "properties": {
        "latitude": 45.78355,
        "longitude": 8.68276,
        "brightness": 299.12,
        "confidence": "nominal",
        "frp": 0.7,
        "acq_date": "2026-04-03",
        "acq_time": "0204",
        "satellite": "Suomi-NPP/VIIRS",
        "daynight": "N",
        "scan": 0.41,
        "track": 0.45,
        "version": "2.0NRT"
      }
    },
    {
      "type": "Feature",
      "geometry": {
        "type": "Point",
        "coordinates": [
          9.94117,
          45.14778
        ]
      },
      "properties": {
        "latitude": 45.14778,
        "longitude": 9.94117,
        "brightness": 322.84,
        "confidence": "nominal",
        "frp": 1.8,
        "acq_date": "2026-04-03",
        "acq_time": "0204",
        "satellite": "Suomi-NPP/VIIRS",
        "daynight": "N",
        "scan": 0.48,
        "track": 0.48,
        "version": "2.0NRT"
      }
    },
    {
      "type": "Feature",
      "geometry": {
        "type": "Point",
        "coordinates": [
          9.9391,
          45.14353
        ]
      },
      "properties": {
        "latitude": 45.14353,
        "longitude": 9.9391,
        "brightness": 312.52,
        "confidence": "nominal",
        "frp": 1.8,
        "acq_date": "2026-04-03",
        "acq_time": "0204",
        "satellite": "Suomi-NPP/VIIRS",
        "daynight": "N",
        "scan": 0.48,
        "track": 0.48,
        "version": "2.0NRT"
      }
    },
    {
      "type": "Feature",
      "geometry": {
        "type": "Point",
        "coordinates": [
          4.89467,
          43.45031
        ]
      },
      "properties": {
        "latitude": 43.45031,
        "longitude": 4.89467,
        "brightness": 299.7,
        "confidence": "nominal",
        "frp": 1.17,
        "acq_date": "2026-04-03",
        "acq_time": "0045",
        "satellite": "NOAA-20/VIIRS",
        "daynight": "N",
        "scan": 0.44,
        "track": 0.62,
        "version": "2.0NRT"
      }
    },
    {
      "type": "Feature",
      "geometry": {
        "type": "Point",
        "coordinates": [
          4.89983,
          43.44433
        ]
      },
      "properties": {
        "latitude": 43.44433,
        "longitude": 4.89983,
        "brightness": 301.05,
        "confidence": "nominal",
        "frp": 1.05,
        "acq_date": "2026-04-03",
        "acq_time": "0045",
        "satellite": "NOAA-20/VIIRS",
        "daynight": "N",
        "scan": 0.44,
        "track": 0.62,
        "version": "2.0NRT"
      }
    },
    {
      "type": "Feature",
      "geometry": {
        "type": "Point",
        "coordinates": [
          5.00581,
          43.38279
        ]
      },
      "properties": {
        "latitude": 43.38279,
        "longitude": 5.00581,
        "brightness": 299.83,
        "confidence": "nominal",
        "frp": 1.25,
        "acq_date": "2026-04-03",
        "acq_time": "0045",
        "satellite": "NOAA-20/VIIRS",
        "daynight": "N",
        "scan": 0.44,
        "track": 0.62,
        "version": "2.0NRT"
      }
    },
    {
      "type": "Feature",
      "geometry": {
        "type": "Point",
        "coordinates": [
          6.00649,
          49.46722
        ]
      },
      "properties": {
        "latitude": 49.46722,
        "longitude": 6.00649,
        "brightness": 298.85,
        "confidence": "nominal",
        "frp": 0.79,
        "acq_date": "2026-04-03",
        "acq_time": "0043",
        "satellite": "NOAA-20/VIIRS",
        "daynight": "N",
        "scan": 0.43,
        "track": 0.62,
        "version": "2.0NRT"
      }
    },
    {
      "type": "Feature",
      "geometry": {
        "type": "Point",
        "coordinates": [
          6.74978,
          49.358
        ]
      },
      "properties": {
        "latitude": 49.358,
        "longitude": 6.74978,
        "brightness": 302.64,
        "confidence": "nominal",
        "frp": 1.54,
        "acq_date": "2026-04-03",
        "acq_time": "0043",
        "satellite": "NOAA-20/VIIRS",
        "daynight": "N",
        "scan": 0.39,
        "track": 0.59,
        "version": "2.0NRT"
      }
    },
    {
      "type": "Feature",
      "geometry": {
        "type": "Point",
        "coordinates": [
          6.74341,
          49.34715
        ]
      },
      "properties": {
        "latitude": 49.34715,
        "longitude": 6.74341,
        "brightness": 331.68,
        "confidence": "nominal",
        "frp": 3.19,
        "acq_date": "2026-04-03",
        "acq_time": "0043",
        "satellite": "NOAA-20/VIIRS",
        "daynight": "N",
        "scan": 0.39,
        "track": 0.6,
        "version": "2.0NRT"
      }
    },
    {
      "type": "Feature",
      "geometry": {
        "type": "Point",
        "coordinates": [
          6.05036,
          48.88681
        ]
      },
      "properties": {
        "latitude": 48.88681,
        "longitude": 6.05036,
        "brightness": 309.31,
        "confidence": "nominal",
        "frp": 1.41,
        "acq_date": "2026-04-03",
        "acq_time": "0043",
        "satellite": "NOAA-20/VIIRS",
        "daynight": "N",
        "scan": 0.42,
        "track": 0.61,
        "version": "2.0NRT"
      }
    },
    {
      "type": "Feature",
      "geometry": {
        "type": "Point",
        "coordinates": [
          6.05614,
          48.88667
        ]
      },
      "properties": {
        "latitude": 48.88667,
        "longitude": 6.05614,
        "brightness": 311.89,
        "confidence": "nominal",
        "frp": 1.41,
        "acq_date": "2026-04-03",
        "acq_time": "0043",
        "satellite": "NOAA-20/VIIRS",
        "daynight": "N",
        "scan": 0.42,
        "track": 0.61,
        "version": "2.0NRT"
      }
    },
    {
      "type": "Feature",
      "geometry": {
        "type": "Point",
        "coordinates": [
          6.05029,
          48.88475
        ]
      },
      "properties": {
        "latitude": 48.88475,
        "longitude": 6.05029,
        "brightness": 298.89,
        "confidence": "nominal",
        "frp": 1.76,
        "acq_date": "2026-04-03",
        "acq_time": "0043",
        "satellite": "NOAA-20/VIIRS",
        "daynight": "N",
        "scan": 0.42,
        "track": 0.61,
        "version": "2.0NRT"
      }
    },
    {
      "type": "Feature",
      "geometry": {
        "type": "Point",
        "coordinates": [
          6.05607,
          48.88458
        ]
      },
      "properties": {
        "latitude": 48.88458,
        "longitude": 6.05607,
        "brightness": 319.49,
        "confidence": "nominal",
        "frp": 2.3,
        "acq_date": "2026-04-03",
        "acq_time": "0043",
        "satellite": "NOAA-20/VIIRS",
        "daynight": "N",
        "scan": 0.42,
        "track": 0.61,
        "version": "2.0NRT"
      }
    },
    {
      "type": "Feature",
      "geometry": {
        "type": "Point",
        "coordinates": [
          9.46578,
          45.68452
        ]
      },
      "properties": {
        "latitude": 45.68452,
        "longitude": 9.46578,
        "brightness": 296.37,
        "confidence": "nominal",
        "frp": 0.84,
        "acq_date": "2026-04-03",
        "acq_time": "0043",
        "satellite": "NOAA-20/VIIRS",
        "daynight": "N",
        "scan": 0.55,
        "track": 0.51,
        "version": "2.0NRT"
      }
    },
    {
      "type": "Feature",
      "geometry": {
        "type": "Point",
        "coordinates": [
          9.9419,
          45.14487
        ]
      },
      "properties": {
        "latitude": 45.14487,
        "longitude": 9.9419,
        "brightness": 352.84,
        "confidence": "nominal",
        "frp": 15.93,
        "acq_date": "2026-04-03",
        "acq_time": "0043",
        "satellite": "NOAA-20/VIIRS",
        "daynight": "N",
        "scan": 0.51,
        "track": 0.49,
        "version": "2.0NRT"
      }
    },
    {
      "type": "Feature",
      "geometry": {
        "type": "Point",
        "coordinates": [
          5.66666,
          45.23285
        ]
      },
      "properties": {
        "latitude": 45.23285,
        "longitude": 5.66666,
        "brightness": 297.52,
        "confidence": "nominal",
        "frp": 0.67,
        "acq_date": "2026-04-03",
        "acq_time": "0043",
        "satellite": "NOAA-20/VIIRS",
        "daynight": "N",
        "scan": 0.42,
        "track": 0.61,
        "version": "2.0NRT"
      }
    },
    {
      "type": "Feature",
      "geometry": {
        "type": "Point",
        "coordinates": [
          9.93765,
          45.14768
        ]
      },
      "properties": {
        "latitude": 45.14768,
        "longitude": 9.93765,
        "brightness": 307.27,
        "confidence": "nominal",
        "frp": 1.78,
        "acq_date": "2026-04-03",
        "acq_time": "0024",
        "satellite": "Suomi-NPP/VIIRS",
        "daynight": "N",
        "scan": 0.52,
        "track": 0.67,
        "version": "2.0NRT"
      }
    },
    {
      "type": "Feature",
      "geometry": {
        "type": "Point",
        "coordinates": [
          6.73874,
          49.34684
        ]
      },
      "properties": {
        "latitude": 49.34684,
        "longitude": 6.73874,
        "brightness": 306.2,
        "confidence": "67",
        "frp": 12.32,
        "acq_date": "2026-04-02",
        "acq_time": "1942",
        "satellite": "MODIS/T",
        "daynight": "N",
        "scan": 1.1,
        "track": 1.05,
        "version": "6.1NRT"
      }
    },
    {
      "type": "Feature",
      "geometry": {
        "type": "Point",
        "coordinates": [
          -4.73524,
          42.75635
        ]
      },
      "properties": {
        "latitude": 42.75635,
        "longitude": -4.73524,
        "brightness": 330.7,
        "confidence": "87",
        "frp": 31.37,
        "acq_date": "2026-04-02",
        "acq_time": "1514",
        "satellite": "MODIS/A",
        "daynight": "D",
        "scan": 1.08,
        "track": 1.04,
        "version": "6.1NRT"
      }
    },
    {
      "type": "Feature",
      "geometry": {
        "type": "Point",
        "coordinates": [
          -3.85344,
          50.56492
        ]
      },
      "properties": {
        "latitude": 50.56492,
        "longitude": -3.85344,
        "brightness": 331.16,
        "confidence": "nominal",
        "frp": 4.68,
        "acq_date": "2026-04-02",
        "acq_time": "1412",
        "satellite": "NOAA-20/VIIRS",
        "daynight": "D",
        "scan": 0.55,
        "track": 0.68,
        "version": "2.0NRT"
      }
    },
    {
      "type": "Feature",
      "geometry": {
        "type": "Point",
        "coordinates": [
          -4.72686,
          42.75889
        ]
      },
      "properties": {
        "latitude": 42.75889,
        "longitude": -4.72686,
        "brightness": 340.0,
        "confidence": "nominal",
        "frp": 11.62,
        "acq_date": "2026-04-02",
        "acq_time": "1410",
        "satellite": "NOAA-20/VIIRS",
        "daynight": "D",
        "scan": 0.46,
        "track": 0.63,
        "version": "2.0NRT"
      }
    },
    {
      "type": "Feature",
      "geometry": {
        "type": "Point",
        "coordinates": [
          -4.7326,
          42.75869
        ]
      },
      "properties": {
        "latitude": 42.75869,
        "longitude": -4.7326,
        "brightness": 352.42,
        "confidence": "nominal",
        "frp": 11.62,
        "acq_date": "2026-04-02",
        "acq_time": "1410",
        "satellite": "NOAA-20/VIIRS",
        "daynight": "D",
        "scan": 0.46,
        "track": 0.63,
        "version": "2.0NRT"
      }
    },
    {
      "type": "Feature",
      "geometry": {
        "type": "Point",
        "coordinates": [
          -4.72982,
          42.75718
        ]
      },
      "properties": {
        "latitude": 42.75718,
        "longitude": -4.72982,
        "brightness": 367.0,
        "confidence": "high",
        "frp": 18.82,
        "acq_date": "2026-04-02",
        "acq_time": "1410",
        "satellite": "NOAA-20/VIIRS",
        "daynight": "D",
        "scan": 0.46,
        "track": 0.63,
        "version": "2.0NRT"
      }
    },
    {
      "type": "Feature",
      "geometry": {
        "type": "Point",
        "coordinates": [
          -3.85303,
          50.56592
        ]
      },
      "properties": {
        "latitude": 50.56592,
        "longitude": -3.85303,
        "brightness": 328.2,
        "confidence": "nominal",
        "frp": 5.22,
        "acq_date": "2026-04-02",
        "acq_time": "1353",
        "satellite": "Suomi-NPP/VIIRS",
        "daynight": "D",
        "scan": 0.57,
        "track": 0.52,
        "version": "2.0NRT"
      }
    },
    {
      "type": "Feature",
      "geometry": {
        "type": "Point",
        "coordinates": [
          -3.86162,
          50.56546
        ]
      },
      "properties": {
        "latitude": 50.56546,
        "longitude": -3.86162,
        "brightness": 336.38,
        "confidence": "nominal",
        "frp": 5.22,
        "acq_date": "2026-04-02",
        "acq_time": "1353",
        "satellite": "Suomi-NPP/VIIRS",
        "daynight": "D",
        "scan": 0.57,
        "track": 0.52,
        "version": "2.0NRT"
      }
    },
    {
      "type": "Feature",
      "geometry": {
        "type": "Point",
        "coordinates": [
          -4.73299,
          42.75829
        ]
      },
      "properties": {
        "latitude": 42.75829,
        "longitude": -4.73299,
        "brightness": 352.76,
        "confidence": "nominal",
        "frp": 18.86,
        "acq_date": "2026-04-02",
        "acq_time": "1350",
        "satellite": "Suomi-NPP/VIIRS",
        "daynight": "D",
        "scan": 0.43,
        "track": 0.46,
        "version": "2.0NRT"
      }
    },
    {
      "type": "Feature",
      "geometry": {
        "type": "Point",
        "coordinates": [
          4.34431,
          43.75709
        ]
      },
      "properties": {
        "latitude": 43.75709,
        "longitude": 4.34431,
        "brightness": 326.68,
        "confidence": "nominal",
        "frp": 2.56,
        "acq_date": "2026-04-02",
        "acq_time": "1350",
        "satellite": "Suomi-NPP/VIIRS",
        "daynight": "D",
        "scan": 0.62,
        "track": 0.72,
        "version": "2.0NRT"
      }
    },
    {
      "type": "Feature",
      "geometry": {
        "type": "Point",
        "coordinates": [
          5.69118,
          47.14351
        ]
      },
      "properties": {
        "latitude": 47.14351,
        "longitude": 5.69118,
        "brightness": 345.04,
        "confidence": "nominal",
        "frp": 9.46,
        "acq_date": "2026-04-02",
        "acq_time": "1350",
        "satellite": "Suomi-NPP/VIIRS",
        "daynight": "D",
        "scan": 0.73,
        "track": 0.76,
        "version": "2.0NRT"
      }
    },
    {
      "type": "Feature",
      "geometry": {
        "type": "Point",
        "coordinates": [
          9.41539,
          50.3507
        ]
      },
      "properties": {
        "latitude": 50.3507,
        "longitude": 9.41539,
        "brightness": 306.97,
        "confidence": "65",
        "frp": 13.1,
        "acq_date": "2026-04-02",
        "acq_time": "1340",
        "satellite": "MODIS/A",
        "daynight": "D",
        "scan": 1.32,
        "track": 1.14,
        "version": "6.1NRT"
      }
    },
    {
      "type": "Feature",
      "geometry": {
        "type": "Point",
        "coordinates": [
          9.42509,
          47.99383
        ]
      },
      "properties": {
        "latitude": 47.99383,
        "longitude": 9.42509,
        "brightness": 309.03,
        "confidence": "68",
        "frp": 18.42,
        "acq_date": "2026-04-02",
        "acq_time": "1338",
        "satellite": "MODIS/A",
        "daynight": "D",
        "scan": 1.5,
        "track": 1.21,
        "version": "6.1NRT"
      }
    },
    {
      "type": "Feature",
      "geometry": {
        "type": "Point",
        "coordinates": [
          9.66674,
          48.11681
        ]
      },
      "properties": {
        "latitude": 48.11681,
        "longitude": 9.66674,
        "brightness": 308.33,
        "confidence": "67",
        "frp": 16.86,
        "acq_date": "2026-04-02",
        "acq_time": "1338",
        "satellite": "MODIS/A",
        "daynight": "D",
        "scan": 1.46,
        "track": 1.19,
        "version": "6.1NRT"
      }
    },
    {
      "type": "Feature",
      "geometry": {
        "type": "Point",
        "coordinates": [
          8.58014,
          48.12854
        ]
      },
      "properties": {
        "latitude": 48.12854,
        "longitude": 8.58014,
        "brightness": 324.37,
        "confidence": "83",
        "frp": 48.81,
        "acq_date": "2026-04-02",
        "acq_time": "1338",
        "satellite": "MODIS/A",
        "daynight": "D",
        "scan": 1.64,
        "track": 1.26,
        "version": "6.1NRT"
      }
    },
    {
      "type": "Feature",
      "geometry": {
        "type": "Point",
        "coordinates": [
          8.56014,
          48.1242
        ]
      },
      "properties": {
        "latitude": 48.1242,
        "longitude": 8.56014,
        "brightness": 327.21,
        "confidence": "85",
        "frp": 56.09,
        "acq_date": "2026-04-02",
        "acq_time": "1338",
        "satellite": "MODIS/A",
        "daynight": "D",
        "scan": 1.64,
        "track": 1.26,
        "version": "6.1NRT"
      }
    },
    {
      "type": "Feature",
      "geometry": {
        "type": "Point",
        "coordinates": [
          9.47069,
          48.37273
        ]
      },
      "properties": {
        "latitude": 48.37273,
        "longitude": 9.47069,
        "brightness": 304.57,
        "confidence": "59",
        "frp": 13.13,
        "acq_date": "2026-04-02",
        "acq_time": "1338",
        "satellite": "MODIS/A",
        "daynight": "D",
        "scan": 1.46,
        "track": 1.2,
        "version": "6.1NRT"
      }
    },
    {
      "type": "Feature",
      "geometry": {
        "type": "Point",
        "coordinates": [
          8.63716,
          48.27186
        ]
      },
      "properties": {
        "latitude": 48.27186,
        "longitude": 8.63716,
        "brightness": 300.66,
        "confidence": "40",
        "frp": 11.11,
        "acq_date": "2026-04-02",
        "acq_time": "1338",
        "satellite": "MODIS/A",
        "daynight": "D",
        "scan": 1.61,
        "track": 1.25,
        "version": "6.1NRT"
      }
    },
    {
      "type": "Feature",
      "geometry": {
        "type": "Point",
        "coordinates": [
          9.09217,
          48.51389
        ]
      },
      "properties": {
        "latitude": 48.51389,
        "longitude": 9.09217,
        "brightness": 304.55,
        "confidence": "59",
        "frp": 12.44,
        "acq_date": "2026-04-02",
        "acq_time": "1338",
        "satellite": "MODIS/A",
        "daynight": "D",
        "scan": 1.51,
        "track": 1.21,
        "version": "6.1NRT"
      }
    },
    {
      "type": "Feature",
      "geometry": {
        "type": "Point",
        "coordinates": [
          9.14451,
          48.88853
        ]
      },
      "properties": {
        "latitude": 48.88853,
        "longitude": 9.14451,
        "brightness": 303.31,
        "confidence": "56",
        "frp": 9.02,
        "acq_date": "2026-04-02",
        "acq_time": "1338",
        "satellite": "MODIS/A",
        "daynight": "D",
        "scan": 1.47,
        "track": 1.2,
        "version": "6.1NRT"
      }
    },
    {
      "type": "Feature",
      "geometry": {
        "type": "Point",
        "coordinates": [
          9.85269,
          49.09455
        ]
      },
      "properties": {
        "latitude": 49.09455,
        "longitude": 9.85269,
        "brightness": 306.03,
        "confidence": "63",
        "frp": 12.19,
        "acq_date": "2026-04-02",
        "acq_time": "1338",
        "satellite": "MODIS/A",
        "daynight": "D",
        "scan": 1.35,
        "track": 1.15,
        "version": "6.1NRT"
      }
    },
    {
      "type": "Feature",
      "geometry": {
        "type": "Point",
        "coordinates": [
          8.87265,
          48.9172
        ]
      },
      "properties": {
        "latitude": 48.9172,
        "longitude": 8.87265,
        "brightness": 309.93,
        "confidence": "69",
        "frp": 18.76,
        "acq_date": "2026-04-02",
        "acq_time": "1338",
        "satellite": "MODIS/A",
        "daynight": "D",
        "scan": 1.51,
        "track": 1.21,
        "version": "6.1NRT"
      }
    },
    {
      "type": "Feature",
      "geometry": {
        "type": "Point",
        "coordinates": [
          9.05705,
          49.25948
        ]
      },
      "properties": {
        "latitude": 49.25948,
        "longitude": 9.05705,
        "brightness": 310.3,
        "confidence": "69",
        "frp": 15.87,
        "acq_date": "2026-04-02",
        "acq_time": "1338",
        "satellite": "MODIS/A",
        "daynight": "D",
        "scan": 1.45,
        "track": 1.19,
        "version": "6.1NRT"
      }
    },
    {
      "type": "Feature",
      "geometry": {
        "type": "Point",
        "coordinates": [
          9.48552,
          49.5493
        ]
      },
      "properties": {
        "latitude": 49.5493,
        "longitude": 9.48552,
        "brightness": 305.67,
        "confidence": "62",
        "frp": 11.4,
        "acq_date": "2026-04-02",
        "acq_time": "1338",
        "satellite": "MODIS/A",
        "daynight": "D",
        "scan": 1.37,
        "track": 1.16,
        "version": "6.1NRT"
      }
    },
    {
      "type": "Feature",
      "geometry": {
        "type": "Point",
        "coordinates": [
          9.83414,
          49.93566
        ]
      },
      "properties": {
        "latitude": 49.93566,
        "longitude": 9.83414,
        "brightness": 300.85,
        "confidence": "42",
        "frp": 5.84,
        "acq_date": "2026-04-02",
        "acq_time": "1338",
        "satellite": "MODIS/A",
        "daynight": "D",
        "scan": 1.3,
        "track": 1.13,
        "version": "6.1NRT"
      }
    },
    {
      "type": "Feature",
      "geometry": {
        "type": "Point",
        "coordinates": [
          9.82905,
          50.00953
        ]
      },
      "properties": {
        "latitude": 50.00953,
        "longitude": 9.82905,
        "brightness": 303.37,
        "confidence": "56",
        "frp": 8.41,
        "acq_date": "2026-04-02",
        "acq_time": "1338",
        "satellite": "MODIS/A",
        "daynight": "D",
        "scan": 1.29,
        "track": 1.13,
        "version": "6.1NRT"
      }
    },
    {
      "type": "Feature",
      "geometry": {
        "type": "Point",
        "coordinates": [
          8.9005,
          46.38298
        ]
      },
      "properties": {
        "latitude": 46.38298,
        "longitude": 8.9005,
        "brightness": 327.18,
        "confidence": "nominal",
        "frp": 3.37,
        "acq_date": "2026-04-02",
        "acq_time": "1229",
        "satellite": "NOAA-20/VIIRS",
        "daynight": "D",
        "scan": 0.44,
        "track": 0.38,
        "version": "2.0NRT"
      }
    },
    {
      "type": "Feature",
      "geometry": {
        "type": "Point",
        "coordinates": [
          4.34449,
          46.66549
        ]
      },
      "properties": {
        "latitude": 46.66549,
        "longitude": 4.34449,
        "brightness": 338.49,
        "confidence": "nominal",
        "frp": 3.33,
        "acq_date": "2026-04-02",
        "acq_time": "1229",
        "satellite": "NOAA-20/VIIRS",
        "daynight": "D",
        "scan": 0.39,
        "track": 0.36,
        "version": "2.0NRT"
      }
    },
    {
      "type": "Feature",
      "geometry": {
        "type": "Point",
        "coordinates": [
          7.56393,
          47.17492
        ]
      },
      "properties": {
        "latitude": 47.17492,
        "longitude": 7.56393,
        "brightness": 335.36,
        "confidence": "nominal",
        "frp": 4.15,
        "acq_date": "2026-04-02",
        "acq_time": "1229",
        "satellite": "NOAA-20/VIIRS",
        "daynight": "D",
        "scan": 0.41,
        "track": 0.37,
        "version": "2.0NRT"
      }
    },
    {
      "type": "Feature",
      "geometry": {
        "type": "Point",
        "coordinates": [
          -1.51116,
          47.22692
        ]
      },
      "properties": {
        "latitude": 47.22692,
        "longitude": -1.51116,
        "brightness": 333.79,
        "confidence": "nominal",
        "frp": 3.77,
        "acq_date": "2026-04-02",
        "acq_time": "1229",
        "satellite": "NOAA-20/VIIRS",
        "daynight": "D",
        "scan": 0.53,
        "track": 0.42,
        "version": "2.0NRT"
      }
    },
    {
      "type": "Feature",
      "geometry": {
        "type": "Point",
        "coordinates": [
          9.12709,
          48.99545
        ]
      },
      "properties": {
        "latitude": 48.99545,
        "longitude": 9.12709,
        "brightness": 326.95,
        "confidence": "nominal",
        "frp": 1.55,
        "acq_date": "2026-04-02",
        "acq_time": "1229",
        "satellite": "NOAA-20/VIIRS",
        "daynight": "D",
        "scan": 0.47,
        "track": 0.4,
        "version": "2.0NRT"
      }
    },
    {
      "type": "Feature",
      "geometry": {
        "type": "Point",
        "coordinates": [
          6.74604,
          49.34641
        ]
      },
      "properties": {
        "latitude": 49.34641,
        "longitude": 6.74604,
        "brightness": 341.39,
        "confidence": "nominal",
        "frp": 7.42,
        "acq_date": "2026-04-02",
        "acq_time": "1229",
        "satellite": "NOAA-20/VIIRS",
        "daynight": "D",
        "scan": 0.41,
        "track": 0.37,
        "version": "2.0NRT"
      }
    },
    {
      "type": "Feature",
      "geometry": {
        "type": "Point",
        "coordinates": [
          6.74859,
          49.35728
        ]
      },
      "properties": {
        "latitude": 49.35728,
        "longitude": 6.74859,
        "brightness": 328.97,
        "confidence": "nominal",
        "frp": 3.3,
        "acq_date": "2026-04-02",
        "acq_time": "1229",
        "satellite": "NOAA-20/VIIRS",
        "daynight": "D",
        "scan": 0.41,
        "track": 0.37,
        "version": "2.0NRT"
      }
    },
    {
      "type": "Feature",
      "geometry": {
        "type": "Point",
        "coordinates": [
          6.7199,
          43.43591
        ]
      },
      "properties": {
        "latitude": 43.43591,
        "longitude": 6.7199,
        "brightness": 336.12,
        "confidence": "nominal",
        "frp": 2.77,
        "acq_date": "2026-04-02",
        "acq_time": "1227",
        "satellite": "NOAA-20/VIIRS",
        "daynight": "D",
        "scan": 0.38,
        "track": 0.36,
        "version": "2.0NRT"
      }
    },
    {
      "type": "Feature",
      "geometry": {
        "type": "Point",
        "coordinates": [
          4.90015,
          43.44561
        ]
      },
      "properties": {
        "latitude": 43.44561,
        "longitude": 4.90015,
        "brightness": 339.21,
        "confidence": "nominal",
        "frp": 4.75,
        "acq_date": "2026-04-02",
        "acq_time": "1227",
        "satellite": "NOAA-20/VIIRS",
        "daynight": "D",
        "scan": 0.39,
        "track": 0.36,
        "version": "2.0NRT"
      }
    },
    {
      "type": "Feature",
      "geometry": {
        "type": "Point",
        "coordinates": [
          4.89911,
          43.44889
        ]
      },
      "properties": {
        "latitude": 43.44889,
        "longitude": 4.89911,
        "brightness": 331.22,
        "confidence": "nominal",
        "frp": 4.06,
        "acq_date": "2026-04-02",
        "acq_time": "1227",
        "satellite": "NOAA-20/VIIRS",
        "daynight": "D",
        "scan": 0.39,
        "track": 0.36,
        "version": "2.0NRT"
      }
    },
    {
      "type": "Feature",
      "geometry": {
        "type": "Point",
        "coordinates": [
          6.66216,
          43.80252
        ]
      },
      "properties": {
        "latitude": 43.80252,
        "longitude": 6.66216,
        "brightness": 327.99,
        "confidence": "nominal",
        "frp": 2.01,
        "acq_date": "2026-04-02",
        "acq_time": "1227",
        "satellite": "NOAA-20/VIIRS",
        "daynight": "D",
        "scan": 0.39,
        "track": 0.36,
        "version": "2.0NRT"
      }
    },
    {
      "type": "Feature",
      "geometry": {
        "type": "Point",
        "coordinates": [
          4.3465,
          43.57875
        ]
      },
      "properties": {
        "latitude": 43.57875,
        "longitude": 4.3465,
        "brightness": 332.68,
        "confidence": "nominal",
        "frp": 2.5,
        "acq_date": "2026-04-02",
        "acq_time": "1227",
        "satellite": "NOAA-20/VIIRS",
        "daynight": "D",
        "scan": 0.4,
        "track": 0.37,
        "version": "2.0NRT"
      }
    },
    {
      "type": "Feature",
      "geometry": {
        "type": "Point",
        "coordinates": [
          5.14761,
          43.7403
        ]
      },
      "properties": {
        "latitude": 43.7403,
        "longitude": 5.14761,
        "brightness": 345.13,
        "confidence": "nominal",
        "frp": 3.46,
        "acq_date": "2026-04-02",
        "acq_time": "1227",
        "satellite": "NOAA-20/VIIRS",
        "daynight": "D",
        "scan": 0.39,
        "track": 0.36,
        "version": "2.0NRT"
      }
    },
    {
      "type": "Feature",
      "geometry": {
        "type": "Point",
        "coordinates": [
          4.17425,
          43.62771
        ]
      },
      "properties": {
        "latitude": 43.62771,
        "longitude": 4.17425,
        "brightness": 339.12,
        "confidence": "nominal",
        "frp": 2.6,
        "acq_date": "2026-04-02",
        "acq_time": "1227",
        "satellite": "NOAA-20/VIIRS",
        "daynight": "D",
        "scan": 0.4,
        "track": 0.37,
        "version": "2.0NRT"
      }
    },
    {
      "type": "Feature",
      "geometry": {
        "type": "Point",
        "coordinates": [
          4.07385,
          43.6979
        ]
      },
      "properties": {
        "latitude": 43.6979,
        "longitude": 4.07385,
        "brightness": 329.75,
        "confidence": "nominal",
        "frp": 2.29,
        "acq_date": "2026-04-02",
        "acq_time": "1227",
        "satellite": "NOAA-20/VIIRS",
        "daynight": "D",
        "scan": 0.4,
        "track": 0.37,
        "version": "2.0NRT"
      }
    },
    {
      "type": "Feature",
      "geometry": {
        "type": "Point",
        "coordinates": [
          8.32202,
          44.35393
        ]
      },
      "properties": {
        "latitude": 44.35393,
        "longitude": 8.32202,
        "brightness": 336.74,
        "confidence": "nominal",
        "frp": 1.93,
        "acq_date": "2026-04-02",
        "acq_time": "1227",
        "satellite": "NOAA-20/VIIRS",
        "daynight": "D",
        "scan": 0.41,
        "track": 0.37,
        "version": "2.0NRT"
      }
    },
    {
      "type": "Feature",
      "geometry": {
        "type": "Point",
        "coordinates": [
          7.62026,
          45.02275
        ]
      },
      "properties": {
        "latitude": 45.02275,
        "longitude": 7.62026,
        "brightness": 328.43,
        "confidence": "low",
        "frp": 13.52,
        "acq_date": "2026-04-02",
        "acq_time": "1227",
        "satellite": "NOAA-20/VIIRS",
        "daynight": "D",
        "scan": 0.4,
        "track": 0.37,
        "version": "2.0NRT"
      }
    },
    {
      "type": "Feature",
      "geometry": {
        "type": "Point",
        "coordinates": [
          7.61524,
          45.02206
        ]
      },
      "properties": {
        "latitude": 45.02206,
        "longitude": 7.61524,
        "brightness": 342.54,
        "confidence": "nominal",
        "frp": 13.52,
        "acq_date": "2026-04-02",
        "acq_time": "1227",
        "satellite": "NOAA-20/VIIRS",
        "daynight": "D",
        "scan": 0.4,
        "track": 0.37,
        "version": "2.0NRT"
      }
    },
    {
      "type": "Feature",
      "geometry": {
        "type": "Point",
        "coordinates": [
          7.61935,
          45.02609
        ]
      },
      "properties": {
        "latitude": 45.02609,
        "longitude": 7.61935,
        "brightness": 348.48,
        "confidence": "nominal",
        "frp": 13.52,
        "acq_date": "2026-04-02",
        "acq_time": "1227",
        "satellite": "NOAA-20/VIIRS",
        "daynight": "D",
        "scan": 0.4,
        "track": 0.37,
        "version": "2.0NRT"
      }
    },
    {
      "type": "Feature",
      "geometry": {
        "type": "Point",
        "coordinates": [
          7.61433,
          45.02539
        ]
      },
      "properties": {
        "latitude": 45.02539,
        "longitude": 7.61433,
        "brightness": 339.46,
        "confidence": "nominal",
        "frp": 13.52,
        "acq_date": "2026-04-02",
        "acq_time": "1227",
        "satellite": "NOAA-20/VIIRS",
        "daynight": "D",
        "scan": 0.4,
        "track": 0.37,
        "version": "2.0NRT"
      }
    },
    {
      "type": "Feature",
      "geometry": {
        "type": "Point",
        "coordinates": [
          7.62179,
          45.028
        ]
      },
      "properties": {
        "latitude": 45.028,
        "longitude": 7.62179,
        "brightness": 337.67,
        "confidence": "nominal",
        "frp": 16.92,
        "acq_date": "2026-04-02",
        "acq_time": "1227",
        "satellite": "NOAA-20/VIIRS",
        "daynight": "D",
        "scan": 0.4,
        "track": 0.37,
        "version": "2.0NRT"
      }
    },
    {
      "type": "Feature",
      "geometry": {
        "type": "Point",
        "coordinates": [
          7.61175,
          45.02664
        ]
      },
      "properties": {
        "latitude": 45.02664,
        "longitude": 7.61175,
        "brightness": 332.82,
        "confidence": "nominal",
        "frp": 9.61,
        "acq_date": "2026-04-02",
        "acq_time": "1227",
        "satellite": "NOAA-20/VIIRS",
        "daynight": "D",
        "scan": 0.4,
        "track": 0.37,
        "version": "2.0NRT"
      }
    },
    {
      "type": "Feature",
      "geometry": {
        "type": "Point",
        "coordinates": [
          7.61586,
          45.03065
        ]
      },
      "properties": {
        "latitude": 45.03065,
        "longitude": 7.61586,
        "brightness": 341.6,
        "confidence": "nominal",
        "frp": 16.92,
        "acq_date": "2026-04-02",
        "acq_time": "1227",
        "satellite": "NOAA-20/VIIRS",
        "daynight": "D",
        "scan": 0.4,
        "track": 0.37,
        "version": "2.0NRT"
      }
    },
    {
      "type": "Feature",
      "geometry": {
        "type": "Point",
        "coordinates": [
          3.84357,
          44.50352
        ]
      },
      "properties": {
        "latitude": 44.50352,
        "longitude": 3.84357,
        "brightness": 332.04,
        "confidence": "nominal",
        "frp": 5.78,
        "acq_date": "2026-04-02",
        "acq_time": "1227",
        "satellite": "NOAA-20/VIIRS",
        "daynight": "D",
        "scan": 0.4,
        "track": 0.37,
        "version": "2.0NRT"
      }
    },
    {
      "type": "Feature",
      "geometry": {
        "type": "Point",
        "coordinates": [
          7.71369,
          45.11319
        ]
      },
      "properties": {
        "latitude": 45.11319,
        "longitude": 7.71369,
        "brightness": 331.01,
        "confidence": "nominal",
        "frp": 2.11,
        "acq_date": "2026-04-02",
        "acq_time": "1227",
        "satellite": "NOAA-20/VIIRS",
        "daynight": "D",
        "scan": 0.4,
        "track": 0.37,
        "version": "2.0NRT"
      }
    },
    {
      "type": "Feature",
      "geometry": {
        "type": "Point",
        "coordinates": [
          4.79546,
          45.30452
        ]
      },
      "properties": {
        "latitude": 45.30452,
        "longitude": 4.79546,
        "brightness": 328.68,
        "confidence": "nominal",
        "frp": 1.21,
        "acq_date": "2026-04-02",
        "acq_time": "1227",
        "satellite": "NOAA-20/VIIRS",
        "daynight": "D",
        "scan": 0.39,
        "track": 0.36,
        "version": "2.0NRT"
      }
    },
    {
      "type": "Feature",
      "geometry": {
        "type": "Point",
        "coordinates": [
          7.50946,
          45.77229
        ]
      },
      "properties": {
        "latitude": 45.77229,
        "longitude": 7.50946,
        "brightness": 348.7,
        "confidence": "nominal",
        "frp": 9.58,
        "acq_date": "2026-04-02",
        "acq_time": "1227",
        "satellite": "NOAA-20/VIIRS",
        "daynight": "D",
        "scan": 0.4,
        "track": 0.37,
        "version": "2.0NRT"
      }
    },
    {
      "type": "Feature",
      "geometry": {
        "type": "Point",
        "coordinates": [
          7.56373,
          47.17382
        ]
      },
      "properties": {
        "latitude": 47.17382,
        "longitude": 7.56373,
        "brightness": 330.12,
        "confidence": "nominal",
        "frp": 3.57,
        "acq_date": "2026-04-02",
        "acq_time": "1210",
        "satellite": "Suomi-NPP/VIIRS",
        "daynight": "D",
        "scan": 0.43,
        "track": 0.38,
        "version": "2.0NRT"
      }
    },
    {
      "type": "Feature",
      "geometry": {
        "type": "Point",
        "coordinates": [
          8.83869,
          47.8236
        ]
      },
      "properties": {
        "latitude": 47.8236,
        "longitude": 8.83869,
        "brightness": 346.51,
        "confidence": "nominal",
        "frp": 16.21,
        "acq_date": "2026-04-02",
        "acq_time": "1210",
        "satellite": "Suomi-NPP/VIIRS",
        "daynight": "D",
        "scan": 0.4,
        "track": 0.37,
        "version": "2.0NRT"
      }
    },
    {
      "type": "Feature",
      "geometry": {
        "type": "Point",
        "coordinates": [
          9.07048,
          47.98429
        ]
      },
      "properties": {
        "latitude": 47.98429,
        "longitude": 9.07048,
        "brightness": 345.88,
        "confidence": "nominal",
        "frp": 3.28,
        "acq_date": "2026-04-02",
        "acq_time": "1210",
        "satellite": "Suomi-NPP/VIIRS",
        "daynight": "D",
        "scan": 0.4,
        "track": 0.37,
        "version": "2.0NRT"
      }
    },
    {
      "type": "Feature",
      "geometry": {
        "type": "Point",
        "coordinates": [
          9.06923,
          47.98759
        ]
      },
      "properties": {
        "latitude": 47.98759,
        "longitude": 9.06923,
        "brightness": 345.82,
        "confidence": "nominal",
        "frp": 3.28,
        "acq_date": "2026-04-02",
        "acq_time": "1210",
        "satellite": "Suomi-NPP/VIIRS",
        "daynight": "D",
        "scan": 0.4,
        "track": 0.37,
        "version": "2.0NRT"
      }
    },
    {
      "type": "Feature",
      "geometry": {
        "type": "Point",
        "coordinates": [
          9.11255,
          48.04151
        ]
      },
      "properties": {
        "latitude": 48.04151,
        "longitude": 9.11255,
        "brightness": 344.68,
        "confidence": "nominal",
        "frp": 17.44,
        "acq_date": "2026-04-02",
        "acq_time": "1210",
        "satellite": "Suomi-NPP/VIIRS",
        "daynight": "D",
        "scan": 0.39,
        "track": 0.36,
        "version": "2.0NRT"
      }
    },
    {
      "type": "Feature",
      "geometry": {
        "type": "Point",
        "coordinates": [
          8.56135,
          48.00579
        ]
      },
      "properties": {
        "latitude": 48.00579,
        "longitude": 8.56135,
        "brightness": 340.1,
        "confidence": "nominal",
        "frp": 11.27,
        "acq_date": "2026-04-02",
        "acq_time": "1210",
        "satellite": "Suomi-NPP/VIIRS",
        "daynight": "D",
        "scan": 0.4,
        "track": 0.37,
        "version": "2.0NRT"
      }
    },
    {
      "type": "Feature",
      "geometry": {
        "type": "Point",
        "coordinates": [
          8.64211,
          48.0447
        ]
      },
      "properties": {
        "latitude": 48.0447,
        "longitude": 8.64211,
        "brightness": 342.32,
        "confidence": "nominal",
        "frp": 4.59,
        "acq_date": "2026-04-02",
        "acq_time": "1210",
        "satellite": "Suomi-NPP/VIIRS",
        "daynight": "D",
        "scan": 0.4,
        "track": 0.37,
        "version": "2.0NRT"
      }
    },
    {
      "type": "Feature",
      "geometry": {
        "type": "Point",
        "coordinates": [
          8.51028,
          48.04328
        ]
      },
      "properties": {
        "latitude": 48.04328,
        "longitude": 8.51028,
        "brightness": 346.66,
        "confidence": "nominal",
        "frp": 3.1,
        "acq_date": "2026-04-02",
        "acq_time": "1210",
        "satellite": "Suomi-NPP/VIIRS",
        "daynight": "D",
        "scan": 0.4,
        "track": 0.37,
        "version": "2.0NRT"
      }
    },
    {
      "type": "Feature",
      "geometry": {
        "type": "Point",
        "coordinates": [
          9.22732,
          48.47813
        ]
      },
      "properties": {
        "latitude": 48.47813,
        "longitude": 9.22732,
        "brightness": 335.07,
        "confidence": "nominal",
        "frp": 3.41,
        "acq_date": "2026-04-02",
        "acq_time": "1210",
        "satellite": "Suomi-NPP/VIIRS",
        "daynight": "D",
        "scan": 0.39,
        "track": 0.36,
        "version": "2.0NRT"
      }
    },
    {
      "type": "Feature",
      "geometry": {
        "type": "Point",
        "coordinates": [
          8.75126,
          48.43314
        ]
      },
      "properties": {
        "latitude": 48.43314,
        "longitude": 8.75126,
        "brightness": 336.17,
        "confidence": "nominal",
        "frp": 2.75,
        "acq_date": "2026-04-02",
        "acq_time": "1210",
        "satellite": "Suomi-NPP/VIIRS",
        "daynight": "D",
        "scan": 0.4,
        "track": 0.37,
        "version": "2.0NRT"
      }
    },
    {
      "type": "Feature",
      "geometry": {
        "type": "Point",
        "coordinates": [
          6.05717,
          48.88711
        ]
      },
      "properties": {
        "latitude": 48.88711,
        "longitude": 6.05717,
        "brightness": 332.93,
        "confidence": "nominal",
        "frp": 7.84,
        "acq_date": "2026-04-02",
        "acq_time": "1210",
        "satellite": "Suomi-NPP/VIIRS",
        "daynight": "D",
        "scan": 0.45,
        "track": 0.39,
        "version": "2.0NRT"
      }
    },
    {
      "type": "Feature",
      "geometry": {
        "type": "Point",
        "coordinates": [
          7.45357,
          49.21694
        ]
      },
      "properties": {
        "latitude": 49.21694,
        "longitude": 7.45357,
        "brightness": 340.55,
        "confidence": "nominal",
        "frp": 2.24,
        "acq_date": "2026-04-02",
        "acq_time": "1210",
        "satellite": "Suomi-NPP/VIIRS",
        "daynight": "D",
        "scan": 0.41,
        "track": 0.37,
        "version": "2.0NRT"
      }
    },
    {
      "type": "Feature",
      "geometry": {
        "type": "Point",
        "coordinates": [
          6.87846,
          49.32492
        ]
      },
      "properties": {
        "latitude": 49.32492,
        "longitude": 6.87846,
        "brightness": 337.72,
        "confidence": "nominal",
        "frp": 2.91,
        "acq_date": "2026-04-02",
        "acq_time": "1210",
        "satellite": "Suomi-NPP/VIIRS",
        "daynight": "D",
        "scan": 0.42,
        "track": 0.38,
        "version": "2.0NRT"
      }
    },
    {
      "type": "Feature",
      "geometry": {
        "type": "Point",
        "coordinates": [
          8.09542,
          49.55188
        ]
      },
      "properties": {
        "latitude": 49.55188,
        "longitude": 8.09542,
        "brightness": 343.79,
        "confidence": "nominal",
        "frp": 2.53,
        "acq_date": "2026-04-02",
        "acq_time": "1210",
        "satellite": "Suomi-NPP/VIIRS",
        "daynight": "D",
        "scan": 0.4,
        "track": 0.37,
        "version": "2.0NRT"
      }
    },
    {
      "type": "Feature",
      "geometry": {
        "type": "Point",
        "coordinates": [
          6.7451,
          49.34753
        ]
      },
      "properties": {
        "latitude": 49.34753,
        "longitude": 6.7451,
        "brightness": 333.98,
        "confidence": "nominal",
        "frp": 2.46,
        "acq_date": "2026-04-02",
        "acq_time": "1210",
        "satellite": "Suomi-NPP/VIIRS",
        "daynight": "D",
        "scan": 0.42,
        "track": 0.38,
        "version": "2.0NRT"
      }
    },
    {
      "type": "Feature",
      "geometry": {
        "type": "Point",
        "coordinates": [
          7.13568,
          49.54092
        ]
      },
      "properties": {
        "latitude": 49.54092,
        "longitude": 7.13568,
        "brightness": 346.32,
        "confidence": "nominal",
        "frp": 2.91,
        "acq_date": "2026-04-02",
        "acq_time": "1210",
        "satellite": "Suomi-NPP/VIIRS",
        "daynight": "D",
        "scan": 0.41,
        "track": 0.37,
        "version": "2.0NRT"
      }
    },
    {
      "type": "Feature",
      "geometry": {
        "type": "Point",
        "coordinates": [
          7.2161,
          49.78677
        ]
      },
      "properties": {
        "latitude": 49.78677,
        "longitude": 7.2161,
        "brightness": 337.01,
        "confidence": "nominal",
        "frp": 4.85,
        "acq_date": "2026-04-02",
        "acq_time": "1210",
        "satellite": "Suomi-NPP/VIIRS",
        "daynight": "D",
        "scan": 0.41,
        "track": 0.37,
        "version": "2.0NRT"
      }
    },
    {
      "type": "Feature",
      "geometry": {
        "type": "Point",
        "coordinates": [
          7.21472,
          49.79011
        ]
      },
      "properties": {
        "latitude": 49.79011,
        "longitude": 7.21472,
        "brightness": 339.15,
        "confidence": "nominal",
        "frp": 3.29,
        "acq_date": "2026-04-02",
        "acq_time": "1210",
        "satellite": "Suomi-NPP/VIIRS",
        "daynight": "D",
        "scan": 0.41,
        "track": 0.37,
        "version": "2.0NRT"
      }
    },
    {
      "type": "Feature",
      "geometry": {
        "type": "Point",
        "coordinates": [
          7.92355,
          50.53156
        ]
      },
      "properties": {
        "latitude": 50.53156,
        "longitude": 7.92355,
        "brightness": 336.32,
        "confidence": "nominal",
        "frp": 2.04,
        "acq_date": "2026-04-02",
        "acq_time": "1210",
        "satellite": "Suomi-NPP/VIIRS",
        "daynight": "D",
        "scan": 0.39,
        "track": 0.36,
        "version": "2.0NRT"
      }
    },
    {
      "type": "Feature",
      "geometry": {
        "type": "Point",
        "coordinates": [
          4.34521,
          43.582
        ]
      },
      "properties": {
        "latitude": 43.582,
        "longitude": 4.34521,
        "brightness": 330.62,
        "confidence": "nominal",
        "frp": 2.29,
        "acq_date": "2026-04-02",
        "acq_time": "1208",
        "satellite": "Suomi-NPP/VIIRS",
        "daynight": "D",
        "scan": 0.44,
        "track": 0.46,
        "version": "2.0NRT"
      }
    },
    {
      "type": "Feature",
      "geometry": {
        "type": "Point",
        "coordinates": [
          9.81501,
          45.34662
        ]
      },
      "properties": {
        "latitude": 45.34662,
        "longitude": 9.81501,
        "brightness": 331.32,
        "confidence": "nominal",
        "frp": 3.67,
        "acq_date": "2026-04-02",
        "acq_time": "1208",
        "satellite": "Suomi-NPP/VIIRS",
        "daynight": "D",
        "scan": 0.4,
        "track": 0.37,
        "version": "2.0NRT"
      }
    },
    {
      "type": "Feature",
      "geometry": {
        "type": "Point",
        "coordinates": [
          8.65996,
          45.15728
        ]
      },
      "properties": {
        "latitude": 45.15728,
        "longitude": 8.65996,
        "brightness": 325.47,
        "confidence": "low",
        "frp": 1.68,
        "acq_date": "2026-04-02",
        "acq_time": "1208",
        "satellite": "Suomi-NPP/VIIRS",
        "daynight": "D",
        "scan": 0.43,
        "track": 0.38,
        "version": "2.0NRT"
      }
    },
    {
      "type": "Feature",
      "geometry": {
        "type": "Point",
        "coordinates": [
          7.55935,
          45.013
        ]
      },
      "properties": {
        "latitude": 45.013,
        "longitude": 7.55935,
        "brightness": 335.29,
        "confidence": "nominal",
        "frp": 4.01,
        "acq_date": "2026-04-02",
        "acq_time": "1208",
        "satellite": "Suomi-NPP/VIIRS",
        "daynight": "D",
        "scan": 0.46,
        "track": 0.39,
        "version": "2.0NRT"
      }
    },
    {
      "type": "Feature",
      "geometry": {
        "type": "Point",
        "coordinates": [
          9.47782,
          45.4081
        ]
      },
      "properties": {
        "latitude": 45.4081,
        "longitude": 9.47782,
        "brightness": 336.31,
        "confidence": "nominal",
        "frp": 2.5,
        "acq_date": "2026-04-02",
        "acq_time": "1208",
        "satellite": "Suomi-NPP/VIIRS",
        "daynight": "D",
        "scan": 0.41,
        "track": 0.37,
        "version": "2.0NRT"
      }
    },
    {
      "type": "Feature",
      "geometry": {
        "type": "Point",
        "coordinates": [
          7.72381,
          45.10941
        ]
      },
      "properties": {
        "latitude": 45.10941,
        "longitude": 7.72381,
        "brightness": 346.71,
        "confidence": "nominal",
        "frp": 4.46,
        "acq_date": "2026-04-02",
        "acq_time": "1208",
        "satellite": "Suomi-NPP/VIIRS",
        "daynight": "D",
        "scan": 0.45,
        "track": 0.39,
        "version": "2.0NRT"
      }
    },
    {
      "type": "Feature",
      "geometry": {
        "type": "Point",
        "coordinates": [
          7.71815,
          45.10831
        ]
      },
      "properties": {
        "latitude": 45.10831,
        "longitude": 7.71815,
        "brightness": 342.66,
        "confidence": "nominal",
        "frp": 4.35,
        "acq_date": "2026-04-02",
        "acq_time": "1208",
        "satellite": "Suomi-NPP/VIIRS",
        "daynight": "D",
        "scan": 0.45,
        "track": 0.39,
        "version": "2.0NRT"
      }
    },
    {
      "type": "Feature",
      "geometry": {
        "type": "Point",
        "coordinates": [
          7.72246,
          45.11291
        ]
      },
      "properties": {
        "latitude": 45.11291,
        "longitude": 7.72246,
        "brightness": 338.78,
        "confidence": "nominal",
        "frp": 4.46,
        "acq_date": "2026-04-02",
        "acq_time": "1208",
        "satellite": "Suomi-NPP/VIIRS",
        "daynight": "D",
        "scan": 0.45,
        "track": 0.39,
        "version": "2.0NRT"
      }
    },
    {
      "type": "Feature",
      "geometry": {
        "type": "Point",
        "coordinates": [
          9.23429,
          45.51736
        ]
      },
      "properties": {
        "latitude": 45.51736,
        "longitude": 9.23429,
        "brightness": 334.96,
        "confidence": "nominal",
        "frp": 1.43,
        "acq_date": "2026-04-02",
        "acq_time": "1208",
        "satellite": "Suomi-NPP/VIIRS",
        "daynight": "D",
        "scan": 0.41,
        "track": 0.37,
        "version": "2.0NRT"
      }
    },
    {
      "type": "Feature",
      "geometry": {
        "type": "Point",
        "coordinates": [
          9.28797,
          45.54429
        ]
      },
      "properties": {
        "latitude": 45.54429,
        "longitude": 9.28797,
        "brightness": 335.09,
        "confidence": "nominal",
        "frp": 2.53,
        "acq_date": "2026-04-02",
        "acq_time": "1208",
        "satellite": "Suomi-NPP/VIIRS",
        "daynight": "D",
        "scan": 0.41,
        "track": 0.37,
        "version": "2.0NRT"
      }
    },
    {
      "type": "Feature",
      "geometry": {
        "type": "Point",
        "coordinates": [
          9.29741,
          45.56382
        ]
      },
      "properties": {
        "latitude": 45.56382,
        "longitude": 9.29741,
        "brightness": 326.67,
        "confidence": "low",
        "frp": 1.29,
        "acq_date": "2026-04-02",
        "acq_time": "1208",
        "satellite": "Suomi-NPP/VIIRS",
        "daynight": "D",
        "scan": 0.41,
        "track": 0.37,
        "version": "2.0NRT"
      }
    },
    {
      "type": "Feature",
      "geometry": {
        "type": "Point",
        "coordinates": [
          9.23017,
          45.59823
        ]
      },
      "properties": {
        "latitude": 45.59823,
        "longitude": 9.23017,
        "brightness": 325.52,
        "confidence": "nominal",
        "frp": 1.38,
        "acq_date": "2026-04-02",
        "acq_time": "1208",
        "satellite": "Suomi-NPP/VIIRS",
        "daynight": "D",
        "scan": 0.41,
        "track": 0.37,
        "version": "2.0NRT"
      }
    },
    {
      "type": "Feature",
      "geometry": {
        "type": "Point",
        "coordinates": [
          9.53792,
          45.69127
        ]
      },
      "properties": {
        "latitude": 45.69127,
        "longitude": 9.53792,
        "brightness": 325.25,
        "confidence": "low",
        "frp": 1.75,
        "acq_date": "2026-04-02",
        "acq_time": "1208",
        "satellite": "Suomi-NPP/VIIRS",
        "daynight": "D",
        "scan": 0.4,
        "track": 0.37,
        "version": "2.0NRT"
      }
    },
    {
      "type": "Feature",
      "geometry": {
        "type": "Point",
        "coordinates": [
          9.6096,
          45.71803
        ]
      },
      "properties": {
        "latitude": 45.71803,
        "longitude": 9.6096,
        "brightness": 336.48,
        "confidence": "nominal",
        "frp": 2.74,
        "acq_date": "2026-04-02",
        "acq_time": "1208",
        "satellite": "Suomi-NPP/VIIRS",
        "daynight": "D",
        "scan": 0.4,
        "track": 0.37,
        "version": "2.0NRT"
      }
    },
    {
      "type": "Feature",
      "geometry": {
        "type": "Point",
        "coordinates": [
          8.87953,
          45.609
        ]
      },
      "properties": {
        "latitude": 45.609,
        "longitude": 8.87953,
        "brightness": 339.28,
        "confidence": "nominal",
        "frp": 2.8,
        "acq_date": "2026-04-02",
        "acq_time": "1208",
        "satellite": "Suomi-NPP/VIIRS",
        "daynight": "D",
        "scan": 0.42,
        "track": 0.37,
        "version": "2.0NRT"
      }
    },
    {
      "type": "Feature",
      "geometry": {
        "type": "Point",
        "coordinates": [
          8.39063,
          45.76845
        ]
      },
      "properties": {
        "latitude": 45.76845,
        "longitude": 8.39063,
        "brightness": 326.05,
        "confidence": "nominal",
        "frp": 2.35,
        "acq_date": "2026-04-02",
        "acq_time": "1208",
        "satellite": "Suomi-NPP/VIIRS",
        "daynight": "D",
        "scan": 0.43,
        "track": 0.38,
        "version": "2.0NRT"
      }
    },
    {
      "type": "Feature",
      "geometry": {
        "type": "Point",
        "coordinates": [
          8.38931,
          45.77185
        ]
      },
      "properties": {
        "latitude": 45.77185,
        "longitude": 8.38931,
        "brightness": 340.26,
        "confidence": "nominal",
        "frp": 6.86,
        "acq_date": "2026-04-02",
        "acq_time": "1208",
        "satellite": "Suomi-NPP/VIIRS",
        "daynight": "D",
        "scan": 0.43,
        "track": 0.38,
        "version": "2.0NRT"
      }
    },
    {
      "type": "Feature",
      "geometry": {
        "type": "Point",
        "coordinates": [
          9.81555,
          46.16394
        ]
      },
      "properties": {
        "latitude": 46.16394,
        "longitude": 9.81555,
        "brightness": 337.58,
        "confidence": "nominal",
        "frp": 2.94,
        "acq_date": "2026-04-02",
        "acq_time": "1208",
        "satellite": "Suomi-NPP/VIIRS",
        "daynight": "D",
        "scan": 0.4,
        "track": 0.37,
        "version": "2.0NRT"
      }
    },
    {
      "type": "Feature",
      "geometry": {
        "type": "Point",
        "coordinates": [
          7.50727,
          45.7732
        ]
      },
      "properties": {
        "latitude": 45.7732,
        "longitude": 7.50727,
        "brightness": 345.51,
        "confidence": "nominal",
        "frp": 14.21,
        "acq_date": "2026-04-02",
        "acq_time": "1208",
        "satellite": "Suomi-NPP/VIIRS",
        "daynight": "D",
        "scan": 0.45,
        "track": 0.39,
        "version": "2.0NRT"
      }
    },
    {
      "type": "Feature",
      "geometry": {
        "type": "Point",
        "coordinates": [
          1.66099,
          41.31182
        ]
      },
      "properties": {
        "latitude": 41.31182,
        "longitude": 1.66099,
        "brightness": 308.07,
        "confidence": "nominal",
        "frp": 1.15,
        "acq_date": "2026-04-02",
        "acq_time": "0245",
        "satellite": "NOAA-20/VIIRS",
        "daynight": "N",
        "scan": 0.43,
        "track": 0.62,
        "version": "2.0NRT"
      }
    },
    {
      "type": "Feature",
      "geometry": {
        "type": "Point",
        "coordinates": [
          -3.97387,
          41.61349
        ]
      },
      "properties": {
        "latitude": 41.61349,
        "longitude": -3.97387,
        "brightness": 305.02,
        "confidence": "nominal",
        "frp": 1.34,
        "acq_date": "2026-04-02",
        "acq_time": "0245",
        "satellite": "NOAA-20/VIIRS",
        "daynight": "N",
        "scan": 0.44,
        "track": 0.46,
        "version": "2.0NRT"
      }
    },
    {
      "type": "Feature",
      "geometry": {
        "type": "Point",
        "coordinates": [
          -3.96882,
          41.61231
        ]
      },
      "properties": {
        "latitude": 41.61231,
        "longitude": -3.96882,
        "brightness": 301.28,
        "confidence": "nominal",
        "frp": 1.34,
        "acq_date": "2026-04-02",
        "acq_time": "0245",
        "satellite": "NOAA-20/VIIRS",
        "daynight": "N",
        "scan": 0.44,
        "track": 0.46,
        "version": "2.0NRT"
      }
    },
    {
      "type": "Feature",
      "geometry": {
        "type": "Point",
        "coordinates": [
          6.111,
          48.6124
        ]
      },
      "properties": {
        "latitude": 48.6124,
        "longitude": 6.111,
        "brightness": 309.0,
        "confidence": "nominal",
        "frp": 1.25,
        "acq_date": "2026-04-02",
        "acq_time": "0243",
        "satellite": "NOAA-20/VIIRS",
        "daynight": "N",
        "scan": 0.41,
        "track": 0.6,
        "version": "2.0NRT"
      }
    },
    {
      "type": "Feature",
      "geometry": {
        "type": "Point",
        "coordinates": [
          4.56353,
          48.76886
        ]
      },
      "properties": {
        "latitude": 48.76886,
        "longitude": 4.56353,
        "brightness": 300.36,
        "confidence": "nominal",
        "frp": 0.62,
        "acq_date": "2026-04-02",
        "acq_time": "0243",
        "satellite": "NOAA-20/VIIRS",
        "daynight": "N",
        "scan": 0.34,
        "track": 0.56,
        "version": "2.0NRT"
      }
    },
    {
      "type": "Feature",
      "geometry": {
        "type": "Point",
        "coordinates": [
          3.80319,
          47.82157
        ]
      },
      "properties": {
        "latitude": 47.82157,
        "longitude": 3.80319,
        "brightness": 297.77,
        "confidence": "nominal",
        "frp": 0.68,
        "acq_date": "2026-04-02",
        "acq_time": "0243",
        "satellite": "NOAA-20/VIIRS",
        "daynight": "N",
        "scan": 0.34,
        "track": 0.56,
        "version": "2.0NRT"
      }
    },
    {
      "type": "Feature",
      "geometry": {
        "type": "Point",
        "coordinates": [
          3.80725,
          47.8204
        ]
      },
      "properties": {
        "latitude": 47.8204,
        "longitude": 3.80725,
        "brightness": 297.45,
        "confidence": "nominal",
        "frp": 0.68,
        "acq_date": "2026-04-02",
        "acq_time": "0243",
        "satellite": "NOAA-20/VIIRS",
        "daynight": "N",
        "scan": 0.34,
        "track": 0.56,
        "version": "2.0NRT"
      }
    },
    {
      "type": "Feature",
      "geometry": {
        "type": "Point",
        "coordinates": [
          3.81124,
          47.81925
        ]
      },
      "properties": {
        "latitude": 47.81925,
        "longitude": 3.81124,
        "brightness": 301.1,
        "confidence": "nominal",
        "frp": 1.25,
        "acq_date": "2026-04-02",
        "acq_time": "0243",
        "satellite": "NOAA-20/VIIRS",
        "daynight": "N",
        "scan": 0.34,
        "track": 0.56,
        "version": "2.0NRT"
      }
    },
    {
      "type": "Feature",
      "geometry": {
        "type": "Point",
        "coordinates": [
          9.94296,
          45.14597
        ]
      },
      "properties": {
        "latitude": 45.14597,
        "longitude": 9.94296,
        "brightness": 298.55,
        "confidence": "nominal",
        "frp": 2.33,
        "acq_date": "2026-04-02",
        "acq_time": "0243",
        "satellite": "NOAA-20/VIIRS",
        "daynight": "N",
        "scan": 0.77,
        "track": 0.77,
        "version": "2.0NRT"
      }
    },
    {
      "type": "Feature",
      "geometry": {
        "type": "Point",
        "coordinates": [
          9.94316,
          45.1485
        ]
      },
      "properties": {
        "latitude": 45.1485,
        "longitude": 9.94316,
        "brightness": 303.94,
        "confidence": "nominal",
        "frp": 1.67,
        "acq_date": "2026-04-02",
        "acq_time": "0243",
        "satellite": "NOAA-20/VIIRS",
        "daynight": "N",
        "scan": 0.77,
        "track": 0.77,
        "version": "2.0NRT"
      }
    },
    {
      "type": "Feature",
      "geometry": {
        "type": "Point",
        "coordinates": [
          7.90946,
          43.9977
        ]
      },
      "properties": {
        "latitude": 43.9977,
        "longitude": 7.90946,
        "brightness": 301.18,
        "confidence": "nominal",
        "frp": 1.41,
        "acq_date": "2026-04-02",
        "acq_time": "0243",
        "satellite": "NOAA-20/VIIRS",
        "daynight": "N",
        "scan": 0.69,
        "track": 0.74,
        "version": "2.0NRT"
      }
    },
    {
      "type": "Feature",
      "geometry": {
        "type": "Point",
        "coordinates": [
          7.90871,
          44.00297
        ]
      },
      "properties": {
        "latitude": 44.00297,
        "longitude": 7.90871,
        "brightness": 307.38,
        "confidence": "nominal",
        "frp": 1.65,
        "acq_date": "2026-04-02",
        "acq_time": "0243",
        "satellite": "NOAA-20/VIIRS",
        "daynight": "N",
        "scan": 0.69,
        "track": 0.74,
        "version": "2.0NRT"
      }
    },
    {
      "type": "Feature",
      "geometry": {
        "type": "Point",
        "coordinates": [
          4.89707,
          43.45053
        ]
      },
      "properties": {
        "latitude": 43.45053,
        "longitude": 4.89707,
        "brightness": 313.0,
        "confidence": "nominal",
        "frp": 1.3,
        "acq_date": "2026-04-02",
        "acq_time": "0243",
        "satellite": "NOAA-20/VIIRS",
        "daynight": "N",
        "scan": 0.52,
        "track": 0.67,
        "version": "2.0NRT"
      }
    },
    {
      "type": "Feature",
      "geometry": {
        "type": "Point",
        "coordinates": [
          4.89366,
          43.44486
        ]
      },
      "properties": {
        "latitude": 43.44486,
        "longitude": 4.89366,
        "brightness": 295.21,
        "confidence": "nominal",
        "frp": 1.01,
        "acq_date": "2026-04-02",
        "acq_time": "0243",
        "satellite": "NOAA-20/VIIRS",
        "daynight": "N",
        "scan": 0.52,
        "track": 0.67,
        "version": "2.0NRT"
      }
    },
    {
      "type": "Feature",
      "geometry": {
        "type": "Point",
        "coordinates": [
          4.89028,
          43.43918
        ]
      },
      "properties": {
        "latitude": 43.43918,
        "longitude": 4.89028,
        "brightness": 296.77,
        "confidence": "nominal",
        "frp": 1.01,
        "acq_date": "2026-04-02",
        "acq_time": "0243",
        "satellite": "NOAA-20/VIIRS",
        "daynight": "N",
        "scan": 0.52,
        "track": 0.67,
        "version": "2.0NRT"
      }
    },
    {
      "type": "Feature",
      "geometry": {
        "type": "Point",
        "coordinates": [
          5.01234,
          43.3801
        ]
      },
      "properties": {
        "latitude": 43.3801,
        "longitude": 5.01234,
        "brightness": 301.14,
        "confidence": "nominal",
        "frp": 0.9,
        "acq_date": "2026-04-02",
        "acq_time": "0243",
        "satellite": "NOAA-20/VIIRS",
        "daynight": "N",
        "scan": 0.53,
        "track": 0.67,
        "version": "2.0NRT"
      }
    },
    {
      "type": "Feature",
      "geometry": {
        "type": "Point",
        "coordinates": [
          5.67063,
          50.7675
        ]
      },
      "properties": {
        "latitude": 50.7675,
        "longitude": 5.67063,
        "brightness": 297.41,
        "confidence": "nominal",
        "frp": 1.05,
        "acq_date": "2026-04-02",
        "acq_time": "0241",
        "satellite": "NOAA-20/VIIRS",
        "daynight": "N",
        "scan": 0.33,
        "track": 0.55,
        "version": "2.0NRT"
      }
    },
    {
      "type": "Feature",
      "geometry": {
        "type": "Point",
        "coordinates": [
          6.74871,
          49.35547
        ]
      },
      "properties": {
        "latitude": 49.35547,
        "longitude": 6.74871,
        "brightness": 322.62,
        "confidence": "nominal",
        "frp": 1.89,
        "acq_date": "2026-04-02",
        "acq_time": "0241",
        "satellite": "NOAA-20/VIIRS",
        "daynight": "N",
        "scan": 0.41,
        "track": 0.6,
        "version": "2.0NRT"
      }
    },
    {
      "type": "Feature",
      "geometry": {
        "type": "Point",
        "coordinates": [
          6.74363,
          49.35707
        ]
      },
      "properties": {
        "latitude": 49.35707,
        "longitude": 6.74363,
        "brightness": 306.81,
        "confidence": "nominal",
        "frp": 1.89,
        "acq_date": "2026-04-02",
        "acq_time": "0241",
        "satellite": "NOAA-20/VIIRS",
        "daynight": "N",
        "scan": 0.41,
        "track": 0.6,
        "version": "2.0NRT"
      }
    },
    {
      "type": "Feature",
      "geometry": {
        "type": "Point",
        "coordinates": [
          6.09965,
          49.32753
        ]
      },
      "properties": {
        "latitude": 49.32753,
        "longitude": 6.09965,
        "brightness": 297.12,
        "confidence": "nominal",
        "frp": 0.82,
        "acq_date": "2026-04-02",
        "acq_time": "0241",
        "satellite": "NOAA-20/VIIRS",
        "daynight": "N",
        "scan": 0.38,
        "track": 0.59,
        "version": "2.0NRT"
      }
    },
    {
      "type": "Feature",
      "geometry": {
        "type": "Point",
        "coordinates": [
          1.66032,
          41.31453
        ]
      },
      "properties": {
        "latitude": 41.31453,
        "longitude": 1.66032,
        "brightness": 302.15,
        "confidence": "nominal",
        "frp": 1.18,
        "acq_date": "2026-04-02",
        "acq_time": "0226",
        "satellite": "Suomi-NPP/VIIRS",
        "daynight": "N",
        "scan": 0.41,
        "track": 0.45,
        "version": "2.0NRT"
      }
    },
    {
      "type": "Feature",
      "geometry": {
        "type": "Point",
        "coordinates": [
          1.17465,
          41.11071
        ]
      },
      "properties": {
        "latitude": 41.11071,
        "longitude": 1.17465,
        "brightness": 302.91,
        "confidence": "nominal",
        "frp": 0.68,
        "acq_date": "2026-04-02",
        "acq_time": "0226",
        "satellite": "Suomi-NPP/VIIRS",
        "daynight": "N",
        "scan": 0.39,
        "track": 0.44,
        "version": "2.0NRT"
      }
    },
    {
      "type": "Feature",
      "geometry": {
        "type": "Point",
        "coordinates": [
          1.17923,
          41.1097
        ]
      },
      "properties": {
        "latitude": 41.1097,
        "longitude": 1.17923,
        "brightness": 301.72,
        "confidence": "nominal",
        "frp": 0.68,
        "acq_date": "2026-04-02",
        "acq_time": "0226",
        "satellite": "Suomi-NPP/VIIRS",
        "daynight": "N",
        "scan": 0.39,
        "track": 0.44,
        "version": "2.0NRT"
      }
    },
    {
      "type": "Feature",
      "geometry": {
        "type": "Point",
        "coordinates": [
          -3.97199,
          41.61423
        ]
      },
      "properties": {
        "latitude": 41.61423,
        "longitude": -3.97199,
        "brightness": 334.75,
        "confidence": "nominal",
        "frp": 4.11,
        "acq_date": "2026-04-02",
        "acq_time": "0226",
        "satellite": "Suomi-NPP/VIIRS",
        "daynight": "N",
        "scan": 0.39,
        "track": 0.36,
        "version": "2.0NRT"
      }
    },
    {
      "type": "Feature",
      "geometry": {
        "type": "Point",
        "coordinates": [
          4.43218,
          48.11226
        ]
      },
      "properties": {
        "latitude": 48.11226,
        "longitude": 4.43218,
        "brightness": 302.62,
        "confidence": "nominal",
        "frp": 1.47,
        "acq_date": "2026-04-02",
        "acq_time": "0224",
        "satellite": "Suomi-NPP/VIIRS",
        "daynight": "N",
        "scan": 0.57,
        "track": 0.43,
        "version": "2.0NRT"
      }
    },
    {
      "type": "Feature",
      "geometry": {
        "type": "Point",
        "coordinates": [
          2.98034,
          48.38713
        ]
      },
      "properties": {
        "latitude": 48.38713,
        "longitude": 2.98034,
        "brightness": 306.78,
        "confidence": "nominal",
        "frp": 1.64,
        "acq_date": "2026-04-02",
        "acq_time": "0224",
        "satellite": "Suomi-NPP/VIIRS",
        "daynight": "N",
        "scan": 0.5,
        "track": 0.41,
        "version": "2.0NRT"
      }
    },
    {
      "type": "Feature",
      "geometry": {
        "type": "Point",
        "coordinates": [
          3.81374,
          47.81841
        ]
      },
      "properties": {
        "latitude": 47.81841,
        "longitude": 3.81374,
        "brightness": 296.53,
        "confidence": "nominal",
        "frp": 0.99,
        "acq_date": "2026-04-02",
        "acq_time": "0224",
        "satellite": "Suomi-NPP/VIIRS",
        "daynight": "N",
        "scan": 0.55,
        "track": 0.43,
        "version": "2.0NRT"
      }
    },
    {
      "type": "Feature",
      "geometry": {
        "type": "Point",
        "coordinates": [
          9.60702,
          45.63899
        ]
      },
      "properties": {
        "latitude": 45.63899,
        "longitude": 9.60702,
        "brightness": 304.75,
        "confidence": "nominal",
        "frp": 1.05,
        "acq_date": "2026-04-02",
        "acq_time": "0224",
        "satellite": "Suomi-NPP/VIIRS",
        "daynight": "N",
        "scan": 0.37,
        "track": 0.58,
        "version": "2.0NRT"
      }
    },
    {
      "type": "Feature",
      "geometry": {
        "type": "Point",
        "coordinates": [
          9.94215,
          45.14836
        ]
      },
      "properties": {
        "latitude": 45.14836,
        "longitude": 9.94215,
        "brightness": 349.86,
        "confidence": "nominal",
        "frp": 4.57,
        "acq_date": "2026-04-02",
        "acq_time": "0224",
        "satellite": "Suomi-NPP/VIIRS",
        "daynight": "N",
        "scan": 0.39,
        "track": 0.6,
        "version": "2.0NRT"
      }
    },
    {
      "type": "Feature",
      "geometry": {
        "type": "Point",
        "coordinates": [
          9.93916,
          45.14319
        ]
      },
      "properties": {
        "latitude": 45.14319,
        "longitude": 9.93916,
        "brightness": 349.35,
        "confidence": "nominal",
        "frp": 4.57,
        "acq_date": "2026-04-02",
        "acq_time": "0224",
        "satellite": "Suomi-NPP/VIIRS",
        "daynight": "N",
        "scan": 0.39,
        "track": 0.6,
        "version": "2.0NRT"
      }
    },
    {
      "type": "Feature",
      "geometry": {
        "type": "Point",
        "coordinates": [
          7.902,
          44.00381
        ]
      },
      "properties": {
        "latitude": 44.00381,
        "longitude": 7.902,
        "brightness": 295.89,
        "confidence": "nominal",
        "frp": 1.13,
        "acq_date": "2026-04-02",
        "acq_time": "0224",
        "satellite": "Suomi-NPP/VIIRS",
        "daynight": "N",
        "scan": 0.34,
        "track": 0.56,
        "version": "2.0NRT"
      }
    },
    {
      "type": "Feature",
      "geometry": {
        "type": "Point",
        "coordinates": [
          7.90609,
          44.00266
        ]
      },
      "properties": {
        "latitude": 44.00266,
        "longitude": 7.90609,
        "brightness": 317.59,
        "confidence": "nominal",
        "frp": 1.06,
        "acq_date": "2026-04-02",
        "acq_time": "0224",
        "satellite": "Suomi-NPP/VIIRS",
        "daynight": "N",
        "scan": 0.34,
        "track": 0.56,
        "version": "2.0NRT"
      }
    },
    {
      "type": "Feature",
      "geometry": {
        "type": "Point",
        "coordinates": [
          7.91055,
          44.00142
        ]
      },
      "properties": {
        "latitude": 44.00142,
        "longitude": 7.91055,
        "brightness": 300.0,
        "confidence": "nominal",
        "frp": 1.06,
        "acq_date": "2026-04-02",
        "acq_time": "0224",
        "satellite": "Suomi-NPP/VIIRS",
        "daynight": "N",
        "scan": 0.35,
        "track": 0.56,
        "version": "2.0NRT"
      }
    },
    {
      "type": "Feature",
      "geometry": {
        "type": "Point",
        "coordinates": [
          4.89787,
          43.44788
        ]
      },
      "properties": {
        "latitude": 43.44788,
        "longitude": 4.89787,
        "brightness": 319.44,
        "confidence": "nominal",
        "frp": 1.43,
        "acq_date": "2026-04-02",
        "acq_time": "0224",
        "satellite": "Suomi-NPP/VIIRS",
        "daynight": "N",
        "scan": 0.52,
        "track": 0.5,
        "version": "2.0NRT"
      }
    },
    {
      "type": "Feature",
      "geometry": {
        "type": "Point",
        "coordinates": [
          4.89578,
          43.4435
        ]
      },
      "properties": {
        "latitude": 43.4435,
        "longitude": 4.89578,
        "brightness": 301.58,
        "confidence": "nominal",
        "frp": 1.43,
        "acq_date": "2026-04-02",
        "acq_time": "0224",
        "satellite": "Suomi-NPP/VIIRS",
        "daynight": "N",
        "scan": 0.52,
        "track": 0.5,
        "version": "2.0NRT"
      }
    },
    {
      "type": "Feature",
      "geometry": {
        "type": "Point",
        "coordinates": [
          4.8876,
          43.44065
        ]
      },
      "properties": {
        "latitude": 43.44065,
        "longitude": 4.8876,
        "brightness": 299.19,
        "confidence": "nominal",
        "frp": 1.04,
        "acq_date": "2026-04-02",
        "acq_time": "0224",
        "satellite": "Suomi-NPP/VIIRS",
        "daynight": "N",
        "scan": 0.52,
        "track": 0.5,
        "version": "2.0NRT"
      }
    },
    {
      "type": "Feature",
      "geometry": {
        "type": "Point",
        "coordinates": [
          4.87937,
          43.43782
        ]
      },
      "properties": {
        "latitude": 43.43782,
        "longitude": 4.87937,
        "brightness": 296.69,
        "confidence": "nominal",
        "frp": 1.04,
        "acq_date": "2026-04-02",
        "acq_time": "0224",
        "satellite": "Suomi-NPP/VIIRS",
        "daynight": "N",
        "scan": 0.52,
        "track": 0.5,
        "version": "2.0NRT"
      }
    },
    {
      "type": "Feature",
      "geometry": {
        "type": "Point",
        "coordinates": [
          5.01127,
          43.3798
        ]
      },
      "properties": {
        "latitude": 43.3798,
        "longitude": 5.01127,
        "brightness": 303.06,
        "confidence": "nominal",
        "frp": 1.44,
        "acq_date": "2026-04-02",
        "acq_time": "0224",
        "satellite": "Suomi-NPP/VIIRS",
        "daynight": "N",
        "scan": 0.52,
        "track": 0.5,
        "version": "2.0NRT"
      }
    },
    {
      "type": "Feature",
      "geometry": {
        "type": "Point",
        "coordinates": [
          5.01152,
          43.3805
        ]
      },
      "properties": {
        "latitude": 43.3805,
        "longitude": 5.01152,
        "brightness": 303.59,
        "confidence": "nominal",
        "frp": 1.03,
        "acq_date": "2026-04-02",
        "acq_time": "0224",
        "satellite": "Suomi-NPP/VIIRS",
        "daynight": "N",
        "scan": 0.53,
        "track": 0.5,
        "version": "2.0NRT"
      }
    },
    {
      "type": "Feature",
      "geometry": {
        "type": "Point",
        "coordinates": [
          5.66712,
          50.76512
        ]
      },
      "properties": {
        "latitude": 50.76512,
        "longitude": 5.66712,
        "brightness": 298.02,
        "confidence": "nominal",
        "frp": 1.03,
        "acq_date": "2026-04-02",
        "acq_time": "0221",
        "satellite": "Suomi-NPP/VIIRS",
        "daynight": "N",
        "scan": 0.55,
        "track": 0.43,
        "version": "2.0NRT"
      }
    },
    {
      "type": "Feature",
      "geometry": {
        "type": "Point",
        "coordinates": [
          6.74515,
          49.35802
        ]
      },
      "properties": {
        "latitude": 49.35802,
        "longitude": 6.74515,
        "brightness": 314.39,
        "confidence": "nominal",
        "frp": 1.69,
        "acq_date": "2026-04-02",
        "acq_time": "0221",
        "satellite": "Suomi-NPP/VIIRS",
        "daynight": "N",
        "scan": 0.44,
        "track": 0.46,
        "version": "2.0NRT"
      }
    },
    {
      "type": "Feature",
      "geometry": {
        "type": "Point",
        "coordinates": [
          6.73483,
          49.35135
        ]
      },
      "properties": {
        "latitude": 49.35135,
        "longitude": 6.73483,
        "brightness": 296.94,
        "confidence": "nominal",
        "frp": 1.32,
        "acq_date": "2026-04-02",
        "acq_time": "0221",
        "satellite": "Suomi-NPP/VIIRS",
        "daynight": "N",
        "scan": 0.44,
        "track": 0.46,
        "version": "2.0NRT"
      }
    },
    {
      "type": "Feature",
      "geometry": {
        "type": "Point",
        "coordinates": [
          5.95686,
          49.50373
        ]
      },
      "properties": {
        "latitude": 49.50373,
        "longitude": 5.95686,
        "brightness": 309.5,
        "confidence": "nominal",
        "frp": 1.61,
        "acq_date": "2026-04-02",
        "acq_time": "0221",
        "satellite": "Suomi-NPP/VIIRS",
        "daynight": "N",
        "scan": 0.4,
        "track": 0.45,
        "version": "2.0NRT"
      }
    },
    {
      "type": "Feature",
      "geometry": {
        "type": "Point",
        "coordinates": [
          6.11595,
          48.61225
        ]
      },
      "properties": {
        "latitude": 48.61225,
        "longitude": 6.11595,
        "brightness": 296.52,
        "confidence": "nominal",
        "frp": 0.49,
        "acq_date": "2026-04-02",
        "acq_time": "0221",
        "satellite": "Suomi-NPP/VIIRS",
        "daynight": "N",
        "scan": 0.43,
        "track": 0.46,
        "version": "2.0NRT"
      }
    },
    {
      "type": "Feature",
      "geometry": {
        "type": "Point",
        "coordinates": [
          9.94069,
          45.14446
        ]
      },
      "properties": {
        "latitude": 45.14446,
        "longitude": 9.94069,
        "brightness": 339.63,
        "confidence": "nominal",
        "frp": 4.66,
        "acq_date": "2026-04-02",
        "acq_time": "0105",
        "satellite": "NOAA-20/VIIRS",
        "daynight": "N",
        "scan": 0.48,
        "track": 0.4,
        "version": "2.0NRT"
      }
    },
    {
      "type": "Feature",
      "geometry": {
        "type": "Point",
        "coordinates": [
          9.94127,
          45.14494
        ]
      },
      "properties": {
        "latitude": 45.14494,
        "longitude": 9.94127,
        "brightness": 341.08,
        "confidence": "nominal",
        "frp": 6.86,
        "acq_date": "2026-04-02",
        "acq_time": "0105",
        "satellite": "NOAA-20/VIIRS",
        "daynight": "N",
        "scan": 0.48,
        "track": 0.4,
        "version": "2.0NRT"
      }
    },
    {
      "type": "Feature",
      "geometry": {
        "type": "Point",
        "coordinates": [
          5.86157,
          44.21658
        ]
      },
      "properties": {
        "latitude": 44.21658,
        "longitude": 5.86157,
        "brightness": 295.24,
        "confidence": "nominal",
        "frp": 0.5,
        "acq_date": "2026-04-02",
        "acq_time": "0105",
        "satellite": "NOAA-20/VIIRS",
        "daynight": "N",
        "scan": 0.46,
        "track": 0.47,
        "version": "2.0NRT"
      }
    },
    {
      "type": "Feature",
      "geometry": {
        "type": "Point",
        "coordinates": [
          7.90353,
          44.00561
        ]
      },
      "properties": {
        "latitude": 44.00561,
        "longitude": 7.90353,
        "brightness": 307.49,
        "confidence": "nominal",
        "frp": 1.11,
        "acq_date": "2026-04-02",
        "acq_time": "0105",
        "satellite": "NOAA-20/VIIRS",
        "daynight": "N",
        "scan": 0.56,
        "track": 0.43,
        "version": "2.0NRT"
      }
    },
    {
      "type": "Feature",
      "geometry": {
        "type": "Point",
        "coordinates": [
          7.90229,
          44.00174
        ]
      },
      "properties": {
        "latitude": 44.00174,
        "longitude": 7.90229,
        "brightness": 297.59,
        "confidence": "nominal",
        "frp": 1.29,
        "acq_date": "2026-04-02",
        "acq_time": "0105",
        "satellite": "NOAA-20/VIIRS",
        "daynight": "N",
        "scan": 0.56,
        "track": 0.43,
        "version": "2.0NRT"
      }
    },
    {
      "type": "Feature",
      "geometry": {
        "type": "Point",
        "coordinates": [
          7.90939,
          44.00103
        ]
      },
      "properties": {
        "latitude": 44.00103,
        "longitude": 7.90939,
        "brightness": 314.61,
        "confidence": "nominal",
        "frp": 1.85,
        "acq_date": "2026-04-02",
        "acq_time": "0105",
        "satellite": "NOAA-20/VIIRS",
        "daynight": "N",
        "scan": 0.56,
        "track": 0.43,
        "version": "2.0NRT"
      }
    },
    {
      "type": "Feature",
      "geometry": {
        "type": "Point",
        "coordinates": [
          7.3742,
          43.79306
        ]
      },
      "properties": {
        "latitude": 43.79306,
        "longitude": 7.3742,
        "brightness": 296.67,
        "confidence": "nominal",
        "frp": 0.63,
        "acq_date": "2026-04-02",
        "acq_time": "0105",
        "satellite": "NOAA-20/VIIRS",
        "daynight": "N",
        "scan": 0.39,
        "track": 0.44,
        "version": "2.0NRT"
      }
    },
    {
      "type": "Feature",
      "geometry": {
        "type": "Point",
        "coordinates": [
          4.89354,
          43.44669
        ]
      },
      "properties": {
        "latitude": 43.44669,
        "longitude": 4.89354,
        "brightness": 329.26,
        "confidence": "nominal",
        "frp": 2.38,
        "acq_date": "2026-04-02",
        "acq_time": "0105",
        "satellite": "NOAA-20/VIIRS",
        "daynight": "N",
        "scan": 0.51,
        "track": 0.49,
        "version": "2.0NRT"
      }
    },
    {
      "type": "Feature",
      "geometry": {
        "type": "Point",
        "coordinates": [
          4.89984,
          43.44621
        ]
      },
      "properties": {
        "latitude": 43.44621,
        "longitude": 4.89984,
        "brightness": 309.78,
        "confidence": "nominal",
        "frp": 2.38,
        "acq_date": "2026-04-02",
        "acq_time": "0105",
        "satellite": "NOAA-20/VIIRS",
        "daynight": "N",
        "scan": 0.51,
        "track": 0.49,
        "version": "2.0NRT"
      }
    },
    {
      "type": "Feature",
      "geometry": {
        "type": "Point",
        "coordinates": [
          4.89288,
          43.44215
        ]
      },
      "properties": {
        "latitude": 43.44215,
        "longitude": 4.89288,
        "brightness": 302.69,
        "confidence": "nominal",
        "frp": 2.38,
        "acq_date": "2026-04-02",
        "acq_time": "0105",
        "satellite": "NOAA-20/VIIRS",
        "daynight": "N",
        "scan": 0.51,
        "track": 0.49,
        "version": "2.0NRT"
      }
    },
    {
      "type": "Feature",
      "geometry": {
        "type": "Point",
        "coordinates": [
          4.88589,
          43.4381
        ]
      },
      "properties": {
        "latitude": 43.4381,
        "longitude": 4.88589,
        "brightness": 311.35,
        "confidence": "nominal",
        "frp": 2.69,
        "acq_date": "2026-04-02",
        "acq_time": "0105",
        "satellite": "NOAA-20/VIIRS",
        "daynight": "N",
        "scan": 0.51,
        "track": 0.49,
        "version": "2.0NRT"
      }
    },
    {
      "type": "Feature",
      "geometry": {
        "type": "Point",
        "coordinates": [
          4.89222,
          43.43761
        ]
      },
      "properties": {
        "latitude": 43.43761,
        "longitude": 4.89222,
        "brightness": 316.27,
        "confidence": "nominal",
        "frp": 3.66,
        "acq_date": "2026-04-02",
        "acq_time": "0105",
        "satellite": "NOAA-20/VIIRS",
        "daynight": "N",
        "scan": 0.51,
        "track": 0.49,
        "version": "2.0NRT"
      }
    },
    {
      "type": "Feature",
      "geometry": {
        "type": "Point",
        "coordinates": [
          5.01069,
          43.38293
        ]
      },
      "properties": {
        "latitude": 43.38293,
        "longitude": 5.01069,
        "brightness": 300.23,
        "confidence": "nominal",
        "frp": 0.8,
        "acq_date": "2026-04-02",
        "acq_time": "0105",
        "satellite": "NOAA-20/VIIRS",
        "daynight": "N",
        "scan": 0.5,
        "track": 0.49,
        "version": "2.0NRT"
      }
    },
    {
      "type": "Feature",
      "geometry": {
        "type": "Point",
        "coordinates": [
          -3.97404,
          41.61592
        ]
      },
      "properties": {
        "latitude": 41.61592,
        "longitude": -3.97404,
        "brightness": 311.17,
        "confidence": "nominal",
        "frp": 2.14,
        "acq_date": "2026-04-02",
        "acq_time": "0105",
        "satellite": "NOAA-20/VIIRS",
        "daynight": "N",
        "scan": 0.7,
        "track": 0.75,
        "version": "2.0NRT"
      }
    },
    {
      "type": "Feature",
      "geometry": {
        "type": "Point",
        "coordinates": [
          -3.97302,
          41.61689
        ]
      },
      "properties": {
        "latitude": 41.61689,
        "longitude": -3.97302,
        "brightness": 310.18,
        "confidence": "nominal",
        "frp": 1.86,
        "acq_date": "2026-04-02",
        "acq_time": "0105",
        "satellite": "NOAA-20/VIIRS",
        "daynight": "N",
        "scan": 0.7,
        "track": 0.75,
        "version": "2.0NRT"
      }
    },
    {
      "type": "Feature",
      "geometry": {
        "type": "Point",
        "coordinates": [
          1.21945,
          41.17486
        ]
      },
      "properties": {
        "latitude": 41.17486,
        "longitude": 1.21945,
        "brightness": 297.17,
        "confidence": "nominal",
        "frp": 0.73,
        "acq_date": "2026-04-02",
        "acq_time": "0105",
        "satellite": "NOAA-20/VIIRS",
        "daynight": "N",
        "scan": 0.37,
        "track": 0.58,
        "version": "2.0NRT"
      }
    },
    {
      "type": "Feature",
      "geometry": {
        "type": "Point",
        "coordinates": [
          5.67241,
          50.76315
        ]
      },
      "properties": {
        "latitude": 50.76315,
        "longitude": 5.67241,
        "brightness": 303.77,
        "confidence": "nominal",
        "frp": 1.61,
        "acq_date": "2026-04-02",
        "acq_time": "0102",
        "satellite": "NOAA-20/VIIRS",
        "daynight": "N",
        "scan": 0.55,
        "track": 0.51,
        "version": "2.0NRT"
      }
    },
    {
      "type": "Feature",
      "geometry": {
        "type": "Point",
        "coordinates": [
          6.74866,
          49.35725
        ]
      },
      "properties": {
        "latitude": 49.35725,
        "longitude": 6.74866,
        "brightness": 317.4,
        "confidence": "nominal",
        "frp": 3.08,
        "acq_date": "2026-04-02",
        "acq_time": "0102",
        "satellite": "NOAA-20/VIIRS",
        "daynight": "N",
        "scan": 0.48,
        "track": 0.48,
        "version": "2.0NRT"
      }
    },
    {
      "type": "Feature",
      "geometry": {
        "type": "Point",
        "coordinates": [
          6.74119,
          49.35332
        ]
      },
      "properties": {
        "latitude": 49.35332,
        "longitude": 6.74119,
        "brightness": 323.84,
        "confidence": "nominal",
        "frp": 3.08,
        "acq_date": "2026-04-02",
        "acq_time": "0102",
        "satellite": "NOAA-20/VIIRS",
        "daynight": "N",
        "scan": 0.48,
        "track": 0.48,
        "version": "2.0NRT"
      }
    },
    {
      "type": "Feature",
      "geometry": {
        "type": "Point",
        "coordinates": [
          6.73454,
          49.3538
        ]
      },
      "properties": {
        "latitude": 49.3538,
        "longitude": 6.73454,
        "brightness": 319.66,
        "confidence": "nominal",
        "frp": 3.12,
        "acq_date": "2026-04-02",
        "acq_time": "0102",
        "satellite": "NOAA-20/VIIRS",
        "daynight": "N",
        "scan": 0.48,
        "track": 0.48,
        "version": "2.0NRT"
      }
    },
    {
      "type": "Feature",
      "geometry": {
        "type": "Point",
        "coordinates": [
          6.10771,
          48.60909
        ]
      },
      "properties": {
        "latitude": 48.60909,
        "longitude": 6.10771,
        "brightness": 297.77,
        "confidence": "nominal",
        "frp": 2.43,
        "acq_date": "2026-04-02",
        "acq_time": "0102",
        "satellite": "NOAA-20/VIIRS",
        "daynight": "N",
        "scan": 0.5,
        "track": 0.49,
        "version": "2.0NRT"
      }
    },
    {
      "type": "Feature",
      "geometry": {
        "type": "Point",
        "coordinates": [
          6.10894,
          48.60785
        ]
      },
      "properties": {
        "latitude": 48.60785,
        "longitude": 6.10894,
        "brightness": 296.64,
        "confidence": "nominal",
        "frp": 0.76,
        "acq_date": "2026-04-02",
        "acq_time": "0102",
        "satellite": "NOAA-20/VIIRS",
        "daynight": "N",
        "scan": 0.5,
        "track": 0.49,
        "version": "2.0NRT"
      }
    },
    {
      "type": "Feature",
      "geometry": {
        "type": "Point",
        "coordinates": [
          9.96766,
          47.87908
        ]
      },
      "properties": {
        "latitude": 47.87908,
        "longitude": 9.96766,
        "brightness": 295.65,
        "confidence": "nominal",
        "frp": 0.67,
        "acq_date": "2026-04-02",
        "acq_time": "0102",
        "satellite": "NOAA-20/VIIRS",
        "daynight": "N",
        "scan": 0.51,
        "track": 0.41,
        "version": "2.0NRT"
      }
    },
    {
      "type": "Feature",
      "geometry": {
        "type": "Point",
        "coordinates": [
          9.46279,
          45.68369
        ]
      },
      "properties": {
        "latitude": 45.68369,
        "longitude": 9.46279,
        "brightness": 298.86,
        "confidence": "nominal",
        "frp": 0.49,
        "acq_date": "2026-04-02",
        "acq_time": "0043",
        "satellite": "Suomi-NPP/VIIRS",
        "daynight": "N",
        "scan": 0.33,
        "track": 0.55,
        "version": "2.0NRT"
      }
    },
    {
      "type": "Feature",
      "geometry": {
        "type": "Point",
        "coordinates": [
          7.90149,
          44.00434
        ]
      },
      "properties": {
        "latitude": 44.00434,
        "longitude": 7.90149,
        "brightness": 312.66,
        "confidence": "nominal",
        "frp": 1.01,
        "acq_date": "2026-04-02",
        "acq_time": "0043",
        "satellite": "Suomi-NPP/VIIRS",
        "daynight": "N",
        "scan": 0.38,
        "track": 0.59,
        "version": "2.0NRT"
      }
    },
    {
      "type": "Feature",
      "geometry": {
        "type": "Point",
        "coordinates": [
          7.90708,
          44.00409
        ]
      },
      "properties": {
        "latitude": 44.00409,
        "longitude": 7.90708,
        "brightness": 306.71,
        "confidence": "nominal",
        "frp": 1.01,
        "acq_date": "2026-04-02",
        "acq_time": "0043",
        "satellite": "Suomi-NPP/VIIRS",
        "daynight": "N",
        "scan": 0.38,
        "track": 0.59,
        "version": "2.0NRT"
      }
    },
    {
      "type": "Feature",
      "geometry": {
        "type": "Point",
        "coordinates": [
          4.89651,
          43.44481
        ]
      },
      "properties": {
        "latitude": 43.44481,
        "longitude": 4.89651,
        "brightness": 299.22,
        "confidence": "nominal",
        "frp": 0.94,
        "acq_date": "2026-04-02",
        "acq_time": "0043",
        "satellite": "Suomi-NPP/VIIRS",
        "daynight": "N",
        "scan": 0.53,
        "track": 0.67,
        "version": "2.0NRT"
      }
    },
    {
      "type": "Feature",
      "geometry": {
        "type": "Point",
        "coordinates": [
          4.88938,
          43.43863
        ]
      },
      "properties": {
        "latitude": 43.43863,
        "longitude": 4.88938,
        "brightness": 300.51,
        "confidence": "nominal",
        "frp": 0.94,
        "acq_date": "2026-04-02",
        "acq_time": "0043",
        "satellite": "Suomi-NPP/VIIRS",
        "daynight": "N",
        "scan": 0.53,
        "track": 0.67,
        "version": "2.0NRT"
      }
    },
    {
      "type": "Feature",
      "geometry": {
        "type": "Point",
        "coordinates": [
          4.88229,
          43.43245
        ]
      },
      "properties": {
        "latitude": 43.43245,
        "longitude": 4.88229,
        "brightness": 303.74,
        "confidence": "nominal",
        "frp": 2.09,
        "acq_date": "2026-04-02",
        "acq_time": "0043",
        "satellite": "Suomi-NPP/VIIRS",
        "daynight": "N",
        "scan": 0.53,
        "track": 0.67,
        "version": "2.0NRT"
      }
    },
    {
      "type": "Feature",
      "geometry": {
        "type": "Point",
        "coordinates": [
          4.8891,
          43.43233
        ]
      },
      "properties": {
        "latitude": 43.43233,
        "longitude": 4.8891,
        "brightness": 306.83,
        "confidence": "nominal",
        "frp": 2.1,
        "acq_date": "2026-04-02",
        "acq_time": "0043",
        "satellite": "Suomi-NPP/VIIRS",
        "daynight": "N",
        "scan": 0.53,
        "track": 0.67,
        "version": "2.0NRT"
      }
    },
    {
      "type": "Feature",
      "geometry": {
        "type": "Point",
        "coordinates": [
          4.89024,
          43.44207
        ]
      },
      "properties": {
        "latitude": 43.44207,
        "longitude": 4.89024,
        "brightness": 295.21,
        "confidence": "nominal",
        "frp": 1.57,
        "acq_date": "2026-04-02",
        "acq_time": "0043",
        "satellite": "Suomi-NPP/VIIRS",
        "daynight": "N",
        "scan": 0.53,
        "track": 0.67,
        "version": "2.0NRT"
      }
    },
    {
      "type": "Feature",
      "geometry": {
        "type": "Point",
        "coordinates": [
          4.89709,
          43.4419
        ]
      },
      "properties": {
        "latitude": 43.4419,
        "longitude": 4.89709,
        "brightness": 296.78,
        "confidence": "nominal",
        "frp": 0.91,
        "acq_date": "2026-04-02",
        "acq_time": "0043",
        "satellite": "Suomi-NPP/VIIRS",
        "daynight": "N",
        "scan": 0.53,
        "track": 0.67,
        "version": "2.0NRT"
      }
    },
    {
      "type": "Feature",
      "geometry": {
        "type": "Point",
        "coordinates": [
          4.8832,
          43.43592
        ]
      },
      "properties": {
        "latitude": 43.43592,
        "longitude": 4.8832,
        "brightness": 314.3,
        "confidence": "nominal",
        "frp": 1.57,
        "acq_date": "2026-04-02",
        "acq_time": "0043",
        "satellite": "Suomi-NPP/VIIRS",
        "daynight": "N",
        "scan": 0.53,
        "track": 0.67,
        "version": "2.0NRT"
      }
    },
    {
      "type": "Feature",
      "geometry": {
        "type": "Point",
        "coordinates": [
          4.89,
          43.43576
        ]
      },
      "properties": {
        "latitude": 43.43576,
        "longitude": 4.89,
        "brightness": 305.55,
        "confidence": "nominal",
        "frp": 1.57,
        "acq_date": "2026-04-02",
        "acq_time": "0043",
        "satellite": "Suomi-NPP/VIIRS",
        "daynight": "N",
        "scan": 0.53,
        "track": 0.67,
        "version": "2.0NRT"
      }
    },
    {
      "type": "Feature",
      "geometry": {
        "type": "Point",
        "coordinates": [
          5.0023,
          43.38292
        ]
      },
      "properties": {
        "latitude": 43.38292,
        "longitude": 5.0023,
        "brightness": 296.76,
        "confidence": "nominal",
        "frp": 1.35,
        "acq_date": "2026-04-02",
        "acq_time": "0043",
        "satellite": "Suomi-NPP/VIIRS",
        "daynight": "N",
        "scan": 0.52,
        "track": 0.67,
        "version": "2.0NRT"
      }
    },
    {
      "type": "Feature",
      "geometry": {
        "type": "Point",
        "coordinates": [
          9.76805,
          49.95516
        ]
      },
      "properties": {
        "latitude": 49.95516,
        "longitude": 9.76805,
        "brightness": 295.09,
        "confidence": "nominal",
        "frp": 0.51,
        "acq_date": "2026-04-02",
        "acq_time": "0041",
        "satellite": "Suomi-NPP/VIIRS",
        "daynight": "N",
        "scan": 0.34,
        "track": 0.56,
        "version": "2.0NRT"
      }
    },
    {
      "type": "Feature",
      "geometry": {
        "type": "Point",
        "coordinates": [
          6.74712,
          49.35581
        ]
      },
      "properties": {
        "latitude": 49.35581,
        "longitude": 6.74712,
        "brightness": 303.66,
        "confidence": "nominal",
        "frp": 1.39,
        "acq_date": "2026-04-02",
        "acq_time": "0041",
        "satellite": "Suomi-NPP/VIIRS",
        "daynight": "N",
        "scan": 0.46,
        "track": 0.64,
        "version": "2.0NRT"
      }
    },
    {
      "type": "Feature",
      "geometry": {
        "type": "Point",
        "coordinates": [
          6.73348,
          49.35007
        ]
      },
      "properties": {
        "latitude": 49.35007,
        "longitude": 6.73348,
        "brightness": 328.01,
        "confidence": "nominal",
        "frp": 2.7,
        "acq_date": "2026-04-02",
        "acq_time": "0041",
        "satellite": "Suomi-NPP/VIIRS",
        "daynight": "N",
        "scan": 0.46,
        "track": 0.64,
        "version": "2.0NRT"
      }
    },
    {
      "type": "Feature",
      "geometry": {
        "type": "Point",
        "coordinates": [
          6.74017,
          49.34995
        ]
      },
      "properties": {
        "latitude": 49.34995,
        "longitude": 6.74017,
        "brightness": 298.51,
        "confidence": "nominal",
        "frp": 2.7,
        "acq_date": "2026-04-02",
        "acq_time": "0041",
        "satellite": "Suomi-NPP/VIIRS",
        "daynight": "N",
        "scan": 0.46,
        "track": 0.64,
        "version": "2.0NRT"
      }
    },
    {
      "type": "Feature",
      "geometry": {
        "type": "Point",
        "coordinates": [
          6.84194,
          49.2447
        ]
      },
      "properties": {
        "latitude": 49.2447,
        "longitude": 6.84194,
        "brightness": 307.6,
        "confidence": "nominal",
        "frp": 1.03,
        "acq_date": "2026-04-02",
        "acq_time": "0041",
        "satellite": "Suomi-NPP/VIIRS",
        "daynight": "N",
        "scan": 0.46,
        "track": 0.63,
        "version": "2.0NRT"
      }
    },
    {
      "type": "Feature",
      "geometry": {
        "type": "Point",
        "coordinates": [
          7.81932,
          48.59274
        ]
      },
      "properties": {
        "latitude": 48.59274,
        "longitude": 7.81932,
        "brightness": 296.45,
        "confidence": "nominal",
        "frp": 0.87,
        "acq_date": "2026-04-02",
        "acq_time": "0041",
        "satellite": "Suomi-NPP/VIIRS",
        "daynight": "N",
        "scan": 0.41,
        "track": 0.61,
        "version": "2.0NRT"
      }
    },
    {
      "type": "Feature",
      "geometry": {
        "type": "Point",
        "coordinates": [
          6.10608,
          48.61006
        ]
      },
      "properties": {
        "latitude": 48.61006,
        "longitude": 6.10608,
        "brightness": 299.88,
        "confidence": "nominal",
        "frp": 1.03,
        "acq_date": "2026-04-02",
        "acq_time": "0041",
        "satellite": "Suomi-NPP/VIIRS",
        "daynight": "N",
        "scan": 0.49,
        "track": 0.65,
        "version": "2.0NRT"
      }
    },
    {
      "type": "Feature",
      "geometry": {
        "type": "Point",
        "coordinates": [
          9.96785,
          47.88257
        ]
      },
      "properties": {
        "latitude": 47.88257,
        "longitude": 9.96785,
        "brightness": 333.0,
        "confidence": "nominal",
        "frp": 1.63,
        "acq_date": "2026-04-02",
        "acq_time": "0041",
        "satellite": "Suomi-NPP/VIIRS",
        "daynight": "N",
        "scan": 0.32,
        "track": 0.55,
        "version": "2.0NRT"
      }
    },
    {
      "type": "Feature",
      "geometry": {
        "type": "Point",
        "coordinates": [
          9.9674,
          47.87746
        ]
      },
      "properties": {
        "latitude": 47.87746,
        "longitude": 9.9674,
        "brightness": 328.88,
        "confidence": "nominal",
        "frp": 1.63,
        "acq_date": "2026-04-02",
        "acq_time": "0041",
        "satellite": "Suomi-NPP/VIIRS",
        "daynight": "N",
        "scan": 0.32,
        "track": 0.55,
        "version": "2.0NRT"
      }
    },
    {
      "type": "Feature",
      "geometry": {
        "type": "Point",
        "coordinates": [
          5.6696,
          50.7633
        ]
      },
      "properties": {
        "latitude": 50.7633,
        "longitude": 5.6696,
        "brightness": 300.93,
        "confidence": "nominal",
        "frp": 0.85,
        "acq_date": "2026-04-02",
        "acq_time": "0041",
        "satellite": "Suomi-NPP/VIIRS",
        "daynight": "N",
        "scan": 0.52,
        "track": 0.67,
        "version": "2.0NRT"
      }
    },
    {
      "type": "Feature",
      "geometry": {
        "type": "Point",
        "coordinates": [
          4.88808,
          43.44841
        ]
      },
      "properties": {
        "latitude": 43.44841,
        "longitude": 4.88808,
        "brightness": 304.26,
        "confidence": "51",
        "frp": 6.11,
        "acq_date": "2026-04-01",
        "acq_time": "1437",
        "satellite": "MODIS/A",
        "daynight": "D",
        "scan": 1.1,
        "track": 1.05,
        "version": "6.1NRT"
      }
    },
    {
      "type": "Feature",
      "geometry": {
        "type": "Point",
        "coordinates": [
          4.87493,
          43.44675
        ]
      },
      "properties": {
        "latitude": 43.44675,
        "longitude": 4.87493,
        "brightness": 318.99,
        "confidence": "0",
        "frp": 18.95,
        "acq_date": "2026-04-01",
        "acq_time": "1437",
        "satellite": "MODIS/A",
        "daynight": "D",
        "scan": 1.1,
        "track": 1.05,
        "version": "6.1NRT"
      }
    },
    {
      "type": "Feature",
      "geometry": {
        "type": "Point",
        "coordinates": [
          7.92772,
          43.99878
        ]
      },
      "properties": {
        "latitude": 43.99878,
        "longitude": 7.92772,
        "brightness": 304.75,
        "confidence": "60",
        "frp": 13.33,
        "acq_date": "2026-04-01",
        "acq_time": "1437",
        "satellite": "MODIS/A",
        "daynight": "D",
        "scan": 1.52,
        "track": 1.22,
        "version": "6.1NRT"
      }
    },
    {
      "type": "Feature",
      "geometry": {
        "type": "Point",
        "coordinates": [
          7.90983,
          43.99708
        ]
      },
      "properties": {
        "latitude": 43.99708,
        "longitude": 7.90983,
        "brightness": 309.47,
        "confidence": "69",
        "frp": 19.5,
        "acq_date": "2026-04-01",
        "acq_time": "1437",
        "satellite": "MODIS/A",
        "daynight": "D",
        "scan": 1.52,
        "track": 1.22,
        "version": "6.1NRT"
      }
    },
    {
      "type": "Feature",
      "geometry": {
        "type": "Point",
        "coordinates": [
          9.22133,
          44.45744
        ]
      },
      "properties": {
        "latitude": 44.45744,
        "longitude": 9.22133,
        "brightness": 303.73,
        "confidence": "57",
        "frp": 15.72,
        "acq_date": "2026-04-01",
        "acq_time": "1437",
        "satellite": "MODIS/A",
        "daynight": "D",
        "scan": 1.82,
        "track": 1.32,
        "version": "6.1NRT"
      }
    },
    {
      "type": "Feature",
      "geometry": {
        "type": "Point",
        "coordinates": [
          0.50008,
          41.74496
        ]
      },
      "properties": {
        "latitude": 41.74496,
        "longitude": 0.50008,
        "brightness": 336.37,
        "confidence": "nominal",
        "frp": 3.51,
        "acq_date": "2026-04-01",
        "acq_time": "1249",
        "satellite": "NOAA-20/VIIRS",
        "daynight": "D",
        "scan": 0.4,
        "track": 0.37,
        "version": "2.0NRT"
      }
    },
    {
      "type": "Feature",
      "geometry": {
        "type": "Point",
        "coordinates": [
          4.87987,
          43.44313
        ]
      },
      "properties": {
        "latitude": 43.44313,
        "longitude": 4.87987,
        "brightness": 335.55,
        "confidence": "nominal",
        "frp": 19.21,
        "acq_date": "2026-04-01",
        "acq_time": "1249",
        "satellite": "NOAA-20/VIIRS",
        "daynight": "D",
        "scan": 0.43,
        "track": 0.38,
        "version": "2.0NRT"
      }
    },
    {
      "type": "Feature",
      "geometry": {
        "type": "Point",
        "coordinates": [
          7.92977,
          43.99413
        ]
      },
      "properties": {
        "latitude": 43.99413,
        "longitude": 7.92977,
        "brightness": 329.29,
        "confidence": "nominal",
        "frp": 7.5,
        "acq_date": "2026-04-01",
        "acq_time": "1249",
        "satellite": "NOAA-20/VIIRS",
        "daynight": "D",
        "scan": 0.57,
        "track": 0.43,
        "version": "2.0NRT"
      }
    },
    {
      "type": "Feature",
      "geometry": {
        "type": "Point",
        "coordinates": [
          9.22642,
          44.45279
        ]
      },
      "properties": {
        "latitude": 44.45279,
        "longitude": 9.22642,
        "brightness": 340.59,
        "confidence": "nominal",
        "frp": 3.38,
        "acq_date": "2026-04-01",
        "acq_time": "1249",
        "satellite": "NOAA-20/VIIRS",
        "daynight": "D",
        "scan": 0.44,
        "track": 0.46,
        "version": "2.0NRT"
      }
    },
    {
      "type": "Feature",
      "geometry": {
        "type": "Point",
        "coordinates": [
          9.22526,
          44.457
        ]
      },
      "properties": {
        "latitude": 44.457,
        "longitude": 9.22526,
        "brightness": 331.1,
        "confidence": "nominal",
        "frp": 3.38,
        "acq_date": "2026-04-01",
        "acq_time": "1249",
        "satellite": "NOAA-20/VIIRS",
        "daynight": "D",
        "scan": 0.44,
        "track": 0.46,
        "version": "2.0NRT"
      }
    },
    {
      "type": "Feature",
      "geometry": {
        "type": "Point",
        "coordinates": [
          6.73544,
          49.35046
        ]
      },
      "properties": {
        "latitude": 49.35046,
        "longitude": 6.73544,
        "brightness": 339.37,
        "confidence": "nominal",
        "frp": 4.49,
        "acq_date": "2026-04-01",
        "acq_time": "1249",
        "satellite": "NOAA-20/VIIRS",
        "daynight": "D",
        "scan": 0.39,
        "track": 0.44,
        "version": "2.0NRT"
      }
    },
    {
      "type": "Feature",
      "geometry": {
        "type": "Point",
        "coordinates": [
          -0.87095,
          44.92593
        ]
      },
      "properties": {
        "latitude": 44.92593,
        "longitude": -0.87095,
        "brightness": 330.5,
        "confidence": "nominal",
        "frp": 2.76,
        "acq_date": "2026-04-01",
        "acq_time": "1246",
        "satellite": "NOAA-20/VIIRS",
        "daynight": "D",
        "scan": 0.4,
        "track": 0.37,
        "version": "2.0NRT"
      }
    },
    {
      "type": "Feature",
      "geometry": {
        "type": "Point",
        "coordinates": [
          0.11986,
          45.34328
        ]
      },
      "properties": {
        "latitude": 45.34328,
        "longitude": 0.11986,
        "brightness": 345.89,
        "confidence": "nominal",
        "frp": 3.26,
        "acq_date": "2026-04-01",
        "acq_time": "1246",
        "satellite": "NOAA-20/VIIRS",
        "daynight": "D",
        "scan": 0.39,
        "track": 0.36,
        "version": "2.0NRT"
      }
    },
    {
      "type": "Feature",
      "geometry": {
        "type": "Point",
        "coordinates": [
          8.26685,
          47.06815
        ]
      },
      "properties": {
        "latitude": 47.06815,
        "longitude": 8.26685,
        "brightness": 329.49,
        "confidence": "nominal",
        "frp": 3.42,
        "acq_date": "2026-04-01",
        "acq_time": "1246",
        "satellite": "NOAA-20/VIIRS",
        "daynight": "D",
        "scan": 0.42,
        "track": 0.45,
        "version": "2.0NRT"
      }
    },
    {
      "type": "Feature",
      "geometry": {
        "type": "Point",
        "coordinates": [
          7.56563,
          47.17456
        ]
      },
      "properties": {
        "latitude": 47.17456,
        "longitude": 7.56563,
        "brightness": 338.3,
        "confidence": "nominal",
        "frp": 4.47,
        "acq_date": "2026-04-01",
        "acq_time": "1246",
        "satellite": "NOAA-20/VIIRS",
        "daynight": "D",
        "scan": 0.4,
        "track": 0.44,
        "version": "2.0NRT"
      }
    },
    {
      "type": "Feature",
      "geometry": {
        "type": "Point",
        "coordinates": [
          -1.87417,
          46.69823
        ]
      },
      "properties": {
        "latitude": 46.69823,
        "longitude": -1.87417,
        "brightness": 335.88,
        "confidence": "nominal",
        "frp": 4.17,
        "acq_date": "2026-04-01",
        "acq_time": "1246",
        "satellite": "NOAA-20/VIIRS",
        "daynight": "D",
        "scan": 0.4,
        "track": 0.37,
        "version": "2.0NRT"
      }
    },
    {
      "type": "Feature",
      "geometry": {
        "type": "Point",
        "coordinates": [
          6.47814,
          43.57523
        ]
      },
      "properties": {
        "latitude": 43.57523,
        "longitude": 6.47814,
        "brightness": 344.49,
        "confidence": "nominal",
        "frp": 2.83,
        "acq_date": "2026-04-01",
        "acq_time": "1227",
        "satellite": "Suomi-NPP/VIIRS",
        "daynight": "D",
        "scan": 0.39,
        "track": 0.36,
        "version": "2.0NRT"
      }
    },
    {
      "type": "Feature",
      "geometry": {
        "type": "Point",
        "coordinates": [
          5.77693,
          43.54687
        ]
      },
      "properties": {
        "latitude": 43.54687,
        "longitude": 5.77693,
        "brightness": 341.01,
        "confidence": "nominal",
        "frp": 2.93,
        "acq_date": "2026-04-01",
        "acq_time": "1227",
        "satellite": "Suomi-NPP/VIIRS",
        "daynight": "D",
        "scan": 0.4,
        "track": 0.37,
        "version": "2.0NRT"
      }
    },
    {
      "type": "Feature",
      "geometry": {
        "type": "Point",
        "coordinates": [
          5.7758,
          43.5502
        ]
      },
      "properties": {
        "latitude": 43.5502,
        "longitude": 5.7758,
        "brightness": 346.9,
        "confidence": "nominal",
        "frp": 2.93,
        "acq_date": "2026-04-01",
        "acq_time": "1227",
        "satellite": "Suomi-NPP/VIIRS",
        "daynight": "D",
        "scan": 0.4,
        "track": 0.37,
        "version": "2.0NRT"
      }
    },
    {
      "type": "Feature",
      "geometry": {
        "type": "Point",
        "coordinates": [
          7.94256,
          43.99739
        ]
      },
      "properties": {
        "latitude": 43.99739,
        "longitude": 7.94256,
        "brightness": 325.74,
        "confidence": "nominal",
        "frp": 3.74,
        "acq_date": "2026-04-01",
        "acq_time": "1227",
        "satellite": "Suomi-NPP/VIIRS",
        "daynight": "D",
        "scan": 0.38,
        "track": 0.36,
        "version": "2.0NRT"
      }
    },
    {
      "type": "Feature",
      "geometry": {
        "type": "Point",
        "coordinates": [
          6.66278,
          43.80189
        ]
      },
      "properties": {
        "latitude": 43.80189,
        "longitude": 6.66278,
        "brightness": 344.93,
        "confidence": "nominal",
        "frp": 4.01,
        "acq_date": "2026-04-01",
        "acq_time": "1227",
        "satellite": "Suomi-NPP/VIIRS",
        "daynight": "D",
        "scan": 0.39,
        "track": 0.36,
        "version": "2.0NRT"
      }
    },
    {
      "type": "Feature",
      "geometry": {
        "type": "Point",
        "coordinates": [
          6.61696,
          43.84524
        ]
      },
      "properties": {
        "latitude": 43.84524,
        "longitude": 6.61696,
        "brightness": 330.49,
        "confidence": "nominal",
        "frp": 2.65,
        "acq_date": "2026-04-01",
        "acq_time": "1227",
        "satellite": "Suomi-NPP/VIIRS",
        "daynight": "D",
        "scan": 0.39,
        "track": 0.36,
        "version": "2.0NRT"
      }
    },
    {
      "type": "Feature",
      "geometry": {
        "type": "Point",
        "coordinates": [
          7.98648,
          44.09275
        ]
      },
      "properties": {
        "latitude": 44.09275,
        "longitude": 7.98648,
        "brightness": 333.16,
        "confidence": "nominal",
        "frp": 2.09,
        "acq_date": "2026-04-01",
        "acq_time": "1227",
        "satellite": "Suomi-NPP/VIIRS",
        "daynight": "D",
        "scan": 0.38,
        "track": 0.36,
        "version": "2.0NRT"
      }
    },
    {
      "type": "Feature",
      "geometry": {
        "type": "Point",
        "coordinates": [
          9.94462,
          45.14415
        ]
      },
      "properties": {
        "latitude": 45.14415,
        "longitude": 9.94462,
        "brightness": 329.33,
        "confidence": "nominal",
        "frp": 1.93,
        "acq_date": "2026-04-01",
        "acq_time": "1227",
        "satellite": "Suomi-NPP/VIIRS",
        "daynight": "D",
        "scan": 0.41,
        "track": 0.37,
        "version": "2.0NRT"
      }
    },
    {
      "type": "Feature",
      "geometry": {
        "type": "Point",
        "coordinates": [
          5.48943,
          45.37759
        ]
      },
      "properties": {
        "latitude": 45.37759,
        "longitude": 5.48943,
        "brightness": 342.17,
        "confidence": "nominal",
        "frp": 4.59,
        "acq_date": "2026-04-01",
        "acq_time": "1227",
        "satellite": "Suomi-NPP/VIIRS",
        "daynight": "D",
        "scan": 0.39,
        "track": 0.37,
        "version": "2.0NRT"
      }
    },
    {
      "type": "Feature",
      "geometry": {
        "type": "Point",
        "coordinates": [
          7.82463,
          48.60022
        ]
      },
      "properties": {
        "latitude": 48.60022,
        "longitude": 7.82463,
        "brightness": 325.45,
        "confidence": "nominal",
        "frp": 1.95,
        "acq_date": "2026-04-01",
        "acq_time": "1227",
        "satellite": "Suomi-NPP/VIIRS",
        "daynight": "D",
        "scan": 0.4,
        "track": 0.37,
        "version": "2.0NRT"
      }
    },
    {
      "type": "Feature",
      "geometry": {
        "type": "Point",
        "coordinates": [
          6.05601,
          48.88494
        ]
      },
      "properties": {
        "latitude": 48.88494,
        "longitude": 6.05601,
        "brightness": 329.84,
        "confidence": "nominal",
        "frp": 1.59,
        "acq_date": "2026-04-01",
        "acq_time": "1227",
        "satellite": "Suomi-NPP/VIIRS",
        "daynight": "D",
        "scan": 0.38,
        "track": 0.36,
        "version": "2.0NRT"
      }
    },
    {
      "type": "Feature",
      "geometry": {
        "type": "Point",
        "coordinates": [
          5.81638,
          43.28525
        ]
      },
      "properties": {
        "latitude": 43.28525,
        "longitude": 5.81638,
        "brightness": 344.67,
        "confidence": "nominal",
        "frp": 3.69,
        "acq_date": "2026-04-01",
        "acq_time": "1225",
        "satellite": "Suomi-NPP/VIIRS",
        "daynight": "D",
        "scan": 0.4,
        "track": 0.37,
        "version": "2.0NRT"
      }
    },
    {
      "type": "Feature",
      "geometry": {
        "type": "Point",
        "coordinates": [
          6.62082,
          43.84495
        ]
      },
      "properties": {
        "latitude": 43.84495,
        "longitude": 6.62082,
        "brightness": 335.6,
        "confidence": "nominal",
        "frp": 7.14,
        "acq_date": "2026-04-01",
        "acq_time": "1108",
        "satellite": "NOAA-20/VIIRS",
        "daynight": "D",
        "scan": 0.78,
        "track": 0.78,
        "version": "2.0NRT"
      }
    },
    {
      "type": "Feature",
      "geometry": {
        "type": "Point",
        "coordinates": [
          1.90622,
          41.49656
        ]
      },
      "properties": {
        "latitude": 41.49656,
        "longitude": 1.90622,
        "brightness": 304.9,
        "confidence": "50",
        "frp": 8.05,
        "acq_date": "2026-04-01",
        "acq_time": "0934",
        "satellite": "MODIS/T",
        "daynight": "D",
        "scan": 1.29,
        "track": 1.13,
        "version": "6.1NRT"
      }
    },
    {
      "type": "Feature",
      "geometry": {
        "type": "Point",
        "coordinates": [
          -1.65581,
          42.05732
        ]
      },
      "properties": {
        "latitude": 42.05732,
        "longitude": -1.65581,
        "brightness": 301.79,
        "confidence": "49",
        "frp": 4.09,
        "acq_date": "2026-04-01",
        "acq_time": "0934",
        "satellite": "MODIS/T",
        "daynight": "D",
        "scan": 1.0,
        "track": 1.0,
        "version": "6.1NRT"
      }
    },
    {
      "type": "Feature",
      "geometry": {
        "type": "Point",
        "coordinates": [
          6.80232,
          50.8889
        ]
      },
      "properties": {
        "latitude": 50.8889,
        "longitude": 6.80232,
        "brightness": 311.32,
        "confidence": "66",
        "frp": 17.74,
        "acq_date": "2026-04-01",
        "acq_time": "0932",
        "satellite": "MODIS/T",
        "daynight": "D",
        "scan": 1.36,
        "track": 1.15,
        "version": "6.1NRT"
      }
    },
    {
      "type": "Feature",
      "geometry": {
        "type": "Point",
        "coordinates": [
          6.82067,
          50.88531
        ]
      },
      "properties": {
        "latitude": 50.88531,
        "longitude": 6.82067,
        "brightness": 320.06,
        "confidence": "75",
        "frp": 29.5,
        "acq_date": "2026-04-01",
        "acq_time": "0932",
        "satellite": "MODIS/T",
        "daynight": "D",
        "scan": 1.36,
        "track": 1.16,
        "version": "6.1NRT"
      }
    },
    {
      "type": "Feature",
      "geometry": {
        "type": "Point",
        "coordinates": [
          6.90254,
          50.8477
        ]
      },
      "properties": {
        "latitude": 50.8477,
        "longitude": 6.90254,
        "brightness": 302.17,
        "confidence": "51",
        "frp": 9.5,
        "acq_date": "2026-04-01",
        "acq_time": "0932",
        "satellite": "MODIS/T",
        "daynight": "D",
        "scan": 1.37,
        "track": 1.16,
        "version": "6.1NRT"
      }
    },
    {
      "type": "Feature",
      "geometry": {
        "type": "Point",
        "coordinates": [
          6.92102,
          50.84404
        ]
      },
      "properties": {
        "latitude": 50.84404,
        "longitude": 6.92102,
        "brightness": 308.58,
        "confidence": "67",
        "frp": 15.47,
        "acq_date": "2026-04-01",
        "acq_time": "0932",
        "satellite": "MODIS/T",
        "daynight": "D",
        "scan": 1.38,
        "track": 1.16,
        "version": "6.1NRT"
      }
    },
    {
      "type": "Feature",
      "geometry": {
        "type": "Point",
        "coordinates": [
          6.69244,
          50.87919
        ]
      },
      "properties": {
        "latitude": 50.87919,
        "longitude": 6.69244,
        "brightness": 310.81,
        "confidence": "70",
        "frp": 18.3,
        "acq_date": "2026-04-01",
        "acq_time": "0932",
        "satellite": "MODIS/T",
        "daynight": "D",
        "scan": 1.35,
        "track": 1.15,
        "version": "6.1NRT"
      }
    },
    {
      "type": "Feature",
      "geometry": {
        "type": "Point",
        "coordinates": [
          6.71047,
          50.87573
        ]
      },
      "properties": {
        "latitude": 50.87573,
        "longitude": 6.71047,
        "brightness": 317.04,
        "confidence": "77",
        "frp": 26.07,
        "acq_date": "2026-04-01",
        "acq_time": "0932",
        "satellite": "MODIS/T",
        "daynight": "D",
        "scan": 1.35,
        "track": 1.15,
        "version": "6.1NRT"
      }
    },
    {
      "type": "Feature",
      "geometry": {
        "type": "Point",
        "coordinates": [
          6.51903,
          50.77496
        ]
      },
      "properties": {
        "latitude": 50.77496,
        "longitude": 6.51903,
        "brightness": 310.46,
        "confidence": "70",
        "frp": 16.76,
        "acq_date": "2026-04-01",
        "acq_time": "0932",
        "satellite": "MODIS/T",
        "daynight": "D",
        "scan": 1.33,
        "track": 1.14,
        "version": "6.1NRT"
      }
    },
    {
      "type": "Feature",
      "geometry": {
        "type": "Point",
        "coordinates": [
          4.70387,
          44.33289
        ]
      },
      "properties": {
        "latitude": 44.33289,
        "longitude": 4.70387,
        "brightness": 302.84,
        "confidence": "54",
        "frp": 11.49,
        "acq_date": "2026-04-01",
        "acq_time": "0932",
        "satellite": "MODIS/T",
        "daynight": "D",
        "scan": 1.54,
        "track": 1.22,
        "version": "6.1NRT"
      }
    },
    {
      "type": "Feature",
      "geometry": {
        "type": "Point",
        "coordinates": [
          6.62959,
          43.84029
        ]
      },
      "properties": {
        "latitude": 43.84029,
        "longitude": 6.62959,
        "brightness": 300.8,
        "confidence": "42",
        "frp": 19.62,
        "acq_date": "2026-04-01",
        "acq_time": "0932",
        "satellite": "MODIS/T",
        "daynight": "D",
        "scan": 2.02,
        "track": 1.39,
        "version": "6.1NRT"
      }
    },
    {
      "type": "Feature",
      "geometry": {
        "type": "Point",
        "coordinates": [
          7.97775,
          44.09515
        ]
      },
      "properties": {
        "latitude": 44.09515,
        "longitude": 7.97775,
        "brightness": 303.87,
        "confidence": "57",
        "frp": 13.08,
        "acq_date": "2026-04-01",
        "acq_time": "0332",
        "satellite": "MODIS/A",
        "daynight": "N",
        "scan": 1.16,
        "track": 1.07,
        "version": "6.1NRT"
      }
    },
    {
      "type": "Feature",
      "geometry": {
        "type": "Point",
        "coordinates": [
          7.99274,
          44.09242
        ]
      },
      "properties": {
        "latitude": 44.09242,
        "longitude": 7.99274,
        "brightness": 306.24,
        "confidence": "67",
        "frp": 14.7,
        "acq_date": "2026-04-01",
        "acq_time": "0332",
        "satellite": "MODIS/A",
        "daynight": "N",
        "scan": 1.16,
        "track": 1.07,
        "version": "6.1NRT"
      }
    },
    {
      "type": "Feature",
      "geometry": {
        "type": "Point",
        "coordinates": [
          1.6619,
          41.31617
        ]
      },
      "properties": {
        "latitude": 41.31617,
        "longitude": 1.6619,
        "brightness": 297.92,
        "confidence": "nominal",
        "frp": 1.52,
        "acq_date": "2026-04-01",
        "acq_time": "0304",
        "satellite": "NOAA-20/VIIRS",
        "daynight": "N",
        "scan": 0.72,
        "track": 0.76,
        "version": "2.0NRT"
      }
    },
    {
      "type": "Feature",
      "geometry": {
        "type": "Point",
        "coordinates": [
          4.87854,
          43.4472
        ]
      },
      "properties": {
        "latitude": 43.4472,
        "longitude": 4.87854,
        "brightness": 328.9,
        "confidence": "nominal",
        "frp": 3.34,
        "acq_date": "2026-04-01",
        "acq_time": "0243",
        "satellite": "Suomi-NPP/VIIRS",
        "daynight": "N",
        "scan": 0.43,
        "track": 0.62,
        "version": "2.0NRT"
      }
    },
    {
      "type": "Feature",
      "geometry": {
        "type": "Point",
        "coordinates": [
          4.8836,
          43.4457
        ]
      },
      "properties": {
        "latitude": 43.4457,
        "longitude": 4.8836,
        "brightness": 297.1,
        "confidence": "nominal",
        "frp": 1.97,
        "acq_date": "2026-04-01",
        "acq_time": "0243",
        "satellite": "Suomi-NPP/VIIRS",
        "daynight": "N",
        "scan": 0.43,
        "track": 0.62,
        "version": "2.0NRT"
      }
    },
    {
      "type": "Feature",
      "geometry": {
        "type": "Point",
        "coordinates": [
          4.8755,
          43.44186
        ]
      },
      "properties": {
        "latitude": 43.44186,
        "longitude": 4.8755,
        "brightness": 307.61,
        "confidence": "nominal",
        "frp": 1.6,
        "acq_date": "2026-04-01",
        "acq_time": "0243",
        "satellite": "Suomi-NPP/VIIRS",
        "daynight": "N",
        "scan": 0.43,
        "track": 0.62,
        "version": "2.0NRT"
      }
    },
    {
      "type": "Feature",
      "geometry": {
        "type": "Point",
        "coordinates": [
          4.83717,
          43.44699
        ]
      },
      "properties": {
        "latitude": 43.44699,
        "longitude": 4.83717,
        "brightness": 299.01,
        "confidence": "nominal",
        "frp": 0.71,
        "acq_date": "2026-04-01",
        "acq_time": "0243",
        "satellite": "Suomi-NPP/VIIRS",
        "daynight": "N",
        "scan": 0.43,
        "track": 0.62,
        "version": "2.0NRT"
      }
    },
    {
      "type": "Feature",
      "geometry": {
        "type": "Point",
        "coordinates": [
          4.84216,
          43.44551
        ]
      },
      "properties": {
        "latitude": 43.44551,
        "longitude": 4.84216,
        "brightness": 298.37,
        "confidence": "nominal",
        "frp": 0.71,
        "acq_date": "2026-04-01",
        "acq_time": "0243",
        "satellite": "Suomi-NPP/VIIRS",
        "daynight": "N",
        "scan": 0.43,
        "track": 0.62,
        "version": "2.0NRT"
      }
    },
    {
      "type": "Feature",
      "geometry": {
        "type": "Point",
        "coordinates": [
          1.66223,
          41.31586
        ]
      },
      "properties": {
        "latitude": 41.31586,
        "longitude": 1.66223,
        "brightness": 298.06,
        "confidence": "nominal",
        "frp": 0.51,
        "acq_date": "2026-04-01",
        "acq_time": "0243",
        "satellite": "Suomi-NPP/VIIRS",
        "daynight": "N",
        "scan": 0.35,
        "track": 0.56,
        "version": "2.0NRT"
      }
    },
    {
      "type": "Feature",
      "geometry": {
        "type": "Point",
        "coordinates": [
          1.65987,
          41.31089
        ]
      },
      "properties": {
        "latitude": 41.31089,
        "longitude": 1.65987,
        "brightness": 296.91,
        "confidence": "nominal",
        "frp": 0.56,
        "acq_date": "2026-04-01",
        "acq_time": "0243",
        "satellite": "Suomi-NPP/VIIRS",
        "daynight": "N",
        "scan": 0.35,
        "track": 0.56,
        "version": "2.0NRT"
      }
    },
    {
      "type": "Feature",
      "geometry": {
        "type": "Point",
        "coordinates": [
          1.66172,
          41.31505
        ]
      },
      "properties": {
        "latitude": 41.31505,
        "longitude": 1.66172,
        "brightness": 308.01,
        "confidence": "nominal",
        "frp": 0.8,
        "acq_date": "2026-04-01",
        "acq_time": "0243",
        "satellite": "Suomi-NPP/VIIRS",
        "daynight": "N",
        "scan": 0.35,
        "track": 0.57,
        "version": "2.0NRT"
      }
    },
    {
      "type": "Feature",
      "geometry": {
        "type": "Point",
        "coordinates": [
          8.25538,
          50.03154
        ]
      },
      "properties": {
        "latitude": 50.03154,
        "longitude": 8.25538,
        "brightness": 295.76,
        "confidence": "nominal",
        "frp": 0.37,
        "acq_date": "2026-04-01",
        "acq_time": "0241",
        "satellite": "Suomi-NPP/VIIRS",
        "daynight": "N",
        "scan": 0.37,
        "track": 0.58,
        "version": "2.0NRT"
      }
    },
    {
      "type": "Feature",
      "geometry": {
        "type": "Point",
        "coordinates": [
          9.46356,
          45.68486
        ]
      },
      "properties": {
        "latitude": 45.68486,
        "longitude": 9.46356,
        "brightness": 296.74,
        "confidence": "nominal",
        "frp": 1.01,
        "acq_date": "2026-04-01",
        "acq_time": "0241",
        "satellite": "Suomi-NPP/VIIRS",
        "daynight": "N",
        "scan": 0.58,
        "track": 0.7,
        "version": "2.0NRT"
      }
    },
    {
      "type": "Feature",
      "geometry": {
        "type": "Point",
        "coordinates": [
          9.60042,
          45.63815
        ]
      },
      "properties": {
        "latitude": 45.63815,
        "longitude": 9.60042,
        "brightness": 298.23,
        "confidence": "nominal",
        "frp": 1.11,
        "acq_date": "2026-04-01",
        "acq_time": "0241",
        "satellite": "Suomi-NPP/VIIRS",
        "daynight": "N",
        "scan": 0.59,
        "track": 0.7,
        "version": "2.0NRT"
      }
    },
    {
      "type": "Feature",
      "geometry": {
        "type": "Point",
        "coordinates": [
          9.56714,
          44.41924
        ]
      },
      "properties": {
        "latitude": 44.41924,
        "longitude": 9.56714,
        "brightness": 326.7,
        "confidence": "nominal",
        "frp": 2.51,
        "acq_date": "2026-04-01",
        "acq_time": "0241",
        "satellite": "Suomi-NPP/VIIRS",
        "daynight": "N",
        "scan": 0.65,
        "track": 0.73,
        "version": "2.0NRT"
      }
    },
    {
      "type": "Feature",
      "geometry": {
        "type": "Point",
        "coordinates": [
          9.5662,
          44.41199
        ]
      },
      "properties": {
        "latitude": 44.41199,
        "longitude": 9.5662,
        "brightness": 311.56,
        "confidence": "nominal",
        "frp": 2.51,
        "acq_date": "2026-04-01",
        "acq_time": "0241",
        "satellite": "Suomi-NPP/VIIRS",
        "daynight": "N",
        "scan": 0.65,
        "track": 0.73,
        "version": "2.0NRT"
      }
    },
    {
      "type": "Feature",
      "geometry": {
        "type": "Point",
        "coordinates": [
          9.22974,
          44.44841
        ]
      },
      "properties": {
        "latitude": 44.44841,
        "longitude": 9.22974,
        "brightness": 311.55,
        "confidence": "nominal",
        "frp": 1.95,
        "acq_date": "2026-04-01",
        "acq_time": "0241",
        "satellite": "Suomi-NPP/VIIRS",
        "daynight": "N",
        "scan": 0.62,
        "track": 0.72,
        "version": "2.0NRT"
      }
    },
    {
      "type": "Feature",
      "geometry": {
        "type": "Point",
        "coordinates": [
          7.97617,
          44.09336
        ]
      },
      "properties": {
        "latitude": 44.09336,
        "longitude": 7.97617,
        "brightness": 328.68,
        "confidence": "nominal",
        "frp": 5.1,
        "acq_date": "2026-04-01",
        "acq_time": "0241",
        "satellite": "Suomi-NPP/VIIRS",
        "daynight": "N",
        "scan": 0.57,
        "track": 0.69,
        "version": "2.0NRT"
      }
    },
    {
      "type": "Feature",
      "geometry": {
        "type": "Point",
        "coordinates": [
          7.97995,
          44.09756
        ]
      },
      "properties": {
        "latitude": 44.09756,
        "longitude": 7.97995,
        "brightness": 303.2,
        "confidence": "nominal",
        "frp": 3.08,
        "acq_date": "2026-04-01",
        "acq_time": "0241",
        "satellite": "Suomi-NPP/VIIRS",
        "daynight": "N",
        "scan": 0.57,
        "track": 0.69,
        "version": "2.0NRT"
      }
    },
    {
      "type": "Feature",
      "geometry": {
        "type": "Point",
        "coordinates": [
          7.97778,
          44.09118
        ]
      },
      "properties": {
        "latitude": 44.09118,
        "longitude": 7.97778,
        "brightness": 330.19,
        "confidence": "nominal",
        "frp": 3.08,
        "acq_date": "2026-04-01",
        "acq_time": "0241",
        "satellite": "Suomi-NPP/VIIRS",
        "daynight": "N",
        "scan": 0.57,
        "track": 0.69,
        "version": "2.0NRT"
      }
    },
    {
      "type": "Feature",
      "geometry": {
        "type": "Point",
        "coordinates": [
          1.98184,
          41.45566
        ]
      },
      "properties": {
        "latitude": 41.45566,
        "longitude": 1.98184,
        "brightness": 297.64,
        "confidence": "nominal",
        "frp": 1.04,
        "acq_date": "2026-04-01",
        "acq_time": "0124",
        "satellite": "NOAA-20/VIIRS",
        "daynight": "N",
        "scan": 0.39,
        "track": 0.44,
        "version": "2.0NRT"
      }
    },
    {
      "type": "Feature",
      "geometry": {
        "type": "Point",
        "coordinates": [
          4.88065,
          43.44378
        ]
      },
      "properties": {
        "latitude": 43.44378,
        "longitude": 4.88065,
        "brightness": 341.54,
        "confidence": "nominal",
        "frp": 46.08,
        "acq_date": "2026-04-01",
        "acq_time": "0124",
        "satellite": "NOAA-20/VIIRS",
        "daynight": "N",
        "scan": 0.47,
        "track": 0.4,
        "version": "2.0NRT"
      }
    },
    {
      "type": "Feature",
      "geometry": {
        "type": "Point",
        "coordinates": [
          7.5631,
          47.17384
        ]
      },
      "properties": {
        "latitude": 47.17384,
        "longitude": 7.5631,
        "brightness": 312.84,
        "confidence": "nominal",
        "frp": 1.85,
        "acq_date": "2026-04-01",
        "acq_time": "0122",
        "satellite": "NOAA-20/VIIRS",
        "daynight": "N",
        "scan": 0.42,
        "track": 0.38,
        "version": "2.0NRT"
      }
    },
    {
      "type": "Feature",
      "geometry": {
        "type": "Point",
        "coordinates": [
          9.46463,
          45.68308
        ]
      },
      "properties": {
        "latitude": 45.68308,
        "longitude": 9.46463,
        "brightness": 301.61,
        "confidence": "nominal",
        "frp": 0.78,
        "acq_date": "2026-04-01",
        "acq_time": "0122",
        "satellite": "NOAA-20/VIIRS",
        "daynight": "N",
        "scan": 0.39,
        "track": 0.36,
        "version": "2.0NRT"
      }
    },
    {
      "type": "Feature",
      "geometry": {
        "type": "Point",
        "coordinates": [
          9.60386,
          45.63793
        ]
      },
      "properties": {
        "latitude": 45.63793,
        "longitude": 9.60386,
        "brightness": 298.57,
        "confidence": "nominal",
        "frp": 0.76,
        "acq_date": "2026-04-01",
        "acq_time": "0122",
        "satellite": "NOAA-20/VIIRS",
        "daynight": "N",
        "scan": 0.39,
        "track": 0.36,
        "version": "2.0NRT"
      }
    },
    {
      "type": "Feature",
      "geometry": {
        "type": "Point",
        "coordinates": [
          8.14797,
          45.52021
        ]
      },
      "properties": {
        "latitude": 45.52021,
        "longitude": 8.14797,
        "brightness": 338.49,
        "confidence": "nominal",
        "frp": 3.97,
        "acq_date": "2026-04-01",
        "acq_time": "0122",
        "satellite": "NOAA-20/VIIRS",
        "daynight": "N",
        "scan": 0.4,
        "track": 0.37,
        "version": "2.0NRT"
      }
    },
    {
      "type": "Feature",
      "geometry": {
        "type": "Point",
        "coordinates": [
          9.94454,
          45.14703
        ]
      },
      "properties": {
        "latitude": 45.14703,
        "longitude": 9.94454,
        "brightness": 298.38,
        "confidence": "nominal",
        "frp": 0.92,
        "acq_date": "2026-04-01",
        "acq_time": "0122",
        "satellite": "NOAA-20/VIIRS",
        "daynight": "N",
        "scan": 0.38,
        "track": 0.36,
        "version": "2.0NRT"
      }
    },
    {
      "type": "Feature",
      "geometry": {
        "type": "Point",
        "coordinates": [
          9.94351,
          45.14377
        ]
      },
      "properties": {
        "latitude": 45.14377,
        "longitude": 9.94351,
        "brightness": 327.45,
        "confidence": "nominal",
        "frp": 7.14,
        "acq_date": "2026-04-01",
        "acq_time": "0122",
        "satellite": "NOAA-20/VIIRS",
        "daynight": "N",
        "scan": 0.38,
        "track": 0.36,
        "version": "2.0NRT"
      }
    },
    {
      "type": "Feature",
      "geometry": {
        "type": "Point",
        "coordinates": [
          9.5707,
          44.4254
        ]
      },
      "properties": {
        "latitude": 44.4254,
        "longitude": 9.5707,
        "brightness": 295.02,
        "confidence": "nominal",
        "frp": 0.29,
        "acq_date": "2026-04-01",
        "acq_time": "0122",
        "satellite": "NOAA-20/VIIRS",
        "daynight": "N",
        "scan": 0.38,
        "track": 0.36,
        "version": "2.0NRT"
      }
    },
    {
      "type": "Feature",
      "geometry": {
        "type": "Point",
        "coordinates": [
          9.5697,
          44.42214
        ]
      },
      "properties": {
        "latitude": 44.42214,
        "longitude": 9.5697,
        "brightness": 329.21,
        "confidence": "nominal",
        "frp": 2.24,
        "acq_date": "2026-04-01",
        "acq_time": "0122",
        "satellite": "NOAA-20/VIIRS",
        "daynight": "N",
        "scan": 0.38,
        "track": 0.36,
        "version": "2.0NRT"
      }
    },
    {
      "type": "Feature",
      "geometry": {
        "type": "Point",
        "coordinates": [
          9.5687,
          44.41888
        ]
      },
      "properties": {
        "latitude": 44.41888,
        "longitude": 9.5687,
        "brightness": 310.84,
        "confidence": "nominal",
        "frp": 2.24,
        "acq_date": "2026-04-01",
        "acq_time": "0122",
        "satellite": "NOAA-20/VIIRS",
        "daynight": "N",
        "scan": 0.38,
        "track": 0.36,
        "version": "2.0NRT"
      }
    },
    {
      "type": "Feature",
      "geometry": {
        "type": "Point",
        "coordinates": [
          9.57345,
          44.41814
        ]
      },
      "properties": {
        "latitude": 44.41814,
        "longitude": 9.57345,
        "brightness": 308.72,
        "confidence": "nominal",
        "frp": 2.24,
        "acq_date": "2026-04-01",
        "acq_time": "0122",
        "satellite": "NOAA-20/VIIRS",
        "daynight": "N",
        "scan": 0.38,
        "track": 0.36,
        "version": "2.0NRT"
      }
    },
    {
      "type": "Feature",
      "geometry": {
        "type": "Point",
        "coordinates": [
          9.56769,
          44.41563
        ]
      },
      "properties": {
        "latitude": 44.41563,
        "longitude": 9.56769,
        "brightness": 326.72,
        "confidence": "nominal",
        "frp": 8.38,
        "acq_date": "2026-04-01",
        "acq_time": "0122",
        "satellite": "NOAA-20/VIIRS",
        "daynight": "N",
        "scan": 0.38,
        "track": 0.36,
        "version": "2.0NRT"
      }
    },
    {
      "type": "Feature",
      "geometry": {
        "type": "Point",
        "coordinates": [
          9.57244,
          44.41488
        ]
      },
      "properties": {
        "latitude": 44.41488,
        "longitude": 9.57244,
        "brightness": 330.43,
        "confidence": "nominal",
        "frp": 8.38,
        "acq_date": "2026-04-01",
        "acq_time": "0122",
        "satellite": "NOAA-20/VIIRS",
        "daynight": "N",
        "scan": 0.38,
        "track": 0.36,
        "version": "2.0NRT"
      }
    },
    {
      "type": "Feature",
      "geometry": {
        "type": "Point",
        "coordinates": [
          9.22684,
          44.44795
        ]
      },
      "properties": {
        "latitude": 44.44795,
        "longitude": 9.22684,
        "brightness": 321.91,
        "confidence": "nominal",
        "frp": 3.9,
        "acq_date": "2026-04-01",
        "acq_time": "0122",
        "satellite": "NOAA-20/VIIRS",
        "daynight": "N",
        "scan": 0.38,
        "track": 0.36,
        "version": "2.0NRT"
      }
    },
    {
      "type": "Feature",
      "geometry": {
        "type": "Point",
        "coordinates": [
          9.23158,
          44.44722
        ]
      },
      "properties": {
        "latitude": 44.44722,
        "longitude": 9.23158,
        "brightness": 347.88,
        "confidence": "nominal",
        "frp": 4.54,
        "acq_date": "2026-04-01",
        "acq_time": "0122",
        "satellite": "NOAA-20/VIIRS",
        "daynight": "N",
        "scan": 0.38,
        "track": 0.36,
        "version": "2.0NRT"
      }
    },
    {
      "type": "Feature",
      "geometry": {
        "type": "Point",
        "coordinates": [
          9.23057,
          44.44397
        ]
      },
      "properties": {
        "latitude": 44.44397,
        "longitude": 9.23057,
        "brightness": 311.37,
        "confidence": "nominal",
        "frp": 4.54,
        "acq_date": "2026-04-01",
        "acq_time": "0122",
        "satellite": "NOAA-20/VIIRS",
        "daynight": "N",
        "scan": 0.38,
        "track": 0.36,
        "version": "2.0NRT"
      }
    },
    {
      "type": "Feature",
      "geometry": {
        "type": "Point",
        "coordinates": [
          9.2353,
          44.44324
        ]
      },
      "properties": {
        "latitude": 44.44324,
        "longitude": 9.2353,
        "brightness": 297.8,
        "confidence": "nominal",
        "frp": 4.54,
        "acq_date": "2026-04-01",
        "acq_time": "0122",
        "satellite": "NOAA-20/VIIRS",
        "daynight": "N",
        "scan": 0.38,
        "track": 0.36,
        "version": "2.0NRT"
      }
    },
    {
      "type": "Feature",
      "geometry": {
        "type": "Point",
        "coordinates": [
          7.97541,
          44.09801
        ]
      },
      "properties": {
        "latitude": 44.09801,
        "longitude": 7.97541,
        "brightness": 320.62,
        "confidence": "nominal",
        "frp": 1.79,
        "acq_date": "2026-04-01",
        "acq_time": "0122",
        "satellite": "NOAA-20/VIIRS",
        "daynight": "N",
        "scan": 0.39,
        "track": 0.37,
        "version": "2.0NRT"
      }
    },
    {
      "type": "Feature",
      "geometry": {
        "type": "Point",
        "coordinates": [
          7.98027,
          44.09731
        ]
      },
      "properties": {
        "latitude": 44.09731,
        "longitude": 7.98027,
        "brightness": 340.36,
        "confidence": "nominal",
        "frp": 12.81,
        "acq_date": "2026-04-01",
        "acq_time": "0122",
        "satellite": "NOAA-20/VIIRS",
        "daynight": "N",
        "scan": 0.39,
        "track": 0.37,
        "version": "2.0NRT"
      }
    },
    {
      "type": "Feature",
      "geometry": {
        "type": "Point",
        "coordinates": [
          7.97934,
          44.09401
        ]
      },
      "properties": {
        "latitude": 44.09401,
        "longitude": 7.97934,
        "brightness": 343.31,
        "confidence": "nominal",
        "frp": 37.71,
        "acq_date": "2026-04-01",
        "acq_time": "0122",
        "satellite": "NOAA-20/VIIRS",
        "daynight": "N",
        "scan": 0.39,
        "track": 0.37,
        "version": "2.0NRT"
      }
    },
    {
      "type": "Feature",
      "geometry": {
        "type": "Point",
        "coordinates": [
          7.96964,
          44.09539
        ]
      },
      "properties": {
        "latitude": 44.09539,
        "longitude": 7.96964,
        "brightness": 312.9,
        "confidence": "nominal",
        "frp": 2.72,
        "acq_date": "2026-04-01",
        "acq_time": "0122",
        "satellite": "NOAA-20/VIIRS",
        "daynight": "N",
        "scan": 0.39,
        "track": 0.37,
        "version": "2.0NRT"
      }
    },
    {
      "type": "Feature",
      "geometry": {
        "type": "Point",
        "coordinates": [
          7.97452,
          44.0947
        ]
      },
      "properties": {
        "latitude": 44.0947,
        "longitude": 7.97452,
        "brightness": 296.59,
        "confidence": "nominal",
        "frp": 2.72,
        "acq_date": "2026-04-01",
        "acq_time": "0122",
        "satellite": "NOAA-20/VIIRS",
        "daynight": "N",
        "scan": 0.39,
        "track": 0.37,
        "version": "2.0NRT"
      }
    },
    {
      "type": "Feature",
      "geometry": {
        "type": "Point",
        "coordinates": [
          7.96865,
          44.09209
        ]
      },
      "properties": {
        "latitude": 44.09209,
        "longitude": 7.96865,
        "brightness": 326.32,
        "confidence": "nominal",
        "frp": 2.72,
        "acq_date": "2026-04-01",
        "acq_time": "0122",
        "satellite": "NOAA-20/VIIRS",
        "daynight": "N",
        "scan": 0.39,
        "track": 0.37,
        "version": "2.0NRT"
      }
    },
    {
      "type": "Feature",
      "geometry": {
        "type": "Point",
        "coordinates": [
          7.37454,
          43.79564
        ]
      },
      "properties": {
        "latitude": 43.79564,
        "longitude": 7.37454,
        "brightness": 296.85,
        "confidence": "nominal",
        "frp": 0.53,
        "acq_date": "2026-04-01",
        "acq_time": "0122",
        "satellite": "NOAA-20/VIIRS",
        "daynight": "N",
        "scan": 0.4,
        "track": 0.37,
        "version": "2.0NRT"
      }
    },
    {
      "type": "Feature",
      "geometry": {
        "type": "Point",
        "coordinates": [
          1.21536,
          41.19318
        ]
      },
      "properties": {
        "latitude": 41.19318,
        "longitude": 1.21536,
        "brightness": 295.01,
        "confidence": "nominal",
        "frp": 0.86,
        "acq_date": "2026-04-01",
        "acq_time": "0105",
        "satellite": "Suomi-NPP/VIIRS",
        "daynight": "N",
        "scan": 0.45,
        "track": 0.63,
        "version": "2.0NRT"
      }
    },
    {
      "type": "Feature",
      "geometry": {
        "type": "Point",
        "coordinates": [
          7.56153,
          47.1733
        ]
      },
      "properties": {
        "latitude": 47.1733,
        "longitude": 7.56153,
        "brightness": 295.63,
        "confidence": "nominal",
        "frp": 0.87,
        "acq_date": "2026-04-01",
        "acq_time": "0102",
        "satellite": "Suomi-NPP/VIIRS",
        "daynight": "N",
        "scan": 0.49,
        "track": 0.49,
        "version": "2.0NRT"
      }
    },
    {
      "type": "Feature",
      "geometry": {
        "type": "Point",
        "coordinates": [
          8.68192,
          45.7837
        ]
      },
      "properties": {
        "latitude": 45.7837,
        "longitude": 8.68192,
        "brightness": 295.95,
        "confidence": "nominal",
        "frp": 0.67,
        "acq_date": "2026-04-01",
        "acq_time": "0102",
        "satellite": "Suomi-NPP/VIIRS",
        "daynight": "N",
        "scan": 0.42,
        "track": 0.46,
        "version": "2.0NRT"
      }
    },
    {
      "type": "Feature",
      "geometry": {
        "type": "Point",
        "coordinates": [
          8.1449,
          45.52211
        ]
      },
      "properties": {
        "latitude": 45.52211,
        "longitude": 8.1449,
        "brightness": 301.46,
        "confidence": "nominal",
        "frp": 1.6,
        "acq_date": "2026-04-01",
        "acq_time": "0102",
        "satellite": "Suomi-NPP/VIIRS",
        "daynight": "N",
        "scan": 0.45,
        "track": 0.47,
        "version": "2.0NRT"
      }
    },
    {
      "type": "Feature",
      "geometry": {
        "type": "Point",
        "coordinates": [
          8.1507,
          45.52164
        ]
      },
      "properties": {
        "latitude": 45.52164,
        "longitude": 8.1507,
        "brightness": 313.28,
        "confidence": "nominal",
        "frp": 1.6,
        "acq_date": "2026-04-01",
        "acq_time": "0102",
        "satellite": "Suomi-NPP/VIIRS",
        "daynight": "N",
        "scan": 0.45,
        "track": 0.47,
        "version": "2.0NRT"
      }
    },
    {
      "type": "Feature",
      "geometry": {
        "type": "Point",
        "coordinates": [
          8.14451,
          45.52099
        ]
      },
      "properties": {
        "latitude": 45.52099,
        "longitude": 8.14451,
        "brightness": 299.59,
        "confidence": "nominal",
        "frp": 1.37,
        "acq_date": "2026-04-01",
        "acq_time": "0102",
        "satellite": "Suomi-NPP/VIIRS",
        "daynight": "N",
        "scan": 0.45,
        "track": 0.47,
        "version": "2.0NRT"
      }
    },
    {
      "type": "Feature",
      "geometry": {
        "type": "Point",
        "coordinates": [
          8.15032,
          45.52049
        ]
      },
      "properties": {
        "latitude": 45.52049,
        "longitude": 8.15032,
        "brightness": 311.23,
        "confidence": "nominal",
        "frp": 1.37,
        "acq_date": "2026-04-01",
        "acq_time": "0102",
        "satellite": "Suomi-NPP/VIIRS",
        "daynight": "N",
        "scan": 0.45,
        "track": 0.47,
        "version": "2.0NRT"
      }
    },
    {
      "type": "Feature",
      "geometry": {
        "type": "Point",
        "coordinates": [
          9.93685,
          45.145
        ]
      },
      "properties": {
        "latitude": 45.145,
        "longitude": 9.93685,
        "brightness": 295.7,
        "confidence": "nominal",
        "frp": 2.11,
        "acq_date": "2026-04-01",
        "acq_time": "0102",
        "satellite": "Suomi-NPP/VIIRS",
        "daynight": "N",
        "scan": 0.55,
        "track": 0.43,
        "version": "2.0NRT"
      }
    },
    {
      "type": "Feature",
      "geometry": {
        "type": "Point",
        "coordinates": [
          9.94393,
          45.1443
        ]
      },
      "properties": {
        "latitude": 45.1443,
        "longitude": 9.94393,
        "brightness": 307.84,
        "confidence": "nominal",
        "frp": 2.05,
        "acq_date": "2026-04-01",
        "acq_time": "0102",
        "satellite": "Suomi-NPP/VIIRS",
        "daynight": "N",
        "scan": 0.55,
        "track": 0.43,
        "version": "2.0NRT"
      }
    },
    {
      "type": "Feature",
      "geometry": {
        "type": "Point",
        "coordinates": [
          9.9382,
          45.14655
        ]
      },
      "properties": {
        "latitude": 45.14655,
        "longitude": 9.9382,
        "brightness": 313.29,
        "confidence": "nominal",
        "frp": 3.73,
        "acq_date": "2026-04-01",
        "acq_time": "0102",
        "satellite": "Suomi-NPP/VIIRS",
        "daynight": "N",
        "scan": 0.55,
        "track": 0.43,
        "version": "2.0NRT"
      }
    },
    {
      "type": "Feature",
      "geometry": {
        "type": "Point",
        "coordinates": [
          8.71812,
          44.54273
        ]
      },
      "properties": {
        "latitude": 44.54273,
        "longitude": 8.71812,
        "brightness": 298.1,
        "confidence": "nominal",
        "frp": 1.01,
        "acq_date": "2026-04-01",
        "acq_time": "0102",
        "satellite": "Suomi-NPP/VIIRS",
        "daynight": "N",
        "scan": 0.41,
        "track": 0.45,
        "version": "2.0NRT"
      }
    },
    {
      "type": "Feature",
      "geometry": {
        "type": "Point",
        "coordinates": [
          9.56658,
          44.42631
        ]
      },
      "properties": {
        "latitude": 44.42631,
        "longitude": 9.56658,
        "brightness": 299.71,
        "confidence": "nominal",
        "frp": 0.75,
        "acq_date": "2026-04-01",
        "acq_time": "0102",
        "satellite": "Suomi-NPP/VIIRS",
        "daynight": "N",
        "scan": 0.56,
        "track": 0.43,
        "version": "2.0NRT"
      }
    },
    {
      "type": "Feature",
      "geometry": {
        "type": "Point",
        "coordinates": [
          9.5732,
          44.42164
        ]
      },
      "properties": {
        "latitude": 44.42164,
        "longitude": 9.5732,
        "brightness": 316.03,
        "confidence": "nominal",
        "frp": 2.89,
        "acq_date": "2026-04-01",
        "acq_time": "0102",
        "satellite": "Suomi-NPP/VIIRS",
        "daynight": "N",
        "scan": 0.56,
        "track": 0.43,
        "version": "2.0NRT"
      }
    },
    {
      "type": "Feature",
      "geometry": {
        "type": "Point",
        "coordinates": [
          9.57193,
          44.41772
        ]
      },
      "properties": {
        "latitude": 44.41772,
        "longitude": 9.57193,
        "brightness": 327.73,
        "confidence": "nominal",
        "frp": 2.89,
        "acq_date": "2026-04-01",
        "acq_time": "0102",
        "satellite": "Suomi-NPP/VIIRS",
        "daynight": "N",
        "scan": 0.56,
        "track": 0.43,
        "version": "2.0NRT"
      }
    },
    {
      "type": "Feature",
      "geometry": {
        "type": "Point",
        "coordinates": [
          9.56677,
          44.42426
        ]
      },
      "properties": {
        "latitude": 44.42426,
        "longitude": 9.56677,
        "brightness": 311.85,
        "confidence": "nominal",
        "frp": 1.99,
        "acq_date": "2026-04-01",
        "acq_time": "0102",
        "satellite": "Suomi-NPP/VIIRS",
        "daynight": "N",
        "scan": 0.56,
        "track": 0.43,
        "version": "2.0NRT"
      }
    },
    {
      "type": "Feature",
      "geometry": {
        "type": "Point",
        "coordinates": [
          9.57324,
          44.41957
        ]
      },
      "properties": {
        "latitude": 44.41957,
        "longitude": 9.57324,
        "brightness": 317.04,
        "confidence": "nominal",
        "frp": 4.89,
        "acq_date": "2026-04-01",
        "acq_time": "0102",
        "satellite": "Suomi-NPP/VIIRS",
        "daynight": "N",
        "scan": 0.56,
        "track": 0.43,
        "version": "2.0NRT"
      }
    },
    {
      "type": "Feature",
      "geometry": {
        "type": "Point",
        "coordinates": [
          9.57185,
          44.41567
        ]
      },
      "properties": {
        "latitude": 44.41567,
        "longitude": 9.57185,
        "brightness": 329.27,
        "confidence": "nominal",
        "frp": 4.89,
        "acq_date": "2026-04-01",
        "acq_time": "0102",
        "satellite": "Suomi-NPP/VIIRS",
        "daynight": "N",
        "scan": 0.56,
        "track": 0.43,
        "version": "2.0NRT"
      }
    },
    {
      "type": "Feature",
      "geometry": {
        "type": "Point",
        "coordinates": [
          9.22679,
          44.45014
        ]
      },
      "properties": {
        "latitude": 44.45014,
        "longitude": 9.22679,
        "brightness": 318.56,
        "confidence": "nominal",
        "frp": 1.92,
        "acq_date": "2026-04-01",
        "acq_time": "0102",
        "satellite": "Suomi-NPP/VIIRS",
        "daynight": "N",
        "scan": 0.39,
        "track": 0.44,
        "version": "2.0NRT"
      }
    },
    {
      "type": "Feature",
      "geometry": {
        "type": "Point",
        "coordinates": [
          9.22987,
          44.44574
        ]
      },
      "properties": {
        "latitude": 44.44574,
        "longitude": 9.22987,
        "brightness": 351.22,
        "confidence": "nominal",
        "frp": 6.77,
        "acq_date": "2026-04-01",
        "acq_time": "0102",
        "satellite": "Suomi-NPP/VIIRS",
        "daynight": "N",
        "scan": 0.39,
        "track": 0.44,
        "version": "2.0NRT"
      }
    },
    {
      "type": "Feature",
      "geometry": {
        "type": "Point",
        "coordinates": [
          9.22456,
          44.44626
        ]
      },
      "properties": {
        "latitude": 44.44626,
        "longitude": 9.22456,
        "brightness": 312.83,
        "confidence": "nominal",
        "frp": 6.77,
        "acq_date": "2026-04-01",
        "acq_time": "0102",
        "satellite": "Suomi-NPP/VIIRS",
        "daynight": "N",
        "scan": 0.39,
        "track": 0.44,
        "version": "2.0NRT"
      }
    },
    {
      "type": "Feature",
      "geometry": {
        "type": "Point",
        "coordinates": [
          9.23429,
          44.4453
        ]
      },
      "properties": {
        "latitude": 44.4453,
        "longitude": 9.23429,
        "brightness": 308.57,
        "confidence": "nominal",
        "frp": 1.37,
        "acq_date": "2026-04-01",
        "acq_time": "0102",
        "satellite": "Suomi-NPP/VIIRS",
        "daynight": "N",
        "scan": 0.39,
        "track": 0.44,
        "version": "2.0NRT"
      }
    },
    {
      "type": "Feature",
      "geometry": {
        "type": "Point",
        "coordinates": [
          7.97865,
          44.09731
        ]
      },
      "properties": {
        "latitude": 44.09731,
        "longitude": 7.97865,
        "brightness": 344.58,
        "confidence": "nominal",
        "frp": 5.16,
        "acq_date": "2026-04-01",
        "acq_time": "0102",
        "satellite": "Suomi-NPP/VIIRS",
        "daynight": "N",
        "scan": 0.44,
        "track": 0.46,
        "version": "2.0NRT"
      }
    },
    {
      "type": "Feature",
      "geometry": {
        "type": "Point",
        "coordinates": [
          7.97305,
          44.09779
        ]
      },
      "properties": {
        "latitude": 44.09779,
        "longitude": 7.97305,
        "brightness": 306.78,
        "confidence": "nominal",
        "frp": 5.16,
        "acq_date": "2026-04-01",
        "acq_time": "0102",
        "satellite": "Suomi-NPP/VIIRS",
        "daynight": "N",
        "scan": 0.44,
        "track": 0.46,
        "version": "2.0NRT"
      }
    },
    {
      "type": "Feature",
      "geometry": {
        "type": "Point",
        "coordinates": [
          7.9722,
          44.09353
        ]
      },
      "properties": {
        "latitude": 44.09353,
        "longitude": 7.9722,
        "brightness": 320.08,
        "confidence": "nominal",
        "frp": 3.3,
        "acq_date": "2026-04-01",
        "acq_time": "0102",
        "satellite": "Suomi-NPP/VIIRS",
        "daynight": "N",
        "scan": 0.44,
        "track": 0.46,
        "version": "2.0NRT"
      }
    },
    {
      "type": "Feature",
      "geometry": {
        "type": "Point",
        "coordinates": [
          7.97754,
          44.09307
        ]
      },
      "properties": {
        "latitude": 44.09307,
        "longitude": 7.97754,
        "brightness": 332.28,
        "confidence": "nominal",
        "frp": 3.3,
        "acq_date": "2026-04-01",
        "acq_time": "0102",
        "satellite": "Suomi-NPP/VIIRS",
        "daynight": "N",
        "scan": 0.44,
        "track": 0.46,
        "version": "2.0NRT"
      }
    },
    {
      "type": "Feature",
      "geometry": {
        "type": "Point",
        "coordinates": [
          7.96692,
          44.09399
        ]
      },
      "properties": {
        "latitude": 44.09399,
        "longitude": 7.96692,
        "brightness": 306.36,
        "confidence": "nominal",
        "frp": 2.23,
        "acq_date": "2026-04-01",
        "acq_time": "0102",
        "satellite": "Suomi-NPP/VIIRS",
        "daynight": "N",
        "scan": 0.44,
        "track": 0.46,
        "version": "2.0NRT"
      }
    },
    {
      "type": "Feature",
      "geometry": {
        "type": "Point",
        "coordinates": [
          4.8767,
          43.44512
        ]
      },
      "properties": {
        "latitude": 43.44512,
        "longitude": 4.8767,
        "brightness": 337.68,
        "confidence": "nominal",
        "frp": 14.02,
        "acq_date": "2026-04-01",
        "acq_time": "0102",
        "satellite": "Suomi-NPP/VIIRS",
        "daynight": "N",
        "scan": 0.61,
        "track": 0.54,
        "version": "2.0NRT"
      }
    },
    {
      "type": "Feature",
      "geometry": {
        "type": "Point",
        "coordinates": [
          7.97866,
          44.08732
        ]
      },
      "properties": {
        "latitude": 44.08732,
        "longitude": 7.97866,
        "brightness": 317.32,
        "confidence": "95",
        "frp": 20.71,
        "acq_date": "2026-03-31",
        "acq_time": "2000",
        "satellite": "MODIS/T",
        "daynight": "N",
        "scan": 1.03,
        "track": 1.01,
        "version": "6.1NRT"
      }
    },
    {
      "type": "Feature",
      "geometry": {
        "type": "Point",
        "coordinates": [
          7.97601,
          44.0961
        ]
      },
      "properties": {
        "latitude": 44.0961,
        "longitude": 7.97601,
        "brightness": 352.14,
        "confidence": "100",
        "frp": 74.54,
        "acq_date": "2026-03-31",
        "acq_time": "2000",
        "satellite": "MODIS/T",
        "daynight": "N",
        "scan": 1.03,
        "track": 1.01,
        "version": "6.1NRT"
      }
    },
    {
      "type": "Feature",
      "geometry": {
        "type": "Point",
        "coordinates": [
          7.96351,
          44.09453
        ]
      },
      "properties": {
        "latitude": 44.09453,
        "longitude": 7.96351,
        "brightness": 325.27,
        "confidence": "100",
        "frp": 28.97,
        "acq_date": "2026-03-31",
        "acq_time": "2000",
        "satellite": "MODIS/T",
        "daynight": "N",
        "scan": 1.03,
        "track": 1.01,
        "version": "6.1NRT"
      }
    },
    {
      "type": "Feature",
      "geometry": {
        "type": "Point",
        "coordinates": [
          9.93622,
          45.14964
        ]
      },
      "properties": {
        "latitude": 45.14964,
        "longitude": 9.93622,
        "brightness": 303.93,
        "confidence": "58",
        "frp": 12.49,
        "acq_date": "2026-03-31",
        "acq_time": "2000",
        "satellite": "MODIS/T",
        "daynight": "N",
        "scan": 1.2,
        "track": 1.09,
        "version": "6.1NRT"
      }
    },
    {
      "type": "Feature",
      "geometry": {
        "type": "Point",
        "coordinates": [
          8.71219,
          44.54412
        ]
      },
      "properties": {
        "latitude": 44.54412,
        "longitude": 8.71219,
        "brightness": 300.2,
        "confidence": "12",
        "frp": 6.1,
        "acq_date": "2026-03-31",
        "acq_time": "1359",
        "satellite": "MODIS/A",
        "daynight": "D",
        "scan": 1.11,
        "track": 1.05,
        "version": "6.1NRT"
      }
    },
    {
      "type": "Feature",
      "geometry": {
        "type": "Point",
        "coordinates": [
          5.99984,
          44.067
        ]
      },
      "properties": {
        "latitude": 44.067,
        "longitude": 5.99984,
        "brightness": 302.02,
        "confidence": "50",
        "frp": 9.69,
        "acq_date": "2026-03-31",
        "acq_time": "1359",
        "satellite": "MODIS/A",
        "daynight": "D",
        "scan": 1.47,
        "track": 1.2,
        "version": "6.1NRT"
      }
    },
    {
      "type": "Feature",
      "geometry": {
        "type": "Point",
        "coordinates": [
          7.61657,
          45.02622
        ]
      },
      "properties": {
        "latitude": 45.02622,
        "longitude": 7.61657,
        "brightness": 307.93,
        "confidence": "66",
        "frp": 7.73,
        "acq_date": "2026-03-31",
        "acq_time": "1359",
        "satellite": "MODIS/A",
        "daynight": "D",
        "scan": 1.19,
        "track": 1.09,
        "version": "6.1NRT"
      }
    },
    {
      "type": "Feature",
      "geometry": {
        "type": "Point",
        "coordinates": [
          8.08776,
          45.19496
        ]
      },
      "properties": {
        "latitude": 45.19496,
        "longitude": 8.08776,
        "brightness": 304.48,
        "confidence": "59",
        "frp": 6.16,
        "acq_date": "2026-03-31",
        "acq_time": "1359",
        "satellite": "MODIS/A",
        "daynight": "D",
        "scan": 1.14,
        "track": 1.06,
        "version": "6.1NRT"
      }
    },
    {
      "type": "Feature",
      "geometry": {
        "type": "Point",
        "coordinates": [
          9.07677,
          45.52364
        ]
      },
      "properties": {
        "latitude": 45.52364,
        "longitude": 9.07677,
        "brightness": 302.45,
        "confidence": "49",
        "frp": 3.54,
        "acq_date": "2026-03-31",
        "acq_time": "1359",
        "satellite": "MODIS/A",
        "daynight": "D",
        "scan": 1.06,
        "track": 1.03,
        "version": "6.1NRT"
      }
    },
    {
      "type": "Feature",
      "geometry": {
        "type": "Point",
        "coordinates": [
          9.12338,
          45.72466
        ]
      },
      "properties": {
        "latitude": 45.72466,
        "longitude": 9.12338,
        "brightness": 351.13,
        "confidence": "nominal",
        "frp": 4.6,
        "acq_date": "2026-03-31",
        "acq_time": "1308",
        "satellite": "NOAA-20/VIIRS",
        "daynight": "D",
        "scan": 0.38,
        "track": 0.59,
        "version": "2.0NRT"
      }
    },
    {
      "type": "Feature",
      "geometry": {
        "type": "Point",
        "coordinates": [
          -1.71194,
          50.85851
        ]
      },
      "properties": {
        "latitude": 50.85851,
        "longitude": -1.71194,
        "brightness": 330.82,
        "confidence": "nominal",
        "frp": 5.4,
        "acq_date": "2026-03-31",
        "acq_time": "1308",
        "satellite": "NOAA-20/VIIRS",
        "daynight": "D",
        "scan": 0.45,
        "track": 0.39,
        "version": "2.0NRT"
      }
    },
    {
      "type": "Feature",
      "geometry": {
        "type": "Point",
        "coordinates": [
          -1.71827,
          50.85777
        ]
      },
      "properties": {
        "latitude": 50.85777,
        "longitude": -1.71827,
        "brightness": 326.43,
        "confidence": "nominal",
        "frp": 5.4,
        "acq_date": "2026-03-31",
        "acq_time": "1308",
        "satellite": "NOAA-20/VIIRS",
        "daynight": "D",
        "scan": 0.45,
        "track": 0.39,
        "version": "2.0NRT"
      }
    },
    {
      "type": "Feature",
      "geometry": {
        "type": "Point",
        "coordinates": [
          -4.7169,
          41.6005
        ]
      },
      "properties": {
        "latitude": 41.6005,
        "longitude": -4.7169,
        "brightness": 337.36,
        "confidence": "nominal",
        "frp": 3.03,
        "acq_date": "2026-03-31",
        "acq_time": "1306",
        "satellite": "NOAA-20/VIIRS",
        "daynight": "D",
        "scan": 0.4,
        "track": 0.37,
        "version": "2.0NRT"
      }
    },
    {
      "type": "Feature",
      "geometry": {
        "type": "Point",
        "coordinates": [
          -4.49242,
          41.96137
        ]
      },
      "properties": {
        "latitude": 41.96137,
        "longitude": -4.49242,
        "brightness": 336.38,
        "confidence": "nominal",
        "frp": 3.67,
        "acq_date": "2026-03-31",
        "acq_time": "1306",
        "satellite": "NOAA-20/VIIRS",
        "daynight": "D",
        "scan": 0.4,
        "track": 0.37,
        "version": "2.0NRT"
      }
    },
    {
      "type": "Feature",
      "geometry": {
        "type": "Point",
        "coordinates": [
          3.54966,
          43.69238
        ]
      },
      "properties": {
        "latitude": 43.69238,
        "longitude": 3.54966,
        "brightness": 337.59,
        "confidence": "nominal",
        "frp": 3.42,
        "acq_date": "2026-03-31",
        "acq_time": "1306",
        "satellite": "NOAA-20/VIIRS",
        "daynight": "D",
        "scan": 0.39,
        "track": 0.44,
        "version": "2.0NRT"
      }
    },
    {
      "type": "Feature",
      "geometry": {
        "type": "Point",
        "coordinates": [
          3.54641,
          43.69252
        ]
      },
      "properties": {
        "latitude": 43.69252,
        "longitude": 3.54641,
        "brightness": 337.56,
        "confidence": "nominal",
        "frp": 3.36,
        "acq_date": "2026-03-31",
        "acq_time": "1306",
        "satellite": "NOAA-20/VIIRS",
        "daynight": "D",
        "scan": 0.39,
        "track": 0.44,
        "version": "2.0NRT"
      }
    },
    {
      "type": "Feature",
      "geometry": {
        "type": "Point",
        "coordinates": [
          9.10505,
          45.62437
        ]
      },
      "properties": {
        "latitude": 45.62437,
        "longitude": 9.10505,
        "brightness": 340.38,
        "confidence": "nominal",
        "frp": 2.1,
        "acq_date": "2026-03-31",
        "acq_time": "1306",
        "satellite": "NOAA-20/VIIRS",
        "daynight": "D",
        "scan": 0.38,
        "track": 0.59,
        "version": "2.0NRT"
      }
    },
    {
      "type": "Feature",
      "geometry": {
        "type": "Point",
        "coordinates": [
          -1.71796,
          50.85879
        ]
      },
      "properties": {
        "latitude": 50.85879,
        "longitude": -1.71796,
        "brightness": 331.42,
        "confidence": "nominal",
        "frp": 1.6,
        "acq_date": "2026-03-31",
        "acq_time": "1249",
        "satellite": "Suomi-NPP/VIIRS",
        "daynight": "D",
        "scan": 0.39,
        "track": 0.36,
        "version": "2.0NRT"
      }
    },
    {
      "type": "Feature",
      "geometry": {
        "type": "Point",
        "coordinates": [
          0.90373,
          41.7481
        ]
      },
      "properties": {
        "latitude": 41.7481,
        "longitude": 0.90373,
        "brightness": 325.18,
        "confidence": "nominal",
        "frp": 2.06,
        "acq_date": "2026-03-31",
        "acq_time": "1246",
        "satellite": "Suomi-NPP/VIIRS",
        "daynight": "D",
        "scan": 0.42,
        "track": 0.38,
        "version": "2.0NRT"
      }
    },
    {
      "type": "Feature",
      "geometry": {
        "type": "Point",
        "coordinates": [
          2.74126,
          42.80209
        ]
      },
      "properties": {
        "latitude": 42.80209,
        "longitude": 2.74126,
        "brightness": 340.86,
        "confidence": "nominal",
        "frp": 2.15,
        "acq_date": "2026-03-31",
        "acq_time": "1246",
        "satellite": "Suomi-NPP/VIIRS",
        "daynight": "D",
        "scan": 0.39,
        "track": 0.36,
        "version": "2.0NRT"
      }
    },
    {
      "type": "Feature",
      "geometry": {
        "type": "Point",
        "coordinates": [
          4.8919,
          43.43815
        ]
      },
      "properties": {
        "latitude": 43.43815,
        "longitude": 4.8919,
        "brightness": 326.03,
        "confidence": "nominal",
        "frp": 2.38,
        "acq_date": "2026-03-31",
        "acq_time": "1246",
        "satellite": "Suomi-NPP/VIIRS",
        "daynight": "D",
        "scan": 0.4,
        "track": 0.37,
        "version": "2.0NRT"
      }
    },
    {
      "type": "Feature",
      "geometry": {
        "type": "Point",
        "coordinates": [
          4.89994,
          43.4462
        ]
      },
      "properties": {
        "latitude": 43.4462,
        "longitude": 4.89994,
        "brightness": 332.56,
        "confidence": "nominal",
        "frp": 4.18,
        "acq_date": "2026-03-31",
        "acq_time": "1246",
        "satellite": "Suomi-NPP/VIIRS",
        "daynight": "D",
        "scan": 0.4,
        "track": 0.37,
        "version": "2.0NRT"
      }
    },
    {
      "type": "Feature",
      "geometry": {
        "type": "Point",
        "coordinates": [
          3.54836,
          43.69238
        ]
      },
      "properties": {
        "latitude": 43.69238,
        "longitude": 3.54836,
        "brightness": 327.81,
        "confidence": "nominal",
        "frp": 1.68,
        "acq_date": "2026-03-31",
        "acq_time": "1246",
        "satellite": "Suomi-NPP/VIIRS",
        "daynight": "D",
        "scan": 0.38,
        "track": 0.36,
        "version": "2.0NRT"
      }
    },
    {
      "type": "Feature",
      "geometry": {
        "type": "Point",
        "coordinates": [
          4.14759,
          43.98699
        ]
      },
      "properties": {
        "latitude": 43.98699,
        "longitude": 4.14759,
        "brightness": 328.4,
        "confidence": "nominal",
        "frp": 2.09,
        "acq_date": "2026-03-31",
        "acq_time": "1246",
        "satellite": "Suomi-NPP/VIIRS",
        "daynight": "D",
        "scan": 0.39,
        "track": 0.36,
        "version": "2.0NRT"
      }
    },
    {
      "type": "Feature",
      "geometry": {
        "type": "Point",
        "coordinates": [
          9.94793,
          45.14762
        ]
      },
      "properties": {
        "latitude": 45.14762,
        "longitude": 9.94793,
        "brightness": 303.12,
        "confidence": "55",
        "frp": 4.47,
        "acq_date": "2026-03-31",
        "acq_time": "0854",
        "satellite": "MODIS/T",
        "daynight": "D",
        "scan": 1.02,
        "track": 1.01,
        "version": "6.1NRT"
      }
    },
    {
      "type": "Feature",
      "geometry": {
        "type": "Point",
        "coordinates": [
          4.89565,
          43.44464
        ]
      },
      "properties": {
        "latitude": 43.44464,
        "longitude": 4.89565,
        "brightness": 300.3,
        "confidence": "26",
        "frp": 6.12,
        "acq_date": "2026-03-31",
        "acq_time": "0854",
        "satellite": "MODIS/T",
        "daynight": "D",
        "scan": 1.17,
        "track": 1.08,
        "version": "6.1NRT"
      }
    },
    {
      "type": "Feature",
      "geometry": {
        "type": "Point",
        "coordinates": [
          5.67198,
          50.76723
        ]
      },
      "properties": {
        "latitude": 50.76723,
        "longitude": 5.67198,
        "brightness": 295.41,
        "confidence": "nominal",
        "frp": 1.04,
        "acq_date": "2026-03-31",
        "acq_time": "0300",
        "satellite": "Suomi-NPP/VIIRS",
        "daynight": "N",
        "scan": 0.43,
        "track": 0.62,
        "version": "2.0NRT"
      }
    },
    {
      "type": "Feature",
      "geometry": {
        "type": "Point",
        "coordinates": [
          6.10693,
          48.61427
        ]
      },
      "properties": {
        "latitude": 48.61427,
        "longitude": 6.10693,
        "brightness": 295.3,
        "confidence": "nominal",
        "frp": 1.54,
        "acq_date": "2026-03-31",
        "acq_time": "0300",
        "satellite": "Suomi-NPP/VIIRS",
        "daynight": "N",
        "scan": 0.53,
        "track": 0.67,
        "version": "2.0NRT"
      }
    },
    {
      "type": "Feature",
      "geometry": {
        "type": "Point",
        "coordinates": [
          -0.51003,
          44.85054
        ]
      },
      "properties": {
        "latitude": 44.85054,
        "longitude": -0.51003,
        "brightness": 296.34,
        "confidence": "nominal",
        "frp": 0.68,
        "acq_date": "2026-03-31",
        "acq_time": "0141",
        "satellite": "NOAA-20/VIIRS",
        "daynight": "N",
        "scan": 0.51,
        "track": 0.41,
        "version": "2.0NRT"
      }
    },
    {
      "type": "Feature",
      "geometry": {
        "type": "Point",
        "coordinates": [
          4.89471,
          43.44896
        ]
      },
      "properties": {
        "latitude": 43.44896,
        "longitude": 4.89471,
        "brightness": 309.06,
        "confidence": "nominal",
        "frp": 0.88,
        "acq_date": "2026-03-31",
        "acq_time": "0141",
        "satellite": "NOAA-20/VIIRS",
        "daynight": "N",
        "scan": 0.38,
        "track": 0.36,
        "version": "2.0NRT"
      }
    },
    {
      "type": "Feature",
      "geometry": {
        "type": "Point",
        "coordinates": [
          4.89939,
          43.44821
        ]
      },
      "properties": {
        "latitude": 43.44821,
        "longitude": 4.89939,
        "brightness": 303.93,
        "confidence": "nominal",
        "frp": 0.9,
        "acq_date": "2026-03-31",
        "acq_time": "0141",
        "satellite": "NOAA-20/VIIRS",
        "daynight": "N",
        "scan": 0.38,
        "track": 0.36,
        "version": "2.0NRT"
      }
    },
    {
      "type": "Feature",
      "geometry": {
        "type": "Point",
        "coordinates": [
          4.8984,
          43.44495
        ]
      },
      "properties": {
        "latitude": 43.44495,
        "longitude": 4.8984,
        "brightness": 322.29,
        "confidence": "nominal",
        "frp": 2.13,
        "acq_date": "2026-03-31",
        "acq_time": "0141",
        "satellite": "NOAA-20/VIIRS",
        "daynight": "N",
        "scan": 0.38,
        "track": 0.36,
        "version": "2.0NRT"
      }
    },
    {
      "type": "Feature",
      "geometry": {
        "type": "Point",
        "coordinates": [
          4.84032,
          43.44744
        ]
      },
      "properties": {
        "latitude": 43.44744,
        "longitude": 4.84032,
        "brightness": 310.15,
        "confidence": "nominal",
        "frp": 1.23,
        "acq_date": "2026-03-31",
        "acq_time": "0141",
        "satellite": "NOAA-20/VIIRS",
        "daynight": "N",
        "scan": 0.38,
        "track": 0.36,
        "version": "2.0NRT"
      }
    },
    {
      "type": "Feature",
      "geometry": {
        "type": "Point",
        "coordinates": [
          4.89076,
          43.43592
        ]
      },
      "properties": {
        "latitude": 43.43592,
        "longitude": 4.89076,
        "brightness": 296.37,
        "confidence": "nominal",
        "frp": 0.39,
        "acq_date": "2026-03-31",
        "acq_time": "0141",
        "satellite": "NOAA-20/VIIRS",
        "daynight": "N",
        "scan": 0.38,
        "track": 0.36,
        "version": "2.0NRT"
      }
    },
    {
      "type": "Feature",
      "geometry": {
        "type": "Point",
        "coordinates": [
          5.01375,
          43.38871
        ]
      },
      "properties": {
        "latitude": 43.38871,
        "longitude": 5.01375,
        "brightness": 295.53,
        "confidence": "nominal",
        "frp": 0.32,
        "acq_date": "2026-03-31",
        "acq_time": "0141",
        "satellite": "NOAA-20/VIIRS",
        "daynight": "N",
        "scan": 0.38,
        "track": 0.36,
        "version": "2.0NRT"
      }
    },
    {
      "type": "Feature",
      "geometry": {
        "type": "Point",
        "coordinates": [
          1.66288,
          41.31201
        ]
      },
      "properties": {
        "latitude": 41.31201,
        "longitude": 1.66288,
        "brightness": 307.5,
        "confidence": "nominal",
        "frp": 1.27,
        "acq_date": "2026-03-31",
        "acq_time": "0141",
        "satellite": "NOAA-20/VIIRS",
        "daynight": "N",
        "scan": 0.4,
        "track": 0.37,
        "version": "2.0NRT"
      }
    },
    {
      "type": "Feature",
      "geometry": {
        "type": "Point",
        "coordinates": [
          -2.06547,
          47.3101
        ]
      },
      "properties": {
        "latitude": 47.3101,
        "longitude": -2.06547,
        "brightness": 295.58,
        "confidence": "nominal",
        "frp": 0.8,
        "acq_date": "2026-03-31",
        "acq_time": "0141",
        "satellite": "NOAA-20/VIIRS",
        "daynight": "N",
        "scan": 0.42,
        "track": 0.45,
        "version": "2.0NRT"
      }
    },
    {
      "type": "Feature",
      "geometry": {
        "type": "Point",
        "coordinates": [
          9.46364,
          45.68389
        ]
      },
      "properties": {
        "latitude": 45.68389,
        "longitude": 9.46364,
        "brightness": 296.06,
        "confidence": "nominal",
        "frp": 0.83,
        "acq_date": "2026-03-31",
        "acq_time": "0141",
        "satellite": "NOAA-20/VIIRS",
        "daynight": "N",
        "scan": 0.45,
        "track": 0.39,
        "version": "2.0NRT"
      }
    },
    {
      "type": "Feature",
      "geometry": {
        "type": "Point",
        "coordinates": [
          8.68179,
          45.78302
        ]
      },
      "properties": {
        "latitude": 45.78302,
        "longitude": 8.68179,
        "brightness": 298.69,
        "confidence": "nominal",
        "frp": 0.52,
        "acq_date": "2026-03-31",
        "acq_time": "0141",
        "satellite": "NOAA-20/VIIRS",
        "daynight": "N",
        "scan": 0.42,
        "track": 0.38,
        "version": "2.0NRT"
      }
    },
    {
      "type": "Feature",
      "geometry": {
        "type": "Point",
        "coordinates": [
          9.94193,
          45.14774
        ]
      },
      "properties": {
        "latitude": 45.14774,
        "longitude": 9.94193,
        "brightness": 302.7,
        "confidence": "nominal",
        "frp": 28.55,
        "acq_date": "2026-03-31",
        "acq_time": "0141",
        "satellite": "NOAA-20/VIIRS",
        "daynight": "N",
        "scan": 0.47,
        "track": 0.4,
        "version": "2.0NRT"
      }
    },
    {
      "type": "Feature",
      "geometry": {
        "type": "Point",
        "coordinates": [
          9.94053,
          45.14421
        ]
      },
      "properties": {
        "latitude": 45.14421,
        "longitude": 9.94053,
        "brightness": 324.65,
        "confidence": "nominal",
        "frp": 28.55,
        "acq_date": "2026-03-31",
        "acq_time": "0141",
        "satellite": "NOAA-20/VIIRS",
        "daynight": "N",
        "scan": 0.47,
        "track": 0.4,
        "version": "2.0NRT"
      }
    },
    {
      "type": "Feature",
      "geometry": {
        "type": "Point",
        "coordinates": [
          9.6638,
          44.31733
        ]
      },
      "properties": {
        "latitude": 44.31733,
        "longitude": 9.6638,
        "brightness": 300.04,
        "confidence": "nominal",
        "frp": 0.93,
        "acq_date": "2026-03-31",
        "acq_time": "0141",
        "satellite": "NOAA-20/VIIRS",
        "daynight": "N",
        "scan": 0.47,
        "track": 0.4,
        "version": "2.0NRT"
      }
    },
    {
      "type": "Feature",
      "geometry": {
        "type": "Point",
        "coordinates": [
          5.671,
          50.76529
        ]
      },
      "properties": {
        "latitude": 50.76529,
        "longitude": 5.671,
        "brightness": 308.27,
        "confidence": "nominal",
        "frp": 1.64,
        "acq_date": "2026-03-31",
        "acq_time": "0139",
        "satellite": "NOAA-20/VIIRS",
        "daynight": "N",
        "scan": 0.4,
        "track": 0.37,
        "version": "2.0NRT"
      }
    },
    {
      "type": "Feature",
      "geometry": {
        "type": "Point",
        "coordinates": [
          3.99237,
          50.47073
        ]
      },
      "properties": {
        "latitude": 50.47073,
        "longitude": 3.99237,
        "brightness": 306.85,
        "confidence": "nominal",
        "frp": 1.31,
        "acq_date": "2026-03-31",
        "acq_time": "0139",
        "satellite": "NOAA-20/VIIRS",
        "daynight": "N",
        "scan": 0.42,
        "track": 0.38,
        "version": "2.0NRT"
      }
    },
    {
      "type": "Feature",
      "geometry": {
        "type": "Point",
        "coordinates": [
          5.95669,
          49.50597
        ]
      },
      "properties": {
        "latitude": 49.50597,
        "longitude": 5.95669,
        "brightness": 301.47,
        "confidence": "nominal",
        "frp": 1.1,
        "acq_date": "2026-03-31",
        "acq_time": "0139",
        "satellite": "NOAA-20/VIIRS",
        "daynight": "N",
        "scan": 0.39,
        "track": 0.36,
        "version": "2.0NRT"
      }
    },
    {
      "type": "Feature",
      "geometry": {
        "type": "Point",
        "coordinates": [
          6.74676,
          49.35769
        ]
      },
      "properties": {
        "latitude": 49.35769,
        "longitude": 6.74676,
        "brightness": 316.82,
        "confidence": "nominal",
        "frp": 1.87,
        "acq_date": "2026-03-31",
        "acq_time": "0139",
        "satellite": "NOAA-20/VIIRS",
        "daynight": "N",
        "scan": 0.38,
        "track": 0.36,
        "version": "2.0NRT"
      }
    },
    {
      "type": "Feature",
      "geometry": {
        "type": "Point",
        "coordinates": [
          6.73279,
          49.34958
        ]
      },
      "properties": {
        "latitude": 49.34958,
        "longitude": 6.73279,
        "brightness": 327.25,
        "confidence": "nominal",
        "frp": 5.2,
        "acq_date": "2026-03-31",
        "acq_time": "0139",
        "satellite": "NOAA-20/VIIRS",
        "daynight": "N",
        "scan": 0.38,
        "track": 0.36,
        "version": "2.0NRT"
      }
    },
    {
      "type": "Feature",
      "geometry": {
        "type": "Point",
        "coordinates": [
          6.73798,
          49.34877
        ]
      },
      "properties": {
        "latitude": 49.34877,
        "longitude": 6.73798,
        "brightness": 301.24,
        "confidence": "nominal",
        "frp": 3.76,
        "acq_date": "2026-03-31",
        "acq_time": "0139",
        "satellite": "NOAA-20/VIIRS",
        "daynight": "N",
        "scan": 0.38,
        "track": 0.36,
        "version": "2.0NRT"
      }
    },
    {
      "type": "Feature",
      "geometry": {
        "type": "Point",
        "coordinates": [
          6.78085,
          49.27667
        ]
      },
      "properties": {
        "latitude": 49.27667,
        "longitude": 6.78085,
        "brightness": 303.22,
        "confidence": "nominal",
        "frp": 0.86,
        "acq_date": "2026-03-31",
        "acq_time": "0139",
        "satellite": "NOAA-20/VIIRS",
        "daynight": "N",
        "scan": 0.38,
        "track": 0.36,
        "version": "2.0NRT"
      }
    },
    {
      "type": "Feature",
      "geometry": {
        "type": "Point",
        "coordinates": [
          6.04912,
          49.33435
        ]
      },
      "properties": {
        "latitude": 49.33435,
        "longitude": 6.04912,
        "brightness": 299.82,
        "confidence": "nominal",
        "frp": 0.47,
        "acq_date": "2026-03-31",
        "acq_time": "0139",
        "satellite": "NOAA-20/VIIRS",
        "daynight": "N",
        "scan": 0.39,
        "track": 0.36,
        "version": "2.0NRT"
      }
    },
    {
      "type": "Feature",
      "geometry": {
        "type": "Point",
        "coordinates": [
          7.82191,
          48.59701
        ]
      },
      "properties": {
        "latitude": 48.59701,
        "longitude": 7.82191,
        "brightness": 313.1,
        "confidence": "nominal",
        "frp": 1.68,
        "acq_date": "2026-03-31",
        "acq_time": "0139",
        "satellite": "NOAA-20/VIIRS",
        "daynight": "N",
        "scan": 0.39,
        "track": 0.36,
        "version": "2.0NRT"
      }
    },
    {
      "type": "Feature",
      "geometry": {
        "type": "Point",
        "coordinates": [
          6.96662,
          48.69048
        ]
      },
      "properties": {
        "latitude": 48.69048,
        "longitude": 6.96662,
        "brightness": 302.33,
        "confidence": "nominal",
        "frp": 0.93,
        "acq_date": "2026-03-31",
        "acq_time": "0139",
        "satellite": "NOAA-20/VIIRS",
        "daynight": "N",
        "scan": 0.38,
        "track": 0.36,
        "version": "2.0NRT"
      }
    },
    {
      "type": "Feature",
      "geometry": {
        "type": "Point",
        "coordinates": [
          6.11234,
          48.61225
        ]
      },
      "properties": {
        "latitude": 48.61225,
        "longitude": 6.11234,
        "brightness": 301.86,
        "confidence": "nominal",
        "frp": 1.11,
        "acq_date": "2026-03-31",
        "acq_time": "0139",
        "satellite": "NOAA-20/VIIRS",
        "daynight": "N",
        "scan": 0.38,
        "track": 0.36,
        "version": "2.0NRT"
      }
    },
    {
      "type": "Feature",
      "geometry": {
        "type": "Point",
        "coordinates": [
          6.11748,
          48.61146
        ]
      },
      "properties": {
        "latitude": 48.61146,
        "longitude": 6.11748,
        "brightness": 313.7,
        "confidence": "nominal",
        "frp": 1.11,
        "acq_date": "2026-03-31",
        "acq_time": "0139",
        "satellite": "NOAA-20/VIIRS",
        "daynight": "N",
        "scan": 0.38,
        "track": 0.36,
        "version": "2.0NRT"
      }
    },
    {
      "type": "Feature",
      "geometry": {
        "type": "Point",
        "coordinates": [
          6.1112,
          48.609
        ]
      },
      "properties": {
        "latitude": 48.609,
        "longitude": 6.1112,
        "brightness": 308.64,
        "confidence": "nominal",
        "frp": 1.11,
        "acq_date": "2026-03-31",
        "acq_time": "0139",
        "satellite": "NOAA-20/VIIRS",
        "daynight": "N",
        "scan": 0.38,
        "track": 0.36,
        "version": "2.0NRT"
      }
    },
    {
      "type": "Feature",
      "geometry": {
        "type": "Point",
        "coordinates": [
          4.562,
          48.77019
        ]
      },
      "properties": {
        "latitude": 48.77019,
        "longitude": 4.562,
        "brightness": 295.16,
        "confidence": "nominal",
        "frp": 0.72,
        "acq_date": "2026-03-31",
        "acq_time": "0139",
        "satellite": "NOAA-20/VIIRS",
        "daynight": "N",
        "scan": 0.4,
        "track": 0.37,
        "version": "2.0NRT"
      }
    },
    {
      "type": "Feature",
      "geometry": {
        "type": "Point",
        "coordinates": [
          7.37281,
          43.79518
        ]
      },
      "properties": {
        "latitude": 43.79518,
        "longitude": 7.37281,
        "brightness": 295.75,
        "confidence": "nominal",
        "frp": 0.65,
        "acq_date": "2026-03-31",
        "acq_time": "0122",
        "satellite": "Suomi-NPP/VIIRS",
        "daynight": "N",
        "scan": 0.44,
        "track": 0.39,
        "version": "2.0NRT"
      }
    },
    {
      "type": "Feature",
      "geometry": {
        "type": "Point",
        "coordinates": [
          4.89875,
          43.44863
        ]
      },
      "properties": {
        "latitude": 43.44863,
        "longitude": 4.89875,
        "brightness": 304.75,
        "confidence": "nominal",
        "frp": 1.32,
        "acq_date": "2026-03-31",
        "acq_time": "0122",
        "satellite": "Suomi-NPP/VIIRS",
        "daynight": "N",
        "scan": 0.54,
        "track": 0.42,
        "version": "2.0NRT"
      }
    },
    {
      "type": "Feature",
      "geometry": {
        "type": "Point",
        "coordinates": [
          4.89798,
          43.44472
        ]
      },
      "properties": {
        "latitude": 43.44472,
        "longitude": 4.89798,
        "brightness": 312.58,
        "confidence": "nominal",
        "frp": 1.32,
        "acq_date": "2026-03-31",
        "acq_time": "0122",
        "satellite": "Suomi-NPP/VIIRS",
        "daynight": "N",
        "scan": 0.54,
        "track": 0.42,
        "version": "2.0NRT"
      }
    },
    {
      "type": "Feature",
      "geometry": {
        "type": "Point",
        "coordinates": [
          4.84295,
          43.44625
        ]
      },
      "properties": {
        "latitude": 43.44625,
        "longitude": 4.84295,
        "brightness": 306.05,
        "confidence": "nominal",
        "frp": 0.56,
        "acq_date": "2026-03-31",
        "acq_time": "0122",
        "satellite": "Suomi-NPP/VIIRS",
        "daynight": "N",
        "scan": 0.55,
        "track": 0.42,
        "version": "2.0NRT"
      }
    },
    {
      "type": "Feature",
      "geometry": {
        "type": "Point",
        "coordinates": [
          4.89896,
          43.44905
        ]
      },
      "properties": {
        "latitude": 43.44905,
        "longitude": 4.89896,
        "brightness": 303.33,
        "confidence": "nominal",
        "frp": 1.29,
        "acq_date": "2026-03-31",
        "acq_time": "0122",
        "satellite": "Suomi-NPP/VIIRS",
        "daynight": "N",
        "scan": 0.54,
        "track": 0.42,
        "version": "2.0NRT"
      }
    },
    {
      "type": "Feature",
      "geometry": {
        "type": "Point",
        "coordinates": [
          4.89821,
          43.44515
        ]
      },
      "properties": {
        "latitude": 43.44515,
        "longitude": 4.89821,
        "brightness": 313.86,
        "confidence": "nominal",
        "frp": 2.33,
        "acq_date": "2026-03-31",
        "acq_time": "0122",
        "satellite": "Suomi-NPP/VIIRS",
        "daynight": "N",
        "scan": 0.54,
        "track": 0.42,
        "version": "2.0NRT"
      }
    },
    {
      "type": "Feature",
      "geometry": {
        "type": "Point",
        "coordinates": [
          4.84329,
          43.44696
        ]
      },
      "properties": {
        "latitude": 43.44696,
        "longitude": 4.84329,
        "brightness": 305.58,
        "confidence": "nominal",
        "frp": 0.95,
        "acq_date": "2026-03-31",
        "acq_time": "0122",
        "satellite": "Suomi-NPP/VIIRS",
        "daynight": "N",
        "scan": 0.55,
        "track": 0.42,
        "version": "2.0NRT"
      }
    },
    {
      "type": "Feature",
      "geometry": {
        "type": "Point",
        "coordinates": [
          1.17304,
          41.11019
        ]
      },
      "properties": {
        "latitude": 41.11019,
        "longitude": 1.17304,
        "brightness": 315.08,
        "confidence": "nominal",
        "frp": 1.46,
        "acq_date": "2026-03-31",
        "acq_time": "0122",
        "satellite": "Suomi-NPP/VIIRS",
        "daynight": "N",
        "scan": 0.51,
        "track": 0.5,
        "version": "2.0NRT"
      }
    },
    {
      "type": "Feature",
      "geometry": {
        "type": "Point",
        "coordinates": [
          5.6686,
          50.76536
        ]
      },
      "properties": {
        "latitude": 50.76536,
        "longitude": 5.6686,
        "brightness": 304.69,
        "confidence": "nominal",
        "frp": 1.09,
        "acq_date": "2026-03-31",
        "acq_time": "0120",
        "satellite": "Suomi-NPP/VIIRS",
        "daynight": "N",
        "scan": 0.41,
        "track": 0.45,
        "version": "2.0NRT"
      }
    },
    {
      "type": "Feature",
      "geometry": {
        "type": "Point",
        "coordinates": [
          5.95994,
          49.50699
        ]
      },
      "properties": {
        "latitude": 49.50699,
        "longitude": 5.95994,
        "brightness": 308.65,
        "confidence": "nominal",
        "frp": 0.77,
        "acq_date": "2026-03-31",
        "acq_time": "0120",
        "satellite": "Suomi-NPP/VIIRS",
        "daynight": "N",
        "scan": 0.38,
        "track": 0.43,
        "version": "2.0NRT"
      }
    },
    {
      "type": "Feature",
      "geometry": {
        "type": "Point",
        "coordinates": [
          5.95908,
          49.50298
        ]
      },
      "properties": {
        "latitude": 49.50298,
        "longitude": 5.95908,
        "brightness": 335.19,
        "confidence": "nominal",
        "frp": 2.01,
        "acq_date": "2026-03-31",
        "acq_time": "0120",
        "satellite": "Suomi-NPP/VIIRS",
        "daynight": "N",
        "scan": 0.38,
        "track": 0.43,
        "version": "2.0NRT"
      }
    },
    {
      "type": "Feature",
      "geometry": {
        "type": "Point",
        "coordinates": [
          6.74597,
          49.35971
        ]
      },
      "properties": {
        "latitude": 49.35971,
        "longitude": 6.74597,
        "brightness": 312.18,
        "confidence": "nominal",
        "frp": 1.94,
        "acq_date": "2026-03-31",
        "acq_time": "0120",
        "satellite": "Suomi-NPP/VIIRS",
        "daynight": "N",
        "scan": 0.53,
        "track": 0.42,
        "version": "2.0NRT"
      }
    },
    {
      "type": "Feature",
      "geometry": {
        "type": "Point",
        "coordinates": [
          6.74502,
          49.35584
        ]
      },
      "properties": {
        "latitude": 49.35584,
        "longitude": 6.74502,
        "brightness": 299.55,
        "confidence": "nominal",
        "frp": 1.94,
        "acq_date": "2026-03-31",
        "acq_time": "0120",
        "satellite": "Suomi-NPP/VIIRS",
        "daynight": "N",
        "scan": 0.53,
        "track": 0.42,
        "version": "2.0NRT"
      }
    },
    {
      "type": "Feature",
      "geometry": {
        "type": "Point",
        "coordinates": [
          6.73576,
          49.34883
        ]
      },
      "properties": {
        "latitude": 49.34883,
        "longitude": 6.73576,
        "brightness": 330.32,
        "confidence": "nominal",
        "frp": 4.68,
        "acq_date": "2026-03-31",
        "acq_time": "0120",
        "satellite": "Suomi-NPP/VIIRS",
        "daynight": "N",
        "scan": 0.53,
        "track": 0.42,
        "version": "2.0NRT"
      }
    },
    {
      "type": "Feature",
      "geometry": {
        "type": "Point",
        "coordinates": [
          6.7473,
          49.35966
        ]
      },
      "properties": {
        "latitude": 49.35966,
        "longitude": 6.7473,
        "brightness": 315.12,
        "confidence": "nominal",
        "frp": 2.13,
        "acq_date": "2026-03-31",
        "acq_time": "0120",
        "satellite": "Suomi-NPP/VIIRS",
        "daynight": "N",
        "scan": 0.53,
        "track": 0.42,
        "version": "2.0NRT"
      }
    },
    {
      "type": "Feature",
      "geometry": {
        "type": "Point",
        "coordinates": [
          6.74637,
          49.3558
        ]
      },
      "properties": {
        "latitude": 49.3558,
        "longitude": 6.74637,
        "brightness": 301.83,
        "confidence": "nominal",
        "frp": 2.13,
        "acq_date": "2026-03-31",
        "acq_time": "0120",
        "satellite": "Suomi-NPP/VIIRS",
        "daynight": "N",
        "scan": 0.53,
        "track": 0.42,
        "version": "2.0NRT"
      }
    },
    {
      "type": "Feature",
      "geometry": {
        "type": "Point",
        "coordinates": [
          6.73714,
          49.34882
        ]
      },
      "properties": {
        "latitude": 49.34882,
        "longitude": 6.73714,
        "brightness": 326.9,
        "confidence": "nominal",
        "frp": 5.65,
        "acq_date": "2026-03-31",
        "acq_time": "0120",
        "satellite": "Suomi-NPP/VIIRS",
        "daynight": "N",
        "scan": 0.53,
        "track": 0.42,
        "version": "2.0NRT"
      }
    },
    {
      "type": "Feature",
      "geometry": {
        "type": "Point",
        "coordinates": [
          6.78061,
          49.27725
        ]
      },
      "properties": {
        "latitude": 49.27725,
        "longitude": 6.78061,
        "brightness": 321.71,
        "confidence": "nominal",
        "frp": 3.52,
        "acq_date": "2026-03-31",
        "acq_time": "0120",
        "satellite": "Suomi-NPP/VIIRS",
        "daynight": "N",
        "scan": 0.53,
        "track": 0.42,
        "version": "2.0NRT"
      }
    },
    {
      "type": "Feature",
      "geometry": {
        "type": "Point",
        "coordinates": [
          6.0568,
          48.88358
        ]
      },
      "properties": {
        "latitude": 48.88358,
        "longitude": 6.0568,
        "brightness": 295.38,
        "confidence": "nominal",
        "frp": 0.84,
        "acq_date": "2026-03-31",
        "acq_time": "0120",
        "satellite": "Suomi-NPP/VIIRS",
        "daynight": "N",
        "scan": 0.56,
        "track": 0.43,
        "version": "2.0NRT"
      }
    },
    {
      "type": "Feature",
      "geometry": {
        "type": "Point",
        "coordinates": [
          6.05085,
          48.88639
        ]
      },
      "properties": {
        "latitude": 48.88639,
        "longitude": 6.05085,
        "brightness": 296.43,
        "confidence": "nominal",
        "frp": 1.13,
        "acq_date": "2026-03-31",
        "acq_time": "0120",
        "satellite": "Suomi-NPP/VIIRS",
        "daynight": "N",
        "scan": 0.56,
        "track": 0.43,
        "version": "2.0NRT"
      }
    },
    {
      "type": "Feature",
      "geometry": {
        "type": "Point",
        "coordinates": [
          7.81987,
          48.60194
        ]
      },
      "properties": {
        "latitude": 48.60194,
        "longitude": 7.81987,
        "brightness": 298.82,
        "confidence": "nominal",
        "frp": 1.13,
        "acq_date": "2026-03-31",
        "acq_time": "0120",
        "satellite": "Suomi-NPP/VIIRS",
        "daynight": "N",
        "scan": 0.48,
        "track": 0.4,
        "version": "2.0NRT"
      }
    },
    {
      "type": "Feature",
      "geometry": {
        "type": "Point",
        "coordinates": [
          7.81893,
          48.59826
        ]
      },
      "properties": {
        "latitude": 48.59826,
        "longitude": 7.81893,
        "brightness": 308.72,
        "confidence": "nominal",
        "frp": 1.13,
        "acq_date": "2026-03-31",
        "acq_time": "0120",
        "satellite": "Suomi-NPP/VIIRS",
        "daynight": "N",
        "scan": 0.48,
        "track": 0.4,
        "version": "2.0NRT"
      }
    },
    {
      "type": "Feature",
      "geometry": {
        "type": "Point",
        "coordinates": [
          7.81879,
          48.60052
        ]
      },
      "properties": {
        "latitude": 48.60052,
        "longitude": 7.81879,
        "brightness": 315.76,
        "confidence": "nominal",
        "frp": 1.96,
        "acq_date": "2026-03-31",
        "acq_time": "0120",
        "satellite": "Suomi-NPP/VIIRS",
        "daynight": "N",
        "scan": 0.48,
        "track": 0.4,
        "version": "2.0NRT"
      }
    },
    {
      "type": "Feature",
      "geometry": {
        "type": "Point",
        "coordinates": [
          6.10873,
          48.61076
        ]
      },
      "properties": {
        "latitude": 48.61076,
        "longitude": 6.10873,
        "brightness": 298.56,
        "confidence": "nominal",
        "frp": 1.02,
        "acq_date": "2026-03-31",
        "acq_time": "0120",
        "satellite": "Suomi-NPP/VIIRS",
        "daynight": "N",
        "scan": 0.55,
        "track": 0.43,
        "version": "2.0NRT"
      }
    },
    {
      "type": "Feature",
      "geometry": {
        "type": "Point",
        "coordinates": [
          9.60439,
          45.63697
        ]
      },
      "properties": {
        "latitude": 45.63697,
        "longitude": 9.60439,
        "brightness": 297.04,
        "confidence": "nominal",
        "frp": 1.43,
        "acq_date": "2026-03-31",
        "acq_time": "0120",
        "satellite": "Suomi-NPP/VIIRS",
        "daynight": "N",
        "scan": 0.4,
        "track": 0.37,
        "version": "2.0NRT"
      }
    },
    {
      "type": "Feature",
      "geometry": {
        "type": "Point",
        "coordinates": [
          9.94294,
          45.14513
        ]
      },
      "properties": {
        "latitude": 45.14513,
        "longitude": 9.94294,
        "brightness": 340.97,
        "confidence": "nominal",
        "frp": 8.04,
        "acq_date": "2026-03-31",
        "acq_time": "0120",
        "satellite": "Suomi-NPP/VIIRS",
        "daynight": "N",
        "scan": 0.4,
        "track": 0.37,
        "version": "2.0NRT"
      }
    },
    {
      "type": "Feature",
      "geometry": {
        "type": "Point",
        "coordinates": [
          9.93981,
          45.15016
        ]
      },
      "properties": {
        "latitude": 45.15016,
        "longitude": 9.93981,
        "brightness": 300.82,
        "confidence": "34",
        "frp": 15.25,
        "acq_date": "2026-03-30",
        "acq_time": "1919",
        "satellite": "MODIS/T",
        "daynight": "N",
        "scan": 1.54,
        "track": 1.22,
        "version": "6.1NRT"
      }
    },
    {
      "type": "Feature",
      "geometry": {
        "type": "Point",
        "coordinates": [
          -1.30061,
          41.94845
        ]
      },
      "properties": {
        "latitude": 41.94845,
        "longitude": -1.30061,
        "brightness": 330.98,
        "confidence": "nominal",
        "frp": 4.65,
        "acq_date": "2026-03-30",
        "acq_time": "1325",
        "satellite": "NOAA-20/VIIRS",
        "daynight": "D",
        "scan": 0.55,
        "track": 0.43,
        "version": "2.0NRT"
      }
    },
    {
      "type": "Feature",
      "geometry": {
        "type": "Point",
        "coordinates": [
          2.3933,
          47.09785
        ]
      },
      "properties": {
        "latitude": 47.09785,
        "longitude": 2.3933,
        "brightness": 325.03,
        "confidence": "nominal",
        "frp": 2.82,
        "acq_date": "2026-03-30",
        "acq_time": "1325",
        "satellite": "NOAA-20/VIIRS",
        "daynight": "D",
        "scan": 0.63,
        "track": 0.54,
        "version": "2.0NRT"
      }
    },
    {
      "type": "Feature",
      "geometry": {
        "type": "Point",
        "coordinates": [
          -2.77604,
          47.85021
        ]
      },
      "properties": {
        "latitude": 47.85021,
        "longitude": -2.77604,
        "brightness": 330.0,
        "confidence": "nominal",
        "frp": 3.4,
        "acq_date": "2026-03-30",
        "acq_time": "1325",
        "satellite": "NOAA-20/VIIRS",
        "daynight": "D",
        "scan": 0.56,
        "track": 0.43,
        "version": "2.0NRT"
      }
    },
    {
      "type": "Feature",
      "geometry": {
        "type": "Point",
        "coordinates": [
          6.50585,
          50.91146
        ]
      },
      "properties": {
        "latitude": 50.91146,
        "longitude": 6.50585,
        "brightness": 303.17,
        "confidence": "55",
        "frp": 30.75,
        "acq_date": "2026-03-30",
        "acq_time": "1323",
        "satellite": "MODIS/A",
        "daynight": "D",
        "scan": 2.64,
        "track": 1.56,
        "version": "6.1NRT"
      }
    },
    {
      "type": "Feature",
      "geometry": {
        "type": "Point",
        "coordinates": [
          9.67753,
          45.66294
        ]
      },
      "properties": {
        "latitude": 45.66294,
        "longitude": 9.67753,
        "brightness": 347.14,
        "confidence": "nominal",
        "frp": 2.2,
        "acq_date": "2026-03-30",
        "acq_time": "1306",
        "satellite": "Suomi-NPP/VIIRS",
        "daynight": "D",
        "scan": 0.33,
        "track": 0.55,
        "version": "2.0NRT"
      }
    },
    {
      "type": "Feature",
      "geometry": {
        "type": "Point",
        "coordinates": [
          -0.74005,
          47.18673
        ]
      },
      "properties": {
        "latitude": 47.18673,
        "longitude": -0.74005,
        "brightness": 328.79,
        "confidence": "nominal",
        "frp": 2.28,
        "acq_date": "2026-03-30",
        "acq_time": "1306",
        "satellite": "Suomi-NPP/VIIRS",
        "daynight": "D",
        "scan": 0.4,
        "track": 0.37,
        "version": "2.0NRT"
      }
    },
    {
      "type": "Feature",
      "geometry": {
        "type": "Point",
        "coordinates": [
          -1.29807,
          41.95181
        ]
      },
      "properties": {
        "latitude": 41.95181,
        "longitude": -1.29807,
        "brightness": 340.78,
        "confidence": "nominal",
        "frp": 13.54,
        "acq_date": "2026-03-30",
        "acq_time": "1304",
        "satellite": "Suomi-NPP/VIIRS",
        "daynight": "D",
        "scan": 0.38,
        "track": 0.36,
        "version": "2.0NRT"
      }
    },
    {
      "type": "Feature",
      "geometry": {
        "type": "Point",
        "coordinates": [
          9.94487,
          45.14411
        ]
      },
      "properties": {
        "latitude": 45.14411,
        "longitude": 9.94487,
        "brightness": 367.0,
        "confidence": "high",
        "frp": 6.01,
        "acq_date": "2026-03-30",
        "acq_time": "1304",
        "satellite": "Suomi-NPP/VIIRS",
        "daynight": "D",
        "scan": 0.34,
        "track": 0.56,
        "version": "2.0NRT"
      }
    },
    {
      "type": "Feature",
      "geometry": {
        "type": "Point",
        "coordinates": [
          9.94436,
          45.14934
        ]
      },
      "properties": {
        "latitude": 45.14934,
        "longitude": 9.94436,
        "brightness": 340.75,
        "confidence": "nominal",
        "frp": 6.01,
        "acq_date": "2026-03-30",
        "acq_time": "1304",
        "satellite": "Suomi-NPP/VIIRS",
        "daynight": "D",
        "scan": 0.34,
        "track": 0.56,
        "version": "2.0NRT"
      }
    },
    {
      "type": "Feature",
      "geometry": {
        "type": "Point",
        "coordinates": [
          9.47945,
          45.58206
        ]
      },
      "properties": {
        "latitude": 45.58206,
        "longitude": 9.47945,
        "brightness": 329.54,
        "confidence": "nominal",
        "frp": 2.06,
        "acq_date": "2026-03-30",
        "acq_time": "1147",
        "satellite": "NOAA-20/VIIRS",
        "daynight": "D",
        "scan": 0.38,
        "track": 0.43,
        "version": "2.0NRT"
      }
    },
    {
      "type": "Feature",
      "geometry": {
        "type": "Point",
        "coordinates": [
          9.41537,
          45.85372
        ]
      },
      "properties": {
        "latitude": 45.85372,
        "longitude": 9.41537,
        "brightness": 333.68,
        "confidence": "nominal",
        "frp": 4.66,
        "acq_date": "2026-03-30",
        "acq_time": "1147",
        "satellite": "NOAA-20/VIIRS",
        "daynight": "D",
        "scan": 0.57,
        "track": 0.43,
        "version": "2.0NRT"
      }
    },
    {
      "type": "Feature",
      "geometry": {
        "type": "Point",
        "coordinates": [
          4.90202,
          43.44295
        ]
      },
      "properties": {
        "latitude": 43.44295,
        "longitude": 4.90202,
        "brightness": 341.03,
        "confidence": "nominal",
        "frp": 3.44,
        "acq_date": "2026-03-30",
        "acq_time": "1145",
        "satellite": "NOAA-20/VIIRS",
        "daynight": "D",
        "scan": 0.35,
        "track": 0.57,
        "version": "2.0NRT"
      }
    },
    {
      "type": "Feature",
      "geometry": {
        "type": "Point",
        "coordinates": [
          4.90121,
          43.44443
        ]
      },
      "properties": {
        "latitude": 43.44443,
        "longitude": 4.90121,
        "brightness": 343.43,
        "confidence": "nominal",
        "frp": 3.1,
        "acq_date": "2026-03-30",
        "acq_time": "1145",
        "satellite": "NOAA-20/VIIRS",
        "daynight": "D",
        "scan": 0.35,
        "track": 0.57,
        "version": "2.0NRT"
      }
    },
    {
      "type": "Feature",
      "geometry": {
        "type": "Point",
        "coordinates": [
          9.94521,
          45.14376
        ]
      },
      "properties": {
        "latitude": 45.14376,
        "longitude": 9.94521,
        "brightness": 339.17,
        "confidence": "nominal",
        "frp": 7.57,
        "acq_date": "2026-03-30",
        "acq_time": "1145",
        "satellite": "NOAA-20/VIIRS",
        "daynight": "D",
        "scan": 0.56,
        "track": 0.43,
        "version": "2.0NRT"
      }
    },
    {
      "type": "Feature",
      "geometry": {
        "type": "Point",
        "coordinates": [
          9.94705,
          45.14557
        ]
      },
      "properties": {
        "latitude": 45.14557,
        "longitude": 9.94705,
        "brightness": 345.8,
        "confidence": "nominal",
        "frp": 5.4,
        "acq_date": "2026-03-30",
        "acq_time": "1123",
        "satellite": "Suomi-NPP/VIIRS",
        "daynight": "D",
        "scan": 0.36,
        "track": 0.57,
        "version": "2.0NRT"
      }
    },
    {
      "type": "Feature",
      "geometry": {
        "type": "Point",
        "coordinates": [
          -2.50336,
          41.74335
        ]
      },
      "properties": {
        "latitude": 41.74335,
        "longitude": -2.50336,
        "brightness": 304.23,
        "confidence": "nominal",
        "frp": 2.74,
        "acq_date": "2026-03-30",
        "acq_time": "0321",
        "satellite": "Suomi-NPP/VIIRS",
        "daynight": "N",
        "scan": 0.61,
        "track": 0.71,
        "version": "2.0NRT"
      }
    },
    {
      "type": "Feature",
      "geometry": {
        "type": "Point",
        "coordinates": [
          -2.50913,
          41.7457
        ]
      },
      "properties": {
        "latitude": 41.7457,
        "longitude": -2.50913,
        "brightness": 303.85,
        "confidence": "nominal",
        "frp": 2.03,
        "acq_date": "2026-03-30",
        "acq_time": "0321",
        "satellite": "Suomi-NPP/VIIRS",
        "daynight": "N",
        "scan": 0.61,
        "track": 0.71,
        "version": "2.0NRT"
      }
    },
    {
      "type": "Feature",
      "geometry": {
        "type": "Point",
        "coordinates": [
          -1.94032,
          41.29528
        ]
      },
      "properties": {
        "latitude": 41.29528,
        "longitude": -1.94032,
        "brightness": 367.0,
        "confidence": "high",
        "frp": 14.95,
        "acq_date": "2026-03-30",
        "acq_time": "0321",
        "satellite": "Suomi-NPP/VIIRS",
        "daynight": "N",
        "scan": 0.66,
        "track": 0.73,
        "version": "2.0NRT"
      }
    },
    {
      "type": "Feature",
      "geometry": {
        "type": "Point",
        "coordinates": [
          -1.93596,
          41.29847
        ]
      },
      "properties": {
        "latitude": 41.29847,
        "longitude": -1.93596,
        "brightness": 327.7,
        "confidence": "nominal",
        "frp": 4.64,
        "acq_date": "2026-03-30",
        "acq_time": "0321",
        "satellite": "Suomi-NPP/VIIRS",
        "daynight": "N",
        "scan": 0.66,
        "track": 0.73,
        "version": "2.0NRT"
      }
    },
    {
      "type": "Feature",
      "geometry": {
        "type": "Point",
        "coordinates": [
          -1.94358,
          41.301
        ]
      },
      "properties": {
        "latitude": 41.301,
        "longitude": -1.94358,
        "brightness": 295.74,
        "confidence": "nominal",
        "frp": 4.27,
        "acq_date": "2026-03-30",
        "acq_time": "0321",
        "satellite": "Suomi-NPP/VIIRS",
        "daynight": "N",
        "scan": 0.66,
        "track": 0.73,
        "version": "2.0NRT"
      }
    },
    {
      "type": "Feature",
      "geometry": {
        "type": "Point",
        "coordinates": [
          -1.94001,
          41.29229
        ]
      },
      "properties": {
        "latitude": 41.29229,
        "longitude": -1.94001,
        "brightness": 338.34,
        "confidence": "nominal",
        "frp": 6.3,
        "acq_date": "2026-03-30",
        "acq_time": "0321",
        "satellite": "Suomi-NPP/VIIRS",
        "daynight": "N",
        "scan": 0.66,
        "track": 0.73,
        "version": "2.0NRT"
      }
    },
    {
      "type": "Feature",
      "geometry": {
        "type": "Point",
        "coordinates": [
          -1.9474,
          41.29475
        ]
      },
      "properties": {
        "latitude": 41.29475,
        "longitude": -1.9474,
        "brightness": 296.11,
        "confidence": "nominal",
        "frp": 5.67,
        "acq_date": "2026-03-30",
        "acq_time": "0321",
        "satellite": "Suomi-NPP/VIIRS",
        "daynight": "N",
        "scan": 0.66,
        "track": 0.73,
        "version": "2.0NRT"
      }
    },
    {
      "type": "Feature",
      "geometry": {
        "type": "Point",
        "coordinates": [
          0.1781,
          41.92529
        ]
      },
      "properties": {
        "latitude": 41.92529,
        "longitude": 0.1781,
        "brightness": 302.47,
        "confidence": "nominal",
        "frp": 1.26,
        "acq_date": "2026-03-30",
        "acq_time": "0319",
        "satellite": "Suomi-NPP/VIIRS",
        "daynight": "N",
        "scan": 0.79,
        "track": 0.78,
        "version": "2.0NRT"
      }
    },
    {
      "type": "Feature",
      "geometry": {
        "type": "Point",
        "coordinates": [
          -1.36603,
          50.83141
        ]
      },
      "properties": {
        "latitude": 50.83141,
        "longitude": -1.36603,
        "brightness": 296.01,
        "confidence": "nominal",
        "frp": 0.85,
        "acq_date": "2026-03-30",
        "acq_time": "0317",
        "satellite": "Suomi-NPP/VIIRS",
        "daynight": "N",
        "scan": 0.35,
        "track": 0.57,
        "version": "2.0NRT"
      }
    },
    {
      "type": "Feature",
      "geometry": {
        "type": "Point",
        "coordinates": [
          0.99085,
          43.18584
        ]
      },
      "properties": {
        "latitude": 43.18584,
        "longitude": 0.99085,
        "brightness": 297.7,
        "confidence": "nominal",
        "frp": 0.79,
        "acq_date": "2026-03-30",
        "acq_time": "0202",
        "satellite": "NOAA-20/VIIRS",
        "daynight": "N",
        "scan": 0.39,
        "track": 0.36,
        "version": "2.0NRT"
      }
    },
    {
      "type": "Feature",
      "geometry": {
        "type": "Point",
        "coordinates": [
          -3.02195,
          43.30901
        ]
      },
      "properties": {
        "latitude": 43.30901,
        "longitude": -3.02195,
        "brightness": 296.56,
        "confidence": "nominal",
        "frp": 1.2,
        "acq_date": "2026-03-30",
        "acq_time": "0202",
        "satellite": "NOAA-20/VIIRS",
        "daynight": "N",
        "scan": 0.42,
        "track": 0.37,
        "version": "2.0NRT"
      }
    },
    {
      "type": "Feature",
      "geometry": {
        "type": "Point",
        "coordinates": [
          0.17807,
          41.9259
        ]
      },
      "properties": {
        "latitude": 41.9259,
        "longitude": 0.17807,
        "brightness": 297.14,
        "confidence": "nominal",
        "frp": 0.54,
        "acq_date": "2026-03-30",
        "acq_time": "0202",
        "satellite": "NOAA-20/VIIRS",
        "daynight": "N",
        "scan": 0.39,
        "track": 0.36,
        "version": "2.0NRT"
      }
    },
    {
      "type": "Feature",
      "geometry": {
        "type": "Point",
        "coordinates": [
          1.97743,
          41.45473
        ]
      },
      "properties": {
        "latitude": 41.45473,
        "longitude": 1.97743,
        "brightness": 310.82,
        "confidence": "nominal",
        "frp": 1.58,
        "acq_date": "2026-03-30",
        "acq_time": "0202",
        "satellite": "NOAA-20/VIIRS",
        "daynight": "N",
        "scan": 0.42,
        "track": 0.38,
        "version": "2.0NRT"
      }
    },
    {
      "type": "Feature",
      "geometry": {
        "type": "Point",
        "coordinates": [
          1.66361,
          41.31319
        ]
      },
      "properties": {
        "latitude": 41.31319,
        "longitude": 1.66361,
        "brightness": 304.21,
        "confidence": "nominal",
        "frp": 1.34,
        "acq_date": "2026-03-30",
        "acq_time": "0202",
        "satellite": "NOAA-20/VIIRS",
        "daynight": "N",
        "scan": 0.41,
        "track": 0.37,
        "version": "2.0NRT"
      }
    },
    {
      "type": "Feature",
      "geometry": {
        "type": "Point",
        "coordinates": [
          -1.48484,
          41.47624
        ]
      },
      "properties": {
        "latitude": 41.47624,
        "longitude": -1.48484,
        "brightness": 298.38,
        "confidence": "nominal",
        "frp": 0.52,
        "acq_date": "2026-03-30",
        "acq_time": "0202",
        "satellite": "NOAA-20/VIIRS",
        "daynight": "N",
        "scan": 0.39,
        "track": 0.36,
        "version": "2.0NRT"
      }
    },
    {
      "type": "Feature",
      "geometry": {
        "type": "Point",
        "coordinates": [
          -1.94133,
          41.29632
        ]
      },
      "properties": {
        "latitude": 41.29632,
        "longitude": -1.94133,
        "brightness": 332.36,
        "confidence": "nominal",
        "frp": 10.76,
        "acq_date": "2026-03-30",
        "acq_time": "0202",
        "satellite": "NOAA-20/VIIRS",
        "daynight": "N",
        "scan": 0.39,
        "track": 0.36,
        "version": "2.0NRT"
      }
    },
    {
      "type": "Feature",
      "geometry": {
        "type": "Point",
        "coordinates": [
          -1.93674,
          41.29564
        ]
      },
      "properties": {
        "latitude": 41.29564,
        "longitude": -1.93674,
        "brightness": 319.5,
        "confidence": "nominal",
        "frp": 6.66,
        "acq_date": "2026-03-30",
        "acq_time": "0202",
        "satellite": "NOAA-20/VIIRS",
        "daynight": "N",
        "scan": 0.39,
        "track": 0.36,
        "version": "2.0NRT"
      }
    },
    {
      "type": "Feature",
      "geometry": {
        "type": "Point",
        "coordinates": [
          4.89625,
          43.44717
        ]
      },
      "properties": {
        "latitude": 43.44717,
        "longitude": 4.89625,
        "brightness": 334.15,
        "confidence": "nominal",
        "frp": 5.66,
        "acq_date": "2026-03-30",
        "acq_time": "0200",
        "satellite": "NOAA-20/VIIRS",
        "daynight": "N",
        "scan": 0.49,
        "track": 0.4,
        "version": "2.0NRT"
      }
    },
    {
      "type": "Feature",
      "geometry": {
        "type": "Point",
        "coordinates": [
          4.90211,
          43.44596
        ]
      },
      "properties": {
        "latitude": 43.44596,
        "longitude": 4.90211,
        "brightness": 311.63,
        "confidence": "nominal",
        "frp": 1.51,
        "acq_date": "2026-03-30",
        "acq_time": "0200",
        "satellite": "NOAA-20/VIIRS",
        "daynight": "N",
        "scan": 0.49,
        "track": 0.4,
        "version": "2.0NRT"
      }
    },
    {
      "type": "Feature",
      "geometry": {
        "type": "Point",
        "coordinates": [
          4.90073,
          43.44237
        ]
      },
      "properties": {
        "latitude": 43.44237,
        "longitude": 4.90073,
        "brightness": 313.7,
        "confidence": "nominal",
        "frp": 1.51,
        "acq_date": "2026-03-30",
        "acq_time": "0200",
        "satellite": "NOAA-20/VIIRS",
        "daynight": "N",
        "scan": 0.49,
        "track": 0.4,
        "version": "2.0NRT"
      }
    },
    {
      "type": "Feature",
      "geometry": {
        "type": "Point",
        "coordinates": [
          1.89618,
          50.97233
        ]
      },
      "properties": {
        "latitude": 50.97233,
        "longitude": 1.89618,
        "brightness": 296.88,
        "confidence": "nominal",
        "frp": 0.48,
        "acq_date": "2026-03-30",
        "acq_time": "0158",
        "satellite": "NOAA-20/VIIRS",
        "daynight": "N",
        "scan": 0.39,
        "track": 0.36,
        "version": "2.0NRT"
      }
    },
    {
      "type": "Feature",
      "geometry": {
        "type": "Point",
        "coordinates": [
          3.99356,
          50.47173
        ]
      },
      "properties": {
        "latitude": 50.47173,
        "longitude": 3.99356,
        "brightness": 298.69,
        "confidence": "nominal",
        "frp": 0.49,
        "acq_date": "2026-03-30",
        "acq_time": "0158",
        "satellite": "NOAA-20/VIIRS",
        "daynight": "N",
        "scan": 0.39,
        "track": 0.36,
        "version": "2.0NRT"
      }
    },
    {
      "type": "Feature",
      "geometry": {
        "type": "Point",
        "coordinates": [
          3.48849,
          50.33208
        ]
      },
      "properties": {
        "latitude": 50.33208,
        "longitude": 3.48849,
        "brightness": 299.61,
        "confidence": "nominal",
        "frp": 0.66,
        "acq_date": "2026-03-30",
        "acq_time": "0158",
        "satellite": "NOAA-20/VIIRS",
        "daynight": "N",
        "scan": 0.39,
        "track": 0.36,
        "version": "2.0NRT"
      }
    },
    {
      "type": "Feature",
      "geometry": {
        "type": "Point",
        "coordinates": [
          -1.36757,
          50.83165
        ]
      },
      "properties": {
        "latitude": 50.83165,
        "longitude": -1.36757,
        "brightness": 295.91,
        "confidence": "nominal",
        "frp": 1.12,
        "acq_date": "2026-03-30",
        "acq_time": "0158",
        "satellite": "NOAA-20/VIIRS",
        "daynight": "N",
        "scan": 0.44,
        "track": 0.38,
        "version": "2.0NRT"
      }
    },
    {
      "type": "Feature",
      "geometry": {
        "type": "Point",
        "coordinates": [
          -1.94038,
          41.29697
        ]
      },
      "properties": {
        "latitude": 41.29697,
        "longitude": -1.94038,
        "brightness": 334.12,
        "confidence": "nominal",
        "frp": 1.44,
        "acq_date": "2026-03-30",
        "acq_time": "0143",
        "satellite": "Suomi-NPP/VIIRS",
        "daynight": "N",
        "scan": 0.43,
        "track": 0.46,
        "version": "2.0NRT"
      }
    },
    {
      "type": "Feature",
      "geometry": {
        "type": "Point",
        "coordinates": [
          -1.94098,
          41.29274
        ]
      },
      "properties": {
        "latitude": 41.29274,
        "longitude": -1.94098,
        "brightness": 306.48,
        "confidence": "nominal",
        "frp": 1.44,
        "acq_date": "2026-03-30",
        "acq_time": "0143",
        "satellite": "Suomi-NPP/VIIRS",
        "daynight": "N",
        "scan": 0.43,
        "track": 0.46,
        "version": "2.0NRT"
      }
    },
    {
      "type": "Feature",
      "geometry": {
        "type": "Point",
        "coordinates": [
          -1.94178,
          41.29365
        ]
      },
      "properties": {
        "latitude": 41.29365,
        "longitude": -1.94178,
        "brightness": 326.0,
        "confidence": "nominal",
        "frp": 3.19,
        "acq_date": "2026-03-30",
        "acq_time": "0143",
        "satellite": "Suomi-NPP/VIIRS",
        "daynight": "N",
        "scan": 0.43,
        "track": 0.46,
        "version": "2.0NRT"
      }
    },
    {
      "type": "Feature",
      "geometry": {
        "type": "Point",
        "coordinates": [
          4.89751,
          43.44787
        ]
      },
      "properties": {
        "latitude": 43.44787,
        "longitude": 4.89751,
        "brightness": 336.33,
        "confidence": "nominal",
        "frp": 6.81,
        "acq_date": "2026-03-30",
        "acq_time": "0141",
        "satellite": "Suomi-NPP/VIIRS",
        "daynight": "N",
        "scan": 0.39,
        "track": 0.36,
        "version": "2.0NRT"
      }
    },
    {
      "type": "Feature",
      "geometry": {
        "type": "Point",
        "coordinates": [
          4.8927,
          43.44857
        ]
      },
      "properties": {
        "latitude": 43.44857,
        "longitude": 4.8927,
        "brightness": 298.25,
        "confidence": "nominal",
        "frp": 3.28,
        "acq_date": "2026-03-30",
        "acq_time": "0141",
        "satellite": "Suomi-NPP/VIIRS",
        "daynight": "N",
        "scan": 0.39,
        "track": 0.36,
        "version": "2.0NRT"
      }
    },
    {
      "type": "Feature",
      "geometry": {
        "type": "Point",
        "coordinates": [
          4.8966,
          43.44455
        ]
      },
      "properties": {
        "latitude": 43.44455,
        "longitude": 4.8966,
        "brightness": 332.65,
        "confidence": "nominal",
        "frp": 2.68,
        "acq_date": "2026-03-30",
        "acq_time": "0141",
        "satellite": "Suomi-NPP/VIIRS",
        "daynight": "N",
        "scan": 0.39,
        "track": 0.36,
        "version": "2.0NRT"
      }
    },
    {
      "type": "Feature",
      "geometry": {
        "type": "Point",
        "coordinates": [
          4.90141,
          43.44385
        ]
      },
      "properties": {
        "latitude": 43.44385,
        "longitude": 4.90141,
        "brightness": 320.11,
        "confidence": "nominal",
        "frp": 2.68,
        "acq_date": "2026-03-30",
        "acq_time": "0141",
        "satellite": "Suomi-NPP/VIIRS",
        "daynight": "N",
        "scan": 0.39,
        "track": 0.36,
        "version": "2.0NRT"
      }
    },
    {
      "type": "Feature",
      "geometry": {
        "type": "Point",
        "coordinates": [
          1.97675,
          41.4561
        ]
      },
      "properties": {
        "latitude": 41.4561,
        "longitude": 1.97675,
        "brightness": 297.79,
        "confidence": "nominal",
        "frp": 1.28,
        "acq_date": "2026-03-30",
        "acq_time": "0141",
        "satellite": "Suomi-NPP/VIIRS",
        "daynight": "N",
        "scan": 0.44,
        "track": 0.38,
        "version": "2.0NRT"
      }
    },
    {
      "type": "Feature",
      "geometry": {
        "type": "Point",
        "coordinates": [
          1.66399,
          41.31289
        ]
      },
      "properties": {
        "latitude": 41.31289,
        "longitude": 1.66399,
        "brightness": 302.79,
        "confidence": "nominal",
        "frp": 1.11,
        "acq_date": "2026-03-30",
        "acq_time": "0141",
        "satellite": "Suomi-NPP/VIIRS",
        "daynight": "N",
        "scan": 0.45,
        "track": 0.39,
        "version": "2.0NRT"
      }
    }
  ]
}