{"type": "FeatureCollection", "metadata": {"source": "NASA FIRMS (Fire Information for Resource Management System)", "source_urls": ["https://firms.modaps.eosdis.nasa.gov/data/active_fire/suomi-npp-viirs-c2/csv/SUOMI_VIIRS_C2_Global_24h.csv", "https://firms.modaps.eosdis.nasa.gov/data/active_fire/modis-c6.1/csv/MODIS_C6_1_Global_24h.csv"], "fetched_at": "2026-04-07T15:00:28.897913Z", "official_label": "NASA FIRMS Global Active Fires (24h) - VIIRS & MODIS", "description": "Global active fire detections from NASA satellites, filtered for significant fires (FRP>15 or high confidence)", "filters_applied": "FRP > 15 MW or confidence > 70 (MODIS) / high (VIIRS)", "total_viirs_significant": 12667, "total_modis_significant": 7502, "max_features": 2000}, "features": [{"type": "Feature", "geometry": {"type": "Point", "coordinates": [135.1597, -20.23206]}, "properties": {"source_sensor": "MODIS (Aqua/Terra)", "frp": 1739.27, "confidence": 100, "brightness": 495.59, "bright_t31": 331.7, "acq_date": "2026-04-07", "acq_time": "0640", "satellite": "A", "daynight": "D", "scan": 1.11, "track": 1.05}}, {"type": "Feature", "geometry": {"type": "Point", "coordinates": [98.02561, 18.64864]}, "properties": {"source_sensor": "MODIS (Aqua/Terra)", "frp": 1675.05, "confidence": 94, "brightness": 495.06, "bright_t31": 328.51, "acq_date": "2026-04-07", "acq_time": "0826", "satellite": "A", "daynight": "D", "scan": 1.09, "track": 1.04}}, {"type": "Feature", "geometry": {"type": "Point", "coordinates": [135.18201, -20.23798]}, "properties": {"source_sensor": "MODIS (Aqua/Terra)", "frp": 1403.28, "confidence": 100, "brightness": 481.58, "bright_t31": 332.56, "acq_date": "2026-04-07", "acq_time": "0640", "satellite": "A", "daynight": "D", "scan": 1.11, "track": 1.05}}, {"type": "Feature", "geometry": {"type": "Point", "coordinates": [135.17168, -20.23962]}, "properties": {"source_sensor": "MODIS (Aqua/Terra)", "frp": 1181.42, "confidence": 100, "brightness": 471.09, "bright_t31": 335.72, "acq_date": "2026-04-07", "acq_time": "0640", "satellite": "A", "daynight": "D", "scan": 1.11, "track": 1.05}}, {"type": "Feature", "geometry": {"type": "Point", "coordinates": [135.1494, -20.2337]}, "properties": {"source_sensor": "MODIS (Aqua/Terra)", "frp": 1122.97, "confidence": 100, "brightness": 468.17, "bright_t31": 335.49, "acq_date": "2026-04-07", "acq_time": "0640", "satellite": "A", "daynight": "D", "scan": 1.11, "track": 1.05}}, {"type": "Feature", "geometry": {"type": "Point", "coordinates": [98.02702, 18.63958]}, "properties": {"source_sensor": "MODIS (Aqua/Terra)", "frp": 1016.92, "confidence": 100, "brightness": 464.11, "bright_t31": 322.19, "acq_date": "2026-04-07", "acq_time": "0826", "satellite": "A", "daynight": "D", "scan": 1.09, "track": 1.04}}, {"type": "Feature", "geometry": {"type": "Point", "coordinates": [135.14078, -20.24454]}, "properties": {"source_sensor": "MODIS (Aqua/Terra)", "frp": 990.76, "confidence": 100, "brightness": 461.06, "bright_t31": 334.32, "acq_date": "2026-04-07", "acq_time": "0640", "satellite": "A", "daynight": "D", "scan": 1.11, "track": 1.05}}, {"type": "Feature", "geometry": {"type": "Point", "coordinates": [-40.08033, -19.59496]}, "properties": {"source_sensor": "MODIS (Aqua/Terra)", "frp": 882.32, "confidence": 75, "brightness": 371.01, "bright_t31": 294.33, "acq_date": "2026-04-06", "acq_time": "1730", "satellite": "A", "daynight": "D", "scan": 4.08, "track": 1.87}}, {"type": "Feature", "geometry": {"type": "Point", "coordinates": [29.21438, -1.41078]}, "properties": {"source_sensor": "MODIS (Aqua/Terra)", "frp": 856.04, "confidence": 100, "brightness": 413.07, "bright_t31": 292.23, "acq_date": "2026-04-07", "acq_time": "0058", "satellite": "A", "daynight": "N", "scan": 1.87, "track": 1.34}}, {"type": "Feature", "geometry": {"type": "Point", "coordinates": [135.13911, -20.23534]}, "properties": {"source_sensor": "MODIS (Aqua/Terra)", "frp": 814.11, "confidence": 94, "brightness": 450.05, "bright_t31": 325.67, "acq_date": "2026-04-07", "acq_time": "0640", "satellite": "A", "daynight": "D", "scan": 1.11, "track": 1.05}}, {"type": "Feature", "geometry": {"type": "Point", "coordinates": [29.20379, -1.41135]}, "properties": {"source_sensor": "MODIS (Aqua/Terra)", "frp": 794.01, "confidence": 100, "brightness": 409.39, "bright_t31": 286.72, "acq_date": "2026-04-07", "acq_time": "0058", "satellite": "A", "daynight": "N", "scan": 1.88, "track": 1.34}}, {"type": "Feature", "geometry": {"type": "Point", "coordinates": [29.20304, -1.40745]}, "properties": {"source_sensor": "MODIS (Aqua/Terra)", "frp": 781.04, "confidence": 94, "brightness": 445.14, "bright_t31": 314.47, "acq_date": "2026-04-07", "acq_time": "0707", "satellite": "T", "daynight": "D", "scan": 1.14, "track": 1.06}}, {"type": "Feature", "geometry": {"type": "Point", "coordinates": [48.58403, 46.12384]}, "properties": {"source_sensor": "MODIS (Aqua/Terra)", "frp": 765.47, "confidence": 100, "brightness": 441.08, "bright_t31": 312.97, "acq_date": "2026-04-06", "acq_time": "1115", "satellite": "A", "daynight": "D", "scan": 1.18, "track": 1.08}}, {"type": "Feature", "geometry": {"type": "Point", "coordinates": [29.2063, -1.41477]}, "properties": {"source_sensor": "MODIS (Aqua/Terra)", "frp": 730.05, "confidence": 100, "brightness": 441.3, "bright_t31": 311.05, "acq_date": "2026-04-07", "acq_time": "0707", "satellite": "T", "daynight": "D", "scan": 1.14, "track": 1.06}}, {"type": "Feature", "geometry": {"type": "Point", "coordinates": [135.17001, -20.23041]}, "properties": {"source_sensor": "MODIS (Aqua/Terra)", "frp": 716.15, "confidence": 100, "brightness": 443.02, "bright_t31": 308.49, "acq_date": "2026-04-07", "acq_time": "0640", "satellite": "A", "daynight": "D", "scan": 1.11, "track": 1.05}}, {"type": "Feature", "geometry": {"type": "Point", "coordinates": [130.16212, 49.0172]}, "properties": {"source_sensor": "MODIS (Aqua/Terra)", "frp": 713.45, "confidence": 94, "brightness": 394.31, "bright_t31": 289.43, "acq_date": "2026-04-07", "acq_time": "0518", "satellite": "A", "daynight": "D", "scan": 2.23, "track": 1.45}}, {"type": "Feature", "geometry": {"type": "Point", "coordinates": [135.13049, -20.24617]}, "properties": {"source_sensor": "MODIS (Aqua/Terra)", "frp": 712.65, "confidence": 94, "brightness": 442.99, "bright_t31": 321.56, "acq_date": "2026-04-07", "acq_time": "0640", "satellite": "A", "daynight": "D", "scan": 1.1, "track": 1.05}}, {"type": "Feature", "geometry": {"type": "Point", "coordinates": [102.94013, 18.42122]}, "properties": {"source_sensor": "VIIRS (Suomi NPP)", "frp": 693.05, "confidence": "nominal", "brightness_ti4": 347.93, "brightness_ti5": 304.96, "acq_date": "2026-04-07", "acq_time": "0701", "satellite": "N", "daynight": "D", "scan": 0.63, "track": 0.54}}, {"type": "Feature", "geometry": {"type": "Point", "coordinates": [97.26115, 18.37119]}, "properties": {"source_sensor": "MODIS (Aqua/Terra)", "frp": 670.56, "confidence": 100, "brightness": 434.25, "bright_t31": 303.57, "acq_date": "2026-04-07", "acq_time": "0826", "satellite": "A", "daynight": "D", "scan": 1.19, "track": 1.08}}, {"type": "Feature", "geometry": {"type": "Point", "coordinates": [-155.28488, 19.4136]}, "properties": {"source_sensor": "MODIS (Aqua/Terra)", "frp": 660.31, "confidence": 100, "brightness": 387.6, "bright_t31": 287.96, "acq_date": "2026-04-06", "acq_time": "1323", "satellite": "A", "daynight": "N", "scan": 2.34, "track": 1.48}}, {"type": "Feature", "geometry": {"type": "Point", "coordinates": [130.15782, 49.0172]}, "properties": {"source_sensor": "MODIS (Aqua/Terra)", "frp": 645.48, "confidence": 100, "brightness": 390.33, "bright_t31": 289.79, "acq_date": "2026-04-07", "acq_time": "0518", "satellite": "A", "daynight": "D", "scan": 2.23, "track": 1.45}}, {"type": "Feature", "geometry": {"type": "Point", "coordinates": [29.19865, -1.40831]}, "properties": {"source_sensor": "MODIS (Aqua/Terra)", "frp": 638.98, "confidence": 100, "brightness": 400.01, "bright_t31": 285.04, "acq_date": "2026-04-07", "acq_time": "0058", "satellite": "A", "daynight": "N", "scan": 1.88, "track": 1.34}}, {"type": "Feature", "geometry": {"type": "Point", "coordinates": [98.00563, 18.64552]}, "properties": {"source_sensor": "MODIS (Aqua/Terra)", "frp": 628.88, "confidence": 100, "brightness": 437.73, "bright_t31": 307.63, "acq_date": "2026-04-07", "acq_time": "0826", "satellite": "A", "daynight": "D", "scan": 1.09, "track": 1.04}}, {"type": "Feature", "geometry": {"type": "Point", "coordinates": [48.12873, 45.57496]}, "properties": {"source_sensor": "VIIRS (Suomi NPP)", "frp": 622.43, "confidence": "low", "brightness_ti4": 367.0, "brightness_ti5": 385.68, "acq_date": "2026-04-06", "acq_time": "1051", "satellite": "N", "daynight": "D", "scan": 0.59, "track": 0.7}}, {"type": "Feature", "geometry": {"type": "Point", "coordinates": [48.12874, 45.58157]}, "properties": {"source_sensor": "VIIRS (Suomi NPP)", "frp": 622.43, "confidence": "low", "brightness_ti4": 367.0, "brightness_ti5": 344.63, "acq_date": "2026-04-06", "acq_time": "1051", "satellite": "N", "daynight": "D", "scan": 0.59, "track": 0.7}}, {"type": "Feature", "geometry": {"type": "Point", "coordinates": [130.151, 49.02916]}, "properties": {"source_sensor": "MODIS (Aqua/Terra)", "frp": 600.2, "confidence": 94, "brightness": 387.57, "bright_t31": 288.29, "acq_date": "2026-04-07", "acq_time": "0518", "satellite": "A", "daynight": "D", "scan": 2.23, "track": 1.45}}, {"type": "Feature", "geometry": {"type": "Point", "coordinates": [130.15527, 49.02914]}, "properties": {"source_sensor": "MODIS (Aqua/Terra)", "frp": 594.98, "confidence": 94, "brightness": 387.2, "bright_t31": 288.28, "acq_date": "2026-04-07", "acq_time": "0518", "satellite": "A", "daynight": "D", "scan": 2.23, "track": 1.45}}, {"type": "Feature", "geometry": {"type": "Point", "coordinates": [130.19795, 49.06421]}, "properties": {"source_sensor": "MODIS (Aqua/Terra)", "frp": 594.44, "confidence": 100, "brightness": 432.78, "bright_t31": 296.09, "acq_date": "2026-04-07", "acq_time": "1128", "satellite": "T", "daynight": "N", "scan": 1.1, "track": 1.05}}, {"type": "Feature", "geometry": {"type": "Point", "coordinates": [100.808, 20.34413]}, "properties": {"source_sensor": "MODIS (Aqua/Terra)", "frp": 575.88, "confidence": 100, "brightness": 374.04, "bright_t31": 298.4, "acq_date": "2026-04-06", "acq_time": "0750", "satellite": "A", "daynight": "D", "scan": 2.87, "track": 1.62}}, {"type": "Feature", "geometry": {"type": "Point", "coordinates": [98.03709, 18.64115]}, "properties": {"source_sensor": "MODIS (Aqua/Terra)", "frp": 571.18, "confidence": 94, "brightness": 433.4, "bright_t31": 307.49, "acq_date": "2026-04-07", "acq_time": "0826", "satellite": "A", "daynight": "D", "scan": 1.09, "track": 1.04}}, {"type": "Feature", "geometry": {"type": "Point", "coordinates": [130.12724, 49.02242]}, "properties": {"source_sensor": "MODIS (Aqua/Terra)", "frp": 564.33, "confidence": 94, "brightness": 385.01, "bright_t31": 289.84, "acq_date": "2026-04-07", "acq_time": "0518", "satellite": "A", "daynight": "D", "scan": 2.23, "track": 1.45}}, {"type": "Feature", "geometry": {"type": "Point", "coordinates": [48.12952, 45.57066]}, "properties": {"source_sensor": "VIIRS (Suomi NPP)", "frp": 554.21, "confidence": "low", "brightness_ti4": 367.0, "brightness_ti5": 348.38, "acq_date": "2026-04-06", "acq_time": "1051", "satellite": "N", "daynight": "D", "scan": 0.59, "track": 0.7}}, {"type": "Feature", "geometry": {"type": "Point", "coordinates": [104.45805, 19.70948]}, "properties": {"source_sensor": "VIIRS (Suomi NPP)", "frp": 543.6, "confidence": "low", "brightness_ti4": 367.0, "brightness_ti5": 337.58, "acq_date": "2026-04-06", "acq_time": "0542", "satellite": "N", "daynight": "D", "scan": 0.4, "track": 0.6}}, {"type": "Feature", "geometry": {"type": "Point", "coordinates": [-5.46634, 43.29068]}, "properties": {"source_sensor": "MODIS (Aqua/Terra)", "frp": 529.22, "confidence": 100, "brightness": 379.03, "bright_t31": 300.05, "acq_date": "2026-04-06", "acq_time": "1429", "satellite": "A", "daynight": "D", "scan": 2.42, "track": 1.5}}, {"type": "Feature", "geometry": {"type": "Point", "coordinates": [97.83871, 17.6929]}, "properties": {"source_sensor": "MODIS (Aqua/Terra)", "frp": 516.19, "confidence": 100, "brightness": 425.27, "bright_t31": 308.85, "acq_date": "2026-04-07", "acq_time": "0826", "satellite": "A", "daynight": "D", "scan": 1.13, "track": 1.06}}, {"type": "Feature", "geometry": {"type": "Point", "coordinates": [98.01518, 18.73087]}, "properties": {"source_sensor": "MODIS (Aqua/Terra)", "frp": 512.77, "confidence": 94, "brightness": 427.68, "bright_t31": 301.69, "acq_date": "2026-04-07", "acq_time": "0826", "satellite": "A", "daynight": "D", "scan": 1.09, "track": 1.04}}, {"type": "Feature", "geometry": {"type": "Point", "coordinates": [74.85351, 45.31077]}, "properties": {"source_sensor": "MODIS (Aqua/Terra)", "frp": 512.26, "confidence": 100, "brightness": 366.4, "bright_t31": 292.72, "acq_date": "2026-04-07", "acq_time": "0514", "satellite": "T", "daynight": "D", "scan": 3.05, "track": 1.66}}, {"type": "Feature", "geometry": {"type": "Point", "coordinates": [97.96859, 17.67572]}, "properties": {"source_sensor": "MODIS (Aqua/Terra)", "frp": 508.82, "confidence": 100, "brightness": 425.17, "bright_t31": 306.38, "acq_date": "2026-04-07", "acq_time": "0826", "satellite": "A", "daynight": "D", "scan": 1.12, "track": 1.05}}, {"type": "Feature", "geometry": {"type": "Point", "coordinates": [102.55973, 20.89367]}, "properties": {"source_sensor": "VIIRS (Suomi NPP)", "frp": 498.5, "confidence": "low", "brightness_ti4": 208.0, "brightness_ti5": 309.99, "acq_date": "2026-04-06", "acq_time": "0722", "satellite": "N", "daynight": "D", "scan": 0.65, "track": 0.73}}, {"type": "Feature", "geometry": {"type": "Point", "coordinates": [105.15453, 17.96695]}, "properties": {"source_sensor": "MODIS (Aqua/Terra)", "frp": 492.91, "confidence": 100, "brightness": 395.61, "bright_t31": 305.89, "acq_date": "2026-04-07", "acq_time": "0826", "satellite": "A", "daynight": "D", "scan": 1.74, "track": 1.29}}, {"type": "Feature", "geometry": {"type": "Point", "coordinates": [97.94958, 17.63712]}, "properties": {"source_sensor": "MODIS (Aqua/Terra)", "frp": 483.87, "confidence": 100, "brightness": 422.6, "bright_t31": 309.64, "acq_date": "2026-04-07", "acq_time": "0826", "satellite": "A", "daynight": "D", "scan": 1.12, "track": 1.05}}, {"type": "Feature", "geometry": {"type": "Point", "coordinates": [-15.9904, 12.49177]}, "properties": {"source_sensor": "MODIS (Aqua/Terra)", "frp": 472.94, "confidence": 100, "brightness": 409.49, "bright_t31": 318.11, "acq_date": "2026-04-06", "acq_time": "1601", "satellite": "A", "daynight": "D", "scan": 1.36, "track": 1.16}}, {"type": "Feature", "geometry": {"type": "Point", "coordinates": [-155.29373, 19.40287]}, "properties": {"source_sensor": "MODIS (Aqua/Terra)", "frp": 463.71, "confidence": 100, "brightness": 374.06, "bright_t31": 283.78, "acq_date": "2026-04-06", "acq_time": "1323", "satellite": "A", "daynight": "N", "scan": 2.34, "track": 1.48}}, {"type": "Feature", "geometry": {"type": "Point", "coordinates": [103.33851, 19.12852]}, "properties": {"source_sensor": "MODIS (Aqua/Terra)", "frp": 461.9, "confidence": 100, "brightness": 408.23, "bright_t31": 306.48, "acq_date": "2026-04-07", "acq_time": "0826", "satellite": "A", "daynight": "D", "scan": 1.35, "track": 1.15}}, {"type": "Feature", "geometry": {"type": "Point", "coordinates": [98.03561, 18.6502]}, "properties": {"source_sensor": "MODIS (Aqua/Terra)", "frp": 457.87, "confidence": 87, "brightness": 422.35, "bright_t31": 298.59, "acq_date": "2026-04-07", "acq_time": "0826", "satellite": "A", "daynight": "D", "scan": 1.09, "track": 1.04}}, {"type": "Feature", "geometry": {"type": "Point", "coordinates": [96.87748, 19.29022]}, "properties": {"source_sensor": "VIIRS (Suomi NPP)", "frp": 446.76, "confidence": "low", "brightness_ti4": 367.0, "brightness_ti5": 357.82, "acq_date": "2026-04-07", "acq_time": "0703", "satellite": "N", "daynight": "D", "scan": 0.44, "track": 0.38}}, {"type": "Feature", "geometry": {"type": "Point", "coordinates": [131.34799, -17.8121]}, "properties": {"source_sensor": "MODIS (Aqua/Terra)", "frp": 444.15, "confidence": 98, "brightness": 357.43, "bright_t31": 299.58, "acq_date": "2026-04-07", "acq_time": "0037", "satellite": "T", "daynight": "D", "scan": 3.51, "track": 1.76}}, {"type": "Feature", "geometry": {"type": "Point", "coordinates": [102.25117, 20.6002]}, "properties": {"source_sensor": "VIIRS (Suomi NPP)", "frp": 439.07, "confidence": "high", "brightness_ti4": 367.0, "brightness_ti5": 308.13, "acq_date": "2026-04-06", "acq_time": "0722", "satellite": "N", "daynight": "D", "scan": 0.61, "track": 0.71}}, {"type": "Feature", "geometry": {"type": "Point", "coordinates": [102.24435, 20.59967]}, "properties": {"source_sensor": "VIIRS (Suomi NPP)", "frp": 439.07, "confidence": "low", "brightness_ti4": 281.39, "brightness_ti5": 313.95, "acq_date": "2026-04-06", "acq_time": "0722", "satellite": "N", "daynight": "D", "scan": 0.61, "track": 0.71}}, {"type": "Feature", "geometry": {"type": "Point", "coordinates": [29.20496, -1.39962]}, "properties": {"source_sensor": "MODIS (Aqua/Terra)", "frp": 428.51, "confidence": 100, "brightness": 383.51, "bright_t31": 287.79, "acq_date": "2026-04-07", "acq_time": "0058", "satellite": "A", "daynight": "N", "scan": 1.88, "track": 1.34}}, {"type": "Feature", "geometry": {"type": "Point", "coordinates": [130.12306, 49.02229]}, "properties": {"source_sensor": "MODIS (Aqua/Terra)", "frp": 423.06, "confidence": 87, "brightness": 374.39, "bright_t31": 289.44, "acq_date": "2026-04-07", "acq_time": "0518", "satellite": "A", "daynight": "D", "scan": 2.23, "track": 1.45}}, {"type": "Feature", "geometry": {"type": "Point", "coordinates": [102.23344, 20.60153]}, "properties": {"source_sensor": "VIIRS (Suomi NPP)", "frp": 419.87, "confidence": "low", "brightness_ti4": 208.0, "brightness_ti5": 300.81, "acq_date": "2026-04-06", "acq_time": "0722", "satellite": "N", "daynight": "D", "scan": 0.61, "track": 0.71}}, {"type": "Feature", "geometry": {"type": "Point", "coordinates": [74.84772, 45.30934]}, "properties": {"source_sensor": "MODIS (Aqua/Terra)", "frp": 418.66, "confidence": 100, "brightness": 360.17, "bright_t31": 291.7, "acq_date": "2026-04-07", "acq_time": "0514", "satellite": "T", "daynight": "D", "scan": 3.05, "track": 1.66}}, {"type": "Feature", "geometry": {"type": "Point", "coordinates": [79.25576, 46.64953]}, "properties": {"source_sensor": "MODIS (Aqua/Terra)", "frp": 417.28, "confidence": 75, "brightness": 375.72, "bright_t31": 296.84, "acq_date": "2026-04-07", "acq_time": "0336", "satellite": "T", "daynight": "D", "scan": 2.2, "track": 1.44}}, {"type": "Feature", "geometry": {"type": "Point", "coordinates": [101.03979, 20.07546]}, "properties": {"source_sensor": "VIIRS (Suomi NPP)", "frp": 416.42, "confidence": "high", "brightness_ti4": 367.0, "brightness_ti5": 341.45, "acq_date": "2026-04-07", "acq_time": "0703", "satellite": "N", "daynight": "D", "scan": 0.5, "track": 0.49}}, {"type": "Feature", "geometry": {"type": "Point", "coordinates": [101.03512, 20.07492]}, "properties": {"source_sensor": "VIIRS (Suomi NPP)", "frp": 416.42, "confidence": "high", "brightness_ti4": 367.0, "brightness_ti5": 332.88, "acq_date": "2026-04-07", "acq_time": "0703", "satellite": "N", "daynight": "D", "scan": 0.5, "track": 0.49}}, {"type": "Feature", "geometry": {"type": "Point", "coordinates": [101.03937, 20.08002]}, "properties": {"source_sensor": "VIIRS (Suomi NPP)", "frp": 416.42, "confidence": "high", "brightness_ti4": 367.0, "brightness_ti5": 314.09, "acq_date": "2026-04-07", "acq_time": "0703", "satellite": "N", "daynight": "D", "scan": 0.5, "track": 0.49}}, {"type": "Feature", "geometry": {"type": "Point", "coordinates": [101.03465, 20.07947]}, "properties": {"source_sensor": "VIIRS (Suomi NPP)", "frp": 416.42, "confidence": "low", "brightness_ti4": 367.0, "brightness_ti5": 378.72, "acq_date": "2026-04-07", "acq_time": "0703", "satellite": "N", "daynight": "D", "scan": 0.5, "track": 0.49}}, {"type": "Feature", "geometry": {"type": "Point", "coordinates": [101.60838, 20.40741]}, "properties": {"source_sensor": "MODIS (Aqua/Terra)", "frp": 410.92, "confidence": 100, "brightness": 370.31, "bright_t31": 300.53, "acq_date": "2026-04-06", "acq_time": "0750", "satellite": "A", "daynight": "D", "scan": 2.49, "track": 1.52}}, {"type": "Feature", "geometry": {"type": "Point", "coordinates": [-96.758, 38.06462]}, "properties": {"source_sensor": "MODIS (Aqua/Terra)", "frp": 409.9, "confidence": 100, "brightness": 406.62, "bright_t31": 297.29, "acq_date": "2026-04-06", "acq_time": "2104", "satellite": "A", "daynight": "D", "scan": 1.28, "track": 1.12}}, {"type": "Feature", "geometry": {"type": "Point", "coordinates": [106.66577, 16.02812]}, "properties": {"source_sensor": "MODIS (Aqua/Terra)", "frp": 408.17, "confidence": 100, "brightness": 405.28, "bright_t31": 310.91, "acq_date": "2026-04-06", "acq_time": "0748", "satellite": "A", "daynight": "D", "scan": 1.3, "track": 1.13}}, {"type": "Feature", "geometry": {"type": "Point", "coordinates": [97.26608, 22.75252]}, "properties": {"source_sensor": "MODIS (Aqua/Terra)", "frp": 407.95, "confidence": 93, "brightness": 344.56, "bright_t31": 296.45, "acq_date": "2026-04-06", "acq_time": "0752", "satellite": "A", "daynight": "D", "scan": 4.64, "track": 1.97}}, {"type": "Feature", "geometry": {"type": "Point", "coordinates": [97.2535, 18.37602]}, "properties": {"source_sensor": "MODIS (Aqua/Terra)", "frp": 407.55, "confidence": 100, "brightness": 410.62, "bright_t31": 303.09, "acq_date": "2026-04-07", "acq_time": "0826", "satellite": "A", "daynight": "D", "scan": 1.19, "track": 1.08}}, {"type": "Feature", "geometry": {"type": "Point", "coordinates": [-60.31843, -21.39747]}, "properties": {"source_sensor": "MODIS (Aqua/Terra)", "frp": 406.49, "confidence": 94, "brightness": 380.29, "bright_t31": 296.33, "acq_date": "2026-04-06", "acq_time": "1908", "satellite": "A", "daynight": "D", "scan": 2.0, "track": 1.38}}, {"type": "Feature", "geometry": {"type": "Point", "coordinates": [102.55377, 20.88636]}, "properties": {"source_sensor": "VIIRS (Suomi NPP)", "frp": 404.93, "confidence": "nominal", "brightness_ti4": 330.03, "brightness_ti5": 298.39, "acq_date": "2026-04-06", "acq_time": "0722", "satellite": "N", "daynight": "D", "scan": 0.64, "track": 0.72}}, {"type": "Feature", "geometry": {"type": "Point", "coordinates": [102.55976, 20.88683]}, "properties": {"source_sensor": "VIIRS (Suomi NPP)", "frp": 404.93, "confidence": "low", "brightness_ti4": 367.0, "brightness_ti5": 334.09, "acq_date": "2026-04-06", "acq_time": "0722", "satellite": "N", "daynight": "D", "scan": 0.65, "track": 0.73}}, {"type": "Feature", "geometry": {"type": "Point", "coordinates": [77.05996, 53.77089]}, "properties": {"source_sensor": "MODIS (Aqua/Terra)", "frp": 398.3, "confidence": 99, "brightness": 359.78, "bright_t31": 279.8, "acq_date": "2026-04-07", "acq_time": "1015", "satellite": "A", "daynight": "D", "scan": 2.9, "track": 1.62}}, {"type": "Feature", "geometry": {"type": "Point", "coordinates": [97.45479, 23.63023]}, "properties": {"source_sensor": "MODIS (Aqua/Terra)", "frp": 397.14, "confidence": 93, "brightness": 344.71, "bright_t31": 290.36, "acq_date": "2026-04-06", "acq_time": "0752", "satellite": "A", "daynight": "D", "scan": 4.28, "track": 1.91}}, {"type": "Feature", "geometry": {"type": "Point", "coordinates": [-5.4688, 43.28787]}, "properties": {"source_sensor": "MODIS (Aqua/Terra)", "frp": 394.95, "confidence": 100, "brightness": 368.54, "bright_t31": 298.58, "acq_date": "2026-04-06", "acq_time": "1429", "satellite": "A", "daynight": "D", "scan": 2.42, "track": 1.5}}, {"type": "Feature", "geometry": {"type": "Point", "coordinates": [135.13217, -20.25537]}, "properties": {"source_sensor": "MODIS (Aqua/Terra)", "frp": 394.4, "confidence": 100, "brightness": 414.15, "bright_t31": 316.98, "acq_date": "2026-04-07", "acq_time": "0640", "satellite": "A", "daynight": "D", "scan": 1.1, "track": 1.05}}, {"type": "Feature", "geometry": {"type": "Point", "coordinates": [98.89552, 22.5863]}, "properties": {"source_sensor": "MODIS (Aqua/Terra)", "frp": 388.98, "confidence": 96, "brightness": 351.83, "bright_t31": 290.81, "acq_date": "2026-04-06", "acq_time": "0750", "satellite": "A", "daynight": "D", "scan": 3.55, "track": 1.77}}, {"type": "Feature", "geometry": {"type": "Point", "coordinates": [-97.13792, 37.33254]}, "properties": {"source_sensor": "MODIS (Aqua/Terra)", "frp": 386.78, "confidence": 100, "brightness": 375.34, "bright_t31": 284.49, "acq_date": "2026-04-06", "acq_time": "0232", "satellite": "T", "daynight": "N", "scan": 2.01, "track": 1.38}}, {"type": "Feature", "geometry": {"type": "Point", "coordinates": [48.13747, 45.57732]}, "properties": {"source_sensor": "VIIRS (Suomi NPP)", "frp": 385.69, "confidence": "high", "brightness_ti4": 367.0, "brightness_ti5": 296.09, "acq_date": "2026-04-06", "acq_time": "1051", "satellite": "N", "daynight": "D", "scan": 0.59, "track": 0.7}}, {"type": "Feature", "geometry": {"type": "Point", "coordinates": [48.12958, 45.57726]}, "properties": {"source_sensor": "VIIRS (Suomi NPP)", "frp": 385.69, "confidence": "low", "brightness_ti4": 367.0, "brightness_ti5": 379.8, "acq_date": "2026-04-06", "acq_time": "1051", "satellite": "N", "daynight": "D", "scan": 0.59, "track": 0.7}}, {"type": "Feature", "geometry": {"type": "Point", "coordinates": [48.13751, 45.58392]}, "properties": {"source_sensor": "VIIRS (Suomi NPP)", "frp": 385.69, "confidence": "nominal", "brightness_ti4": 343.98, "brightness_ti5": 286.26, "acq_date": "2026-04-06", "acq_time": "1051", "satellite": "N", "daynight": "D", "scan": 0.59, "track": 0.7}}, {"type": "Feature", "geometry": {"type": "Point", "coordinates": [101.02451, 20.08289]}, "properties": {"source_sensor": "VIIRS (Suomi NPP)", "frp": 385.0, "confidence": "nominal", "brightness_ti4": 331.17, "brightness_ti5": 299.68, "acq_date": "2026-04-07", "acq_time": "0703", "satellite": "N", "daynight": "D", "scan": 0.5, "track": 0.49}}, {"type": "Feature", "geometry": {"type": "Point", "coordinates": [135.16138, -20.24126]}, "properties": {"source_sensor": "MODIS (Aqua/Terra)", "frp": 384.14, "confidence": 100, "brightness": 413.28, "bright_t31": 319.83, "acq_date": "2026-04-07", "acq_time": "0640", "satellite": "A", "daynight": "D", "scan": 1.11, "track": 1.05}}, {"type": "Feature", "geometry": {"type": "Point", "coordinates": [74.89621, 45.31549]}, "properties": {"source_sensor": "MODIS (Aqua/Terra)", "frp": 383.6, "confidence": 98, "brightness": 356.56, "bright_t31": 294.39, "acq_date": "2026-04-07", "acq_time": "0514", "satellite": "T", "daynight": "D", "scan": 3.06, "track": 1.66}}, {"type": "Feature", "geometry": {"type": "Point", "coordinates": [102.22846, 19.4512]}, "properties": {"source_sensor": "MODIS (Aqua/Terra)", "frp": 382.06, "confidence": 100, "brightness": 369.64, "bright_t31": 295.5, "acq_date": "2026-04-06", "acq_time": "0750", "satellite": "A", "daynight": "D", "scan": 2.34, "track": 1.48}}, {"type": "Feature", "geometry": {"type": "Point", "coordinates": [105.68615, 12.84341]}, "properties": {"source_sensor": "MODIS (Aqua/Terra)", "frp": 375.54, "confidence": 100, "brightness": 386.72, "bright_t31": 312.02, "acq_date": "2026-04-06", "acq_time": "0746", "satellite": "A", "daynight": "D", "scan": 1.72, "track": 1.29}}, {"type": "Feature", "geometry": {"type": "Point", "coordinates": [-155.2726, 19.40042]}, "properties": {"source_sensor": "MODIS (Aqua/Terra)", "frp": 375.02, "confidence": 100, "brightness": 366.64, "bright_t31": 286.74, "acq_date": "2026-04-06", "acq_time": "1323", "satellite": "A", "daynight": "N", "scan": 2.33, "track": 1.48}}, {"type": "Feature", "geometry": {"type": "Point", "coordinates": [106.28493, 16.36733]}, "properties": {"source_sensor": "MODIS (Aqua/Terra)", "frp": 374.72, "confidence": 100, "brightness": 399.62, "bright_t31": 310.15, "acq_date": "2026-04-06", "acq_time": "0748", "satellite": "A", "daynight": "D", "scan": 1.36, "track": 1.15}}, {"type": "Feature", "geometry": {"type": "Point", "coordinates": [101.7598, 16.36911]}, "properties": {"source_sensor": "MODIS (Aqua/Terra)", "frp": 374.43, "confidence": 100, "brightness": 416.1, "bright_t31": 311.35, "acq_date": "2026-04-06", "acq_time": "1355", "satellite": "T", "daynight": "N", "scan": 1.03, "track": 1.01}}, {"type": "Feature", "geometry": {"type": "Point", "coordinates": [106.77222, 15.95227]}, "properties": {"source_sensor": "MODIS (Aqua/Terra)", "frp": 373.86, "confidence": 100, "brightness": 402.15, "bright_t31": 306.62, "acq_date": "2026-04-06", "acq_time": "0748", "satellite": "A", "daynight": "D", "scan": 1.28, "track": 1.12}}, {"type": "Feature", "geometry": {"type": "Point", "coordinates": [-117.5967, 33.99401]}, "properties": {"source_sensor": "MODIS (Aqua/Terra)", "frp": 372.62, "confidence": 100, "brightness": 339.27, "bright_t31": 284.79, "acq_date": "2026-04-07", "acq_time": "1219", "satellite": "A", "daynight": "N", "scan": 4.28, "track": 1.91}}, {"type": "Feature", "geometry": {"type": "Point", "coordinates": [143.85579, -37.03606]}, "properties": {"source_sensor": "MODIS (Aqua/Terra)", "frp": 372.25, "confidence": 100, "brightness": 383.35, "bright_t31": 294.02, "acq_date": "2026-04-07", "acq_time": "0633", "satellite": "A", "daynight": "D", "scan": 1.73, "track": 1.29}}, {"type": "Feature", "geometry": {"type": "Point", "coordinates": [-13.15767, 10.32035]}, "properties": {"source_sensor": "VIIRS (Suomi NPP)", "frp": 372.06, "confidence": "high", "brightness_ti4": 367.0, "brightness_ti5": 353.4, "acq_date": "2026-04-06", "acq_time": "1405", "satellite": "N", "daynight": "D", "scan": 0.46, "track": 0.39}}, {"type": "Feature", "geometry": {"type": "Point", "coordinates": [-13.16149, 10.31973]}, "properties": {"source_sensor": "VIIRS (Suomi NPP)", "frp": 372.06, "confidence": "low", "brightness_ti4": 367.0, "brightness_ti5": 372.08, "acq_date": "2026-04-06", "acq_time": "1405", "satellite": "N", "daynight": "D", "scan": 0.46, "track": 0.39}}, {"type": "Feature", "geometry": {"type": "Point", "coordinates": [-13.15826, 10.32397]}, "properties": {"source_sensor": "VIIRS (Suomi NPP)", "frp": 372.06, "confidence": "high", "brightness_ti4": 367.0, "brightness_ti5": 344.58, "acq_date": "2026-04-06", "acq_time": "1405", "satellite": "N", "daynight": "D", "scan": 0.46, "track": 0.39}}, {"type": "Feature", "geometry": {"type": "Point", "coordinates": [-13.16206, 10.32335]}, "properties": {"source_sensor": "VIIRS (Suomi NPP)", "frp": 372.06, "confidence": "high", "brightness_ti4": 367.0, "brightness_ti5": 365.26, "acq_date": "2026-04-06", "acq_time": "1405", "satellite": "N", "daynight": "D", "scan": 0.46, "track": 0.39}}, {"type": "Feature", "geometry": {"type": "Point", "coordinates": [102.93984, 18.41191]}, "properties": {"source_sensor": "MODIS (Aqua/Terra)", "frp": 369.36, "confidence": 100, "brightness": 403.93, "bright_t31": 312.11, "acq_date": "2026-04-07", "acq_time": "0826", "satellite": "A", "daynight": "D", "scan": 1.25, "track": 1.11}}, {"type": "Feature", "geometry": {"type": "Point", "coordinates": [148.62511, -31.21622]}, "properties": {"source_sensor": "VIIRS (Suomi NPP)", "frp": 365.49, "confidence": "nominal", "brightness_ti4": 339.68, "brightness_ti5": 308.41, "acq_date": "2026-04-07", "acq_time": "0325", "satellite": "N", "daynight": "D", "scan": 0.53, "track": 0.5}}, {"type": "Feature", "geometry": {"type": "Point", "coordinates": [48.07673, 45.62627]}, "properties": {"source_sensor": "VIIRS (Suomi NPP)", "frp": 362.56, "confidence": "nominal", "brightness_ti4": 348.1, "brightness_ti5": 295.22, "acq_date": "2026-04-06", "acq_time": "0911", "satellite": "N", "daynight": "D", "scan": 0.42, "track": 0.45}}, {"type": "Feature", "geometry": {"type": "Point", "coordinates": [48.07149, 45.62506]}, "properties": {"source_sensor": "VIIRS (Suomi NPP)", "frp": 362.56, "confidence": "low", "brightness_ti4": 367.0, "brightness_ti5": 356.4, "acq_date": "2026-04-06", "acq_time": "0911", "satellite": "N", "daynight": "D", "scan": 0.42, "track": 0.45}}, {"type": "Feature", "geometry": {"type": "Point", "coordinates": [48.07484, 45.6303]}, "properties": {"source_sensor": "VIIRS (Suomi NPP)", "frp": 362.56, "confidence": "nominal", "brightness_ti4": 343.24, "brightness_ti5": 292.45, "acq_date": "2026-04-06", "acq_time": "0911", "satellite": "N", "daynight": "D", "scan": 0.42, "track": 0.45}}, {"type": "Feature", "geometry": {"type": "Point", "coordinates": [29.21304, -1.40889]}, "properties": {"source_sensor": "MODIS (Aqua/Terra)", "frp": 362.29, "confidence": 100, "brightness": 407.72, "bright_t31": 298.62, "acq_date": "2026-04-07", "acq_time": "0707", "satellite": "T", "daynight": "D", "scan": 1.14, "track": 1.06}}, {"type": "Feature", "geometry": {"type": "Point", "coordinates": [130.16896, 49.00525]}, "properties": {"source_sensor": "MODIS (Aqua/Terra)", "frp": 359.81, "confidence": 94, "brightness": 368.2, "bright_t31": 286.71, "acq_date": "2026-04-07", "acq_time": "0518", "satellite": "A", "daynight": "D", "scan": 2.23, "track": 1.45}}, {"type": "Feature", "geometry": {"type": "Point", "coordinates": [98.1769, 18.65377]}, "properties": {"source_sensor": "MODIS (Aqua/Terra)", "frp": 357.58, "confidence": 100, "brightness": 411.74, "bright_t31": 308.62, "acq_date": "2026-04-07", "acq_time": "0826", "satellite": "A", "daynight": "D", "scan": 1.07, "track": 1.03}}, {"type": "Feature", "geometry": {"type": "Point", "coordinates": [105.36873, 17.86064]}, "properties": {"source_sensor": "VIIRS (Suomi NPP)", "frp": 354.64, "confidence": "high", "brightness_ti4": 367.0, "brightness_ti5": 300.38, "acq_date": "2026-04-07", "acq_time": "0523", "satellite": "N", "daynight": "D", "scan": 0.75, "track": 0.77}}, {"type": "Feature", "geometry": {"type": "Point", "coordinates": [101.1657, 20.23446]}, "properties": {"source_sensor": "VIIRS (Suomi NPP)", "frp": 353.64, "confidence": "nominal", "brightness_ti4": 348.05, "brightness_ti5": 309.74, "acq_date": "2026-04-06", "acq_time": "0542", "satellite": "N", "daynight": "D", "scan": 0.62, "track": 0.71}}, {"type": "Feature", "geometry": {"type": "Point", "coordinates": [101.16019, 20.23314]}, "properties": {"source_sensor": "VIIRS (Suomi NPP)", "frp": 353.64, "confidence": "low", "brightness_ti4": 208.0, "brightness_ti5": 311.91, "acq_date": "2026-04-06", "acq_time": "0542", "satellite": "N", "daynight": "D", "scan": 0.62, "track": 0.71}}, {"type": "Feature", "geometry": {"type": "Point", "coordinates": [97.45448, 23.61925]}, "properties": {"source_sensor": "MODIS (Aqua/Terra)", "frp": 353.46, "confidence": 92, "brightness": 341.72, "bright_t31": 291.13, "acq_date": "2026-04-06", "acq_time": "0752", "satellite": "A", "daynight": "D", "scan": 4.28, "track": 1.91}}, {"type": "Feature", "geometry": {"type": "Point", "coordinates": [97.33185, 23.47173]}, "properties": {"source_sensor": "VIIRS (Suomi NPP)", "frp": 349.93, "confidence": "nominal", "brightness_ti4": 355.66, "brightness_ti5": 302.94, "acq_date": "2026-04-07", "acq_time": "0703", "satellite": "N", "daynight": "D", "scan": 0.5, "track": 0.41}}, {"type": "Feature", "geometry": {"type": "Point", "coordinates": [97.33086, 23.47544]}, "properties": {"source_sensor": "VIIRS (Suomi NPP)", "frp": 349.93, "confidence": "high", "brightness_ti4": 367.0, "brightness_ti5": 352.92, "acq_date": "2026-04-07", "acq_time": "0703", "satellite": "N", "daynight": "D", "scan": 0.5, "track": 0.41}}, {"type": "Feature", "geometry": {"type": "Point", "coordinates": [131.35603, -17.80156]}, "properties": {"source_sensor": "MODIS (Aqua/Terra)", "frp": 346.37, "confidence": 95, "brightness": 350.76, "bright_t31": 300.98, "acq_date": "2026-04-07", "acq_time": "0037", "satellite": "T", "daynight": "D", "scan": 3.51, "track": 1.76}}, {"type": "Feature", "geometry": {"type": "Point", "coordinates": [102.56784, 20.88746]}, "properties": {"source_sensor": "VIIRS (Suomi NPP)", "frp": 343.02, "confidence": "high", "brightness_ti4": 367.0, "brightness_ti5": 304.48, "acq_date": "2026-04-06", "acq_time": "0722", "satellite": "N", "daynight": "D", "scan": 0.65, "track": 0.73}}, {"type": "Feature", "geometry": {"type": "Point", "coordinates": [102.5771, 20.88819]}, "properties": {"source_sensor": "VIIRS (Suomi NPP)", "frp": 343.02, "confidence": "nominal", "brightness_ti4": 350.35, "brightness_ti5": 294.93, "acq_date": "2026-04-06", "acq_time": "0722", "satellite": "N", "daynight": "D", "scan": 0.65, "track": 0.73}}, {"type": "Feature", "geometry": {"type": "Point", "coordinates": [48.86927, 46.13942]}, "properties": {"source_sensor": "VIIRS (Suomi NPP)", "frp": 342.45, "confidence": "low", "brightness_ti4": 367.0, "brightness_ti5": 327.88, "acq_date": "2026-04-07", "acq_time": "0852", "satellite": "N", "daynight": "D", "scan": 0.61, "track": 0.53}}, {"type": "Feature", "geometry": {"type": "Point", "coordinates": [-12.41661, 9.59624]}, "properties": {"source_sensor": "MODIS (Aqua/Terra)", "frp": 341.46, "confidence": 100, "brightness": 414.36, "bright_t31": 318.86, "acq_date": "2026-04-06", "acq_time": "1558", "satellite": "A", "daynight": "D", "scan": 1.01, "track": 1.01}}, {"type": "Feature", "geometry": {"type": "Point", "coordinates": [-12.47155, 11.93465]}, "properties": {"source_sensor": "MODIS (Aqua/Terra)", "frp": 341.1, "confidence": 100, "brightness": 364.39, "bright_t31": 302.65, "acq_date": "2026-04-07", "acq_time": "1019", "satellite": "T", "daynight": "D", "scan": 2.48, "track": 1.52}}, {"type": "Feature", "geometry": {"type": "Point", "coordinates": [102.0538, 20.08912]}, "properties": {"source_sensor": "VIIRS (Suomi NPP)", "frp": 336.48, "confidence": "low", "brightness_ti4": 208.0, "brightness_ti5": 318.94, "acq_date": "2026-04-07", "acq_time": "0703", "satellite": "N", "daynight": "D", "scan": 0.58, "track": 0.52}}, {"type": "Feature", "geometry": {"type": "Point", "coordinates": [106.90077, 15.6441]}, "properties": {"source_sensor": "VIIRS (Suomi NPP)", "frp": 333.73, "confidence": "high", "brightness_ti4": 367.0, "brightness_ti5": 302.06, "acq_date": "2026-04-07", "acq_time": "0523", "satellite": "N", "daynight": "D", "scan": 0.67, "track": 0.73}}, {"type": "Feature", "geometry": {"type": "Point", "coordinates": [106.89475, 15.64275]}, "properties": {"source_sensor": "VIIRS (Suomi NPP)", "frp": 333.73, "confidence": "low", "brightness_ti4": 208.0, "brightness_ti5": 311.62, "acq_date": "2026-04-07", "acq_time": "0523", "satellite": "N", "daynight": "D", "scan": 0.67, "track": 0.73}}, {"type": "Feature", "geometry": {"type": "Point", "coordinates": [97.26407, 18.37775]}, "properties": {"source_sensor": "MODIS (Aqua/Terra)", "frp": 332.8, "confidence": 100, "brightness": 401.96, "bright_t31": 295.08, "acq_date": "2026-04-07", "acq_time": "0826", "satellite": "A", "daynight": "D", "scan": 1.18, "track": 1.08}}, {"type": "Feature", "geometry": {"type": "Point", "coordinates": [48.87495, 46.13688]}, "properties": {"source_sensor": "MODIS (Aqua/Terra)", "frp": 329.13, "confidence": 100, "brightness": 385.76, "bright_t31": 296.22, "acq_date": "2026-04-07", "acq_time": "1151", "satellite": "A", "daynight": "D", "scan": 1.55, "track": 1.23}}, {"type": "Feature", "geometry": {"type": "Point", "coordinates": [145.71947, -36.37497]}, "properties": {"source_sensor": "MODIS (Aqua/Terra)", "frp": 328.57, "confidence": 94, "brightness": 363.25, "bright_t31": 290.93, "acq_date": "2026-04-07", "acq_time": "0633", "satellite": "A", "daynight": "D", "scan": 2.34, "track": 1.48}}, {"type": "Feature", "geometry": {"type": "Point", "coordinates": [103.34029, 20.73008]}, "properties": {"source_sensor": "VIIRS (Suomi NPP)", "frp": 328.19, "confidence": "low", "brightness_ti4": 208.0, "brightness_ti5": 308.93, "acq_date": "2026-04-06", "acq_time": "0542", "satellite": "N", "daynight": "D", "scan": 0.44, "track": 0.63}}, {"type": "Feature", "geometry": {"type": "Point", "coordinates": [97.84069, 17.68373]}, "properties": {"source_sensor": "MODIS (Aqua/Terra)", "frp": 326.11, "confidence": 100, "brightness": 404.5, "bright_t31": 305.75, "acq_date": "2026-04-07", "acq_time": "0826", "satellite": "A", "daynight": "D", "scan": 1.13, "track": 1.06}}, {"type": "Feature", "geometry": {"type": "Point", "coordinates": [102.24108, 20.59547]}, "properties": {"source_sensor": "VIIRS (Suomi NPP)", "frp": 325.79, "confidence": "high", "brightness_ti4": 367.0, "brightness_ti5": 309.9, "acq_date": "2026-04-06", "acq_time": "0722", "satellite": "N", "daynight": "D", "scan": 0.61, "track": 0.71}}, {"type": "Feature", "geometry": {"type": "Point", "coordinates": [102.24786, 20.59604]}, "properties": {"source_sensor": "VIIRS (Suomi NPP)", "frp": 325.79, "confidence": "nominal", "brightness_ti4": 347.1, "brightness_ti5": 294.74, "acq_date": "2026-04-06", "acq_time": "0722", "satellite": "N", "daynight": "D", "scan": 0.61, "track": 0.71}}, {"type": "Feature", "geometry": {"type": "Point", "coordinates": [102.24576, 20.60257]}, "properties": {"source_sensor": "VIIRS (Suomi NPP)", "frp": 325.79, "confidence": "low", "brightness_ti4": 208.0, "brightness_ti5": 316.84, "acq_date": "2026-04-06", "acq_time": "0722", "satellite": "N", "daynight": "D", "scan": 0.61, "track": 0.71}}, {"type": "Feature", "geometry": {"type": "Point", "coordinates": [102.23927, 20.60202]}, "properties": {"source_sensor": "VIIRS (Suomi NPP)", "frp": 325.79, "confidence": "low", "brightness_ti4": 367.0, "brightness_ti5": 339.47, "acq_date": "2026-04-06", "acq_time": "0722", "satellite": "N", "daynight": "D", "scan": 0.61, "track": 0.71}}, {"type": "Feature", "geometry": {"type": "Point", "coordinates": [97.94794, 17.64629]}, "properties": {"source_sensor": "MODIS (Aqua/Terra)", "frp": 324.24, "confidence": 100, "brightness": 404.68, "bright_t31": 301.12, "acq_date": "2026-04-07", "acq_time": "0826", "satellite": "A", "daynight": "D", "scan": 1.12, "track": 1.05}}, {"type": "Feature", "geometry": {"type": "Point", "coordinates": [-117.59254, 33.9818]}, "properties": {"source_sensor": "MODIS (Aqua/Terra)", "frp": 323.24, "confidence": 100, "brightness": 335.74, "bright_t31": 284.61, "acq_date": "2026-04-07", "acq_time": "1219", "satellite": "A", "daynight": "N", "scan": 4.28, "track": 1.91}}, {"type": "Feature", "geometry": {"type": "Point", "coordinates": [101.03775, 20.09365]}, "properties": {"source_sensor": "VIIRS (Suomi NPP)", "frp": 321.87, "confidence": "high", "brightness_ti4": 367.0, "brightness_ti5": 334.17, "acq_date": "2026-04-07", "acq_time": "0703", "satellite": "N", "daynight": "D", "scan": 0.5, "track": 0.49}}, {"type": "Feature", "geometry": {"type": "Point", "coordinates": [101.03746, 20.09822]}, "properties": {"source_sensor": "VIIRS (Suomi NPP)", "frp": 321.87, "confidence": "high", "brightness_ti4": 367.0, "brightness_ti5": 308.11, "acq_date": "2026-04-07", "acq_time": "0703", "satellite": "N", "daynight": "D", "scan": 0.5, "track": 0.49}}, {"type": "Feature", "geometry": {"type": "Point", "coordinates": [-13.18383, 10.24169]}, "properties": {"source_sensor": "VIIRS (Suomi NPP)", "frp": 319.88, "confidence": "high", "brightness_ti4": 367.0, "brightness_ti5": 355.21, "acq_date": "2026-04-06", "acq_time": "1405", "satellite": "N", "daynight": "D", "scan": 0.47, "track": 0.39}}, {"type": "Feature", "geometry": {"type": "Point", "coordinates": [-8.63537, 43.29581]}, "properties": {"source_sensor": "MODIS (Aqua/Terra)", "frp": 311.63, "confidence": 70, "brightness": 344.53, "bright_t31": 299.26, "acq_date": "2026-04-06", "acq_time": "1431", "satellite": "A", "daynight": "D", "scan": 3.64, "track": 1.79}}, {"type": "Feature", "geometry": {"type": "Point", "coordinates": [49.61977, 46.43907]}, "properties": {"source_sensor": "MODIS (Aqua/Terra)", "frp": 308.94, "confidence": 100, "brightness": 404.81, "bright_t31": 309.91, "acq_date": "2026-04-06", "acq_time": "1115", "satellite": "A", "daynight": "D", "scan": 1.08, "track": 1.04}}, {"type": "Feature", "geometry": {"type": "Point", "coordinates": [-155.28661, 19.40071]}, "properties": {"source_sensor": "MODIS (Aqua/Terra)", "frp": 308.85, "confidence": 100, "brightness": 359.85, "bright_t31": 284.24, "acq_date": "2026-04-06", "acq_time": "1323", "satellite": "A", "daynight": "N", "scan": 2.34, "track": 1.48}}, {"type": "Feature", "geometry": {"type": "Point", "coordinates": [131.32387, -17.7983]}, "properties": {"source_sensor": "MODIS (Aqua/Terra)", "frp": 308.69, "confidence": 94, "brightness": 347.97, "bright_t31": 299.46, "acq_date": "2026-04-07", "acq_time": "0037", "satellite": "T", "daynight": "D", "scan": 3.49, "track": 1.76}}, {"type": "Feature", "geometry": {"type": "Point", "coordinates": [-117.60389, 33.98963]}, "properties": {"source_sensor": "VIIRS (Suomi NPP)", "frp": 307.43, "confidence": "nominal", "brightness_ti4": 348.66, "brightness_ti5": 300.76, "acq_date": "2026-04-07", "acq_time": "0920", "satellite": "N", "daynight": "N", "scan": 0.42, "track": 0.45}}, {"type": "Feature", "geometry": {"type": "Point", "coordinates": [-117.60456, 33.98546]}, "properties": {"source_sensor": "VIIRS (Suomi NPP)", "frp": 307.43, "confidence": "nominal", "brightness_ti4": 353.86, "brightness_ti5": 341.25, "acq_date": "2026-04-07", "acq_time": "0920", "satellite": "N", "daynight": "N", "scan": 0.42, "track": 0.45}}, {"type": "Feature", "geometry": {"type": "Point", "coordinates": [-117.60001, 33.98499]}, "properties": {"source_sensor": "VIIRS (Suomi NPP)", "frp": 307.43, "confidence": "high", "brightness_ti4": 367.0, "brightness_ti5": 345.68, "acq_date": "2026-04-07", "acq_time": "0920", "satellite": "N", "daynight": "N", "scan": 0.42, "track": 0.45}}, {"type": "Feature", "geometry": {"type": "Point", "coordinates": [101.76874, 16.37039]}, "properties": {"source_sensor": "MODIS (Aqua/Terra)", "frp": 305.63, "confidence": 100, "brightness": 407.09, "bright_t31": 310.81, "acq_date": "2026-04-06", "acq_time": "1355", "satellite": "T", "daynight": "N", "scan": 1.03, "track": 1.01}}, {"type": "Feature", "geometry": {"type": "Point", "coordinates": [103.57572, 12.84314]}, "properties": {"source_sensor": "MODIS (Aqua/Terra)", "frp": 305.06, "confidence": 100, "brightness": 361.72, "bright_t31": 299.72, "acq_date": "2026-04-06", "acq_time": "0748", "satellite": "A", "daynight": "D", "scan": 2.52, "track": 1.53}}, {"type": "Feature", "geometry": {"type": "Point", "coordinates": [48.90266, 45.98505]}, "properties": {"source_sensor": "VIIRS (Suomi NPP)", "frp": 304.5, "confidence": "high", "brightness_ti4": 367.0, "brightness_ti5": 338.78, "acq_date": "2026-04-07", "acq_time": "0852", "satellite": "N", "daynight": "D", "scan": 0.61, "track": 0.54}}, {"type": "Feature", "geometry": {"type": "Point", "coordinates": [48.90007, 45.98973]}, "properties": {"source_sensor": "VIIRS (Suomi NPP)", "frp": 304.5, "confidence": "high", "brightness_ti4": 367.0, "brightness_ti5": 337.36, "acq_date": "2026-04-07", "acq_time": "0852", "satellite": "N", "daynight": "D", "scan": 0.61, "track": 0.54}}, {"type": "Feature", "geometry": {"type": "Point", "coordinates": [48.90765, 45.99177]}, "properties": {"source_sensor": "VIIRS (Suomi NPP)", "frp": 304.5, "confidence": "nominal", "brightness_ti4": 334.03, "brightness_ti5": 295.14, "acq_date": "2026-04-07", "acq_time": "0852", "satellite": "N", "daynight": "D", "scan": 0.61, "track": 0.54}}, {"type": "Feature", "geometry": {"type": "Point", "coordinates": [98.03941, 18.70683]}, "properties": {"source_sensor": "MODIS (Aqua/Terra)", "frp": 304.46, "confidence": 100, "brightness": 404.53, "bright_t31": 302.79, "acq_date": "2026-04-07", "acq_time": "0826", "satellite": "A", "daynight": "D", "scan": 1.08, "track": 1.04}}, {"type": "Feature", "geometry": {"type": "Point", "coordinates": [77.06418, 53.76897]}, "properties": {"source_sensor": "MODIS (Aqua/Terra)", "frp": 301.92, "confidence": 96, "brightness": 351.62, "bright_t31": 278.98, "acq_date": "2026-04-07", "acq_time": "1015", "satellite": "A", "daynight": "D", "scan": 2.9, "track": 1.62}}, {"type": "Feature", "geometry": {"type": "Point", "coordinates": [74.89056, 45.31423]}, "properties": {"source_sensor": "MODIS (Aqua/Terra)", "frp": 301.33, "confidence": 91, "brightness": 350.18, "bright_t31": 294.06, "acq_date": "2026-04-07", "acq_time": "0514", "satellite": "T", "daynight": "D", "scan": 3.06, "track": 1.66}}, {"type": "Feature", "geometry": {"type": "Point", "coordinates": [-59.57719, -19.52559]}, "properties": {"source_sensor": "MODIS (Aqua/Terra)", "frp": 298.51, "confidence": 100, "brightness": 379.33, "bright_t31": 299.22, "acq_date": "2026-04-06", "acq_time": "1908", "satellite": "A", "daynight": "D", "scan": 1.65, "track": 1.26}}, {"type": "Feature", "geometry": {"type": "Point", "coordinates": [48.2311, 45.74422]}, "properties": {"source_sensor": "VIIRS (Suomi NPP)", "frp": 297.83, "confidence": "low", "brightness_ti4": 208.0, "brightness_ti5": 311.48, "acq_date": "2026-04-06", "acq_time": "1051", "satellite": "N", "daynight": "D", "scan": 0.6, "track": 0.7}}, {"type": "Feature", "geometry": {"type": "Point", "coordinates": [102.05808, 20.09451]}, "properties": {"source_sensor": "VIIRS (Suomi NPP)", "frp": 296.84, "confidence": "nominal", "brightness_ti4": 349.91, "brightness_ti5": 292.64, "acq_date": "2026-04-07", "acq_time": "0703", "satellite": "N", "daynight": "D", "scan": 0.58, "track": 0.52}}, {"type": "Feature", "geometry": {"type": "Point", "coordinates": [102.05324, 20.09398]}, "properties": {"source_sensor": "VIIRS (Suomi NPP)", "frp": 296.84, "confidence": "low", "brightness_ti4": 367.0, "brightness_ti5": 339.47, "acq_date": "2026-04-07", "acq_time": "0703", "satellite": "N", "daynight": "D", "scan": 0.58, "track": 0.52}}, {"type": "Feature", "geometry": {"type": "Point", "coordinates": [94.13985, 19.95836]}, "properties": {"source_sensor": "VIIRS (Suomi NPP)", "frp": 295.07, "confidence": "high", "brightness_ti4": 367.0, "brightness_ti5": 325.83, "acq_date": "2026-04-06", "acq_time": "0722", "satellite": "N", "daynight": "D", "scan": 0.55, "track": 0.43}}, {"type": "Feature", "geometry": {"type": "Point", "coordinates": [94.14509, 19.959]}, "properties": {"source_sensor": "VIIRS (Suomi NPP)", "frp": 295.07, "confidence": "nominal", "brightness_ti4": 339.11, "brightness_ti5": 295.67, "acq_date": "2026-04-06", "acq_time": "0722", "satellite": "N", "daynight": "D", "scan": 0.55, "track": 0.43}}, {"type": "Feature", "geometry": {"type": "Point", "coordinates": [-10.26703, 12.27145]}, "properties": {"source_sensor": "MODIS (Aqua/Terra)", "frp": 293.23, "confidence": 100, "brightness": 402.47, "bright_t31": 323.85, "acq_date": "2026-04-06", "acq_time": "1601", "satellite": "A", "daynight": "D", "scan": 1.12, "track": 1.06}}, {"type": "Feature", "geometry": {"type": "Point", "coordinates": [98.894, 21.91908]}, "properties": {"source_sensor": "VIIRS (Suomi NPP)", "frp": 290.79, "confidence": "nominal", "brightness_ti4": 353.11, "brightness_ti5": 290.1, "acq_date": "2026-04-06", "acq_time": "0542", "satellite": "N", "daynight": "D", "scan": 0.78, "track": 0.78}}, {"type": "Feature", "geometry": {"type": "Point", "coordinates": [98.8908, 21.92586]}, "properties": {"source_sensor": "VIIRS (Suomi NPP)", "frp": 290.79, "confidence": "high", "brightness_ti4": 367.0, "brightness_ti5": 292.26, "acq_date": "2026-04-06", "acq_time": "0542", "satellite": "N", "daynight": "D", "scan": 0.78, "track": 0.78}}, {"type": "Feature", "geometry": {"type": "Point", "coordinates": [98.89163, 21.92015]}, "properties": {"source_sensor": "VIIRS (Suomi NPP)", "frp": 289.66, "confidence": "high", "brightness_ti4": 367.0, "brightness_ti5": 294.63, "acq_date": "2026-04-06", "acq_time": "0542", "satellite": "N", "daynight": "D", "scan": 0.78, "track": 0.78}}, {"type": "Feature", "geometry": {"type": "Point", "coordinates": [98.88525, 21.91849]}, "properties": {"source_sensor": "VIIRS (Suomi NPP)", "frp": 289.66, "confidence": "low", "brightness_ti4": 208.0, "brightness_ti5": 324.57, "acq_date": "2026-04-06", "acq_time": "0542", "satellite": "N", "daynight": "D", "scan": 0.78, "track": 0.78}}, {"type": "Feature", "geometry": {"type": "Point", "coordinates": [98.88084, 21.92494]}, "properties": {"source_sensor": "VIIRS (Suomi NPP)", "frp": 289.66, "confidence": "nominal", "brightness_ti4": 357.25, "brightness_ti5": 291.06, "acq_date": "2026-04-06", "acq_time": "0542", "satellite": "N", "daynight": "D", "scan": 0.78, "track": 0.78}}, {"type": "Feature", "geometry": {"type": "Point", "coordinates": [98.88875, 21.927]}, "properties": {"source_sensor": "VIIRS (Suomi NPP)", "frp": 289.66, "confidence": "low", "brightness_ti4": 357.78, "brightness_ti5": 289.27, "acq_date": "2026-04-06", "acq_time": "0542", "satellite": "N", "daynight": "D", "scan": 0.78, "track": 0.78}}, {"type": "Feature", "geometry": {"type": "Point", "coordinates": [96.85372, 19.43295]}, "properties": {"source_sensor": "MODIS (Aqua/Terra)", "frp": 287.81, "confidence": 100, "brightness": 395.03, "bright_t31": 299.76, "acq_date": "2026-04-07", "acq_time": "0826", "satellite": "A", "daynight": "D", "scan": 1.21, "track": 1.09}}, {"type": "Feature", "geometry": {"type": "Point", "coordinates": [130.21236, 49.0666]}, "properties": {"source_sensor": "MODIS (Aqua/Terra)", "frp": 285.2, "confidence": 100, "brightness": 398.43, "bright_t31": 283.9, "acq_date": "2026-04-07", "acq_time": "1128", "satellite": "T", "daynight": "N", "scan": 1.1, "track": 1.05}}, {"type": "Feature", "geometry": {"type": "Point", "coordinates": [101.63504, 20.91086]}, "properties": {"source_sensor": "MODIS (Aqua/Terra)", "frp": 284.23, "confidence": 100, "brightness": 397.89, "bright_t31": 309.8, "acq_date": "2026-04-07", "acq_time": "0828", "satellite": "A", "daynight": "D", "scan": 1.14, "track": 1.06}}, {"type": "Feature", "geometry": {"type": "Point", "coordinates": [-72.11958, -38.22114]}, "properties": {"source_sensor": "MODIS (Aqua/Terra)", "frp": 282.73, "confidence": 100, "brightness": 400.05, "bright_t31": 301.72, "acq_date": "2026-04-06", "acq_time": "2042", "satellite": "A", "daynight": "D", "scan": 1.08, "track": 1.04}}, {"type": "Feature", "geometry": {"type": "Point", "coordinates": [101.29693, 20.38883]}, "properties": {"source_sensor": "MODIS (Aqua/Terra)", "frp": 282.33, "confidence": 98, "brightness": 355.82, "bright_t31": 301.63, "acq_date": "2026-04-06", "acq_time": "0750", "satellite": "A", "daynight": "D", "scan": 2.63, "track": 1.56}}, {"type": "Feature", "geometry": {"type": "Point", "coordinates": [97.45251, 18.23607]}, "properties": {"source_sensor": "VIIRS (Suomi NPP)", "frp": 282.24, "confidence": "high", "brightness_ti4": 367.0, "brightness_ti5": 347.91, "acq_date": "2026-04-07", "acq_time": "0701", "satellite": "N", "daynight": "D", "scan": 0.45, "track": 0.39}}, {"type": "Feature", "geometry": {"type": "Point", "coordinates": [97.25915, 22.75563]}, "properties": {"source_sensor": "MODIS (Aqua/Terra)", "frp": 280.39, "confidence": 88, "brightness": 336.18, "bright_t31": 295.9, "acq_date": "2026-04-06", "acq_time": "0752", "satellite": "A", "daynight": "D", "scan": 4.64, "track": 1.97}}, {"type": "Feature", "geometry": {"type": "Point", "coordinates": [97.83691, 17.70209]}, "properties": {"source_sensor": "MODIS (Aqua/Terra)", "frp": 280.17, "confidence": 100, "brightness": 398.33, "bright_t31": 305.48, "acq_date": "2026-04-07", "acq_time": "0826", "satellite": "A", "daynight": "D", "scan": 1.13, "track": 1.06}}, {"type": "Feature", "geometry": {"type": "Point", "coordinates": [98.88084, 21.91572]}, "properties": {"source_sensor": "VIIRS (Suomi NPP)", "frp": 278.72, "confidence": "high", "brightness_ti4": 367.0, "brightness_ti5": 293.05, "acq_date": "2026-04-06", "acq_time": "0542", "satellite": "N", "daynight": "D", "scan": 0.78, "track": 0.78}}, {"type": "Feature", "geometry": {"type": "Point", "coordinates": [98.88746, 21.91741]}, "properties": {"source_sensor": "VIIRS (Suomi NPP)", "frp": 278.72, "confidence": "nominal", "brightness_ti4": 352.39, "brightness_ti5": 300.63, "acq_date": "2026-04-06", "acq_time": "0542", "satellite": "N", "daynight": "D", "scan": 0.78, "track": 0.78}}, {"type": "Feature", "geometry": {"type": "Point", "coordinates": [98.88338, 21.92397]}, "properties": {"source_sensor": "VIIRS (Suomi NPP)", "frp": 278.72, "confidence": "low", "brightness_ti4": 208.0, "brightness_ti5": 313.0, "acq_date": "2026-04-06", "acq_time": "0542", "satellite": "N", "daynight": "D", "scan": 0.78, "track": 0.78}}, {"type": "Feature", "geometry": {"type": "Point", "coordinates": [98.87451, 21.92171]}, "properties": {"source_sensor": "VIIRS (Suomi NPP)", "frp": 278.72, "confidence": "low", "brightness_ti4": 208.0, "brightness_ti5": 295.95, "acq_date": "2026-04-06", "acq_time": "0542", "satellite": "N", "daynight": "D", "scan": 0.78, "track": 0.78}}, {"type": "Feature", "geometry": {"type": "Point", "coordinates": [102.28622, 18.81544]}, "properties": {"source_sensor": "MODIS (Aqua/Terra)", "frp": 277.05, "confidence": 100, "brightness": 396.15, "bright_t31": 305.85, "acq_date": "2026-04-07", "acq_time": "0826", "satellite": "A", "daynight": "D", "scan": 1.17, "track": 1.07}}, {"type": "Feature", "geometry": {"type": "Point", "coordinates": [102.24003, 20.59263]}, "properties": {"source_sensor": "VIIRS (Suomi NPP)", "frp": 275.21, "confidence": "nominal", "brightness_ti4": 343.2, "brightness_ti5": 295.01, "acq_date": "2026-04-06", "acq_time": "0722", "satellite": "N", "daynight": "D", "scan": 0.61, "track": 0.71}}, {"type": "Feature", "geometry": {"type": "Point", "coordinates": [102.23156, 20.59867]}, "properties": {"source_sensor": "VIIRS (Suomi NPP)", "frp": 275.21, "confidence": "nominal", "brightness_ti4": 343.63, "brightness_ti5": 298.53, "acq_date": "2026-04-06", "acq_time": "0722", "satellite": "N", "daynight": "D", "scan": 0.61, "track": 0.71}}, {"type": "Feature", "geometry": {"type": "Point", "coordinates": [102.23782, 20.59916]}, "properties": {"source_sensor": "VIIRS (Suomi NPP)", "frp": 275.21, "confidence": "low", "brightness_ti4": 367.0, "brightness_ti5": 350.46, "acq_date": "2026-04-06", "acq_time": "0722", "satellite": "N", "daynight": "D", "scan": 0.61, "track": 0.71}}, {"type": "Feature", "geometry": {"type": "Point", "coordinates": [100.16959, 20.85422]}, "properties": {"source_sensor": "VIIRS (Suomi NPP)", "frp": 274.98, "confidence": "nominal", "brightness_ti4": 336.62, "brightness_ti5": 297.75, "acq_date": "2026-04-07", "acq_time": "0703", "satellite": "N", "daynight": "D", "scan": 0.45, "track": 0.47}}, {"type": "Feature", "geometry": {"type": "Point", "coordinates": [97.96883, 17.73223]}, "properties": {"source_sensor": "MODIS (Aqua/Terra)", "frp": 273.72, "confidence": 100, "brightness": 398.13, "bright_t31": 304.96, "acq_date": "2026-04-07", "acq_time": "0826", "satellite": "A", "daynight": "D", "scan": 1.12, "track": 1.05}}, {"type": "Feature", "geometry": {"type": "Point", "coordinates": [102.22279, 19.45068]}, "properties": {"source_sensor": "MODIS (Aqua/Terra)", "frp": 273.04, "confidence": 99, "brightness": 359.26, "bright_t31": 296.75, "acq_date": "2026-04-06", "acq_time": "0750", "satellite": "A", "daynight": "D", "scan": 2.34, "track": 1.48}}, {"type": "Feature", "geometry": {"type": "Point", "coordinates": [106.89236, 15.70602]}, "properties": {"source_sensor": "VIIRS (Suomi NPP)", "frp": 272.28, "confidence": "high", "brightness_ti4": 367.0, "brightness_ti5": 307.83, "acq_date": "2026-04-06", "acq_time": "0540", "satellite": "N", "daynight": "D", "scan": 0.33, "track": 0.55}}, {"type": "Feature", "geometry": {"type": "Point", "coordinates": [101.6253, 20.43789]}, "properties": {"source_sensor": "MODIS (Aqua/Terra)", "frp": 272.08, "confidence": 98, "brightness": 357.38, "bright_t31": 297.99, "acq_date": "2026-04-06", "acq_time": "0750", "satellite": "A", "daynight": "D", "scan": 2.48, "track": 1.52}}, {"type": "Feature", "geometry": {"type": "Point", "coordinates": [-6.62501, 43.20415]}, "properties": {"source_sensor": "MODIS (Aqua/Terra)", "frp": 271.65, "confidence": 96, "brightness": 350.27, "bright_t31": 299.45, "acq_date": "2026-04-06", "acq_time": "1429", "satellite": "A", "daynight": "D", "scan": 2.83, "track": 1.61}}, {"type": "Feature", "geometry": {"type": "Point", "coordinates": [96.27163, 25.53539]}, "properties": {"source_sensor": "MODIS (Aqua/Terra)", "frp": 271.02, "confidence": 100, "brightness": 398.57, "bright_t31": 300.28, "acq_date": "2026-04-07", "acq_time": "0828", "satellite": "A", "daynight": "D", "scan": 1.09, "track": 1.04}}, {"type": "Feature", "geometry": {"type": "Point", "coordinates": [97.10719, 18.47343]}, "properties": {"source_sensor": "MODIS (Aqua/Terra)", "frp": 270.87, "confidence": 100, "brightness": 392.31, "bright_t31": 296.5, "acq_date": "2026-04-07", "acq_time": "0826", "satellite": "A", "daynight": "D", "scan": 1.2, "track": 1.09}}, {"type": "Feature", "geometry": {"type": "Point", "coordinates": [116.43905, -30.56147]}, "properties": {"source_sensor": "MODIS (Aqua/Terra)", "frp": 269.7, "confidence": 100, "brightness": 375.76, "bright_t31": 298.98, "acq_date": "2026-04-07", "acq_time": "0813", "satellite": "A", "daynight": "D", "scan": 1.62, "track": 1.25}}, {"type": "Feature", "geometry": {"type": "Point", "coordinates": [-40.11302, -19.60397]}, "properties": {"source_sensor": "MODIS (Aqua/Terra)", "frp": 269.35, "confidence": 72, "brightness": 337.42, "bright_t31": 291.9, "acq_date": "2026-04-06", "acq_time": "1730", "satellite": "A", "daynight": "D", "scan": 4.11, "track": 1.88}}, {"type": "Feature", "geometry": {"type": "Point", "coordinates": [-12.47561, 11.93802]}, "properties": {"source_sensor": "MODIS (Aqua/Terra)", "frp": 269.13, "confidence": 98, "brightness": 357.25, "bright_t31": 302.38, "acq_date": "2026-04-07", "acq_time": "1019", "satellite": "T", "daynight": "D", "scan": 2.48, "track": 1.52}}, {"type": "Feature", "geometry": {"type": "Point", "coordinates": [100.52702, 20.58903]}, "properties": {"source_sensor": "MODIS (Aqua/Terra)", "frp": 268.6, "confidence": 100, "brightness": 372.61, "bright_t31": 296.05, "acq_date": "2026-04-07", "acq_time": "0204", "satellite": "T", "daynight": "D", "scan": 1.72, "track": 1.29}}, {"type": "Feature", "geometry": {"type": "Point", "coordinates": [92.8961, 25.46427]}, "properties": {"source_sensor": "VIIRS (Suomi NPP)", "frp": 265.5, "confidence": "high", "brightness_ti4": 367.0, "brightness_ti5": 345.75, "acq_date": "2026-04-06", "acq_time": "0724", "satellite": "N", "daynight": "D", "scan": 0.55, "track": 0.43}}, {"type": "Feature", "geometry": {"type": "Point", "coordinates": [92.89513, 25.46816]}, "properties": {"source_sensor": "VIIRS (Suomi NPP)", "frp": 265.5, "confidence": "nominal", "brightness_ti4": 340.57, "brightness_ti5": 300.92, "acq_date": "2026-04-06", "acq_time": "0724", "satellite": "N", "daynight": "D", "scan": 0.55, "track": 0.43}}, {"type": "Feature", "geometry": {"type": "Point", "coordinates": [79.27035, 46.65456]}, "properties": {"source_sensor": "MODIS (Aqua/Terra)", "frp": 262.85, "confidence": 100, "brightness": 397.49, "bright_t31": 306.45, "acq_date": "2026-04-06", "acq_time": "0934", "satellite": "A", "daynight": "D", "scan": 1.09, "track": 1.04}}, {"type": "Feature", "geometry": {"type": "Point", "coordinates": [145.7159, -36.37894]}, "properties": {"source_sensor": "MODIS (Aqua/Terra)", "frp": 262.38, "confidence": 93, "brightness": 356.46, "bright_t31": 292.58, "acq_date": "2026-04-07", "acq_time": "0633", "satellite": "A", "daynight": "D", "scan": 2.34, "track": 1.48}}, {"type": "Feature", "geometry": {"type": "Point", "coordinates": [100.43562, 20.75259]}, "properties": {"source_sensor": "VIIRS (Suomi NPP)", "frp": 257.54, "confidence": "low", "brightness_ti4": 318.37, "brightness_ti5": 320.76, "acq_date": "2026-04-07", "acq_time": "0703", "satellite": "N", "daynight": "D", "scan": 0.47, "track": 0.48}}, {"type": "Feature", "geometry": {"type": "Point", "coordinates": [75.1563, 46.74681]}, "properties": {"source_sensor": "VIIRS (Suomi NPP)", "frp": 257.48, "confidence": "nominal", "brightness_ti4": 356.43, "brightness_ti5": 298.45, "acq_date": "2026-04-07", "acq_time": "0712", "satellite": "N", "daynight": "D", "scan": 0.54, "track": 0.5}}, {"type": "Feature", "geometry": {"type": "Point", "coordinates": [29.21861, -1.41356]}, "properties": {"source_sensor": "MODIS (Aqua/Terra)", "frp": 256.78, "confidence": 100, "brightness": 365.18, "bright_t31": 280.92, "acq_date": "2026-04-07", "acq_time": "0058", "satellite": "A", "daynight": "N", "scan": 1.87, "track": 1.34}}, {"type": "Feature", "geometry": {"type": "Point", "coordinates": [101.16437, 20.24106]}, "properties": {"source_sensor": "VIIRS (Suomi NPP)", "frp": 256.7, "confidence": "high", "brightness_ti4": 367.0, "brightness_ti5": 293.88, "acq_date": "2026-04-06", "acq_time": "0542", "satellite": "N", "daynight": "D", "scan": 0.62, "track": 0.71}}, {"type": "Feature", "geometry": {"type": "Point", "coordinates": [101.15839, 20.23962]}, "properties": {"source_sensor": "VIIRS (Suomi NPP)", "frp": 256.7, "confidence": "nominal", "brightness_ti4": 343.39, "brightness_ti5": 304.65, "acq_date": "2026-04-06", "acq_time": "0542", "satellite": "N", "daynight": "D", "scan": 0.62, "track": 0.71}}, {"type": "Feature", "geometry": {"type": "Point", "coordinates": [101.54102, 15.95941]}, "properties": {"source_sensor": "MODIS (Aqua/Terra)", "frp": 256.55, "confidence": 100, "brightness": 398.46, "bright_t31": 307.69, "acq_date": "2026-04-06", "acq_time": "1355", "satellite": "T", "daynight": "N", "scan": 1.05, "track": 1.02}}, {"type": "Feature", "geometry": {"type": "Point", "coordinates": [97.83089, 18.05451]}, "properties": {"source_sensor": "VIIRS (Suomi NPP)", "frp": 256.48, "confidence": "nominal", "brightness_ti4": 339.55, "brightness_ti5": 303.23, "acq_date": "2026-04-07", "acq_time": "0701", "satellite": "N", "daynight": "D", "scan": 0.46, "track": 0.39}}, {"type": "Feature", "geometry": {"type": "Point", "coordinates": [97.43182, 18.20038]}, "properties": {"source_sensor": "VIIRS (Suomi NPP)", "frp": 256.36, "confidence": "high", "brightness_ti4": 367.0, "brightness_ti5": 341.77, "acq_date": "2026-04-07", "acq_time": "0701", "satellite": "N", "daynight": "D", "scan": 0.45, "track": 0.39}}, {"type": "Feature", "geometry": {"type": "Point", "coordinates": [97.42795, 18.19985]}, "properties": {"source_sensor": "VIIRS (Suomi NPP)", "frp": 256.36, "confidence": "low", "brightness_ti4": 367.0, "brightness_ti5": 351.75, "acq_date": "2026-04-07", "acq_time": "0701", "satellite": "N", "daynight": "D", "scan": 0.45, "track": 0.39}}, {"type": "Feature", "geometry": {"type": "Point", "coordinates": [97.42729, 18.20341]}, "properties": {"source_sensor": "VIIRS (Suomi NPP)", "frp": 256.36, "confidence": "high", "brightness_ti4": 367.0, "brightness_ti5": 328.88, "acq_date": "2026-04-07", "acq_time": "0701", "satellite": "N", "daynight": "D", "scan": 0.45, "track": 0.39}}, {"type": "Feature", "geometry": {"type": "Point", "coordinates": [97.43112, 18.20393]}, "properties": {"source_sensor": "VIIRS (Suomi NPP)", "frp": 256.36, "confidence": "low", "brightness_ti4": 367.0, "brightness_ti5": 335.55, "acq_date": "2026-04-07", "acq_time": "0701", "satellite": "N", "daynight": "D", "scan": 0.45, "track": 0.39}}, {"type": "Feature", "geometry": {"type": "Point", "coordinates": [97.00264, 18.30966]}, "properties": {"source_sensor": "VIIRS (Suomi NPP)", "frp": 255.36, "confidence": "nominal", "brightness_ti4": 340.98, "brightness_ti5": 295.32, "acq_date": "2026-04-06", "acq_time": "0722", "satellite": "N", "daynight": "D", "scan": 0.53, "track": 0.5}}, {"type": "Feature", "geometry": {"type": "Point", "coordinates": [96.9977, 18.30909]}, "properties": {"source_sensor": "VIIRS (Suomi NPP)", "frp": 255.36, "confidence": "nominal", "brightness_ti4": 336.66, "brightness_ti5": 295.22, "acq_date": "2026-04-06", "acq_time": "0722", "satellite": "N", "daynight": "D", "scan": 0.53, "track": 0.5}}, {"type": "Feature", "geometry": {"type": "Point", "coordinates": [98.01568, 18.64709]}, "properties": {"source_sensor": "MODIS (Aqua/Terra)", "frp": 255.23, "confidence": 100, "brightness": 397.37, "bright_t31": 303.02, "acq_date": "2026-04-07", "acq_time": "0826", "satellite": "A", "daynight": "D", "scan": 1.09, "track": 1.04}}, {"type": "Feature", "geometry": {"type": "Point", "coordinates": [101.90688, 19.54169]}, "properties": {"source_sensor": "VIIRS (Suomi NPP)", "frp": 254.71, "confidence": "high", "brightness_ti4": 367.0, "brightness_ti5": 309.9, "acq_date": "2026-04-06", "acq_time": "0542", "satellite": "N", "daynight": "D", "scan": 0.58, "track": 0.69}}, {"type": "Feature", "geometry": {"type": "Point", "coordinates": [98.04214, 18.61409]}, "properties": {"source_sensor": "MODIS (Aqua/Terra)", "frp": 254.21, "confidence": 100, "brightness": 396.93, "bright_t31": 304.83, "acq_date": "2026-04-07", "acq_time": "0826", "satellite": "A", "daynight": "D", "scan": 1.09, "track": 1.04}}, {"type": "Feature", "geometry": {"type": "Point", "coordinates": [128.00092, -18.62042]}, "properties": {"source_sensor": "MODIS (Aqua/Terra)", "frp": 253.95, "confidence": 100, "brightness": 376.71, "bright_t31": 310.35, "acq_date": "2026-04-07", "acq_time": "0640", "satellite": "A", "daynight": "D", "scan": 1.6, "track": 1.25}}, {"type": "Feature", "geometry": {"type": "Point", "coordinates": [100.85949, 20.02716]}, "properties": {"source_sensor": "VIIRS (Suomi NPP)", "frp": 253.71, "confidence": "high", "brightness_ti4": 367.0, "brightness_ti5": 351.38, "acq_date": "2026-04-07", "acq_time": "0703", "satellite": "N", "daynight": "D", "scan": 0.49, "track": 0.48}}, {"type": "Feature", "geometry": {"type": "Point", "coordinates": [100.86426, 20.02771]}, "properties": {"source_sensor": "VIIRS (Suomi NPP)", "frp": 253.71, "confidence": "nominal", "brightness_ti4": 331.5, "brightness_ti5": 299.54, "acq_date": "2026-04-07", "acq_time": "0703", "satellite": "N", "daynight": "D", "scan": 0.49, "track": 0.48}}, {"type": "Feature", "geometry": {"type": "Point", "coordinates": [141.50948, -36.86315]}, "properties": {"source_sensor": "MODIS (Aqua/Terra)", "frp": 253.17, "confidence": 100, "brightness": 375.1, "bright_t31": 296.15, "acq_date": "2026-04-06", "acq_time": "0555", "satellite": "A", "daynight": "D", "scan": 1.57, "track": 1.23}}, {"type": "Feature", "geometry": {"type": "Point", "coordinates": [128.79236, -17.73962]}, "properties": {"source_sensor": "MODIS (Aqua/Terra)", "frp": 252.02, "confidence": 100, "brightness": 383.79, "bright_t31": 310.69, "acq_date": "2026-04-07", "acq_time": "0640", "satellite": "A", "daynight": "D", "scan": 1.37, "track": 1.16}}, {"type": "Feature", "geometry": {"type": "Point", "coordinates": [102.92818, 18.41039]}, "properties": {"source_sensor": "MODIS (Aqua/Terra)", "frp": 251.78, "confidence": 100, "brightness": 388.77, "bright_t31": 311.75, "acq_date": "2026-04-07", "acq_time": "0826", "satellite": "A", "daynight": "D", "scan": 1.25, "track": 1.11}}, {"type": "Feature", "geometry": {"type": "Point", "coordinates": [97.47915, 18.18131]}, "properties": {"source_sensor": "VIIRS (Suomi NPP)", "frp": 249.57, "confidence": "high", "brightness_ti4": 367.0, "brightness_ti5": 332.89, "acq_date": "2026-04-07", "acq_time": "0701", "satellite": "N", "daynight": "D", "scan": 0.45, "track": 0.39}}, {"type": "Feature", "geometry": {"type": "Point", "coordinates": [-11.37941, 7.16082]}, "properties": {"source_sensor": "MODIS (Aqua/Terra)", "frp": 249.07, "confidence": 100, "brightness": 400.69, "bright_t31": 301.73, "acq_date": "2026-04-06", "acq_time": "1558", "satellite": "A", "daynight": "D", "scan": 1.0, "track": 1.0}}, {"type": "Feature", "geometry": {"type": "Point", "coordinates": [-8.61118, 11.4121]}, "properties": {"source_sensor": "MODIS (Aqua/Terra)", "frp": 249.03, "confidence": 100, "brightness": 385.67, "bright_t31": 320.91, "acq_date": "2026-04-06", "acq_time": "1601", "satellite": "A", "daynight": "D", "scan": 1.37, "track": 1.16}}, {"type": "Feature", "geometry": {"type": "Point", "coordinates": [106.52236, 16.55062]}, "properties": {"source_sensor": "MODIS (Aqua/Terra)", "frp": 248.86, "confidence": 100, "brightness": 386.17, "bright_t31": 307.28, "acq_date": "2026-04-06", "acq_time": "0748", "satellite": "A", "daynight": "D", "scan": 1.3, "track": 1.13}}, {"type": "Feature", "geometry": {"type": "Point", "coordinates": [101.76147, 16.36028]}, "properties": {"source_sensor": "MODIS (Aqua/Terra)", "frp": 248.22, "confidence": 100, "brightness": 398.07, "bright_t31": 307.66, "acq_date": "2026-04-06", "acq_time": "1355", "satellite": "T", "daynight": "N", "scan": 1.03, "track": 1.01}}, {"type": "Feature", "geometry": {"type": "Point", "coordinates": [105.41916, 17.8504]}, "properties": {"source_sensor": "VIIRS (Suomi NPP)", "frp": 248.13, "confidence": "high", "brightness_ti4": 367.0, "brightness_ti5": 300.96, "acq_date": "2026-04-07", "acq_time": "0523", "satellite": "N", "daynight": "D", "scan": 0.75, "track": 0.77}}, {"type": "Feature", "geometry": {"type": "Point", "coordinates": [145.3112, -35.63494]}, "properties": {"source_sensor": "VIIRS (Suomi NPP)", "frp": 247.27, "confidence": "low", "brightness_ti4": 208.0, "brightness_ti5": 300.36, "acq_date": "2026-04-06", "acq_time": "0523", "satellite": "N", "daynight": "D", "scan": 0.7, "track": 0.75}}, {"type": "Feature", "geometry": {"type": "Point", "coordinates": [102.3567, 18.65816]}, "properties": {"source_sensor": "MODIS (Aqua/Terra)", "frp": 247.13, "confidence": 100, "brightness": 399.71, "bright_t31": 305.12, "acq_date": "2026-04-06", "acq_time": "1357", "satellite": "T", "daynight": "N", "scan": 1.0, "track": 1.0}}, {"type": "Feature", "geometry": {"type": "Point", "coordinates": [92.59599, 21.4382]}, "properties": {"source_sensor": "VIIRS (Suomi NPP)", "frp": 246.28, "confidence": "high", "brightness_ti4": 367.0, "brightness_ti5": 356.08, "acq_date": "2026-04-06", "acq_time": "0722", "satellite": "N", "daynight": "D", "scan": 0.48, "track": 0.4}}, {"type": "Feature", "geometry": {"type": "Point", "coordinates": [92.59142, 21.4376]}, "properties": {"source_sensor": "VIIRS (Suomi NPP)", "frp": 246.28, "confidence": "nominal", "brightness_ti4": 338.57, "brightness_ti5": 300.01, "acq_date": "2026-04-06", "acq_time": "0722", "satellite": "N", "daynight": "D", "scan": 0.48, "track": 0.4}}, {"type": "Feature", "geometry": {"type": "Point", "coordinates": [92.5909, 21.44129]}, "properties": {"source_sensor": "VIIRS (Suomi NPP)", "frp": 246.28, "confidence": "nominal", "brightness_ti4": 332.21, "brightness_ti5": 294.27, "acq_date": "2026-04-06", "acq_time": "0722", "satellite": "N", "daynight": "D", "scan": 0.48, "track": 0.4}}, {"type": "Feature", "geometry": {"type": "Point", "coordinates": [-12.53564, 7.83135]}, "properties": {"source_sensor": "MODIS (Aqua/Terra)", "frp": 246.02, "confidence": 100, "brightness": 398.24, "bright_t31": 305.42, "acq_date": "2026-04-06", "acq_time": "1558", "satellite": "A", "daynight": "D", "scan": 1.04, "track": 1.02}}, {"type": "Feature", "geometry": {"type": "Point", "coordinates": [-15.99564, 12.48987]}, "properties": {"source_sensor": "MODIS (Aqua/Terra)", "frp": 244.07, "confidence": 100, "brightness": 384.06, "bright_t31": 319.38, "acq_date": "2026-04-06", "acq_time": "1601", "satellite": "A", "daynight": "D", "scan": 1.36, "track": 1.16}}, {"type": "Feature", "geometry": {"type": "Point", "coordinates": [130.16463, 49.00525]}, "properties": {"source_sensor": "MODIS (Aqua/Terra)", "frp": 242.86, "confidence": 98, "brightness": 355.28, "bright_t31": 286.42, "acq_date": "2026-04-07", "acq_time": "0518", "satellite": "A", "daynight": "D", "scan": 2.23, "track": 1.45}}, {"type": "Feature", "geometry": {"type": "Point", "coordinates": [102.75849, 20.00223]}, "properties": {"source_sensor": "VIIRS (Suomi NPP)", "frp": 242.59, "confidence": "nominal", "brightness_ti4": 343.29, "brightness_ti5": 308.84, "acq_date": "2026-04-06", "acq_time": "0542", "satellite": "N", "daynight": "D", "scan": 0.5, "track": 0.66}}, {"type": "Feature", "geometry": {"type": "Point", "coordinates": [102.75342, 20.00741]}, "properties": {"source_sensor": "VIIRS (Suomi NPP)", "frp": 242.59, "confidence": "nominal", "brightness_ti4": 337.16, "brightness_ti5": 294.78, "acq_date": "2026-04-06", "acq_time": "0542", "satellite": "N", "daynight": "D", "scan": 0.5, "track": 0.66}}, {"type": "Feature", "geometry": {"type": "Point", "coordinates": [93.76081, 20.65815]}, "properties": {"source_sensor": "VIIRS (Suomi NPP)", "frp": 242.54, "confidence": "low", "brightness_ti4": 320.93, "brightness_ti5": 322.06, "acq_date": "2026-04-06", "acq_time": "0722", "satellite": "N", "daynight": "D", "scan": 0.54, "track": 0.42}}, {"type": "Feature", "geometry": {"type": "Point", "coordinates": [-11.772, 9.16461]}, "properties": {"source_sensor": "VIIRS (Suomi NPP)", "frp": 242.24, "confidence": "low", "brightness_ti4": 367.0, "brightness_ti5": 335.6, "acq_date": "2026-04-06", "acq_time": "1405", "satellite": "N", "daynight": "D", "scan": 0.42, "track": 0.37}}, {"type": "Feature", "geometry": {"type": "Point", "coordinates": [-12.84919, 9.94045]}, "properties": {"source_sensor": "MODIS (Aqua/Terra)", "frp": 242.13, "confidence": 100, "brightness": 398.78, "bright_t31": 318.64, "acq_date": "2026-04-06", "acq_time": "1558", "satellite": "A", "daynight": "D", "scan": 1.03, "track": 1.01}}, {"type": "Feature", "geometry": {"type": "Point", "coordinates": [105.07313, 22.44115]}, "properties": {"source_sensor": "MODIS (Aqua/Terra)", "frp": 242.12, "confidence": 100, "brightness": 384.46, "bright_t31": 304.63, "acq_date": "2026-04-06", "acq_time": "0750", "satellite": "A", "daynight": "D", "scan": 1.29, "track": 1.13}}, {"type": "Feature", "geometry": {"type": "Point", "coordinates": [105.09626, 17.39843]}, "properties": {"source_sensor": "MODIS (Aqua/Terra)", "frp": 241.56, "confidence": 100, "brightness": 372.84, "bright_t31": 308.33, "acq_date": "2026-04-07", "acq_time": "0826", "satellite": "A", "daynight": "D", "scan": 1.69, "track": 1.28}}, {"type": "Feature", "geometry": {"type": "Point", "coordinates": [-97.13525, 37.34019]}, "properties": {"source_sensor": "MODIS (Aqua/Terra)", "frp": 241.5, "confidence": 100, "brightness": 358.89, "bright_t31": 281.04, "acq_date": "2026-04-06", "acq_time": "0232", "satellite": "T", "daynight": "N", "scan": 2.01, "track": 1.38}}, {"type": "Feature", "geometry": {"type": "Point", "coordinates": [98.36476, 18.87736]}, "properties": {"source_sensor": "MODIS (Aqua/Terra)", "frp": 240.64, "confidence": 100, "brightness": 396.14, "bright_t31": 310.68, "acq_date": "2026-04-07", "acq_time": "0826", "satellite": "A", "daynight": "D", "scan": 1.05, "track": 1.02}}, {"type": "Feature", "geometry": {"type": "Point", "coordinates": [97.55476, 23.16938]}, "properties": {"source_sensor": "MODIS (Aqua/Terra)", "frp": 240.27, "confidence": 88, "brightness": 334.76, "bright_t31": 295.74, "acq_date": "2026-04-06", "acq_time": "0752", "satellite": "A", "daynight": "D", "scan": 4.31, "track": 1.92}}, {"type": "Feature", "geometry": {"type": "Point", "coordinates": [100.77216, 21.0487]}, "properties": {"source_sensor": "VIIRS (Suomi NPP)", "frp": 238.88, "confidence": "high", "brightness_ti4": 367.0, "brightness_ti5": 293.01, "acq_date": "2026-04-06", "acq_time": "0542", "satellite": "N", "daynight": "D", "scan": 0.63, "track": 0.72}}, {"type": "Feature", "geometry": {"type": "Point", "coordinates": [100.76655, 21.04734]}, "properties": {"source_sensor": "VIIRS (Suomi NPP)", "frp": 238.88, "confidence": "low", "brightness_ti4": 239.56, "brightness_ti5": 316.02, "acq_date": "2026-04-06", "acq_time": "0542", "satellite": "N", "daynight": "D", "scan": 0.63, "track": 0.72}}, {"type": "Feature", "geometry": {"type": "Point", "coordinates": [93.76395, 20.65461]}, "properties": {"source_sensor": "VIIRS (Suomi NPP)", "frp": 238.19, "confidence": "nominal", "brightness_ti4": 341.92, "brightness_ti5": 301.68, "acq_date": "2026-04-06", "acq_time": "0722", "satellite": "N", "daynight": "D", "scan": 0.54, "track": 0.42}}, {"type": "Feature", "geometry": {"type": "Point", "coordinates": [93.75941, 20.65403]}, "properties": {"source_sensor": "VIIRS (Suomi NPP)", "frp": 238.19, "confidence": "low", "brightness_ti4": 367.0, "brightness_ti5": 366.4, "acq_date": "2026-04-06", "acq_time": "0722", "satellite": "N", "daynight": "D", "scan": 0.54, "track": 0.42}}, {"type": "Feature", "geometry": {"type": "Point", "coordinates": [93.76331, 20.65849]}, "properties": {"source_sensor": "VIIRS (Suomi NPP)", "frp": 238.19, "confidence": "nominal", "brightness_ti4": 342.23, "brightness_ti5": 306.39, "acq_date": "2026-04-06", "acq_time": "0722", "satellite": "N", "daynight": "D", "scan": 0.54, "track": 0.42}}, {"type": "Feature", "geometry": {"type": "Point", "coordinates": [93.75871, 20.6579]}, "properties": {"source_sensor": "VIIRS (Suomi NPP)", "frp": 238.19, "confidence": "low", "brightness_ti4": 311.46, "brightness_ti5": 320.85, "acq_date": "2026-04-06", "acq_time": "0722", "satellite": "N", "daynight": "D", "scan": 0.54, "track": 0.42}}, {"type": "Feature", "geometry": {"type": "Point", "coordinates": [101.00267, 20.71423]}, "properties": {"source_sensor": "MODIS (Aqua/Terra)", "frp": 238.17, "confidence": 100, "brightness": 394.72, "bright_t31": 308.33, "acq_date": "2026-04-07", "acq_time": "0828", "satellite": "A", "daynight": "D", "scan": 1.07, "track": 1.03}}, {"type": "Feature", "geometry": {"type": "Point", "coordinates": [106.77352, 15.94244]}, "properties": {"source_sensor": "MODIS (Aqua/Terra)", "frp": 234.56, "confidence": 100, "brightness": 383.79, "bright_t31": 304.66, "acq_date": "2026-04-06", "acq_time": "0748", "satellite": "A", "daynight": "D", "scan": 1.28, "track": 1.12}}, {"type": "Feature", "geometry": {"type": "Point", "coordinates": [-11.92497, 10.35988]}, "properties": {"source_sensor": "VIIRS (Suomi NPP)", "frp": 234.25, "confidence": "high", "brightness_ti4": 367.0, "brightness_ti5": 339.43, "acq_date": "2026-04-06", "acq_time": "1405", "satellite": "N", "daynight": "D", "scan": 0.41, "track": 0.37}}, {"type": "Feature", "geometry": {"type": "Point", "coordinates": [74.83878, 45.32257]}, "properties": {"source_sensor": "MODIS (Aqua/Terra)", "frp": 233.4, "confidence": 94, "brightness": 367.25, "bright_t31": 296.6, "acq_date": "2026-04-07", "acq_time": "1013", "satellite": "A", "daynight": "D", "scan": 1.78, "track": 1.31}}, {"type": "Feature", "geometry": {"type": "Point", "coordinates": [-12.50037, 10.39703]}, "properties": {"source_sensor": "VIIRS (Suomi NPP)", "frp": 232.89, "confidence": "high", "brightness_ti4": 367.0, "brightness_ti5": 348.12, "acq_date": "2026-04-06", "acq_time": "1405", "satellite": "N", "daynight": "D", "scan": 0.43, "track": 0.38}}, {"type": "Feature", "geometry": {"type": "Point", "coordinates": [74.71333, 46.93524]}, "properties": {"source_sensor": "MODIS (Aqua/Terra)", "frp": 231.93, "confidence": 100, "brightness": 378.96, "bright_t31": 290.64, "acq_date": "2026-04-06", "acq_time": "1541", "satellite": "T", "daynight": "N", "scan": 1.33, "track": 1.14}}, {"type": "Feature", "geometry": {"type": "Point", "coordinates": [135.19402, -20.24555]}, "properties": {"source_sensor": "MODIS (Aqua/Terra)", "frp": 230.91, "confidence": 100, "brightness": 391.79, "bright_t31": 308.89, "acq_date": "2026-04-07", "acq_time": "0640", "satellite": "A", "daynight": "D", "scan": 1.11, "track": 1.05}}, {"type": "Feature", "geometry": {"type": "Point", "coordinates": [98.89136, 22.58224]}, "properties": {"source_sensor": "MODIS (Aqua/Terra)", "frp": 230.7, "confidence": 90, "brightness": 339.03, "bright_t31": 293.02, "acq_date": "2026-04-06", "acq_time": "0750", "satellite": "A", "daynight": "D", "scan": 3.55, "track": 1.77}}, {"type": "Feature", "geometry": {"type": "Point", "coordinates": [141.51462, -36.86414]}, "properties": {"source_sensor": "MODIS (Aqua/Terra)", "frp": 230.03, "confidence": 100, "brightness": 372.02, "bright_t31": 296.12, "acq_date": "2026-04-06", "acq_time": "0555", "satellite": "A", "daynight": "D", "scan": 1.57, "track": 1.23}}, {"type": "Feature", "geometry": {"type": "Point", "coordinates": [102.18719, 20.97915]}, "properties": {"source_sensor": "MODIS (Aqua/Terra)", "frp": 229.49, "confidence": 84, "brightness": 328.13, "bright_t31": 293.72, "acq_date": "2026-04-06", "acq_time": "0304", "satellite": "T", "daynight": "D", "scan": 4.82, "track": 2.0}}, {"type": "Feature", "geometry": {"type": "Point", "coordinates": [101.1626, 20.22858]}, "properties": {"source_sensor": "VIIRS (Suomi NPP)", "frp": 229.43, "confidence": "high", "brightness_ti4": 367.0, "brightness_ti5": 293.21, "acq_date": "2026-04-06", "acq_time": "0542", "satellite": "N", "daynight": "D", "scan": 0.62, "track": 0.71}}, {"type": "Feature", "geometry": {"type": "Point", "coordinates": [101.15681, 20.22722]}, "properties": {"source_sensor": "VIIRS (Suomi NPP)", "frp": 229.43, "confidence": "nominal", "brightness_ti4": 332.69, "brightness_ti5": 289.8, "acq_date": "2026-04-06", "acq_time": "0542", "satellite": "N", "daynight": "D", "scan": 0.62, "track": 0.71}}, {"type": "Feature", "geometry": {"type": "Point", "coordinates": [101.16161, 20.23525]}, "properties": {"source_sensor": "VIIRS (Suomi NPP)", "frp": 229.43, "confidence": "low", "brightness_ti4": 208.0, "brightness_ti5": 318.94, "acq_date": "2026-04-06", "acq_time": "0542", "satellite": "N", "daynight": "D", "scan": 0.62, "track": 0.71}}, {"type": "Feature", "geometry": {"type": "Point", "coordinates": [101.15591, 20.23392]}, "properties": {"source_sensor": "VIIRS (Suomi NPP)", "frp": 229.43, "confidence": "low", "brightness_ti4": 208.0, "brightness_ti5": 304.28, "acq_date": "2026-04-06", "acq_time": "0542", "satellite": "N", "daynight": "D", "scan": 0.62, "track": 0.71}}, {"type": "Feature", "geometry": {"type": "Point", "coordinates": [48.13664, 45.57499]}, "properties": {"source_sensor": "VIIRS (Suomi NPP)", "frp": 228.43, "confidence": "high", "brightness_ti4": 367.0, "brightness_ti5": 304.56, "acq_date": "2026-04-06", "acq_time": "1051", "satellite": "N", "daynight": "D", "scan": 0.59, "track": 0.7}}, {"type": "Feature", "geometry": {"type": "Point", "coordinates": [48.14457, 45.575]}, "properties": {"source_sensor": "VIIRS (Suomi NPP)", "frp": 228.43, "confidence": "nominal", "brightness_ti4": 340.47, "brightness_ti5": 286.21, "acq_date": "2026-04-06", "acq_time": "1051", "satellite": "N", "daynight": "D", "scan": 0.59, "track": 0.7}}, {"type": "Feature", "geometry": {"type": "Point", "coordinates": [48.14457, 45.58161]}, "properties": {"source_sensor": "VIIRS (Suomi NPP)", "frp": 228.43, "confidence": "nominal", "brightness_ti4": 326.4, "brightness_ti5": 285.27, "acq_date": "2026-04-06", "acq_time": "1051", "satellite": "N", "daynight": "D", "scan": 0.59, "track": 0.7}}, {"type": "Feature", "geometry": {"type": "Point", "coordinates": [48.13664, 45.58159]}, "properties": {"source_sensor": "VIIRS (Suomi NPP)", "frp": 228.43, "confidence": "low", "brightness_ti4": 356.58, "brightness_ti5": 287.83, "acq_date": "2026-04-06", "acq_time": "1051", "satellite": "N", "daynight": "D", "scan": 0.59, "track": 0.7}}, {"type": "Feature", "geometry": {"type": "Point", "coordinates": [97.11685, 23.20613]}, "properties": {"source_sensor": "MODIS (Aqua/Terra)", "frp": 226.61, "confidence": 83, "brightness": 328.15, "bright_t31": 290.21, "acq_date": "2026-04-06", "acq_time": "0752", "satellite": "A", "daynight": "D", "scan": 4.64, "track": 1.97}}, {"type": "Feature", "geometry": {"type": "Point", "coordinates": [-96.76106, 37.20249]}, "properties": {"source_sensor": "MODIS (Aqua/Terra)", "frp": 225.74, "confidence": 100, "brightness": 380.15, "bright_t31": 299.81, "acq_date": "2026-04-06", "acq_time": "2104", "satellite": "A", "daynight": "D", "scan": 1.32, "track": 1.14}}, {"type": "Feature", "geometry": {"type": "Point", "coordinates": [47.62707, 45.48044]}, "properties": {"source_sensor": "VIIRS (Suomi NPP)", "frp": 224.48, "confidence": "low", "brightness_ti4": 344.5, "brightness_ti5": 316.84, "acq_date": "2026-04-06", "acq_time": "0911", "satellite": "N", "daynight": "D", "scan": 0.44, "track": 0.46}}, {"type": "Feature", "geometry": {"type": "Point", "coordinates": [69.69238, 54.3429]}, "properties": {"source_sensor": "MODIS (Aqua/Terra)", "frp": 224.2, "confidence": 100, "brightness": 388.68, "bright_t31": 296.21, "acq_date": "2026-04-06", "acq_time": "0937", "satellite": "A", "daynight": "D", "scan": 1.12, "track": 1.05}}, {"type": "Feature", "geometry": {"type": "Point", "coordinates": [-13.11193, 9.7384]}, "properties": {"source_sensor": "VIIRS (Suomi NPP)", "frp": 224.1, "confidence": "low", "brightness_ti4": 345.98, "brightness_ti5": 316.94, "acq_date": "2026-04-06", "acq_time": "1405", "satellite": "N", "daynight": "D", "scan": 0.47, "track": 0.4}}, {"type": "Feature", "geometry": {"type": "Point", "coordinates": [101.86951, 22.20001]}, "properties": {"source_sensor": "VIIRS (Suomi NPP)", "frp": 224.1, "confidence": "low", "brightness_ti4": 367.0, "brightness_ti5": 332.76, "acq_date": "2026-04-07", "acq_time": "0703", "satellite": "N", "daynight": "D", "scan": 0.6, "track": 0.53}}, {"type": "Feature", "geometry": {"type": "Point", "coordinates": [101.8631, 22.19933]}, "properties": {"source_sensor": "VIIRS (Suomi NPP)", "frp": 224.1, "confidence": "low", "brightness_ti4": 208.0, "brightness_ti5": 319.77, "acq_date": "2026-04-07", "acq_time": "0703", "satellite": "N", "daynight": "D", "scan": 0.6, "track": 0.53}}, {"type": "Feature", "geometry": {"type": "Point", "coordinates": [101.86819, 22.20486]}, "properties": {"source_sensor": "VIIRS (Suomi NPP)", "frp": 224.1, "confidence": "nominal", "brightness_ti4": 331.16, "brightness_ti5": 287.71, "acq_date": "2026-04-07", "acq_time": "0703", "satellite": "N", "daynight": "D", "scan": 0.6, "track": 0.53}}, {"type": "Feature", "geometry": {"type": "Point", "coordinates": [101.05441, 20.81846]}, "properties": {"source_sensor": "VIIRS (Suomi NPP)", "frp": 224.07, "confidence": "nominal", "brightness_ti4": 329.07, "brightness_ti5": 292.48, "acq_date": "2026-04-06", "acq_time": "0542", "satellite": "N", "daynight": "D", "scan": 0.61, "track": 0.71}}, {"type": "Feature", "geometry": {"type": "Point", "coordinates": [-10.98431, 6.9608]}, "properties": {"source_sensor": "VIIRS (Suomi NPP)", "frp": 223.7, "confidence": "high", "brightness_ti4": 367.0, "brightness_ti5": 325.25, "acq_date": "2026-04-06", "acq_time": "1403", "satellite": "N", "daynight": "D", "scan": 0.41, "track": 0.37}}, {"type": "Feature", "geometry": {"type": "Point", "coordinates": [101.62112, 19.44381]}, "properties": {"source_sensor": "MODIS (Aqua/Terra)", "frp": 222.68, "confidence": 94, "brightness": 390.66, "bright_t31": 305.17, "acq_date": "2026-04-07", "acq_time": "0826", "satellite": "A", "daynight": "D", "scan": 1.1, "track": 1.05}}, {"type": "Feature", "geometry": {"type": "Point", "coordinates": [94.59343, 18.67057]}, "properties": {"source_sensor": "VIIRS (Suomi NPP)", "frp": 222.38, "confidence": "high", "brightness_ti4": 367.0, "brightness_ti5": 341.13, "acq_date": "2026-04-07", "acq_time": "0701", "satellite": "N", "daynight": "D", "scan": 0.38, "track": 0.36}}, {"type": "Feature", "geometry": {"type": "Point", "coordinates": [94.59708, 18.67113]}, "properties": {"source_sensor": "VIIRS (Suomi NPP)", "frp": 222.38, "confidence": "nominal", "brightness_ti4": 344.71, "brightness_ti5": 292.79, "acq_date": "2026-04-07", "acq_time": "0701", "satellite": "N", "daynight": "D", "scan": 0.38, "track": 0.36}}, {"type": "Feature", "geometry": {"type": "Point", "coordinates": [103.86785, 19.19664]}, "properties": {"source_sensor": "VIIRS (Suomi NPP)", "frp": 221.39, "confidence": "low", "brightness_ti4": 208.0, "brightness_ti5": 315.0, "acq_date": "2026-04-07", "acq_time": "0701", "satellite": "N", "daynight": "D", "scan": 0.37, "track": 0.58}}, {"type": "Feature", "geometry": {"type": "Point", "coordinates": [102.57629, 20.89497]}, "properties": {"source_sensor": "VIIRS (Suomi NPP)", "frp": 220.71, "confidence": "high", "brightness_ti4": 367.0, "brightness_ti5": 294.92, "acq_date": "2026-04-06", "acq_time": "0722", "satellite": "N", "daynight": "D", "scan": 0.65, "track": 0.73}}, {"type": "Feature", "geometry": {"type": "Point", "coordinates": [102.56701, 20.89424]}, "properties": {"source_sensor": "VIIRS (Suomi NPP)", "frp": 220.71, "confidence": "high", "brightness_ti4": 367.0, "brightness_ti5": 300.18, "acq_date": "2026-04-06", "acq_time": "0722", "satellite": "N", "daynight": "D", "scan": 0.65, "track": 0.73}}, {"type": "Feature", "geometry": {"type": "Point", "coordinates": [101.15434, 20.23173]}, "properties": {"source_sensor": "VIIRS (Suomi NPP)", "frp": 220.26, "confidence": "nominal", "brightness_ti4": 338.59, "brightness_ti5": 297.18, "acq_date": "2026-04-06", "acq_time": "0542", "satellite": "N", "daynight": "D", "scan": 0.62, "track": 0.71}}, {"type": "Feature", "geometry": {"type": "Point", "coordinates": [94.05424, 19.9612]}, "properties": {"source_sensor": "VIIRS (Suomi NPP)", "frp": 219.95, "confidence": "low", "brightness_ti4": 311.13, "brightness_ti5": 313.76, "acq_date": "2026-04-07", "acq_time": "0703", "satellite": "N", "daynight": "D", "scan": 0.38, "track": 0.36}}, {"type": "Feature", "geometry": {"type": "Point", "coordinates": [48.58157, 46.13665]}, "properties": {"source_sensor": "VIIRS (Suomi NPP)", "frp": 219.37, "confidence": "high", "brightness_ti4": 367.0, "brightness_ti5": 298.39, "acq_date": "2026-04-06", "acq_time": "1051", "satellite": "N", "daynight": "D", "scan": 0.62, "track": 0.72}}, {"type": "Feature", "geometry": {"type": "Point", "coordinates": [48.57313, 46.13666]}, "properties": {"source_sensor": "VIIRS (Suomi NPP)", "frp": 219.37, "confidence": "low", "brightness_ti4": 367.0, "brightness_ti5": 333.14, "acq_date": "2026-04-06", "acq_time": "1051", "satellite": "N", "daynight": "D", "scan": 0.62, "track": 0.72}}, {"type": "Feature", "geometry": {"type": "Point", "coordinates": [128.48862, -17.93008]}, "properties": {"source_sensor": "MODIS (Aqua/Terra)", "frp": 218.61, "confidence": 100, "brightness": 376.64, "bright_t31": 304.51, "acq_date": "2026-04-07", "acq_time": "0640", "satellite": "A", "daynight": "D", "scan": 1.45, "track": 1.19}}, {"type": "Feature", "geometry": {"type": "Point", "coordinates": [97.15546, 23.36552]}, "properties": {"source_sensor": "MODIS (Aqua/Terra)", "frp": 217.54, "confidence": 84, "brightness": 328.13, "bright_t31": 291.54, "acq_date": "2026-04-06", "acq_time": "0752", "satellite": "A", "daynight": "D", "scan": 4.57, "track": 1.96}}, {"type": "Feature", "geometry": {"type": "Point", "coordinates": [-12.91172, 9.82647]}, "properties": {"source_sensor": "VIIRS (Suomi NPP)", "frp": 217.12, "confidence": "high", "brightness_ti4": 367.0, "brightness_ti5": 373.75, "acq_date": "2026-04-06", "acq_time": "1405", "satellite": "N", "daynight": "D", "scan": 0.46, "track": 0.39}}, {"type": "Feature", "geometry": {"type": "Point", "coordinates": [-12.90743, 9.82715]}, "properties": {"source_sensor": "VIIRS (Suomi NPP)", "frp": 217.12, "confidence": "nominal", "brightness_ti4": 341.68, "brightness_ti5": 309.36, "acq_date": "2026-04-06", "acq_time": "1405", "satellite": "N", "daynight": "D", "scan": 0.46, "track": 0.39}}, {"type": "Feature", "geometry": {"type": "Point", "coordinates": [-12.91242, 9.83005]}, "properties": {"source_sensor": "VIIRS (Suomi NPP)", "frp": 217.12, "confidence": "low", "brightness_ti4": 367.0, "brightness_ti5": 360.67, "acq_date": "2026-04-06", "acq_time": "1405", "satellite": "N", "daynight": "D", "scan": 0.46, "track": 0.39}}, {"type": "Feature", "geometry": {"type": "Point", "coordinates": [-96.76497, 38.06599]}, "properties": {"source_sensor": "MODIS (Aqua/Terra)", "frp": 216.16, "confidence": 100, "brightness": 381.2, "bright_t31": 297.8, "acq_date": "2026-04-06", "acq_time": "2104", "satellite": "A", "daynight": "D", "scan": 1.28, "track": 1.12}}, {"type": "Feature", "geometry": {"type": "Point", "coordinates": [96.88931, 18.46738]}, "properties": {"source_sensor": "MODIS (Aqua/Terra)", "frp": 216.03, "confidence": 87, "brightness": 382.76, "bright_t31": 296.79, "acq_date": "2026-04-07", "acq_time": "0826", "satellite": "A", "daynight": "D", "scan": 1.24, "track": 1.11}}, {"type": "Feature", "geometry": {"type": "Point", "coordinates": [124.86005, -18.26961]}, "properties": {"source_sensor": "MODIS (Aqua/Terra)", "frp": 215.5, "confidence": 94, "brightness": 348.29, "bright_t31": 299.6, "acq_date": "2026-04-07", "acq_time": "0640", "satellite": "A", "daynight": "D", "scan": 2.74, "track": 1.58}}, {"type": "Feature", "geometry": {"type": "Point", "coordinates": [101.83952, 18.19579]}, "properties": {"source_sensor": "MODIS (Aqua/Terra)", "frp": 215.41, "confidence": 94, "brightness": 348.8, "bright_t31": 302.54, "acq_date": "2026-04-06", "acq_time": "0748", "satellite": "A", "daynight": "D", "scan": 2.66, "track": 1.57}}, {"type": "Feature", "geometry": {"type": "Point", "coordinates": [106.92535, 16.28528]}, "properties": {"source_sensor": "MODIS (Aqua/Terra)", "frp": 215.37, "confidence": 100, "brightness": 383.0, "bright_t31": 308.19, "acq_date": "2026-04-06", "acq_time": "0748", "satellite": "A", "daynight": "D", "scan": 1.24, "track": 1.11}}, {"type": "Feature", "geometry": {"type": "Point", "coordinates": [48.01181, 46.42867]}, "properties": {"source_sensor": "MODIS (Aqua/Terra)", "frp": 215.33, "confidence": 0, "brightness": 393.35, "bright_t31": 295.68, "acq_date": "2026-04-06", "acq_time": "0614", "satellite": "T", "daynight": "D", "scan": 1.01, "track": 1.0}}, {"type": "Feature", "geometry": {"type": "Point", "coordinates": [97.11786, 18.47518]}, "properties": {"source_sensor": "MODIS (Aqua/Terra)", "frp": 214.65, "confidence": 100, "brightness": 383.24, "bright_t31": 289.49, "acq_date": "2026-04-07", "acq_time": "0826", "satellite": "A", "daynight": "D", "scan": 1.2, "track": 1.09}}, {"type": "Feature", "geometry": {"type": "Point", "coordinates": [98.62783, 23.37038]}, "properties": {"source_sensor": "VIIRS (Suomi NPP)", "frp": 214.37, "confidence": "nominal", "brightness_ti4": 335.08, "brightness_ti5": 286.18, "acq_date": "2026-04-06", "acq_time": "0542", "satellite": "N", "daynight": "D", "scan": 0.75, "track": 0.77}}, {"type": "Feature", "geometry": {"type": "Point", "coordinates": [96.4229, 23.01184]}, "properties": {"source_sensor": "VIIRS (Suomi NPP)", "frp": 214.02, "confidence": "nominal", "brightness_ti4": 340.77, "brightness_ti5": 294.77, "acq_date": "2026-04-06", "acq_time": "0722", "satellite": "N", "daynight": "D", "scan": 0.56, "track": 0.51}}, {"type": "Feature", "geometry": {"type": "Point", "coordinates": [97.85575, 17.89032]}, "properties": {"source_sensor": "MODIS (Aqua/Terra)", "frp": 213.54, "confidence": 100, "brightness": 387.9, "bright_t31": 309.93, "acq_date": "2026-04-07", "acq_time": "0826", "satellite": "A", "daynight": "D", "scan": 1.12, "track": 1.06}}, {"type": "Feature", "geometry": {"type": "Point", "coordinates": [-93.78831, 16.41283]}, "properties": {"source_sensor": "MODIS (Aqua/Terra)", "frp": 212.76, "confidence": 98, "brightness": 355.77, "bright_t31": 298.22, "acq_date": "2026-04-06", "acq_time": "2057", "satellite": "A", "daynight": "D", "scan": 2.24, "track": 1.45}}, {"type": "Feature", "geometry": {"type": "Point", "coordinates": [-12.15737, 10.12745]}, "properties": {"source_sensor": "VIIRS (Suomi NPP)", "frp": 211.79, "confidence": "high", "brightness_ti4": 367.0, "brightness_ti5": 377.23, "acq_date": "2026-04-06", "acq_time": "1405", "satellite": "N", "daynight": "D", "scan": 0.42, "track": 0.38}}, {"type": "Feature", "geometry": {"type": "Point", "coordinates": [-12.15356, 10.12806]}, "properties": {"source_sensor": "VIIRS (Suomi NPP)", "frp": 211.79, "confidence": "nominal", "brightness_ti4": 343.47, "brightness_ti5": 306.65, "acq_date": "2026-04-06", "acq_time": "1405", "satellite": "N", "daynight": "D", "scan": 0.42, "track": 0.38}}, {"type": "Feature", "geometry": {"type": "Point", "coordinates": [-12.15413, 10.13152]}, "properties": {"source_sensor": "VIIRS (Suomi NPP)", "frp": 211.79, "confidence": "nominal", "brightness_ti4": 338.65, "brightness_ti5": 307.19, "acq_date": "2026-04-06", "acq_time": "1405", "satellite": "N", "daynight": "D", "scan": 0.42, "track": 0.38}}, {"type": "Feature", "geometry": {"type": "Point", "coordinates": [152.52756, -25.57466]}, "properties": {"source_sensor": "MODIS (Aqua/Terra)", "frp": 211.49, "confidence": 98, "brightness": 357.15, "bright_t31": 299.03, "acq_date": "2026-04-07", "acq_time": "0459", "satellite": "A", "daynight": "D", "scan": 2.05, "track": 1.39}}, {"type": "Feature", "geometry": {"type": "Point", "coordinates": [95.92419, 19.42071]}, "properties": {"source_sensor": "VIIRS (Suomi NPP)", "frp": 210.79, "confidence": "low", "brightness_ti4": 333.69, "brightness_ti5": 305.22, "acq_date": "2026-04-06", "acq_time": "0722", "satellite": "N", "daynight": "D", "scan": 0.46, "track": 0.47}}, {"type": "Feature", "geometry": {"type": "Point", "coordinates": [130.18568, 49.02407]}, "properties": {"source_sensor": "MODIS (Aqua/Terra)", "frp": 209.7, "confidence": 96, "brightness": 351.05, "bright_t31": 282.79, "acq_date": "2026-04-07", "acq_time": "0518", "satellite": "A", "daynight": "D", "scan": 2.22, "track": 1.44}}, {"type": "Feature", "geometry": {"type": "Point", "coordinates": [103.58, 12.83501]}, "properties": {"source_sensor": "MODIS (Aqua/Terra)", "frp": 209.34, "confidence": 100, "brightness": 386.86, "bright_t31": 306.21, "acq_date": "2026-04-07", "acq_time": "0826", "satellite": "A", "daynight": "D", "scan": 1.17, "track": 1.07}}, {"type": "Feature", "geometry": {"type": "Point", "coordinates": [116.42283, -30.56454]}, "properties": {"source_sensor": "MODIS (Aqua/Terra)", "frp": 209.28, "confidence": 100, "brightness": 367.35, "bright_t31": 297.17, "acq_date": "2026-04-07", "acq_time": "0813", "satellite": "A", "daynight": "D", "scan": 1.62, "track": 1.25}}, {"type": "Feature", "geometry": {"type": "Point", "coordinates": [-93.76749, 16.42669]}, "properties": {"source_sensor": "VIIRS (Suomi NPP)", "frp": 209.17, "confidence": "nominal", "brightness_ti4": 345.68, "brightness_ti5": 299.6, "acq_date": "2026-04-06", "acq_time": "1913", "satellite": "N", "daynight": "D", "scan": 0.45, "track": 0.47}}, {"type": "Feature", "geometry": {"type": "Point", "coordinates": [148.23827, -34.69426]}, "properties": {"source_sensor": "VIIRS (Suomi NPP)", "frp": 208.86, "confidence": "nominal", "brightness_ti4": 340.02, "brightness_ti5": 296.58, "acq_date": "2026-04-07", "acq_time": "0325", "satellite": "N", "daynight": "D", "scan": 0.61, "track": 0.54}}, {"type": "Feature", "geometry": {"type": "Point", "coordinates": [106.93696, 15.88842]}, "properties": {"source_sensor": "VIIRS (Suomi NPP)", "frp": 207.81, "confidence": "nominal", "brightness_ti4": 349.62, "brightness_ti5": 293.82, "acq_date": "2026-04-07", "acq_time": "0523", "satellite": "N", "daynight": "D", "scan": 0.66, "track": 0.73}}, {"type": "Feature", "geometry": {"type": "Point", "coordinates": [92.63725, 20.96091]}, "properties": {"source_sensor": "VIIRS (Suomi NPP)", "frp": 207.63, "confidence": "low", "brightness_ti4": 367.0, "brightness_ti5": 331.81, "acq_date": "2026-04-06", "acq_time": "0722", "satellite": "N", "daynight": "D", "scan": 0.48, "track": 0.4}}, {"type": "Feature", "geometry": {"type": "Point", "coordinates": [92.64124, 20.96517]}, "properties": {"source_sensor": "VIIRS (Suomi NPP)", "frp": 207.63, "confidence": "nominal", "brightness_ti4": 336.34, "brightness_ti5": 297.02, "acq_date": "2026-04-06", "acq_time": "0722", "satellite": "N", "daynight": "D", "scan": 0.48, "track": 0.4}}, {"type": "Feature", "geometry": {"type": "Point", "coordinates": [105.30894, 17.05772]}, "properties": {"source_sensor": "MODIS (Aqua/Terra)", "frp": 206.74, "confidence": 100, "brightness": 366.43, "bright_t31": 306.54, "acq_date": "2026-04-07", "acq_time": "0826", "satellite": "A", "daynight": "D", "scan": 1.73, "track": 1.29}}, {"type": "Feature", "geometry": {"type": "Point", "coordinates": [48.95929, 31.22162]}, "properties": {"source_sensor": "MODIS (Aqua/Terra)", "frp": 206.11, "confidence": 100, "brightness": 353.62, "bright_t31": 288.58, "acq_date": "2026-04-07", "acq_time": "0050", "satellite": "A", "daynight": "N", "scan": 2.04, "track": 1.39}}, {"type": "Feature", "geometry": {"type": "Point", "coordinates": [102.66818, 20.39079]}, "properties": {"source_sensor": "MODIS (Aqua/Terra)", "frp": 206.0, "confidence": 100, "brightness": 379.34, "bright_t31": 303.14, "acq_date": "2026-04-07", "acq_time": "0826", "satellite": "A", "daynight": "D", "scan": 1.28, "track": 1.12}}, {"type": "Feature", "geometry": {"type": "Point", "coordinates": [92.65246, 20.92353]}, "properties": {"source_sensor": "VIIRS (Suomi NPP)", "frp": 205.69, "confidence": "nominal", "brightness_ti4": 347.34, "brightness_ti5": 313.16, "acq_date": "2026-04-07", "acq_time": "0703", "satellite": "N", "daynight": "D", "scan": 0.39, "track": 0.36}}, {"type": "Feature", "geometry": {"type": "Point", "coordinates": [92.65183, 20.92687]}, "properties": {"source_sensor": "VIIRS (Suomi NPP)", "frp": 205.69, "confidence": "high", "brightness_ti4": 367.0, "brightness_ti5": 338.99, "acq_date": "2026-04-07", "acq_time": "0703", "satellite": "N", "daynight": "D", "scan": 0.39, "track": 0.36}}, {"type": "Feature", "geometry": {"type": "Point", "coordinates": [93.02157, 26.26143]}, "properties": {"source_sensor": "VIIRS (Suomi NPP)", "frp": 205.52, "confidence": "nominal", "brightness_ti4": 341.8, "brightness_ti5": 302.16, "acq_date": "2026-04-06", "acq_time": "0724", "satellite": "N", "daynight": "D", "scan": 0.57, "track": 0.43}}, {"type": "Feature", "geometry": {"type": "Point", "coordinates": [101.90889, 19.5436]}, "properties": {"source_sensor": "VIIRS (Suomi NPP)", "frp": 205.49, "confidence": "high", "brightness_ti4": 367.0, "brightness_ti5": 295.53, "acq_date": "2026-04-06", "acq_time": "0542", "satellite": "N", "daynight": "D", "scan": 0.58, "track": 0.69}}, {"type": "Feature", "geometry": {"type": "Point", "coordinates": [-13.0925, 9.69859]}, "properties": {"source_sensor": "MODIS (Aqua/Terra)", "frp": 205.41, "confidence": 100, "brightness": 391.14, "bright_t31": 311.35, "acq_date": "2026-04-06", "acq_time": "1558", "satellite": "A", "daynight": "D", "scan": 1.05, "track": 1.02}}, {"type": "Feature", "geometry": {"type": "Point", "coordinates": [-13.06372, 9.65633]}, "properties": {"source_sensor": "VIIRS (Suomi NPP)", "frp": 204.93, "confidence": "high", "brightness_ti4": 367.0, "brightness_ti5": 346.46, "acq_date": "2026-04-06", "acq_time": "1405", "satellite": "N", "daynight": "D", "scan": 0.47, "track": 0.39}}, {"type": "Feature", "geometry": {"type": "Point", "coordinates": [-86.01493, 12.52913]}, "properties": {"source_sensor": "MODIS (Aqua/Terra)", "frp": 204.71, "confidence": 100, "brightness": 393.73, "bright_t31": 309.54, "acq_date": "2026-04-06", "acq_time": "2057", "satellite": "A", "daynight": "D", "scan": 1.0, "track": 1.0}}, {"type": "Feature", "geometry": {"type": "Point", "coordinates": [54.28026, 23.27338]}, "properties": {"source_sensor": "MODIS (Aqua/Terra)", "frp": 203.66, "confidence": 100, "brightness": 325.76, "bright_t31": 287.53, "acq_date": "2026-04-06", "acq_time": "2314", "satellite": "A", "daynight": "N", "scan": 4.19, "track": 1.9}}, {"type": "Feature", "geometry": {"type": "Point", "coordinates": [98.16227, 18.62378]}, "properties": {"source_sensor": "MODIS (Aqua/Terra)", "frp": 203.34, "confidence": 100, "brightness": 388.27, "bright_t31": 306.15, "acq_date": "2026-04-07", "acq_time": "0826", "satellite": "A", "daynight": "D", "scan": 1.07, "track": 1.03}}, {"type": "Feature", "geometry": {"type": "Point", "coordinates": [103.59009, 12.85029]}, "properties": {"source_sensor": "VIIRS (Suomi NPP)", "frp": 202.89, "confidence": "nominal", "brightness_ti4": 348.48, "brightness_ti5": 313.13, "acq_date": "2026-04-07", "acq_time": "0701", "satellite": "N", "daynight": "D", "scan": 0.59, "track": 0.53}}, {"type": "Feature", "geometry": {"type": "Point", "coordinates": [103.58398, 12.85446]}, "properties": {"source_sensor": "VIIRS (Suomi NPP)", "frp": 202.89, "confidence": "high", "brightness_ti4": 367.0, "brightness_ti5": 310.38, "acq_date": "2026-04-07", "acq_time": "0701", "satellite": "N", "daynight": "D", "scan": 0.59, "track": 0.53}}, {"type": "Feature", "geometry": {"type": "Point", "coordinates": [-12.5252, 7.82382]}, "properties": {"source_sensor": "MODIS (Aqua/Terra)", "frp": 202.54, "confidence": 100, "brightness": 390.63, "bright_t31": 302.88, "acq_date": "2026-04-06", "acq_time": "1558", "satellite": "A", "daynight": "D", "scan": 1.04, "track": 1.02}}, {"type": "Feature", "geometry": {"type": "Point", "coordinates": [48.88206, 46.03352]}, "properties": {"source_sensor": "VIIRS (Suomi NPP)", "frp": 202.46, "confidence": "low", "brightness_ti4": 208.0, "brightness_ti5": 315.45, "acq_date": "2026-04-06", "acq_time": "1051", "satellite": "N", "daynight": "D", "scan": 0.64, "track": 0.72}}, {"type": "Feature", "geometry": {"type": "Point", "coordinates": [106.52547, 16.50857]}, "properties": {"source_sensor": "MODIS (Aqua/Terra)", "frp": 201.99, "confidence": 100, "brightness": 379.26, "bright_t31": 308.1, "acq_date": "2026-04-06", "acq_time": "0748", "satellite": "A", "daynight": "D", "scan": 1.3, "track": 1.13}}, {"type": "Feature", "geometry": {"type": "Point", "coordinates": [-95.97662, 39.36862]}, "properties": {"source_sensor": "MODIS (Aqua/Terra)", "frp": 200.98, "confidence": 100, "brightness": 384.34, "bright_t31": 301.18, "acq_date": "2026-04-06", "acq_time": "2104", "satellite": "A", "daynight": "D", "scan": 1.13, "track": 1.06}}, {"type": "Feature", "geometry": {"type": "Point", "coordinates": [97.00699, 19.00364]}, "properties": {"source_sensor": "MODIS (Aqua/Terra)", "frp": 200.56, "confidence": 100, "brightness": 380.92, "bright_t31": 291.85, "acq_date": "2026-04-07", "acq_time": "0826", "satellite": "A", "daynight": "D", "scan": 1.2, "track": 1.09}}, {"type": "Feature", "geometry": {"type": "Point", "coordinates": [-13.95194, 14.1938]}, "properties": {"source_sensor": "MODIS (Aqua/Terra)", "frp": 200.18, "confidence": 100, "brightness": 392.83, "bright_t31": 325.22, "acq_date": "2026-04-06", "acq_time": "1603", "satellite": "A", "daynight": "D", "scan": 1.04, "track": 1.02}}, {"type": "Feature", "geometry": {"type": "Point", "coordinates": [-97.76261, 31.04755]}, "properties": {"source_sensor": "MODIS (Aqua/Terra)", "frp": 199.97, "confidence": 100, "brightness": 360.17, "bright_t31": 295.55, "acq_date": "2026-04-06", "acq_time": "1609", "satellite": "T", "daynight": "D", "scan": 1.81, "track": 1.32}}, {"type": "Feature", "geometry": {"type": "Point", "coordinates": [135.19234, -20.23633]}, "properties": {"source_sensor": "MODIS (Aqua/Terra)", "frp": 199.8, "confidence": 100, "brightness": 386.41, "bright_t31": 302.88, "acq_date": "2026-04-07", "acq_time": "0640", "satellite": "A", "daynight": "D", "scan": 1.11, "track": 1.05}}, {"type": "Feature", "geometry": {"type": "Point", "coordinates": [102.23753, 20.7366]}, "properties": {"source_sensor": "VIIRS (Suomi NPP)", "frp": 199.64, "confidence": "high", "brightness_ti4": 367.0, "brightness_ti5": 304.77, "acq_date": "2026-04-06", "acq_time": "0722", "satellite": "N", "daynight": "D", "scan": 0.61, "track": 0.71}}, {"type": "Feature", "geometry": {"type": "Point", "coordinates": [135.18369, -20.24719]}, "properties": {"source_sensor": "MODIS (Aqua/Terra)", "frp": 199.56, "confidence": 100, "brightness": 386.83, "bright_t31": 314.25, "acq_date": "2026-04-07", "acq_time": "0640", "satellite": "A", "daynight": "D", "scan": 1.11, "track": 1.05}}, {"type": "Feature", "geometry": {"type": "Point", "coordinates": [48.28241, 30.75972]}, "properties": {"source_sensor": "MODIS (Aqua/Terra)", "frp": 199.53, "confidence": 100, "brightness": 356.17, "bright_t31": 287.63, "acq_date": "2026-04-07", "acq_time": "0050", "satellite": "A", "daynight": "N", "scan": 1.89, "track": 1.34}}, {"type": "Feature", "geometry": {"type": "Point", "coordinates": [-96.40504, 37.88085]}, "properties": {"source_sensor": "MODIS (Aqua/Terra)", "frp": 199.43, "confidence": 100, "brightness": 379.12, "bright_t31": 297.51, "acq_date": "2026-04-06", "acq_time": "2104", "satellite": "A", "daynight": "D", "scan": 1.24, "track": 1.11}}, {"type": "Feature", "geometry": {"type": "Point", "coordinates": [94.14285, 19.95177]}, "properties": {"source_sensor": "VIIRS (Suomi NPP)", "frp": 199.18, "confidence": "nominal", "brightness_ti4": 350.87, "brightness_ti5": 298.82, "acq_date": "2026-04-06", "acq_time": "0722", "satellite": "N", "daynight": "D", "scan": 0.55, "track": 0.43}}, {"type": "Feature", "geometry": {"type": "Point", "coordinates": [94.13796, 19.95115]}, "properties": {"source_sensor": "VIIRS (Suomi NPP)", "frp": 199.18, "confidence": "low", "brightness_ti4": 309.48, "brightness_ti5": 322.73, "acq_date": "2026-04-06", "acq_time": "0722", "satellite": "N", "daynight": "D", "scan": 0.55, "track": 0.43}}, {"type": "Feature", "geometry": {"type": "Point", "coordinates": [94.14198, 19.95568]}, "properties": {"source_sensor": "VIIRS (Suomi NPP)", "frp": 199.18, "confidence": "nominal", "brightness_ti4": 340.48, "brightness_ti5": 309.25, "acq_date": "2026-04-06", "acq_time": "0722", "satellite": "N", "daynight": "D", "scan": 0.55, "track": 0.43}}, {"type": "Feature", "geometry": {"type": "Point", "coordinates": [94.13699, 19.95504]}, "properties": {"source_sensor": "VIIRS (Suomi NPP)", "frp": 199.18, "confidence": "low", "brightness_ti4": 318.08, "brightness_ti5": 324.97, "acq_date": "2026-04-06", "acq_time": "0722", "satellite": "N", "daynight": "D", "scan": 0.55, "track": 0.43}}, {"type": "Feature", "geometry": {"type": "Point", "coordinates": [101.05014, 20.81056]}, "properties": {"source_sensor": "VIIRS (Suomi NPP)", "frp": 199.01, "confidence": "high", "brightness_ti4": 367.0, "brightness_ti5": 304.23, "acq_date": "2026-04-06", "acq_time": "0542", "satellite": "N", "daynight": "D", "scan": 0.61, "track": 0.71}}, {"type": "Feature", "geometry": {"type": "Point", "coordinates": [101.04433, 20.80917]}, "properties": {"source_sensor": "VIIRS (Suomi NPP)", "frp": 199.01, "confidence": "low", "brightness_ti4": 208.0, "brightness_ti5": 301.3, "acq_date": "2026-04-06", "acq_time": "0542", "satellite": "N", "daynight": "D", "scan": 0.61, "track": 0.71}}, {"type": "Feature", "geometry": {"type": "Point", "coordinates": [101.04879, 20.81712]}, "properties": {"source_sensor": "VIIRS (Suomi NPP)", "frp": 199.01, "confidence": "high", "brightness_ti4": 367.0, "brightness_ti5": 302.14, "acq_date": "2026-04-06", "acq_time": "0542", "satellite": "N", "daynight": "D", "scan": 0.61, "track": 0.71}}, {"type": "Feature", "geometry": {"type": "Point", "coordinates": [101.04339, 20.81583]}, "properties": {"source_sensor": "VIIRS (Suomi NPP)", "frp": 199.01, "confidence": "low", "brightness_ti4": 208.0, "brightness_ti5": 302.53, "acq_date": "2026-04-06", "acq_time": "0542", "satellite": "N", "daynight": "D", "scan": 0.61, "track": 0.71}}, {"type": "Feature", "geometry": {"type": "Point", "coordinates": [130.19249, 49.01213]}, "properties": {"source_sensor": "MODIS (Aqua/Terra)", "frp": 198.9, "confidence": 96, "brightness": 349.12, "bright_t31": 282.91, "acq_date": "2026-04-07", "acq_time": "0518", "satellite": "A", "daynight": "D", "scan": 2.22, "track": 1.44}}, {"type": "Feature", "geometry": {"type": "Point", "coordinates": [-7.99514, 41.01625]}, "properties": {"source_sensor": "MODIS (Aqua/Terra)", "frp": 198.03, "confidence": 100, "brightness": 367.08, "bright_t31": 298.2, "acq_date": "2026-04-06", "acq_time": "0934", "satellite": "T", "daynight": "D", "scan": 1.54, "track": 1.22}}, {"type": "Feature", "geometry": {"type": "Point", "coordinates": [97.42617, 18.15952]}, "properties": {"source_sensor": "VIIRS (Suomi NPP)", "frp": 197.92, "confidence": "high", "brightness_ti4": 367.0, "brightness_ti5": 332.06, "acq_date": "2026-04-07", "acq_time": "0701", "satellite": "N", "daynight": "D", "scan": 0.45, "track": 0.39}}, {"type": "Feature", "geometry": {"type": "Point", "coordinates": [96.61487, 19.56776]}, "properties": {"source_sensor": "VIIRS (Suomi NPP)", "frp": 197.82, "confidence": "nominal", "brightness_ti4": 333.62, "brightness_ti5": 298.03, "acq_date": "2026-04-06", "acq_time": "0722", "satellite": "N", "daynight": "D", "scan": 0.52, "track": 0.5}}, {"type": "Feature", "geometry": {"type": "Point", "coordinates": [96.61977, 19.56832]}, "properties": {"source_sensor": "VIIRS (Suomi NPP)", "frp": 197.82, "confidence": "low", "brightness_ti4": 367.0, "brightness_ti5": 342.44, "acq_date": "2026-04-06", "acq_time": "0722", "satellite": "N", "daynight": "D", "scan": 0.52, "track": 0.5}}, {"type": "Feature", "geometry": {"type": "Point", "coordinates": [101.25962, 20.25706]}, "properties": {"source_sensor": "VIIRS (Suomi NPP)", "frp": 196.54, "confidence": "high", "brightness_ti4": 367.0, "brightness_ti5": 293.54, "acq_date": "2026-04-06", "acq_time": "0542", "satellite": "N", "daynight": "D", "scan": 0.61, "track": 0.71}}, {"type": "Feature", "geometry": {"type": "Point", "coordinates": [74.90178, 45.31931]}, "properties": {"source_sensor": "MODIS (Aqua/Terra)", "frp": 196.39, "confidence": 86, "brightness": 330.56, "bright_t31": 288.54, "acq_date": "2026-04-07", "acq_time": "0336", "satellite": "T", "daynight": "D", "scan": 3.8, "track": 1.82}}, {"type": "Feature", "geometry": {"type": "Point", "coordinates": [-97.34858, 38.45585]}, "properties": {"source_sensor": "MODIS (Aqua/Terra)", "frp": 196.28, "confidence": 100, "brightness": 374.96, "bright_t31": 297.06, "acq_date": "2026-04-06", "acq_time": "2104", "satellite": "A", "daynight": "D", "scan": 1.34, "track": 1.15}}, {"type": "Feature", "geometry": {"type": "Point", "coordinates": [106.21431, 16.79791]}, "properties": {"source_sensor": "MODIS (Aqua/Terra)", "frp": 195.75, "confidence": 100, "brightness": 375.78, "bright_t31": 307.0, "acq_date": "2026-04-06", "acq_time": "0748", "satellite": "A", "daynight": "D", "scan": 1.35, "track": 1.15}}, {"type": "Feature", "geometry": {"type": "Point", "coordinates": [95.70345, 18.77364]}, "properties": {"source_sensor": "MODIS (Aqua/Terra)", "frp": 195.61, "confidence": 100, "brightness": 374.1, "bright_t31": 309.13, "acq_date": "2026-04-07", "acq_time": "0826", "satellite": "A", "daynight": "D", "scan": 1.45, "track": 1.19}}, {"type": "Feature", "geometry": {"type": "Point", "coordinates": [105.45547, 17.85167]}, "properties": {"source_sensor": "VIIRS (Suomi NPP)", "frp": 195.46, "confidence": "high", "brightness_ti4": 367.0, "brightness_ti5": 296.54, "acq_date": "2026-04-07", "acq_time": "0523", "satellite": "N", "daynight": "D", "scan": 0.74, "track": 0.76}}, {"type": "Feature", "geometry": {"type": "Point", "coordinates": [105.41187, 17.84865]}, "properties": {"source_sensor": "VIIRS (Suomi NPP)", "frp": 195.36, "confidence": "low", "brightness_ti4": 208.0, "brightness_ti5": 298.72, "acq_date": "2026-04-07", "acq_time": "0523", "satellite": "N", "daynight": "D", "scan": 0.75, "track": 0.77}}, {"type": "Feature", "geometry": {"type": "Point", "coordinates": [48.58756, 46.1146]}, "properties": {"source_sensor": "MODIS (Aqua/Terra)", "frp": 195.3, "confidence": 100, "brightness": 380.84, "bright_t31": 299.26, "acq_date": "2026-04-06", "acq_time": "1115", "satellite": "A", "daynight": "D", "scan": 1.18, "track": 1.08}}, {"type": "Feature", "geometry": {"type": "Point", "coordinates": [-96.49123, 37.09118]}, "properties": {"source_sensor": "MODIS (Aqua/Terra)", "frp": 194.67, "confidence": 100, "brightness": 364.81, "bright_t31": 296.81, "acq_date": "2026-04-06", "acq_time": "1609", "satellite": "T", "daynight": "D", "scan": 1.6, "track": 1.25}}, {"type": "Feature", "geometry": {"type": "Point", "coordinates": [-9.87333, 6.50465]}, "properties": {"source_sensor": "VIIRS (Suomi NPP)", "frp": 194.5, "confidence": "nominal", "brightness_ti4": 341.72, "brightness_ti5": 299.41, "acq_date": "2026-04-06", "acq_time": "1403", "satellite": "N", "daynight": "D", "scan": 0.39, "track": 0.36}}, {"type": "Feature", "geometry": {"type": "Point", "coordinates": [98.98518, 22.22213]}, "properties": {"source_sensor": "VIIRS (Suomi NPP)", "frp": 194.39, "confidence": "high", "brightness_ti4": 367.0, "brightness_ti5": 302.48, "acq_date": "2026-04-06", "acq_time": "0542", "satellite": "N", "daynight": "D", "scan": 0.76, "track": 0.77}}, {"type": "Feature", "geometry": {"type": "Point", "coordinates": [98.98035, 22.2284]}, "properties": {"source_sensor": "VIIRS (Suomi NPP)", "frp": 194.39, "confidence": "high", "brightness_ti4": 367.0, "brightness_ti5": 296.05, "acq_date": "2026-04-06", "acq_time": "0542", "satellite": "N", "daynight": "D", "scan": 0.76, "track": 0.77}}, {"type": "Feature", "geometry": {"type": "Point", "coordinates": [104.11823, 20.71667]}, "properties": {"source_sensor": "VIIRS (Suomi NPP)", "frp": 194.3, "confidence": "high", "brightness_ti4": 367.0, "brightness_ti5": 301.98, "acq_date": "2026-04-06", "acq_time": "0542", "satellite": "N", "daynight": "D", "scan": 0.4, "track": 0.6}}, {"type": "Feature", "geometry": {"type": "Point", "coordinates": [92.60401, 25.77441]}, "properties": {"source_sensor": "VIIRS (Suomi NPP)", "frp": 194.04, "confidence": "nominal", "brightness_ti4": 353.84, "brightness_ti5": 290.32, "acq_date": "2026-04-06", "acq_time": "0724", "satellite": "N", "daynight": "D", "scan": 0.54, "track": 0.42}}, {"type": "Feature", "geometry": {"type": "Point", "coordinates": [97.16068, 23.36265]}, "properties": {"source_sensor": "MODIS (Aqua/Terra)", "frp": 192.13, "confidence": 82, "brightness": 325.59, "bright_t31": 291.07, "acq_date": "2026-04-06", "acq_time": "0752", "satellite": "A", "daynight": "D", "scan": 4.57, "track": 1.96}}, {"type": "Feature", "geometry": {"type": "Point", "coordinates": [118.24125, 46.86613]}, "properties": {"source_sensor": "MODIS (Aqua/Terra)", "frp": 192.08, "confidence": 95, "brightness": 317.32, "bright_t31": 266.92, "acq_date": "2026-04-07", "acq_time": "1128", "satellite": "T", "daynight": "N", "scan": 4.71, "track": 1.99}}, {"type": "Feature", "geometry": {"type": "Point", "coordinates": [101.61398, 19.86012]}, "properties": {"source_sensor": "VIIRS (Suomi NPP)", "frp": 191.99, "confidence": "nominal", "brightness_ti4": 354.14, "brightness_ti5": 303.52, "acq_date": "2026-04-07", "acq_time": "0703", "satellite": "N", "daynight": "D", "scan": 0.54, "track": 0.51}}, {"type": "Feature", "geometry": {"type": "Point", "coordinates": [97.54572, 23.17457]}, "properties": {"source_sensor": "MODIS (Aqua/Terra)", "frp": 190.33, "confidence": 80, "brightness": 330.25, "bright_t31": 295.41, "acq_date": "2026-04-06", "acq_time": "0752", "satellite": "A", "daynight": "D", "scan": 4.31, "track": 1.92}}, {"type": "Feature", "geometry": {"type": "Point", "coordinates": [101.14548, 20.23652]}, "properties": {"source_sensor": "VIIRS (Suomi NPP)", "frp": 190.15, "confidence": "nominal", "brightness_ti4": 356.15, "brightness_ti5": 292.44, "acq_date": "2026-04-06", "acq_time": "0542", "satellite": "N", "daynight": "D", "scan": 0.62, "track": 0.71}}, {"type": "Feature", "geometry": {"type": "Point", "coordinates": [101.15244, 20.23819]}, "properties": {"source_sensor": "VIIRS (Suomi NPP)", "frp": 190.15, "confidence": "low", "brightness_ti4": 208.0, "brightness_ti5": 299.97, "acq_date": "2026-04-06", "acq_time": "0542", "satellite": "N", "daynight": "D", "scan": 0.62, "track": 0.71}}, {"type": "Feature", "geometry": {"type": "Point", "coordinates": [101.64568, 20.91228]}, "properties": {"source_sensor": "MODIS (Aqua/Terra)", "frp": 190.06, "confidence": 100, "brightness": 382.48, "bright_t31": 304.1, "acq_date": "2026-04-07", "acq_time": "0828", "satellite": "A", "daynight": "D", "scan": 1.14, "track": 1.07}}, {"type": "Feature", "geometry": {"type": "Point", "coordinates": [48.56952, 46.12118]}, "properties": {"source_sensor": "MODIS (Aqua/Terra)", "frp": 189.89, "confidence": 100, "brightness": 379.99, "bright_t31": 304.73, "acq_date": "2026-04-06", "acq_time": "1115", "satellite": "A", "daynight": "D", "scan": 1.18, "track": 1.08}}, {"type": "Feature", "geometry": {"type": "Point", "coordinates": [-11.59536, 7.65097]}, "properties": {"source_sensor": "VIIRS (Suomi NPP)", "frp": 189.48, "confidence": "high", "brightness_ti4": 367.0, "brightness_ti5": 327.86, "acq_date": "2026-04-06", "acq_time": "1403", "satellite": "N", "daynight": "D", "scan": 0.42, "track": 0.38}}, {"type": "Feature", "geometry": {"type": "Point", "coordinates": [135.15108, -20.2429]}, "properties": {"source_sensor": "MODIS (Aqua/Terra)", "frp": 189.07, "confidence": 100, "brightness": 384.78, "bright_t31": 303.44, "acq_date": "2026-04-07", "acq_time": "0640", "satellite": "A", "daynight": "D", "scan": 1.11, "track": 1.05}}, {"type": "Feature", "geometry": {"type": "Point", "coordinates": [102.4853, 18.97914]}, "properties": {"source_sensor": "MODIS (Aqua/Terra)", "frp": 188.77, "confidence": 100, "brightness": 378.01, "bright_t31": 299.61, "acq_date": "2026-04-07", "acq_time": "0204", "satellite": "T", "daynight": "D", "scan": 1.22, "track": 1.1}}, {"type": "Feature", "geometry": {"type": "Point", "coordinates": [-11.91089, 9.19918]}, "properties": {"source_sensor": "VIIRS (Suomi NPP)", "frp": 188.74, "confidence": "high", "brightness_ti4": 367.0, "brightness_ti5": 325.86, "acq_date": "2026-04-06", "acq_time": "1405", "satellite": "N", "daynight": "D", "scan": 0.42, "track": 0.38}}, {"type": "Feature", "geometry": {"type": "Point", "coordinates": [101.95568, 20.03497]}, "properties": {"source_sensor": "VIIRS (Suomi NPP)", "frp": 188.45, "confidence": "nominal", "brightness_ti4": 352.53, "brightness_ti5": 307.47, "acq_date": "2026-04-06", "acq_time": "0542", "satellite": "N", "daynight": "D", "scan": 0.56, "track": 0.69}}, {"type": "Feature", "geometry": {"type": "Point", "coordinates": [101.95571, 20.0416]}, "properties": {"source_sensor": "VIIRS (Suomi NPP)", "frp": 188.45, "confidence": "high", "brightness_ti4": 367.0, "brightness_ti5": 295.07, "acq_date": "2026-04-06", "acq_time": "0542", "satellite": "N", "daynight": "D", "scan": 0.56, "track": 0.69}}, {"type": "Feature", "geometry": {"type": "Point", "coordinates": [103.65657, 19.9994]}, "properties": {"source_sensor": "VIIRS (Suomi NPP)", "frp": 188.41, "confidence": "high", "brightness_ti4": 367.0, "brightness_ti5": 298.91, "acq_date": "2026-04-07", "acq_time": "0703", "satellite": "N", "daynight": "D", "scan": 0.37, "track": 0.58}}, {"type": "Feature", "geometry": {"type": "Point", "coordinates": [-95.72421, 38.28223]}, "properties": {"source_sensor": "MODIS (Aqua/Terra)", "frp": 188.27, "confidence": 94, "brightness": 381.48, "bright_t31": 301.58, "acq_date": "2026-04-06", "acq_time": "2104", "satellite": "A", "daynight": "D", "scan": 1.14, "track": 1.06}}, {"type": "Feature", "geometry": {"type": "Point", "coordinates": [102.23785, 19.4801]}, "properties": {"source_sensor": "MODIS (Aqua/Terra)", "frp": 188.21, "confidence": 95, "brightness": 349.18, "bright_t31": 297.41, "acq_date": "2026-04-06", "acq_time": "0750", "satellite": "A", "daynight": "D", "scan": 2.33, "track": 1.48}}, {"type": "Feature", "geometry": {"type": "Point", "coordinates": [105.36158, 17.85894]}, "properties": {"source_sensor": "VIIRS (Suomi NPP)", "frp": 188.09, "confidence": "low", "brightness_ti4": 295.51, "brightness_ti5": 305.72, "acq_date": "2026-04-07", "acq_time": "0523", "satellite": "N", "daynight": "D", "scan": 0.75, "track": 0.77}}, {"type": "Feature", "geometry": {"type": "Point", "coordinates": [105.35973, 17.86594]}, "properties": {"source_sensor": "VIIRS (Suomi NPP)", "frp": 188.09, "confidence": "high", "brightness_ti4": 367.0, "brightness_ti5": 293.64, "acq_date": "2026-04-07", "acq_time": "0523", "satellite": "N", "daynight": "D", "scan": 0.75, "track": 0.77}}, {"type": "Feature", "geometry": {"type": "Point", "coordinates": [105.3531, 17.86436]}, "properties": {"source_sensor": "VIIRS (Suomi NPP)", "frp": 188.09, "confidence": "nominal", "brightness_ti4": 344.97, "brightness_ti5": 292.14, "acq_date": "2026-04-07", "acq_time": "0523", "satellite": "N", "daynight": "D", "scan": 0.75, "track": 0.77}}, {"type": "Feature", "geometry": {"type": "Point", "coordinates": [104.77229, 18.21859]}, "properties": {"source_sensor": "MODIS (Aqua/Terra)", "frp": 188.0, "confidence": 100, "brightness": 364.72, "bright_t31": 305.3, "acq_date": "2026-04-07", "acq_time": "0826", "satellite": "A", "daynight": "D", "scan": 1.65, "track": 1.26}}, {"type": "Feature", "geometry": {"type": "Point", "coordinates": [97.11941, 23.20693]}, "properties": {"source_sensor": "VIIRS (Suomi NPP)", "frp": 187.92, "confidence": "nominal", "brightness_ti4": 344.5, "brightness_ti5": 294.39, "acq_date": "2026-04-06", "acq_time": "0722", "satellite": "N", "daynight": "D", "scan": 0.62, "track": 0.54}}, {"type": "Feature", "geometry": {"type": "Point", "coordinates": [48.23915, 45.74425]}, "properties": {"source_sensor": "VIIRS (Suomi NPP)", "frp": 187.59, "confidence": "high", "brightness_ti4": 367.0, "brightness_ti5": 315.47, "acq_date": "2026-04-06", "acq_time": "1051", "satellite": "N", "daynight": "D", "scan": 0.6, "track": 0.7}}, {"type": "Feature", "geometry": {"type": "Point", "coordinates": [48.23919, 45.75089]}, "properties": {"source_sensor": "VIIRS (Suomi NPP)", "frp": 187.59, "confidence": "nominal", "brightness_ti4": 345.18, "brightness_ti5": 288.57, "acq_date": "2026-04-06", "acq_time": "1051", "satellite": "N", "daynight": "D", "scan": 0.6, "track": 0.7}}, {"type": "Feature", "geometry": {"type": "Point", "coordinates": [103.01701, 18.42168]}, "properties": {"source_sensor": "VIIRS (Suomi NPP)", "frp": 187.46, "confidence": "high", "brightness_ti4": 367.0, "brightness_ti5": 293.6, "acq_date": "2026-04-06", "acq_time": "0540", "satellite": "N", "daynight": "D", "scan": 0.52, "track": 0.67}}, {"type": "Feature", "geometry": {"type": "Point", "coordinates": [130.26785, 48.97507]}, "properties": {"source_sensor": "MODIS (Aqua/Terra)", "frp": 186.55, "confidence": 64, "brightness": 325.26, "bright_t31": 278.52, "acq_date": "2026-04-07", "acq_time": "0657", "satellite": "A", "daynight": "D", "scan": 4.25, "track": 1.91}}, {"type": "Feature", "geometry": {"type": "Point", "coordinates": [48.95651, 31.21324]}, "properties": {"source_sensor": "MODIS (Aqua/Terra)", "frp": 186.4, "confidence": 100, "brightness": 386.46, "bright_t31": 299.75, "acq_date": "2026-04-06", "acq_time": "1717", "satellite": "T", "daynight": "N", "scan": 1.02, "track": 1.01}}, {"type": "Feature", "geometry": {"type": "Point", "coordinates": [97.35531, 18.26418]}, "properties": {"source_sensor": "VIIRS (Suomi NPP)", "frp": 186.2, "confidence": "low", "brightness_ti4": 367.0, "brightness_ti5": 328.36, "acq_date": "2026-04-07", "acq_time": "0701", "satellite": "N", "daynight": "D", "scan": 0.45, "track": 0.39}}, {"type": "Feature", "geometry": {"type": "Point", "coordinates": [152.52396, -25.58455]}, "properties": {"source_sensor": "MODIS (Aqua/Terra)", "frp": 185.25, "confidence": 97, "brightness": 353.36, "bright_t31": 300.05, "acq_date": "2026-04-07", "acq_time": "0459", "satellite": "A", "daynight": "D", "scan": 2.05, "track": 1.39}}, {"type": "Feature", "geometry": {"type": "Point", "coordinates": [-56.27824, -23.43252]}, "properties": {"source_sensor": "MODIS (Aqua/Terra)", "frp": 184.93, "confidence": 100, "brightness": 380.4, "bright_t31": 302.03, "acq_date": "2026-04-06", "acq_time": "1906", "satellite": "A", "daynight": "D", "scan": 1.16, "track": 1.07}}, {"type": "Feature", "geometry": {"type": "Point", "coordinates": [-95.72678, 38.29141]}, "properties": {"source_sensor": "MODIS (Aqua/Terra)", "frp": 184.59, "confidence": 100, "brightness": 380.7, "bright_t31": 299.96, "acq_date": "2026-04-06", "acq_time": "2104", "satellite": "A", "daynight": "D", "scan": 1.14, "track": 1.06}}, {"type": "Feature", "geometry": {"type": "Point", "coordinates": [128.41745, -18.05249]}, "properties": {"source_sensor": "MODIS (Aqua/Terra)", "frp": 184.27, "confidence": 94, "brightness": 369.98, "bright_t31": 305.9, "acq_date": "2026-04-07", "acq_time": "0640", "satellite": "A", "daynight": "D", "scan": 1.47, "track": 1.2}}, {"type": "Feature", "geometry": {"type": "Point", "coordinates": [93.50407, 22.15938]}, "properties": {"source_sensor": "VIIRS (Suomi NPP)", "frp": 184.21, "confidence": "nominal", "brightness_ti4": 340.02, "brightness_ti5": 307.03, "acq_date": "2026-04-06", "acq_time": "0722", "satellite": "N", "daynight": "D", "scan": 0.54, "track": 0.42}}, {"type": "Feature", "geometry": {"type": "Point", "coordinates": [93.50306, 22.16323]}, "properties": {"source_sensor": "VIIRS (Suomi NPP)", "frp": 184.21, "confidence": "nominal", "brightness_ti4": 351.84, "brightness_ti5": 316.07, "acq_date": "2026-04-06", "acq_time": "0722", "satellite": "N", "daynight": "D", "scan": 0.54, "track": 0.42}}, {"type": "Feature", "geometry": {"type": "Point", "coordinates": [93.49732, 22.16253]}, "properties": {"source_sensor": "VIIRS (Suomi NPP)", "frp": 184.21, "confidence": "low", "brightness_ti4": 367.0, "brightness_ti5": 359.5, "acq_date": "2026-04-06", "acq_time": "0722", "satellite": "N", "daynight": "D", "scan": 0.54, "track": 0.42}}, {"type": "Feature", "geometry": {"type": "Point", "coordinates": [97.82854, 17.69129]}, "properties": {"source_sensor": "MODIS (Aqua/Terra)", "frp": 184.18, "confidence": 100, "brightness": 382.55, "bright_t31": 306.48, "acq_date": "2026-04-07", "acq_time": "0826", "satellite": "A", "daynight": "D", "scan": 1.13, "track": 1.06}}, {"type": "Feature", "geometry": {"type": "Point", "coordinates": [-12.52655, 7.83271]}, "properties": {"source_sensor": "MODIS (Aqua/Terra)", "frp": 184.11, "confidence": 100, "brightness": 387.0, "bright_t31": 300.69, "acq_date": "2026-04-06", "acq_time": "1558", "satellite": "A", "daynight": "D", "scan": 1.04, "track": 1.02}}, {"type": "Feature", "geometry": {"type": "Point", "coordinates": [48.89447, 46.13867]}, "properties": {"source_sensor": "MODIS (Aqua/Terra)", "frp": 184.0, "confidence": 100, "brightness": 364.88, "bright_t31": 292.13, "acq_date": "2026-04-07", "acq_time": "1151", "satellite": "A", "daynight": "D", "scan": 1.55, "track": 1.23}}, {"type": "Feature", "geometry": {"type": "Point", "coordinates": [130.23024, 49.06]}, "properties": {"source_sensor": "MODIS (Aqua/Terra)", "frp": 183.97, "confidence": 100, "brightness": 380.68, "bright_t31": 278.58, "acq_date": "2026-04-07", "acq_time": "1128", "satellite": "T", "daynight": "N", "scan": 1.1, "track": 1.05}}, {"type": "Feature", "geometry": {"type": "Point", "coordinates": [-72.10757, -38.21914]}, "properties": {"source_sensor": "MODIS (Aqua/Terra)", "frp": 183.46, "confidence": 100, "brightness": 382.71, "bright_t31": 294.32, "acq_date": "2026-04-06", "acq_time": "2042", "satellite": "A", "daynight": "D", "scan": 1.08, "track": 1.04}}, {"type": "Feature", "geometry": {"type": "Point", "coordinates": [-15.64639, 12.77267]}, "properties": {"source_sensor": "MODIS (Aqua/Terra)", "frp": 183.13, "confidence": 100, "brightness": 378.16, "bright_t31": 322.84, "acq_date": "2026-04-06", "acq_time": "1601", "satellite": "A", "daynight": "D", "scan": 1.28, "track": 1.12}}, {"type": "Feature", "geometry": {"type": "Point", "coordinates": [102.05006, 18.25921]}, "properties": {"source_sensor": "VIIRS (Suomi NPP)", "frp": 182.84, "confidence": "nominal", "brightness_ti4": 346.06, "brightness_ti5": 309.75, "acq_date": "2026-04-07", "acq_time": "0701", "satellite": "N", "daynight": "D", "scan": 0.55, "track": 0.51}}, {"type": "Feature", "geometry": {"type": "Point", "coordinates": [101.83418, 18.65217]}, "properties": {"source_sensor": "VIIRS (Suomi NPP)", "frp": 182.54, "confidence": "high", "brightness_ti4": 367.0, "brightness_ti5": 299.33, "acq_date": "2026-04-06", "acq_time": "0722", "satellite": "N", "daynight": "D", "scan": 0.55, "track": 0.68}}, {"type": "Feature", "geometry": {"type": "Point", "coordinates": [101.83349, 18.65854]}, "properties": {"source_sensor": "VIIRS (Suomi NPP)", "frp": 182.54, "confidence": "high", "brightness_ti4": 367.0, "brightness_ti5": 305.71, "acq_date": "2026-04-06", "acq_time": "0722", "satellite": "N", "daynight": "D", "scan": 0.55, "track": 0.68}}, {"type": "Feature", "geometry": {"type": "Point", "coordinates": [101.83869, 18.65899]}, "properties": {"source_sensor": "VIIRS (Suomi NPP)", "frp": 182.54, "confidence": "nominal", "brightness_ti4": 340.3, "brightness_ti5": 294.3, "acq_date": "2026-04-06", "acq_time": "0722", "satellite": "N", "daynight": "D", "scan": 0.55, "track": 0.68}}, {"type": "Feature", "geometry": {"type": "Point", "coordinates": [100.9296, 20.58261]}, "properties": {"source_sensor": "MODIS (Aqua/Terra)", "frp": 182.45, "confidence": 91, "brightness": 342.43, "bright_t31": 297.68, "acq_date": "2026-04-06", "acq_time": "0750", "satellite": "A", "daynight": "D", "scan": 2.78, "track": 1.59}}, {"type": "Feature", "geometry": {"type": "Point", "coordinates": [-6.5268, 43.0402]}, "properties": {"source_sensor": "MODIS (Aqua/Terra)", "frp": 182.18, "confidence": 100, "brightness": 375.48, "bright_t31": 282.3, "acq_date": "2026-04-06", "acq_time": "2036", "satellite": "T", "daynight": "N", "scan": 1.21, "track": 1.09}}, {"type": "Feature", "geometry": {"type": "Point", "coordinates": [-96.58939, 37.2236]}, "properties": {"source_sensor": "MODIS (Aqua/Terra)", "frp": 182.05, "confidence": 87, "brightness": 373.57, "bright_t31": 295.72, "acq_date": "2026-04-06", "acq_time": "2104", "satellite": "A", "daynight": "D", "scan": 1.3, "track": 1.13}}, {"type": "Feature", "geometry": {"type": "Point", "coordinates": [48.88714, 46.1028]}, "properties": {"source_sensor": "VIIRS (Suomi NPP)", "frp": 181.87, "confidence": "low", "brightness_ti4": 367.0, "brightness_ti5": 333.6, "acq_date": "2026-04-07", "acq_time": "1034", "satellite": "N", "daynight": "D", "scan": 0.38, "track": 0.59}}, {"type": "Feature", "geometry": {"type": "Point", "coordinates": [48.88675, 46.10832]}, "properties": {"source_sensor": "VIIRS (Suomi NPP)", "frp": 181.87, "confidence": "high", "brightness_ti4": 367.0, "brightness_ti5": 351.77, "acq_date": "2026-04-07", "acq_time": "1034", "satellite": "N", "daynight": "D", "scan": 0.38, "track": 0.59}}, {"type": "Feature", "geometry": {"type": "Point", "coordinates": [48.88164, 46.10814]}, "properties": {"source_sensor": "VIIRS (Suomi NPP)", "frp": 181.87, "confidence": "low", "brightness_ti4": 208.0, "brightness_ti5": 297.77, "acq_date": "2026-04-07", "acq_time": "1034", "satellite": "N", "daynight": "D", "scan": 0.38, "track": 0.59}}, {"type": "Feature", "geometry": {"type": "Point", "coordinates": [54.2606, 23.28141]}, "properties": {"source_sensor": "VIIRS (Suomi NPP)", "frp": 181.67, "confidence": "nominal", "brightness_ti4": 335.03, "brightness_ti5": 301.38, "acq_date": "2026-04-06", "acq_time": "0907", "satellite": "N", "daynight": "D", "scan": 0.62, "track": 0.54}}, {"type": "Feature", "geometry": {"type": "Point", "coordinates": [100.82336, 20.41525]}, "properties": {"source_sensor": "MODIS (Aqua/Terra)", "frp": 181.66, "confidence": 85, "brightness": 330.0, "bright_t31": 296.65, "acq_date": "2026-04-06", "acq_time": "0304", "satellite": "T", "daynight": "D", "scan": 3.92, "track": 1.84}}, {"type": "Feature", "geometry": {"type": "Point", "coordinates": [-13.1696, 10.31841]}, "properties": {"source_sensor": "VIIRS (Suomi NPP)", "frp": 181.13, "confidence": "high", "brightness_ti4": 367.0, "brightness_ti5": 299.77, "acq_date": "2026-04-06", "acq_time": "1405", "satellite": "N", "daynight": "D", "scan": 0.46, "track": 0.39}}, {"type": "Feature", "geometry": {"type": "Point", "coordinates": [-13.1655, 10.31908]}, "properties": {"source_sensor": "VIIRS (Suomi NPP)", "frp": 181.13, "confidence": "low", "brightness_ti4": 367.0, "brightness_ti5": 325.56, "acq_date": "2026-04-06", "acq_time": "1405", "satellite": "N", "daynight": "D", "scan": 0.46, "track": 0.39}}, {"type": "Feature", "geometry": {"type": "Point", "coordinates": [-13.17019, 10.32203]}, "properties": {"source_sensor": "VIIRS (Suomi NPP)", "frp": 181.13, "confidence": "nominal", "brightness_ti4": 353.59, "brightness_ti5": 300.68, "acq_date": "2026-04-06", "acq_time": "1405", "satellite": "N", "daynight": "D", "scan": 0.46, "track": 0.39}}, {"type": "Feature", "geometry": {"type": "Point", "coordinates": [-13.16609, 10.3227]}, "properties": {"source_sensor": "VIIRS (Suomi NPP)", "frp": 181.13, "confidence": "low", "brightness_ti4": 367.0, "brightness_ti5": 348.08, "acq_date": "2026-04-06", "acq_time": "1405", "satellite": "N", "daynight": "D", "scan": 0.46, "track": 0.39}}, {"type": "Feature", "geometry": {"type": "Point", "coordinates": [101.01624, 19.97457]}, "properties": {"source_sensor": "VIIRS (Suomi NPP)", "frp": 180.97, "confidence": "high", "brightness_ti4": 367.0, "brightness_ti5": 303.3, "acq_date": "2026-04-06", "acq_time": "0542", "satellite": "N", "daynight": "D", "scan": 0.64, "track": 0.72}}, {"type": "Feature", "geometry": {"type": "Point", "coordinates": [97.84532, 17.88869]}, "properties": {"source_sensor": "MODIS (Aqua/Terra)", "frp": 180.54, "confidence": 100, "brightness": 381.87, "bright_t31": 311.38, "acq_date": "2026-04-07", "acq_time": "0826", "satellite": "A", "daynight": "D", "scan": 1.12, "track": 1.06}}, {"type": "Feature", "geometry": {"type": "Point", "coordinates": [-95.54643, 38.22862]}, "properties": {"source_sensor": "MODIS (Aqua/Terra)", "frp": 180.23, "confidence": 100, "brightness": 380.91, "bright_t31": 299.74, "acq_date": "2026-04-06", "acq_time": "2104", "satellite": "A", "daynight": "D", "scan": 1.13, "track": 1.06}}, {"type": "Feature", "geometry": {"type": "Point", "coordinates": [100.4605, 20.43764]}, "properties": {"source_sensor": "VIIRS (Suomi NPP)", "frp": 180.2, "confidence": "high", "brightness_ti4": 367.0, "brightness_ti5": 299.19, "acq_date": "2026-04-06", "acq_time": "0542", "satellite": "N", "daynight": "D", "scan": 0.68, "track": 0.74}}, {"type": "Feature", "geometry": {"type": "Point", "coordinates": [96.65054, 19.67703]}, "properties": {"source_sensor": "MODIS (Aqua/Terra)", "frp": 179.82, "confidence": 100, "brightness": 376.68, "bright_t31": 297.41, "acq_date": "2026-04-07", "acq_time": "0826", "satellite": "A", "daynight": "D", "scan": 1.23, "track": 1.1}}, {"type": "Feature", "geometry": {"type": "Point", "coordinates": [-12.4964, 10.39767]}, "properties": {"source_sensor": "VIIRS (Suomi NPP)", "frp": 179.43, "confidence": "high", "brightness_ti4": 367.0, "brightness_ti5": 362.17, "acq_date": "2026-04-06", "acq_time": "1405", "satellite": "N", "daynight": "D", "scan": 0.43, "track": 0.38}}, {"type": "Feature", "geometry": {"type": "Point", "coordinates": [-12.49693, 10.40118]}, "properties": {"source_sensor": "VIIRS (Suomi NPP)", "frp": 179.43, "confidence": "nominal", "brightness_ti4": 353.81, "brightness_ti5": 312.75, "acq_date": "2026-04-06", "acq_time": "1405", "satellite": "N", "daynight": "D", "scan": 0.43, "track": 0.38}}, {"type": "Feature", "geometry": {"type": "Point", "coordinates": [54.26353, 23.27799]}, "properties": {"source_sensor": "MODIS (Aqua/Terra)", "frp": 179.4, "confidence": 100, "brightness": 379.03, "bright_t31": 294.76, "acq_date": "2026-04-06", "acq_time": "1713", "satellite": "T", "daynight": "N", "scan": 1.14, "track": 1.06}}, {"type": "Feature", "geometry": {"type": "Point", "coordinates": [-15.98358, 12.49186]}, "properties": {"source_sensor": "MODIS (Aqua/Terra)", "frp": 178.45, "confidence": 100, "brightness": 373.99, "bright_t31": 314.32, "acq_date": "2026-04-06", "acq_time": "1601", "satellite": "A", "daynight": "D", "scan": 1.36, "track": 1.16}}, {"type": "Feature", "geometry": {"type": "Point", "coordinates": [48.84931, 46.05948]}, "properties": {"source_sensor": "VIIRS (Suomi NPP)", "frp": 178.04, "confidence": "high", "brightness_ti4": 367.0, "brightness_ti5": 335.71, "acq_date": "2026-04-06", "acq_time": "0911", "satellite": "N", "daynight": "D", "scan": 0.38, "track": 0.43}}, {"type": "Feature", "geometry": {"type": "Point", "coordinates": [48.84452, 46.05841]}, "properties": {"source_sensor": "VIIRS (Suomi NPP)", "frp": 178.04, "confidence": "high", "brightness_ti4": 367.0, "brightness_ti5": 290.63, "acq_date": "2026-04-06", "acq_time": "0911", "satellite": "N", "daynight": "D", "scan": 0.38, "track": 0.43}}, {"type": "Feature", "geometry": {"type": "Point", "coordinates": [48.84754, 46.06335]}, "properties": {"source_sensor": "VIIRS (Suomi NPP)", "frp": 178.04, "confidence": "high", "brightness_ti4": 367.0, "brightness_ti5": 358.97, "acq_date": "2026-04-06", "acq_time": "0911", "satellite": "N", "daynight": "D", "scan": 0.38, "track": 0.43}}, {"type": "Feature", "geometry": {"type": "Point", "coordinates": [48.84275, 46.06227]}, "properties": {"source_sensor": "VIIRS (Suomi NPP)", "frp": 178.04, "confidence": "nominal", "brightness_ti4": 352.84, "brightness_ti5": 298.76, "acq_date": "2026-04-06", "acq_time": "0911", "satellite": "N", "daynight": "D", "scan": 0.38, "track": 0.43}}, {"type": "Feature", "geometry": {"type": "Point", "coordinates": [93.89755, 19.63741]}, "properties": {"source_sensor": "MODIS (Aqua/Terra)", "frp": 178.01, "confidence": 99, "brightness": 358.02, "bright_t31": 299.63, "acq_date": "2026-04-07", "acq_time": "0828", "satellite": "A", "daynight": "D", "scan": 1.88, "track": 1.34}}, {"type": "Feature", "geometry": {"type": "Point", "coordinates": [100.62451, 19.91705]}, "properties": {"source_sensor": "MODIS (Aqua/Terra)", "frp": 177.89, "confidence": 84, "brightness": 339.31, "bright_t31": 299.26, "acq_date": "2026-04-06", "acq_time": "0750", "satellite": "A", "daynight": "D", "scan": 3.03, "track": 1.66}}, {"type": "Feature", "geometry": {"type": "Point", "coordinates": [101.4538, 20.40011]}, "properties": {"source_sensor": "VIIRS (Suomi NPP)", "frp": 177.76, "confidence": "nominal", "brightness_ti4": 343.5, "brightness_ti5": 303.48, "acq_date": "2026-04-07", "acq_time": "0703", "satellite": "N", "daynight": "D", "scan": 0.54, "track": 0.51}}, {"type": "Feature", "geometry": {"type": "Point", "coordinates": [98.03375, 18.60347]}, "properties": {"source_sensor": "MODIS (Aqua/Terra)", "frp": 177.63, "confidence": 100, "brightness": 383.23, "bright_t31": 301.79, "acq_date": "2026-04-07", "acq_time": "0826", "satellite": "A", "daynight": "D", "scan": 1.09, "track": 1.04}}, {"type": "Feature", "geometry": {"type": "Point", "coordinates": [96.71767, 19.45499]}, "properties": {"source_sensor": "VIIRS (Suomi NPP)", "frp": 177.38, "confidence": "low", "brightness_ti4": 367.0, "brightness_ti5": 329.19, "acq_date": "2026-04-07", "acq_time": "0703", "satellite": "N", "daynight": "D", "scan": 0.43, "track": 0.38}}, {"type": "Feature", "geometry": {"type": "Point", "coordinates": [102.80738, 18.92735]}, "properties": {"source_sensor": "VIIRS (Suomi NPP)", "frp": 177.15, "confidence": "nominal", "brightness_ti4": 348.29, "brightness_ti5": 302.35, "acq_date": "2026-04-07", "acq_time": "0701", "satellite": "N", "daynight": "D", "scan": 0.63, "track": 0.54}}, {"type": "Feature", "geometry": {"type": "Point", "coordinates": [102.80122, 18.93179]}, "properties": {"source_sensor": "VIIRS (Suomi NPP)", "frp": 177.15, "confidence": "nominal", "brightness_ti4": 338.74, "brightness_ti5": 299.69, "acq_date": "2026-04-07", "acq_time": "0701", "satellite": "N", "daynight": "D", "scan": 0.63, "track": 0.54}}, {"type": "Feature", "geometry": {"type": "Point", "coordinates": [-95.55877, 38.2265]}, "properties": {"source_sensor": "MODIS (Aqua/Terra)", "frp": 177.13, "confidence": 100, "brightness": 380.29, "bright_t31": 301.06, "acq_date": "2026-04-06", "acq_time": "2104", "satellite": "A", "daynight": "D", "scan": 1.13, "track": 1.06}}, {"type": "Feature", "geometry": {"type": "Point", "coordinates": [62.66605, 49.4997]}, "properties": {"source_sensor": "MODIS (Aqua/Terra)", "frp": 176.49, "confidence": 100, "brightness": 379.73, "bright_t31": 295.52, "acq_date": "2026-04-07", "acq_time": "1015", "satellite": "A", "daynight": "D", "scan": 1.13, "track": 1.06}}, {"type": "Feature", "geometry": {"type": "Point", "coordinates": [-96.28825, 38.69883]}, "properties": {"source_sensor": "MODIS (Aqua/Terra)", "frp": 176.42, "confidence": 100, "brightness": 377.12, "bright_t31": 298.29, "acq_date": "2026-04-06", "acq_time": "2104", "satellite": "A", "daynight": "D", "scan": 1.19, "track": 1.08}}, {"type": "Feature", "geometry": {"type": "Point", "coordinates": [98.116, 18.51509]}, "properties": {"source_sensor": "MODIS (Aqua/Terra)", "frp": 176.1, "confidence": 100, "brightness": 382.79, "bright_t31": 302.78, "acq_date": "2026-04-07", "acq_time": "0826", "satellite": "A", "daynight": "D", "scan": 1.08, "track": 1.04}}, {"type": "Feature", "geometry": {"type": "Point", "coordinates": [100.93476, 20.57211]}, "properties": {"source_sensor": "VIIRS (Suomi NPP)", "frp": 175.53, "confidence": "high", "brightness_ti4": 367.0, "brightness_ti5": 304.55, "acq_date": "2026-04-06", "acq_time": "0722", "satellite": "N", "daynight": "D", "scan": 0.51, "track": 0.66}}, {"type": "Feature", "geometry": {"type": "Point", "coordinates": [100.80259, 19.9369]}, "properties": {"source_sensor": "VIIRS (Suomi NPP)", "frp": 175.48, "confidence": "nominal", "brightness_ti4": 337.69, "brightness_ti5": 294.65, "acq_date": "2026-04-06", "acq_time": "0542", "satellite": "N", "daynight": "D", "scan": 0.66, "track": 0.73}}, {"type": "Feature", "geometry": {"type": "Point", "coordinates": [97.1087, 23.209]}, "properties": {"source_sensor": "MODIS (Aqua/Terra)", "frp": 175.34, "confidence": 59, "brightness": 324.36, "bright_t31": 289.0, "acq_date": "2026-04-06", "acq_time": "0752", "satellite": "A", "daynight": "D", "scan": 4.64, "track": 1.97}}, {"type": "Feature", "geometry": {"type": "Point", "coordinates": [97.1784, 23.30396]}, "properties": {"source_sensor": "VIIRS (Suomi NPP)", "frp": 175.04, "confidence": "nominal", "brightness_ti4": 346.19, "brightness_ti5": 292.25, "acq_date": "2026-04-06", "acq_time": "0722", "satellite": "N", "daynight": "D", "scan": 0.63, "track": 0.54}}, {"type": "Feature", "geometry": {"type": "Point", "coordinates": [97.17345, 23.30346]}, "properties": {"source_sensor": "VIIRS (Suomi NPP)", "frp": 175.04, "confidence": "low", "brightness_ti4": 306.78, "brightness_ti5": 309.74, "acq_date": "2026-04-06", "acq_time": "0722", "satellite": "N", "daynight": "D", "scan": 0.62, "track": 0.54}}, {"type": "Feature", "geometry": {"type": "Point", "coordinates": [48.1129, 45.58812]}, "properties": {"source_sensor": "VIIRS (Suomi NPP)", "frp": 174.72, "confidence": "high", "brightness_ti4": 367.0, "brightness_ti5": 291.77, "acq_date": "2026-04-06", "acq_time": "1051", "satellite": "N", "daynight": "D", "scan": 0.59, "track": 0.7}}, {"type": "Feature", "geometry": {"type": "Point", "coordinates": [103.59172, 12.85758]}, "properties": {"source_sensor": "VIIRS (Suomi NPP)", "frp": 174.07, "confidence": "nominal", "brightness_ti4": 344.5, "brightness_ti5": 309.53, "acq_date": "2026-04-07", "acq_time": "0701", "satellite": "N", "daynight": "D", "scan": 0.59, "track": 0.53}}, {"type": "Feature", "geometry": {"type": "Point", "coordinates": [76.56786, 23.18509]}, "properties": {"source_sensor": "MODIS (Aqua/Terra)", "frp": 173.48, "confidence": 95, "brightness": 352.36, "bright_t31": 307.92, "acq_date": "2026-04-06", "acq_time": "0928", "satellite": "A", "daynight": "D", "scan": 2.31, "track": 1.47}}, {"type": "Feature", "geometry": {"type": "Point", "coordinates": [92.88407, 25.35407]}, "properties": {"source_sensor": "MODIS (Aqua/Terra)", "frp": 173.42, "confidence": 93, "brightness": 358.76, "bright_t31": 292.69, "acq_date": "2026-04-07", "acq_time": "0828", "satellite": "A", "daynight": "D", "scan": 1.7, "track": 1.28}}, {"type": "Feature", "geometry": {"type": "Point", "coordinates": [101.83355, 16.23298]}, "properties": {"source_sensor": "MODIS (Aqua/Terra)", "frp": 172.89, "confidence": 87, "brightness": 339.51, "bright_t31": 301.5, "acq_date": "2026-04-06", "acq_time": "0748", "satellite": "A", "daynight": "D", "scan": 2.94, "track": 1.63}}, {"type": "Feature", "geometry": {"type": "Point", "coordinates": [98.66325, 21.73984]}, "properties": {"source_sensor": "VIIRS (Suomi NPP)", "frp": 172.12, "confidence": "low", "brightness_ti4": 282.04, "brightness_ti5": 323.45, "acq_date": "2026-04-07", "acq_time": "0703", "satellite": "N", "daynight": "D", "scan": 0.57, "track": 0.43}}, {"type": "Feature", "geometry": {"type": "Point", "coordinates": [130.17886, 49.036]}, "properties": {"source_sensor": "MODIS (Aqua/Terra)", "frp": 171.74, "confidence": 94, "brightness": 345.4, "bright_t31": 284.2, "acq_date": "2026-04-07", "acq_time": "0518", "satellite": "A", "daynight": "D", "scan": 2.22, "track": 1.44}}, {"type": "Feature", "geometry": {"type": "Point", "coordinates": [131.57799, -17.45174]}, "properties": {"source_sensor": "VIIRS (Suomi NPP)", "frp": 171.06, "confidence": "low", "brightness_ti4": 356.08, "brightness_ti5": 285.01, "acq_date": "2026-04-06", "acq_time": "0529", "satellite": "N", "daynight": "D", "scan": 0.6, "track": 0.53}}, {"type": "Feature", "geometry": {"type": "Point", "coordinates": [131.57693, -17.44684]}, "properties": {"source_sensor": "VIIRS (Suomi NPP)", "frp": 171.06, "confidence": "nominal", "brightness_ti4": 349.73, "brightness_ti5": 285.46, "acq_date": "2026-04-06", "acq_time": "0529", "satellite": "N", "daynight": "D", "scan": 0.6, "track": 0.53}}, {"type": "Feature", "geometry": {"type": "Point", "coordinates": [103.94646, 11.65934]}, "properties": {"source_sensor": "MODIS (Aqua/Terra)", "frp": 170.96, "confidence": 100, "brightness": 379.07, "bright_t31": 310.94, "acq_date": "2026-04-07", "acq_time": "0824", "satellite": "A", "daynight": "D", "scan": 1.18, "track": 1.08}}, {"type": "Feature", "geometry": {"type": "Point", "coordinates": [98.02962, 18.70529]}, "properties": {"source_sensor": "MODIS (Aqua/Terra)", "frp": 170.7, "confidence": 100, "brightness": 382.12, "bright_t31": 299.24, "acq_date": "2026-04-07", "acq_time": "0826", "satellite": "A", "daynight": "D", "scan": 1.08, "track": 1.04}}, {"type": "Feature", "geometry": {"type": "Point", "coordinates": [98.33591, 22.75711]}, "properties": {"source_sensor": "MODIS (Aqua/Terra)", "frp": 169.92, "confidence": 84, "brightness": 330.4, "bright_t31": 294.64, "acq_date": "2026-04-06", "acq_time": "0752", "satellite": "A", "daynight": "D", "scan": 3.87, "track": 1.83}}, {"type": "Feature", "geometry": {"type": "Point", "coordinates": [103.58684, 12.85202]}, "properties": {"source_sensor": "VIIRS (Suomi NPP)", "frp": 169.86, "confidence": "high", "brightness_ti4": 367.0, "brightness_ti5": 308.42, "acq_date": "2026-04-07", "acq_time": "0701", "satellite": "N", "daynight": "D", "scan": 0.59, "track": 0.53}}, {"type": "Feature", "geometry": {"type": "Point", "coordinates": [103.59234, 12.85269]}, "properties": {"source_sensor": "VIIRS (Suomi NPP)", "frp": 169.86, "confidence": "nominal", "brightness_ti4": 340.24, "brightness_ti5": 304.21, "acq_date": "2026-04-07", "acq_time": "0701", "satellite": "N", "daynight": "D", "scan": 0.59, "track": 0.53}}, {"type": "Feature", "geometry": {"type": "Point", "coordinates": [130.18355, 49.06182]}, "properties": {"source_sensor": "MODIS (Aqua/Terra)", "frp": 169.12, "confidence": 100, "brightness": 377.62, "bright_t31": 280.49, "acq_date": "2026-04-07", "acq_time": "1128", "satellite": "T", "daynight": "N", "scan": 1.1, "track": 1.05}}, {"type": "Feature", "geometry": {"type": "Point", "coordinates": [-40.11808, -19.59869]}, "properties": {"source_sensor": "MODIS (Aqua/Terra)", "frp": 169.11, "confidence": 66, "brightness": 327.87, "bright_t31": 290.78, "acq_date": "2026-04-06", "acq_time": "1730", "satellite": "A", "daynight": "D", "scan": 4.11, "track": 1.88}}, {"type": "Feature", "geometry": {"type": "Point", "coordinates": [104.46613, 19.71695]}, "properties": {"source_sensor": "VIIRS (Suomi NPP)", "frp": 169.07, "confidence": "high", "brightness_ti4": 367.0, "brightness_ti5": 299.99, "acq_date": "2026-04-06", "acq_time": "0542", "satellite": "N", "daynight": "D", "scan": 0.4, "track": 0.6}}, {"type": "Feature", "geometry": {"type": "Point", "coordinates": [104.46256, 19.71618]}, "properties": {"source_sensor": "VIIRS (Suomi NPP)", "frp": 169.07, "confidence": "low", "brightness_ti4": 265.33, "brightness_ti5": 307.17, "acq_date": "2026-04-06", "acq_time": "0542", "satellite": "N", "daynight": "D", "scan": 0.4, "track": 0.6}}, {"type": "Feature", "geometry": {"type": "Point", "coordinates": [93.30157, 21.88732]}, "properties": {"source_sensor": "VIIRS (Suomi NPP)", "frp": 168.72, "confidence": "nominal", "brightness_ti4": 350.09, "brightness_ti5": 307.42, "acq_date": "2026-04-06", "acq_time": "0722", "satellite": "N", "daynight": "D", "scan": 0.53, "track": 0.42}}, {"type": "Feature", "geometry": {"type": "Point", "coordinates": [103.46412, 19.88893]}, "properties": {"source_sensor": "VIIRS (Suomi NPP)", "frp": 168.66, "confidence": "high", "brightness_ti4": 367.0, "brightness_ti5": 295.2, "acq_date": "2026-04-06", "acq_time": "0542", "satellite": "N", "daynight": "D", "scan": 0.45, "track": 0.63}}, {"type": "Feature", "geometry": {"type": "Point", "coordinates": [100.74295, 21.0385]}, "properties": {"source_sensor": "MODIS (Aqua/Terra)", "frp": 168.56, "confidence": 90, "brightness": 340.07, "bright_t31": 297.46, "acq_date": "2026-04-06", "acq_time": "0750", "satellite": "A", "daynight": "D", "scan": 2.8, "track": 1.6}}, {"type": "Feature", "geometry": {"type": "Point", "coordinates": [100.44553, 20.75375]}, "properties": {"source_sensor": "VIIRS (Suomi NPP)", "frp": 168.35, "confidence": "low", "brightness_ti4": 331.36, "brightness_ti5": 302.42, "acq_date": "2026-04-07", "acq_time": "0703", "satellite": "N", "daynight": "D", "scan": 0.47, "track": 0.48}}, {"type": "Feature", "geometry": {"type": "Point", "coordinates": [100.44019, 20.75759]}, "properties": {"source_sensor": "VIIRS (Suomi NPP)", "frp": 168.35, "confidence": "nominal", "brightness_ti4": 356.38, "brightness_ti5": 302.89, "acq_date": "2026-04-07", "acq_time": "0703", "satellite": "N", "daynight": "D", "scan": 0.47, "track": 0.48}}, {"type": "Feature", "geometry": {"type": "Point", "coordinates": [-96.46252, 36.73766]}, "properties": {"source_sensor": "MODIS (Aqua/Terra)", "frp": 168.26, "confidence": 100, "brightness": 371.05, "bright_t31": 302.39, "acq_date": "2026-04-06", "acq_time": "2101", "satellite": "A", "daynight": "D", "scan": 1.3, "track": 1.13}}, {"type": "Feature", "geometry": {"type": "Point", "coordinates": [-11.31125, 9.29383]}, "properties": {"source_sensor": "VIIRS (Suomi NPP)", "frp": 168.14, "confidence": "high", "brightness_ti4": 367.0, "brightness_ti5": 329.45, "acq_date": "2026-04-06", "acq_time": "1405", "satellite": "N", "daynight": "D", "scan": 0.4, "track": 0.37}}, {"type": "Feature", "geometry": {"type": "Point", "coordinates": [-12.53429, 7.82246]}, "properties": {"source_sensor": "MODIS (Aqua/Terra)", "frp": 167.85, "confidence": 100, "brightness": 383.69, "bright_t31": 303.15, "acq_date": "2026-04-06", "acq_time": "1558", "satellite": "A", "daynight": "D", "scan": 1.04, "track": 1.02}}, {"type": "Feature", "geometry": {"type": "Point", "coordinates": [101.2253, 19.93005]}, "properties": {"source_sensor": "VIIRS (Suomi NPP)", "frp": 167.69, "confidence": "nominal", "brightness_ti4": 354.68, "brightness_ti5": 306.4, "acq_date": "2026-04-07", "acq_time": "0703", "satellite": "N", "daynight": "D", "scan": 0.51, "track": 0.49}}, {"type": "Feature", "geometry": {"type": "Point", "coordinates": [93.09556, 25.46805]}, "properties": {"source_sensor": "VIIRS (Suomi NPP)", "frp": 167.46, "confidence": "nominal", "brightness_ti4": 343.67, "brightness_ti5": 296.77, "acq_date": "2026-04-06", "acq_time": "0724", "satellite": "N", "daynight": "D", "scan": 0.56, "track": 0.43}}, {"type": "Feature", "geometry": {"type": "Point", "coordinates": [101.90076, 19.5403]}, "properties": {"source_sensor": "VIIRS (Suomi NPP)", "frp": 167.45, "confidence": "low", "brightness_ti4": 208.0, "brightness_ti5": 298.3, "acq_date": "2026-04-06", "acq_time": "0542", "satellite": "N", "daynight": "D", "scan": 0.58, "track": 0.69}}, {"type": "Feature", "geometry": {"type": "Point", "coordinates": [93.01919, 26.26252]}, "properties": {"source_sensor": "VIIRS (Suomi NPP)", "frp": 167.4, "confidence": "nominal", "brightness_ti4": 345.71, "brightness_ti5": 300.83, "acq_date": "2026-04-06", "acq_time": "0724", "satellite": "N", "daynight": "D", "scan": 0.57, "track": 0.43}}, {"type": "Feature", "geometry": {"type": "Point", "coordinates": [-12.56506, 7.86431]}, "properties": {"source_sensor": "MODIS (Aqua/Terra)", "frp": 167.2, "confidence": 100, "brightness": 383.38, "bright_t31": 305.72, "acq_date": "2026-04-06", "acq_time": "1558", "satellite": "A", "daynight": "D", "scan": 1.04, "track": 1.02}}, {"type": "Feature", "geometry": {"type": "Point", "coordinates": [-12.94635, 10.7508]}, "properties": {"source_sensor": "VIIRS (Suomi NPP)", "frp": 167.15, "confidence": "high", "brightness_ti4": 367.0, "brightness_ti5": 363.14, "acq_date": "2026-04-06", "acq_time": "1405", "satellite": "N", "daynight": "D", "scan": 0.45, "track": 0.39}}, {"type": "Feature", "geometry": {"type": "Point", "coordinates": [-12.94696, 10.75436]}, "properties": {"source_sensor": "VIIRS (Suomi NPP)", "frp": 167.15, "confidence": "nominal", "brightness_ti4": 346.34, "brightness_ti5": 315.77, "acq_date": "2026-04-06", "acq_time": "1405", "satellite": "N", "daynight": "D", "scan": 0.45, "track": 0.39}}, {"type": "Feature", "geometry": {"type": "Point", "coordinates": [-13.16266, 10.32697]}, "properties": {"source_sensor": "VIIRS (Suomi NPP)", "frp": 167.11, "confidence": "high", "brightness_ti4": 367.0, "brightness_ti5": 361.27, "acq_date": "2026-04-06", "acq_time": "1405", "satellite": "N", "daynight": "D", "scan": 0.46, "track": 0.39}}, {"type": "Feature", "geometry": {"type": "Point", "coordinates": [-13.15884, 10.32759]}, "properties": {"source_sensor": "VIIRS (Suomi NPP)", "frp": 167.11, "confidence": "low", "brightness_ti4": 351.2, "brightness_ti5": 333.79, "acq_date": "2026-04-06", "acq_time": "1405", "satellite": "N", "daynight": "D", "scan": 0.46, "track": 0.39}}, {"type": "Feature", "geometry": {"type": "Point", "coordinates": [-13.15939, 10.33121]}, "properties": {"source_sensor": "VIIRS (Suomi NPP)", "frp": 167.11, "confidence": "nominal", "brightness_ti4": 354.19, "brightness_ti5": 303.91, "acq_date": "2026-04-06", "acq_time": "1405", "satellite": "N", "daynight": "D", "scan": 0.46, "track": 0.39}}, {"type": "Feature", "geometry": {"type": "Point", "coordinates": [-13.16327, 10.33058]}, "properties": {"source_sensor": "VIIRS (Suomi NPP)", "frp": 167.11, "confidence": "low", "brightness_ti4": 367.0, "brightness_ti5": 335.8, "acq_date": "2026-04-06", "acq_time": "1405", "satellite": "N", "daynight": "D", "scan": 0.46, "track": 0.39}}, {"type": "Feature", "geometry": {"type": "Point", "coordinates": [-13.92413, 14.19799]}, "properties": {"source_sensor": "MODIS (Aqua/Terra)", "frp": 166.92, "confidence": 100, "brightness": 387.07, "bright_t31": 325.99, "acq_date": "2026-04-06", "acq_time": "1603", "satellite": "A", "daynight": "D", "scan": 1.04, "track": 1.02}}, {"type": "Feature", "geometry": {"type": "Point", "coordinates": [74.88348, 45.30043]}, "properties": {"source_sensor": "MODIS (Aqua/Terra)", "frp": 166.79, "confidence": 83, "brightness": 336.02, "bright_t31": 291.77, "acq_date": "2026-04-07", "acq_time": "0514", "satellite": "T", "daynight": "D", "scan": 3.06, "track": 1.66}}, {"type": "Feature", "geometry": {"type": "Point", "coordinates": [131.31583, -17.80904]}, "properties": {"source_sensor": "MODIS (Aqua/Terra)", "frp": 166.76, "confidence": 86, "brightness": 334.52, "bright_t31": 298.12, "acq_date": "2026-04-07", "acq_time": "0037", "satellite": "T", "daynight": "D", "scan": 3.49, "track": 1.76}}, {"type": "Feature", "geometry": {"type": "Point", "coordinates": [100.75471, 21.01682]}, "properties": {"source_sensor": "VIIRS (Suomi NPP)", "frp": 165.88, "confidence": "high", "brightness_ti4": 367.0, "brightness_ti5": 298.71, "acq_date": "2026-04-07", "acq_time": "0703", "satellite": "N", "daynight": "D", "scan": 0.49, "track": 0.49}}, {"type": "Feature", "geometry": {"type": "Point", "coordinates": [48.86535, 46.12044]}, "properties": {"source_sensor": "MODIS (Aqua/Terra)", "frp": 165.59, "confidence": 100, "brightness": 363.52, "bright_t31": 295.88, "acq_date": "2026-04-07", "acq_time": "1151", "satellite": "A", "daynight": "D", "scan": 1.54, "track": 1.22}}, {"type": "Feature", "geometry": {"type": "Point", "coordinates": [92.25945, 21.86854]}, "properties": {"source_sensor": "VIIRS (Suomi NPP)", "frp": 165.58, "confidence": "low", "brightness_ti4": 338.77, "brightness_ti5": 310.86, "acq_date": "2026-04-06", "acq_time": "0722", "satellite": "N", "daynight": "D", "scan": 0.47, "track": 0.39}}, {"type": "Feature", "geometry": {"type": "Point", "coordinates": [49.60904, 46.44231]}, "properties": {"source_sensor": "VIIRS (Suomi NPP)", "frp": 165.58, "confidence": "nominal", "brightness_ti4": 349.07, "brightness_ti5": 309.14, "acq_date": "2026-04-06", "acq_time": "0911", "satellite": "N", "daynight": "D", "scan": 0.53, "track": 0.42}}, {"type": "Feature", "geometry": {"type": "Point", "coordinates": [48.5805, 46.13308]}, "properties": {"source_sensor": "MODIS (Aqua/Terra)", "frp": 164.75, "confidence": 100, "brightness": 375.04, "bright_t31": 299.52, "acq_date": "2026-04-06", "acq_time": "1115", "satellite": "A", "daynight": "D", "scan": 1.18, "track": 1.08}}, {"type": "Feature", "geometry": {"type": "Point", "coordinates": [101.25648, 20.25056]}, "properties": {"source_sensor": "VIIRS (Suomi NPP)", "frp": 164.15, "confidence": "high", "brightness_ti4": 367.0, "brightness_ti5": 299.79, "acq_date": "2026-04-06", "acq_time": "0542", "satellite": "N", "daynight": "D", "scan": 0.61, "track": 0.71}}, {"type": "Feature", "geometry": {"type": "Point", "coordinates": [101.2546, 20.25698]}, "properties": {"source_sensor": "VIIRS (Suomi NPP)", "frp": 164.15, "confidence": "nominal", "brightness_ti4": 355.24, "brightness_ti5": 297.84, "acq_date": "2026-04-06", "acq_time": "0542", "satellite": "N", "daynight": "D", "scan": 0.61, "track": 0.71}}, {"type": "Feature", "geometry": {"type": "Point", "coordinates": [100.46348, 20.76481]}, "properties": {"source_sensor": "VIIRS (Suomi NPP)", "frp": 163.6, "confidence": "nominal", "brightness_ti4": 344.68, "brightness_ti5": 309.47, "acq_date": "2026-04-07", "acq_time": "0703", "satellite": "N", "daynight": "D", "scan": 0.47, "track": 0.48}}, {"type": "Feature", "geometry": {"type": "Point", "coordinates": [100.46297, 20.76923]}, "properties": {"source_sensor": "VIIRS (Suomi NPP)", "frp": 163.6, "confidence": "nominal", "brightness_ti4": 344.63, "brightness_ti5": 302.28, "acq_date": "2026-04-07", "acq_time": "0703", "satellite": "N", "daynight": "D", "scan": 0.47, "track": 0.48}}, {"type": "Feature", "geometry": {"type": "Point", "coordinates": [96.61028, 19.61761]}, "properties": {"source_sensor": "MODIS (Aqua/Terra)", "frp": 163.57, "confidence": 100, "brightness": 372.84, "bright_t31": 302.05, "acq_date": "2026-04-07", "acq_time": "0826", "satellite": "A", "daynight": "D", "scan": 1.24, "track": 1.1}}, {"type": "Feature", "geometry": {"type": "Point", "coordinates": [62.27608, 56.27591]}, "properties": {"source_sensor": "MODIS (Aqua/Terra)", "frp": 163.38, "confidence": 97, "brightness": 353.33, "bright_t31": 292.35, "acq_date": "2026-04-06", "acq_time": "0939", "satellite": "A", "daynight": "D", "scan": 1.83, "track": 1.33}}, {"type": "Feature", "geometry": {"type": "Point", "coordinates": [101.88475, 20.72661]}, "properties": {"source_sensor": "MODIS (Aqua/Terra)", "frp": 163.25, "confidence": 94, "brightness": 347.05, "bright_t31": 301.68, "acq_date": "2026-04-06", "acq_time": "0750", "satellite": "A", "daynight": "D", "scan": 2.33, "track": 1.48}}, {"type": "Feature", "geometry": {"type": "Point", "coordinates": [130.19008, 49.02392]}, "properties": {"source_sensor": "MODIS (Aqua/Terra)", "frp": 163.05, "confidence": 93, "brightness": 343.31, "bright_t31": 282.05, "acq_date": "2026-04-07", "acq_time": "0518", "satellite": "A", "daynight": "D", "scan": 2.22, "track": 1.44}}, {"type": "Feature", "geometry": {"type": "Point", "coordinates": [101.16798, 20.22984]}, "properties": {"source_sensor": "VIIRS (Suomi NPP)", "frp": 162.86, "confidence": "high", "brightness_ti4": 367.0, "brightness_ti5": 296.16, "acq_date": "2026-04-06", "acq_time": "0542", "satellite": "N", "daynight": "D", "scan": 0.62, "track": 0.71}}, {"type": "Feature", "geometry": {"type": "Point", "coordinates": [101.16712, 20.23654]}, "properties": {"source_sensor": "VIIRS (Suomi NPP)", "frp": 162.86, "confidence": "high", "brightness_ti4": 367.0, "brightness_ti5": 302.07, "acq_date": "2026-04-06", "acq_time": "0542", "satellite": "N", "daynight": "D", "scan": 0.62, "track": 0.71}}, {"type": "Feature", "geometry": {"type": "Point", "coordinates": [101.17297, 20.23791]}, "properties": {"source_sensor": "VIIRS (Suomi NPP)", "frp": 162.86, "confidence": "nominal", "brightness_ti4": 329.71, "brightness_ti5": 292.93, "acq_date": "2026-04-06", "acq_time": "0542", "satellite": "N", "daynight": "D", "scan": 0.62, "track": 0.71}}, {"type": "Feature", "geometry": {"type": "Point", "coordinates": [-93.07909, 39.96746]}, "properties": {"source_sensor": "MODIS (Aqua/Terra)", "frp": 162.85, "confidence": 94, "brightness": 344.38, "bright_t31": 286.61, "acq_date": "2026-04-06", "acq_time": "1607", "satellite": "T", "daynight": "D", "scan": 2.19, "track": 1.44}}, {"type": "Feature", "geometry": {"type": "Point", "coordinates": [-92.97185, 29.79986]}, "properties": {"source_sensor": "MODIS (Aqua/Terra)", "frp": 162.73, "confidence": 100, "brightness": 376.04, "bright_t31": 298.59, "acq_date": "2026-04-06", "acq_time": "2101", "satellite": "A", "daynight": "D", "scan": 1.14, "track": 1.06}}, {"type": "Feature", "geometry": {"type": "Point", "coordinates": [100.78133, 20.33883]}, "properties": {"source_sensor": "MODIS (Aqua/Terra)", "frp": 162.41, "confidence": 89, "brightness": 338.66, "bright_t31": 298.27, "acq_date": "2026-04-06", "acq_time": "0750", "satellite": "A", "daynight": "D", "scan": 2.88, "track": 1.62}}, {"type": "Feature", "geometry": {"type": "Point", "coordinates": [101.82549, 18.65569]}, "properties": {"source_sensor": "VIIRS (Suomi NPP)", "frp": 162.37, "confidence": "nominal", "brightness_ti4": 354.04, "brightness_ti5": 297.22, "acq_date": "2026-04-06", "acq_time": "0722", "satellite": "N", "daynight": "D", "scan": 0.55, "track": 0.68}}, {"type": "Feature", "geometry": {"type": "Point", "coordinates": [124.88536, -18.26692]}, "properties": {"source_sensor": "MODIS (Aqua/Terra)", "frp": 162.3, "confidence": 85, "brightness": 342.06, "bright_t31": 297.92, "acq_date": "2026-04-07", "acq_time": "0640", "satellite": "A", "daynight": "D", "scan": 2.73, "track": 1.58}}, {"type": "Feature", "geometry": {"type": "Point", "coordinates": [103.67045, 20.09746]}, "properties": {"source_sensor": "VIIRS (Suomi NPP)", "frp": 162.14, "confidence": "high", "brightness_ti4": 367.0, "brightness_ti5": 294.56, "acq_date": "2026-04-06", "acq_time": "0542", "satellite": "N", "daynight": "D", "scan": 0.44, "track": 0.62}}, {"type": "Feature", "geometry": {"type": "Point", "coordinates": [103.66849, 20.103]}, "properties": {"source_sensor": "VIIRS (Suomi NPP)", "frp": 162.14, "confidence": "high", "brightness_ti4": 367.0, "brightness_ti5": 292.12, "acq_date": "2026-04-06", "acq_time": "0542", "satellite": "N", "daynight": "D", "scan": 0.44, "track": 0.62}}, {"type": "Feature", "geometry": {"type": "Point", "coordinates": [103.66547, 20.10233]}, "properties": {"source_sensor": "VIIRS (Suomi NPP)", "frp": 162.14, "confidence": "low", "brightness_ti4": 208.0, "brightness_ti5": 305.99, "acq_date": "2026-04-06", "acq_time": "0542", "satellite": "N", "daynight": "D", "scan": 0.44, "track": 0.62}}, {"type": "Feature", "geometry": {"type": "Point", "coordinates": [101.83652, 18.65029]}, "properties": {"source_sensor": "VIIRS (Suomi NPP)", "frp": 162.01, "confidence": "nominal", "brightness_ti4": 337.67, "brightness_ti5": 294.54, "acq_date": "2026-04-06", "acq_time": "0722", "satellite": "N", "daynight": "D", "scan": 0.55, "track": 0.68}}, {"type": "Feature", "geometry": {"type": "Point", "coordinates": [101.83136, 18.64981]}, "properties": {"source_sensor": "VIIRS (Suomi NPP)", "frp": 162.01, "confidence": "nominal", "brightness_ti4": 346.88, "brightness_ti5": 302.52, "acq_date": "2026-04-06", "acq_time": "0722", "satellite": "N", "daynight": "D", "scan": 0.55, "track": 0.68}}, {"type": "Feature", "geometry": {"type": "Point", "coordinates": [101.83579, 18.65666]}, "properties": {"source_sensor": "VIIRS (Suomi NPP)", "frp": 162.01, "confidence": "high", "brightness_ti4": 367.0, "brightness_ti5": 296.46, "acq_date": "2026-04-06", "acq_time": "0722", "satellite": "N", "daynight": "D", "scan": 0.55, "track": 0.68}}, {"type": "Feature", "geometry": {"type": "Point", "coordinates": [101.83066, 18.65618]}, "properties": {"source_sensor": "VIIRS (Suomi NPP)", "frp": 162.01, "confidence": "low", "brightness_ti4": 208.0, "brightness_ti5": 312.83, "acq_date": "2026-04-06", "acq_time": "0722", "satellite": "N", "daynight": "D", "scan": 0.55, "track": 0.68}}, {"type": "Feature", "geometry": {"type": "Point", "coordinates": [99.08036, 23.05833]}, "properties": {"source_sensor": "MODIS (Aqua/Terra)", "frp": 161.92, "confidence": 86, "brightness": 332.47, "bright_t31": 294.66, "acq_date": "2026-04-06", "acq_time": "0752", "satellite": "A", "daynight": "D", "scan": 3.35, "track": 1.73}}, {"type": "Feature", "geometry": {"type": "Point", "coordinates": [102.24586, 20.69568]}, "properties": {"source_sensor": "VIIRS (Suomi NPP)", "frp": 161.9, "confidence": "nominal", "brightness_ti4": 332.12, "brightness_ti5": 293.19, "acq_date": "2026-04-06", "acq_time": "0542", "satellite": "N", "daynight": "D", "scan": 0.52, "track": 0.67}}, {"type": "Feature", "geometry": {"type": "Point", "coordinates": [102.24153, 20.70114]}, "properties": {"source_sensor": "VIIRS (Suomi NPP)", "frp": 161.9, "confidence": "high", "brightness_ti4": 367.0, "brightness_ti5": 314.2, "acq_date": "2026-04-06", "acq_time": "0542", "satellite": "N", "daynight": "D", "scan": 0.52, "track": 0.67}}, {"type": "Feature", "geometry": {"type": "Point", "coordinates": [49.64933, 46.39891]}, "properties": {"source_sensor": "MODIS (Aqua/Terra)", "frp": 161.58, "confidence": 74, "brightness": 356.81, "bright_t31": 303.0, "acq_date": "2026-04-07", "acq_time": "1151", "satellite": "A", "daynight": "D", "scan": 1.71, "track": 1.28}}, {"type": "Feature", "geometry": {"type": "Point", "coordinates": [101.07002, 20.02431]}, "properties": {"source_sensor": "MODIS (Aqua/Terra)", "frp": 161.42, "confidence": 89, "brightness": 338.42, "bright_t31": 297.47, "acq_date": "2026-04-06", "acq_time": "0750", "satellite": "A", "daynight": "D", "scan": 2.79, "track": 1.6}}, {"type": "Feature", "geometry": {"type": "Point", "coordinates": [-12.44558, 10.91185]}, "properties": {"source_sensor": "VIIRS (Suomi NPP)", "frp": 161.28, "confidence": "nominal", "brightness_ti4": 353.16, "brightness_ti5": 306.01, "acq_date": "2026-04-06", "acq_time": "1405", "satellite": "N", "daynight": "D", "scan": 0.43, "track": 0.38}}, {"type": "Feature", "geometry": {"type": "Point", "coordinates": [-12.44948, 10.91122]}, "properties": {"source_sensor": "VIIRS (Suomi NPP)", "frp": 161.28, "confidence": "low", "brightness_ti4": 367.0, "brightness_ti5": 370.01, "acq_date": "2026-04-06", "acq_time": "1405", "satellite": "N", "daynight": "D", "scan": 0.43, "track": 0.38}}, {"type": "Feature", "geometry": {"type": "Point", "coordinates": [-12.44623, 10.91532]}, "properties": {"source_sensor": "VIIRS (Suomi NPP)", "frp": 161.28, "confidence": "nominal", "brightness_ti4": 355.54, "brightness_ti5": 312.2, "acq_date": "2026-04-06", "acq_time": "1405", "satellite": "N", "daynight": "D", "scan": 0.43, "track": 0.38}}, {"type": "Feature", "geometry": {"type": "Point", "coordinates": [-12.45008, 10.9147]}, "properties": {"source_sensor": "VIIRS (Suomi NPP)", "frp": 161.28, "confidence": "low", "brightness_ti4": 355.6, "brightness_ti5": 312.45, "acq_date": "2026-04-06", "acq_time": "1405", "satellite": "N", "daynight": "D", "scan": 0.43, "track": 0.38}}, {"type": "Feature", "geometry": {"type": "Point", "coordinates": [49.66718, 46.4752]}, "properties": {"source_sensor": "VIIRS (Suomi NPP)", "frp": 160.92, "confidence": "low", "brightness_ti4": 367.0, "brightness_ti5": 327.57, "acq_date": "2026-04-06", "acq_time": "0911", "satellite": "N", "daynight": "D", "scan": 0.52, "track": 0.42}}, {"type": "Feature", "geometry": {"type": "Point", "coordinates": [92.74664, 21.33556]}, "properties": {"source_sensor": "VIIRS (Suomi NPP)", "frp": 160.86, "confidence": "nominal", "brightness_ti4": 349.71, "brightness_ti5": 308.9, "acq_date": "2026-04-06", "acq_time": "0722", "satellite": "N", "daynight": "D", "scan": 0.49, "track": 0.4}}, {"type": "Feature", "geometry": {"type": "Point", "coordinates": [-11.51442, 8.85709]}, "properties": {"source_sensor": "VIIRS (Suomi NPP)", "frp": 160.36, "confidence": "high", "brightness_ti4": 367.0, "brightness_ti5": 334.79, "acq_date": "2026-04-06", "acq_time": "1405", "satellite": "N", "daynight": "D", "scan": 0.41, "track": 0.37}}, {"type": "Feature", "geometry": {"type": "Point", "coordinates": [103.8797, 19.19786]}, "properties": {"source_sensor": "VIIRS (Suomi NPP)", "frp": 159.96, "confidence": "high", "brightness_ti4": 367.0, "brightness_ti5": 303.89, "acq_date": "2026-04-07", "acq_time": "0701", "satellite": "N", "daynight": "D", "scan": 0.37, "track": 0.58}}, {"type": "Feature", "geometry": {"type": "Point", "coordinates": [103.87365, 19.19724]}, "properties": {"source_sensor": "VIIRS (Suomi NPP)", "frp": 159.96, "confidence": "low", "brightness_ti4": 367.0, "brightness_ti5": 346.1, "acq_date": "2026-04-07", "acq_time": "0701", "satellite": "N", "daynight": "D", "scan": 0.37, "track": 0.58}}, {"type": "Feature", "geometry": {"type": "Point", "coordinates": [103.87306, 19.20265]}, "properties": {"source_sensor": "VIIRS (Suomi NPP)", "frp": 159.96, "confidence": "nominal", "brightness_ti4": 350.6, "brightness_ti5": 297.71, "acq_date": "2026-04-07", "acq_time": "0701", "satellite": "N", "daynight": "D", "scan": 0.37, "track": 0.58}}, {"type": "Feature", "geometry": {"type": "Point", "coordinates": [90.34776, 25.26706]}, "properties": {"source_sensor": "VIIRS (Suomi NPP)", "frp": 159.35, "confidence": "high", "brightness_ti4": 367.0, "brightness_ti5": 326.0, "acq_date": "2026-04-07", "acq_time": "0703", "satellite": "N", "daynight": "D", "scan": 0.42, "track": 0.38}}, {"type": "Feature", "geometry": {"type": "Point", "coordinates": [47.644, 45.46317]}, "properties": {"source_sensor": "VIIRS (Suomi NPP)", "frp": 159.32, "confidence": "high", "brightness_ti4": 367.0, "brightness_ti5": 303.9, "acq_date": "2026-04-06", "acq_time": "1051", "satellite": "N", "daynight": "D", "scan": 0.56, "track": 0.69}}, {"type": "Feature", "geometry": {"type": "Point", "coordinates": [102.48412, 20.78276]}, "properties": {"source_sensor": "VIIRS (Suomi NPP)", "frp": 159.28, "confidence": "high", "brightness_ti4": 367.0, "brightness_ti5": 299.56, "acq_date": "2026-04-06", "acq_time": "0542", "satellite": "N", "daynight": "D", "scan": 0.5, "track": 0.66}}, {"type": "Feature", "geometry": {"type": "Point", "coordinates": [102.47998, 20.7818]}, "properties": {"source_sensor": "VIIRS (Suomi NPP)", "frp": 159.28, "confidence": "low", "brightness_ti4": 208.0, "brightness_ti5": 307.39, "acq_date": "2026-04-06", "acq_time": "0542", "satellite": "N", "daynight": "D", "scan": 0.5, "track": 0.66}}, {"type": "Feature", "geometry": {"type": "Point", "coordinates": [104.33356, 19.75028]}, "properties": {"source_sensor": "VIIRS (Suomi NPP)", "frp": 159.01, "confidence": "high", "brightness_ti4": 367.0, "brightness_ti5": 308.43, "acq_date": "2026-04-06", "acq_time": "0542", "satellite": "N", "daynight": "D", "scan": 0.4, "track": 0.6}}, {"type": "Feature", "geometry": {"type": "Point", "coordinates": [98.82715, 11.48972]}, "properties": {"source_sensor": "MODIS (Aqua/Terra)", "frp": 158.92, "confidence": 100, "brightness": 373.55, "bright_t31": 302.61, "acq_date": "2026-04-07", "acq_time": "0824", "satellite": "A", "daynight": "D", "scan": 1.2, "track": 1.09}}, {"type": "Feature", "geometry": {"type": "Point", "coordinates": [152.52921, -25.58699]}, "properties": {"source_sensor": "MODIS (Aqua/Terra)", "frp": 158.29, "confidence": 95, "brightness": 348.99, "bright_t31": 299.45, "acq_date": "2026-04-07", "acq_time": "0459", "satellite": "A", "daynight": "D", "scan": 2.05, "track": 1.39}}, {"type": "Feature", "geometry": {"type": "Point", "coordinates": [101.83185, 18.192]}, "properties": {"source_sensor": "VIIRS (Suomi NPP)", "frp": 157.78, "confidence": "nominal", "brightness_ti4": 342.53, "brightness_ti5": 296.68, "acq_date": "2026-04-06", "acq_time": "0722", "satellite": "N", "daynight": "D", "scan": 0.54, "track": 0.68}}, {"type": "Feature", "geometry": {"type": "Point", "coordinates": [96.60631, 19.56186]}, "properties": {"source_sensor": "VIIRS (Suomi NPP)", "frp": 157.37, "confidence": "nominal", "brightness_ti4": 340.09, "brightness_ti5": 300.15, "acq_date": "2026-04-07", "acq_time": "0703", "satellite": "N", "daynight": "D", "scan": 0.43, "track": 0.38}}, {"type": "Feature", "geometry": {"type": "Point", "coordinates": [54.27615, 23.28262]}, "properties": {"source_sensor": "MODIS (Aqua/Terra)", "frp": 156.89, "confidence": 100, "brightness": 320.25, "bright_t31": 287.59, "acq_date": "2026-04-06", "acq_time": "2314", "satellite": "A", "daynight": "N", "scan": 4.19, "track": 1.9}}, {"type": "Feature", "geometry": {"type": "Point", "coordinates": [-155.29176, 19.41573]}, "properties": {"source_sensor": "MODIS (Aqua/Terra)", "frp": 156.74, "confidence": 100, "brightness": 338.91, "bright_t31": 279.85, "acq_date": "2026-04-06", "acq_time": "1323", "satellite": "A", "daynight": "N", "scan": 2.34, "track": 1.48}}, {"type": "Feature", "geometry": {"type": "Point", "coordinates": [97.29596, 22.76388]}, "properties": {"source_sensor": "MODIS (Aqua/Terra)", "frp": 156.42, "confidence": 80, "brightness": 326.84, "bright_t31": 298.24, "acq_date": "2026-04-06", "acq_time": "0752", "satellite": "A", "daynight": "D", "scan": 4.61, "track": 1.97}}, {"type": "Feature", "geometry": {"type": "Point", "coordinates": [48.84578, 46.06721]}, "properties": {"source_sensor": "VIIRS (Suomi NPP)", "frp": 156.33, "confidence": "high", "brightness_ti4": 367.0, "brightness_ti5": 346.45, "acq_date": "2026-04-06", "acq_time": "0911", "satellite": "N", "daynight": "D", "scan": 0.38, "track": 0.43}}, {"type": "Feature", "geometry": {"type": "Point", "coordinates": [48.84098, 46.06613]}, "properties": {"source_sensor": "VIIRS (Suomi NPP)", "frp": 156.33, "confidence": "nominal", "brightness_ti4": 347.18, "brightness_ti5": 294.79, "acq_date": "2026-04-06", "acq_time": "0911", "satellite": "N", "daynight": "D", "scan": 0.38, "track": 0.43}}, {"type": "Feature", "geometry": {"type": "Point", "coordinates": [48.84401, 46.07108]}, "properties": {"source_sensor": "VIIRS (Suomi NPP)", "frp": 156.33, "confidence": "high", "brightness_ti4": 367.0, "brightness_ti5": 338.62, "acq_date": "2026-04-06", "acq_time": "0911", "satellite": "N", "daynight": "D", "scan": 0.38, "track": 0.43}}, {"type": "Feature", "geometry": {"type": "Point", "coordinates": [48.83922, 46.07]}, "properties": {"source_sensor": "VIIRS (Suomi NPP)", "frp": 156.33, "confidence": "nominal", "brightness_ti4": 342.18, "brightness_ti5": 297.24, "acq_date": "2026-04-06", "acq_time": "0911", "satellite": "N", "daynight": "D", "scan": 0.38, "track": 0.43}}, {"type": "Feature", "geometry": {"type": "Point", "coordinates": [-11.84333, 7.61127]}, "properties": {"source_sensor": "MODIS (Aqua/Terra)", "frp": 156.31, "confidence": 94, "brightness": 381.99, "bright_t31": 300.85, "acq_date": "2026-04-06", "acq_time": "1558", "satellite": "A", "daynight": "D", "scan": 1.01, "track": 1.0}}, {"type": "Feature", "geometry": {"type": "Point", "coordinates": [93.53369, 20.44683]}, "properties": {"source_sensor": "VIIRS (Suomi NPP)", "frp": 155.91, "confidence": "nominal", "brightness_ti4": 351.32, "brightness_ti5": 294.79, "acq_date": "2026-04-06", "acq_time": "0722", "satellite": "N", "daynight": "D", "scan": 0.52, "track": 0.42}}, {"type": "Feature", "geometry": {"type": "Point", "coordinates": [105.26246, 17.07012]}, "properties": {"source_sensor": "MODIS (Aqua/Terra)", "frp": 155.77, "confidence": 100, "brightness": 362.77, "bright_t31": 307.76, "acq_date": "2026-04-06", "acq_time": "0748", "satellite": "A", "daynight": "D", "scan": 1.55, "track": 1.23}}, {"type": "Feature", "geometry": {"type": "Point", "coordinates": [101.35773, 26.40558]}, "properties": {"source_sensor": "MODIS (Aqua/Terra)", "frp": 155.61, "confidence": 100, "brightness": 379.79, "bright_t31": 301.44, "acq_date": "2026-04-06", "acq_time": "1359", "satellite": "T", "daynight": "N", "scan": 1.02, "track": 1.01}}, {"type": "Feature", "geometry": {"type": "Point", "coordinates": [47.64559, 45.46271]}, "properties": {"source_sensor": "VIIRS (Suomi NPP)", "frp": 155.27, "confidence": "high", "brightness_ti4": 367.0, "brightness_ti5": 294.4, "acq_date": "2026-04-06", "acq_time": "1051", "satellite": "N", "daynight": "D", "scan": 0.56, "track": 0.69}}, {"type": "Feature", "geometry": {"type": "Point", "coordinates": [103.46368, 19.88914]}, "properties": {"source_sensor": "VIIRS (Suomi NPP)", "frp": 154.95, "confidence": "high", "brightness_ti4": 367.0, "brightness_ti5": 299.52, "acq_date": "2026-04-06", "acq_time": "0542", "satellite": "N", "daynight": "D", "scan": 0.45, "track": 0.63}}, {"type": "Feature", "geometry": {"type": "Point", "coordinates": [96.89095, 18.45776]}, "properties": {"source_sensor": "MODIS (Aqua/Terra)", "frp": 154.64, "confidence": 94, "brightness": 371.28, "bright_t31": 301.61, "acq_date": "2026-04-07", "acq_time": "0826", "satellite": "A", "daynight": "D", "scan": 1.24, "track": 1.11}}, {"type": "Feature", "geometry": {"type": "Point", "coordinates": [102.80875, 18.93426]}, "properties": {"source_sensor": "VIIRS (Suomi NPP)", "frp": 154.56, "confidence": "nominal", "brightness_ti4": 338.6, "brightness_ti5": 305.3, "acq_date": "2026-04-07", "acq_time": "0701", "satellite": "N", "daynight": "D", "scan": 0.63, "track": 0.54}}, {"type": "Feature", "geometry": {"type": "Point", "coordinates": [127.9938, -18.61841]}, "properties": {"source_sensor": "MODIS (Aqua/Terra)", "frp": 154.45, "confidence": 100, "brightness": 361.88, "bright_t31": 308.88, "acq_date": "2026-04-07", "acq_time": "0640", "satellite": "A", "daynight": "D", "scan": 1.6, "track": 1.25}}, {"type": "Feature", "geometry": {"type": "Point", "coordinates": [-11.92111, 10.3605]}, "properties": {"source_sensor": "VIIRS (Suomi NPP)", "frp": 154.32, "confidence": "high", "brightness_ti4": 367.0, "brightness_ti5": 371.85, "acq_date": "2026-04-06", "acq_time": "1405", "satellite": "N", "daynight": "D", "scan": 0.41, "track": 0.37}}, {"type": "Feature", "geometry": {"type": "Point", "coordinates": [-11.91723, 10.36112]}, "properties": {"source_sensor": "VIIRS (Suomi NPP)", "frp": 154.32, "confidence": "nominal", "brightness_ti4": 338.33, "brightness_ti5": 308.87, "acq_date": "2026-04-06", "acq_time": "1405", "satellite": "N", "daynight": "D", "scan": 0.41, "track": 0.37}}, {"type": "Feature", "geometry": {"type": "Point", "coordinates": [-11.92158, 10.36394]}, "properties": {"source_sensor": "VIIRS (Suomi NPP)", "frp": 154.32, "confidence": "nominal", "brightness_ti4": 338.58, "brightness_ti5": 306.73, "acq_date": "2026-04-06", "acq_time": "1405", "satellite": "N", "daynight": "D", "scan": 0.41, "track": 0.37}}, {"type": "Feature", "geometry": {"type": "Point", "coordinates": [48.28218, 30.7517]}, "properties": {"source_sensor": "MODIS (Aqua/Terra)", "frp": 153.52, "confidence": 100, "brightness": 376.51, "bright_t31": 296.36, "acq_date": "2026-04-06", "acq_time": "1717", "satellite": "T", "daynight": "N", "scan": 1.07, "track": 1.03}}, {"type": "Feature", "geometry": {"type": "Point", "coordinates": [74.89567, 45.31082]}, "properties": {"source_sensor": "MODIS (Aqua/Terra)", "frp": 153.3, "confidence": 78, "brightness": 325.31, "bright_t31": 288.07, "acq_date": "2026-04-07", "acq_time": "0336", "satellite": "T", "daynight": "D", "scan": 3.8, "track": 1.82}}, {"type": "Feature", "geometry": {"type": "Point", "coordinates": [-71.88352, -36.66486]}, "properties": {"source_sensor": "MODIS (Aqua/Terra)", "frp": 153.28, "confidence": 100, "brightness": 372.97, "bright_t31": 300.31, "acq_date": "2026-04-06", "acq_time": "2042", "satellite": "A", "daynight": "D", "scan": 1.15, "track": 1.07}}, {"type": "Feature", "geometry": {"type": "Point", "coordinates": [98.01704, 18.72187]}, "properties": {"source_sensor": "MODIS (Aqua/Terra)", "frp": 153.2, "confidence": 100, "brightness": 378.05, "bright_t31": 295.7, "acq_date": "2026-04-07", "acq_time": "0826", "satellite": "A", "daynight": "D", "scan": 1.09, "track": 1.04}}, {"type": "Feature", "geometry": {"type": "Point", "coordinates": [96.82622, 22.9244]}, "properties": {"source_sensor": "VIIRS (Suomi NPP)", "frp": 153.09, "confidence": "high", "brightness_ti4": 367.0, "brightness_ti5": 334.55, "acq_date": "2026-04-07", "acq_time": "0703", "satellite": "N", "daynight": "D", "scan": 0.47, "track": 0.4}}, {"type": "Feature", "geometry": {"type": "Point", "coordinates": [96.82584, 22.92807]}, "properties": {"source_sensor": "VIIRS (Suomi NPP)", "frp": 153.09, "confidence": "nominal", "brightness_ti4": 354.94, "brightness_ti5": 296.87, "acq_date": "2026-04-07", "acq_time": "0703", "satellite": "N", "daynight": "D", "scan": 0.47, "track": 0.4}}, {"type": "Feature", "geometry": {"type": "Point", "coordinates": [103.56681, 12.85256]}, "properties": {"source_sensor": "MODIS (Aqua/Terra)", "frp": 153.09, "confidence": 91, "brightness": 344.49, "bright_t31": 293.65, "acq_date": "2026-04-06", "acq_time": "0748", "satellite": "A", "daynight": "D", "scan": 2.52, "track": 1.53}}, {"type": "Feature", "geometry": {"type": "Point", "coordinates": [-6.63075, 43.20837]}, "properties": {"source_sensor": "MODIS (Aqua/Terra)", "frp": 152.73, "confidence": 89, "brightness": 335.78, "bright_t31": 297.5, "acq_date": "2026-04-06", "acq_time": "1431", "satellite": "A", "daynight": "D", "scan": 2.83, "track": 1.61}}, {"type": "Feature", "geometry": {"type": "Point", "coordinates": [104.1188, 19.05107]}, "properties": {"source_sensor": "VIIRS (Suomi NPP)", "frp": 152.7, "confidence": "high", "brightness_ti4": 367.0, "brightness_ti5": 306.18, "acq_date": "2026-04-06", "acq_time": "0540", "satellite": "N", "daynight": "D", "scan": 0.43, "track": 0.62}}, {"type": "Feature", "geometry": {"type": "Point", "coordinates": [-11.60742, 7.78009]}, "properties": {"source_sensor": "VIIRS (Suomi NPP)", "frp": 152.64, "confidence": "low", "brightness_ti4": 340.25, "brightness_ti5": 300.96, "acq_date": "2026-04-06", "acq_time": "1403", "satellite": "N", "daynight": "D", "scan": 0.42, "track": 0.38}}, {"type": "Feature", "geometry": {"type": "Point", "coordinates": [105.15388, 13.19815]}, "properties": {"source_sensor": "VIIRS (Suomi NPP)", "frp": 152.52, "confidence": "low", "brightness_ti4": 208.0, "brightness_ti5": 305.98, "acq_date": "2026-04-06", "acq_time": "0540", "satellite": "N", "daynight": "D", "scan": 0.48, "track": 0.64}}, {"type": "Feature", "geometry": {"type": "Point", "coordinates": [50.02401, 26.7881]}, "properties": {"source_sensor": "MODIS (Aqua/Terra)", "frp": 152.19, "confidence": 100, "brightness": 329.83, "bright_t31": 288.56, "acq_date": "2026-04-07", "acq_time": "0052", "satellite": "A", "daynight": "N", "scan": 3.11, "track": 1.67}}, {"type": "Feature", "geometry": {"type": "Point", "coordinates": [102.19252, 20.98039]}, "properties": {"source_sensor": "MODIS (Aqua/Terra)", "frp": 152.15, "confidence": 79, "brightness": 321.47, "bright_t31": 293.54, "acq_date": "2026-04-06", "acq_time": "0304", "satellite": "T", "daynight": "D", "scan": 4.82, "track": 2.0}}, {"type": "Feature", "geometry": {"type": "Point", "coordinates": [100.97051, 21.17111]}, "properties": {"source_sensor": "VIIRS (Suomi NPP)", "frp": 152.01, "confidence": "nominal", "brightness_ti4": 340.71, "brightness_ti5": 295.07, "acq_date": "2026-04-07", "acq_time": "0703", "satellite": "N", "daynight": "D", "scan": 0.51, "track": 0.49}}, {"type": "Feature", "geometry": {"type": "Point", "coordinates": [104.11914, 19.04969]}, "properties": {"source_sensor": "VIIRS (Suomi NPP)", "frp": 151.5, "confidence": "high", "brightness_ti4": 367.0, "brightness_ti5": 306.34, "acq_date": "2026-04-06", "acq_time": "0540", "satellite": "N", "daynight": "D", "scan": 0.43, "track": 0.62}}, {"type": "Feature", "geometry": {"type": "Point", "coordinates": [100.93185, 20.56874]}, "properties": {"source_sensor": "MODIS (Aqua/Terra)", "frp": 151.37, "confidence": 89, "brightness": 338.09, "bright_t31": 299.06, "acq_date": "2026-04-06", "acq_time": "0750", "satellite": "A", "daynight": "D", "scan": 2.78, "track": 1.59}}, {"type": "Feature", "geometry": {"type": "Point", "coordinates": [104.00296, 18.65622]}, "properties": {"source_sensor": "VIIRS (Suomi NPP)", "frp": 151.06, "confidence": "high", "brightness_ti4": 367.0, "brightness_ti5": 297.35, "acq_date": "2026-04-06", "acq_time": "0722", "satellite": "N", "daynight": "D", "scan": 0.76, "track": 0.77}}, {"type": "Feature", "geometry": {"type": "Point", "coordinates": [102.33856, 18.17667]}, "properties": {"source_sensor": "MODIS (Aqua/Terra)", "frp": 151.04, "confidence": 100, "brightness": 375.27, "bright_t31": 307.81, "acq_date": "2026-04-07", "acq_time": "0826", "satellite": "A", "daynight": "D", "scan": 1.15, "track": 1.07}}, {"type": "Feature", "geometry": {"type": "Point", "coordinates": [-11.38817, 7.15953]}, "properties": {"source_sensor": "MODIS (Aqua/Terra)", "frp": 150.92, "confidence": 100, "brightness": 381.56, "bright_t31": 303.25, "acq_date": "2026-04-06", "acq_time": "1558", "satellite": "A", "daynight": "D", "scan": 1.0, "track": 1.0}}, {"type": "Feature", "geometry": {"type": "Point", "coordinates": [49.99468, 26.7944]}, "properties": {"source_sensor": "MODIS (Aqua/Terra)", "frp": 150.76, "confidence": 100, "brightness": 328.82, "bright_t31": 286.65, "acq_date": "2026-04-07", "acq_time": "0052", "satellite": "A", "daynight": "N", "scan": 3.09, "track": 1.67}}, {"type": "Feature", "geometry": {"type": "Point", "coordinates": [-11.4373, 8.90055]}, "properties": {"source_sensor": "VIIRS (Suomi NPP)", "frp": 150.62, "confidence": "low", "brightness_ti4": 321.2, "brightness_ti5": 324.39, "acq_date": "2026-04-06", "acq_time": "1405", "satellite": "N", "daynight": "D", "scan": 0.41, "track": 0.37}}, {"type": "Feature", "geometry": {"type": "Point", "coordinates": [101.5471, 20.53052]}, "properties": {"source_sensor": "MODIS (Aqua/Terra)", "frp": 150.3, "confidence": 100, "brightness": 375.1, "bright_t31": 304.65, "acq_date": "2026-04-07", "acq_time": "0828", "satellite": "A", "daynight": "D", "scan": 1.12, "track": 1.06}}, {"type": "Feature", "geometry": {"type": "Point", "coordinates": [-99.20501, 30.18757]}, "properties": {"source_sensor": "MODIS (Aqua/Terra)", "frp": 149.75, "confidence": 99, "brightness": 358.59, "bright_t31": 294.76, "acq_date": "2026-04-06", "acq_time": "1609", "satellite": "T", "daynight": "D", "scan": 1.52, "track": 1.22}}, {"type": "Feature", "geometry": {"type": "Point", "coordinates": [48.89225, 46.10299]}, "properties": {"source_sensor": "VIIRS (Suomi NPP)", "frp": 149.69, "confidence": "high", "brightness_ti4": 367.0, "brightness_ti5": 291.8, "acq_date": "2026-04-07", "acq_time": "1034", "satellite": "N", "daynight": "D", "scan": 0.38, "track": 0.59}}, {"type": "Feature", "geometry": {"type": "Point", "coordinates": [48.89186, 46.1085]}, "properties": {"source_sensor": "VIIRS (Suomi NPP)", "frp": 149.69, "confidence": "nominal", "brightness_ti4": 351.66, "brightness_ti5": 289.22, "acq_date": "2026-04-07", "acq_time": "1034", "satellite": "N", "daynight": "D", "scan": 0.38, "track": 0.59}}, {"type": "Feature", "geometry": {"type": "Point", "coordinates": [101.57819, 19.66349]}, "properties": {"source_sensor": "VIIRS (Suomi NPP)", "frp": 149.54, "confidence": "nominal", "brightness_ti4": 348.48, "brightness_ti5": 309.72, "acq_date": "2026-04-07", "acq_time": "0701", "satellite": "N", "daynight": "D", "scan": 0.53, "track": 0.5}}, {"type": "Feature", "geometry": {"type": "Point", "coordinates": [-102.69643, 18.98941]}, "properties": {"source_sensor": "MODIS (Aqua/Terra)", "frp": 149.44, "confidence": 100, "brightness": 364.79, "bright_t31": 305.37, "acq_date": "2026-04-06", "acq_time": "1613", "satellite": "T", "daynight": "D", "scan": 1.43, "track": 1.18}}, {"type": "Feature", "geometry": {"type": "Point", "coordinates": [98.57767, 17.2435]}, "properties": {"source_sensor": "MODIS (Aqua/Terra)", "frp": 149.37, "confidence": 100, "brightness": 378.59, "bright_t31": 308.46, "acq_date": "2026-04-07", "acq_time": "0826", "satellite": "A", "daynight": "D", "scan": 1.07, "track": 1.03}}, {"type": "Feature", "geometry": {"type": "Point", "coordinates": [49.59906, 46.44832]}, "properties": {"source_sensor": "VIIRS (Suomi NPP)", "frp": 149.12, "confidence": "nominal", "brightness_ti4": 341.34, "brightness_ti5": 310.27, "acq_date": "2026-04-06", "acq_time": "0911", "satellite": "N", "daynight": "D", "scan": 0.53, "track": 0.42}}, {"type": "Feature", "geometry": {"type": "Point", "coordinates": [49.5974, 46.45204]}, "properties": {"source_sensor": "VIIRS (Suomi NPP)", "frp": 149.12, "confidence": "low", "brightness_ti4": 367.0, "brightness_ti5": 327.27, "acq_date": "2026-04-06", "acq_time": "0911", "satellite": "N", "daynight": "D", "scan": 0.53, "track": 0.42}}, {"type": "Feature", "geometry": {"type": "Point", "coordinates": [100.81973, 19.80281]}, "properties": {"source_sensor": "MODIS (Aqua/Terra)", "frp": 148.83, "confidence": 100, "brightness": 379.02, "bright_t31": 301.99, "acq_date": "2026-04-07", "acq_time": "0826", "satellite": "A", "daynight": "D", "scan": 1.04, "track": 1.02}}, {"type": "Feature", "geometry": {"type": "Point", "coordinates": [92.93322, 21.30549]}, "properties": {"source_sensor": "VIIRS (Suomi NPP)", "frp": 148.41, "confidence": "nominal", "brightness_ti4": 345.9, "brightness_ti5": 305.93, "acq_date": "2026-04-06", "acq_time": "0722", "satellite": "N", "daynight": "D", "scan": 0.5, "track": 0.41}}, {"type": "Feature", "geometry": {"type": "Point", "coordinates": [48.12165, 45.57719]}, "properties": {"source_sensor": "VIIRS (Suomi NPP)", "frp": 148.35, "confidence": "low", "brightness_ti4": 208.0, "brightness_ti5": 304.47, "acq_date": "2026-04-06", "acq_time": "1051", "satellite": "N", "daynight": "D", "scan": 0.59, "track": 0.7}}, {"type": "Feature", "geometry": {"type": "Point", "coordinates": [48.11377, 45.58373]}, "properties": {"source_sensor": "VIIRS (Suomi NPP)", "frp": 148.35, "confidence": "high", "brightness_ti4": 367.0, "brightness_ti5": 290.59, "acq_date": "2026-04-06", "acq_time": "1051", "satellite": "N", "daynight": "D", "scan": 0.59, "track": 0.7}}, {"type": "Feature", "geometry": {"type": "Point", "coordinates": [48.12168, 45.58379]}, "properties": {"source_sensor": "VIIRS (Suomi NPP)", "frp": 148.35, "confidence": "low", "brightness_ti4": 208.0, "brightness_ti5": 300.7, "acq_date": "2026-04-06", "acq_time": "1051", "satellite": "N", "daynight": "D", "scan": 0.59, "track": 0.7}}, {"type": "Feature", "geometry": {"type": "Point", "coordinates": [104.31252, 19.71579]}, "properties": {"source_sensor": "VIIRS (Suomi NPP)", "frp": 147.57, "confidence": "high", "brightness_ti4": 367.0, "brightness_ti5": 297.34, "acq_date": "2026-04-07", "acq_time": "0523", "satellite": "N", "daynight": "D", "scan": 0.8, "track": 0.78}}, {"type": "Feature", "geometry": {"type": "Point", "coordinates": [104.31033, 19.72287]}, "properties": {"source_sensor": "VIIRS (Suomi NPP)", "frp": 147.57, "confidence": "high", "brightness_ti4": 367.0, "brightness_ti5": 296.49, "acq_date": "2026-04-07", "acq_time": "0523", "satellite": "N", "daynight": "D", "scan": 0.8, "track": 0.78}}, {"type": "Feature", "geometry": {"type": "Point", "coordinates": [106.29541, 16.7249]}, "properties": {"source_sensor": "VIIRS (Suomi NPP)", "frp": 147.36, "confidence": "high", "brightness_ti4": 367.0, "brightness_ti5": 307.5, "acq_date": "2026-04-06", "acq_time": "0540", "satellite": "N", "daynight": "D", "scan": 0.34, "track": 0.56}}, {"type": "Feature", "geometry": {"type": "Point", "coordinates": [106.29227, 16.72426]}, "properties": {"source_sensor": "VIIRS (Suomi NPP)", "frp": 147.36, "confidence": "high", "brightness_ti4": 367.0, "brightness_ti5": 327.46, "acq_date": "2026-04-06", "acq_time": "0540", "satellite": "N", "daynight": "D", "scan": 0.34, "track": 0.56}}, {"type": "Feature", "geometry": {"type": "Point", "coordinates": [106.29409, 16.73001]}, "properties": {"source_sensor": "VIIRS (Suomi NPP)", "frp": 147.36, "confidence": "high", "brightness_ti4": 367.0, "brightness_ti5": 301.08, "acq_date": "2026-04-06", "acq_time": "0540", "satellite": "N", "daynight": "D", "scan": 0.34, "track": 0.56}}, {"type": "Feature", "geometry": {"type": "Point", "coordinates": [-96.12676, 37.73918]}, "properties": {"source_sensor": "VIIRS (Suomi NPP)", "frp": 147.33, "confidence": "high", "brightness_ti4": 367.0, "brightness_ti5": 340.96, "acq_date": "2026-04-06", "acq_time": "1917", "satellite": "N", "daynight": "D", "scan": 0.42, "track": 0.38}}, {"type": "Feature", "geometry": {"type": "Point", "coordinates": [48.89141, 46.09836]}, "properties": {"source_sensor": "VIIRS (Suomi NPP)", "frp": 147.18, "confidence": "high", "brightness_ti4": 367.0, "brightness_ti5": 306.87, "acq_date": "2026-04-07", "acq_time": "1034", "satellite": "N", "daynight": "D", "scan": 0.38, "track": 0.59}}, {"type": "Feature", "geometry": {"type": "Point", "coordinates": [48.89102, 46.10387]}, "properties": {"source_sensor": "VIIRS (Suomi NPP)", "frp": 147.18, "confidence": "high", "brightness_ti4": 367.0, "brightness_ti5": 301.16, "acq_date": "2026-04-07", "acq_time": "1034", "satellite": "N", "daynight": "D", "scan": 0.38, "track": 0.59}}, {"type": "Feature", "geometry": {"type": "Point", "coordinates": [130.26852, 48.95826]}, "properties": {"source_sensor": "MODIS (Aqua/Terra)", "frp": 146.98, "confidence": 79, "brightness": 319.63, "bright_t31": 278.83, "acq_date": "2026-04-07", "acq_time": "0657", "satellite": "A", "daynight": "D", "scan": 4.25, "track": 1.91}}, {"type": "Feature", "geometry": {"type": "Point", "coordinates": [97.11121, 18.23561]}, "properties": {"source_sensor": "MODIS (Aqua/Terra)", "frp": 146.92, "confidence": 100, "brightness": 369.92, "bright_t31": 295.17, "acq_date": "2026-04-07", "acq_time": "0826", "satellite": "A", "daynight": "D", "scan": 1.21, "track": 1.09}}, {"type": "Feature", "geometry": {"type": "Point", "coordinates": [130.1969, 49.01199]}, "properties": {"source_sensor": "MODIS (Aqua/Terra)", "frp": 146.75, "confidence": 92, "brightness": 340.3, "bright_t31": 281.99, "acq_date": "2026-04-07", "acq_time": "0518", "satellite": "A", "daynight": "D", "scan": 2.22, "track": 1.44}}, {"type": "Feature", "geometry": {"type": "Point", "coordinates": [106.29652, 16.36922]}, "properties": {"source_sensor": "MODIS (Aqua/Terra)", "frp": 146.52, "confidence": 100, "brightness": 366.58, "bright_t31": 304.05, "acq_date": "2026-04-06", "acq_time": "0748", "satellite": "A", "daynight": "D", "scan": 1.35, "track": 1.15}}, {"type": "Feature", "geometry": {"type": "Point", "coordinates": [98.04967, 25.61683]}, "properties": {"source_sensor": "VIIRS (Suomi NPP)", "frp": 146.16, "confidence": "high", "brightness_ti4": 367.0, "brightness_ti5": 307.73, "acq_date": "2026-04-06", "acq_time": "0724", "satellite": "N", "daynight": "D", "scan": 0.38, "track": 0.59}}, {"type": "Feature", "geometry": {"type": "Point", "coordinates": [98.04858, 25.62224]}, "properties": {"source_sensor": "VIIRS (Suomi NPP)", "frp": 146.16, "confidence": "high", "brightness_ti4": 367.0, "brightness_ti5": 336.06, "acq_date": "2026-04-06", "acq_time": "0724", "satellite": "N", "daynight": "D", "scan": 0.38, "track": 0.59}}, {"type": "Feature", "geometry": {"type": "Point", "coordinates": [98.05166, 25.6225]}, "properties": {"source_sensor": "VIIRS (Suomi NPP)", "frp": 146.16, "confidence": "nominal", "brightness_ti4": 356.38, "brightness_ti5": 294.69, "acq_date": "2026-04-06", "acq_time": "0724", "satellite": "N", "daynight": "D", "scan": 0.38, "track": 0.59}}, {"type": "Feature", "geometry": {"type": "Point", "coordinates": [124.87901, -18.27496]}, "properties": {"source_sensor": "MODIS (Aqua/Terra)", "frp": 145.88, "confidence": 83, "brightness": 339.71, "bright_t31": 297.3, "acq_date": "2026-04-07", "acq_time": "0640", "satellite": "A", "daynight": "D", "scan": 2.73, "track": 1.58}}, {"type": "Feature", "geometry": {"type": "Point", "coordinates": [103.50851, 12.91792]}, "properties": {"source_sensor": "MODIS (Aqua/Terra)", "frp": 145.88, "confidence": 100, "brightness": 374.9, "bright_t31": 309.26, "acq_date": "2026-04-07", "acq_time": "0826", "satellite": "A", "daynight": "D", "scan": 1.16, "track": 1.07}}, {"type": "Feature", "geometry": {"type": "Point", "coordinates": [96.69955, 19.63225]}, "properties": {"source_sensor": "MODIS (Aqua/Terra)", "frp": 145.8, "confidence": 100, "brightness": 369.8, "bright_t31": 303.4, "acq_date": "2026-04-07", "acq_time": "0826", "satellite": "A", "daynight": "D", "scan": 1.22, "track": 1.1}}, {"type": "Feature", "geometry": {"type": "Point", "coordinates": [101.23067, 20.07886]}, "properties": {"source_sensor": "VIIRS (Suomi NPP)", "frp": 145.66, "confidence": "nominal", "brightness_ti4": 349.92, "brightness_ti5": 304.64, "acq_date": "2026-04-07", "acq_time": "0703", "satellite": "N", "daynight": "D", "scan": 0.51, "track": 0.5}}, {"type": "Feature", "geometry": {"type": "Point", "coordinates": [101.23577, 20.0841]}, "properties": {"source_sensor": "VIIRS (Suomi NPP)", "frp": 145.66, "confidence": "high", "brightness_ti4": 367.0, "brightness_ti5": 334.08, "acq_date": "2026-04-07", "acq_time": "0703", "satellite": "N", "daynight": "D", "scan": 0.51, "track": 0.5}}, {"type": "Feature", "geometry": {"type": "Point", "coordinates": [101.2308, 20.08354]}, "properties": {"source_sensor": "VIIRS (Suomi NPP)", "frp": 145.66, "confidence": "nominal", "brightness_ti4": 351.25, "brightness_ti5": 306.89, "acq_date": "2026-04-07", "acq_time": "0703", "satellite": "N", "daynight": "D", "scan": 0.51, "track": 0.5}}, {"type": "Feature", "geometry": {"type": "Point", "coordinates": [-99.21193, 30.18341]}, "properties": {"source_sensor": "MODIS (Aqua/Terra)", "frp": 145.48, "confidence": 99, "brightness": 357.55, "bright_t31": 294.9, "acq_date": "2026-04-06", "acq_time": "1609", "satellite": "T", "daynight": "D", "scan": 1.52, "track": 1.22}}, {"type": "Feature", "geometry": {"type": "Point", "coordinates": [135.14412, -20.26293]}, "properties": {"source_sensor": "MODIS (Aqua/Terra)", "frp": 145.46, "confidence": 100, "brightness": 375.34, "bright_t31": 306.49, "acq_date": "2026-04-07", "acq_time": "0640", "satellite": "A", "daynight": "D", "scan": 1.11, "track": 1.05}}, {"type": "Feature", "geometry": {"type": "Point", "coordinates": [-99.12541, 37.40822]}, "properties": {"source_sensor": "MODIS (Aqua/Terra)", "frp": 145.05, "confidence": 100, "brightness": 371.54, "bright_t31": 301.06, "acq_date": "2026-04-06", "acq_time": "1609", "satellite": "T", "daynight": "D", "scan": 1.16, "track": 1.07}}, {"type": "Feature", "geometry": {"type": "Point", "coordinates": [-8.555, 42.22012]}, "properties": {"source_sensor": "VIIRS (Suomi NPP)", "frp": 144.52, "confidence": "nominal", "brightness_ti4": 344.36, "brightness_ti5": 286.86, "acq_date": "2026-04-06", "acq_time": "1414", "satellite": "N", "daynight": "D", "scan": 0.57, "track": 0.52}}, {"type": "Feature", "geometry": {"type": "Point", "coordinates": [66.13598, 54.34958]}, "properties": {"source_sensor": "MODIS (Aqua/Terra)", "frp": 144.4, "confidence": 69, "brightness": 318.11, "bright_t31": 286.27, "acq_date": "2026-04-06", "acq_time": "1117", "satellite": "A", "daynight": "D", "scan": 4.64, "track": 1.97}}, {"type": "Feature", "geometry": {"type": "Point", "coordinates": [128.30165, -18.17979]}, "properties": {"source_sensor": "MODIS (Aqua/Terra)", "frp": 144.3, "confidence": 100, "brightness": 361.51, "bright_t31": 306.73, "acq_date": "2026-04-07", "acq_time": "0640", "satellite": "A", "daynight": "D", "scan": 1.5, "track": 1.21}}, {"type": "Feature", "geometry": {"type": "Point", "coordinates": [105.26892, 17.94839]}, "properties": {"source_sensor": "VIIRS (Suomi NPP)", "frp": 144.2, "confidence": "nominal", "brightness_ti4": 333.26, "brightness_ti5": 297.94, "acq_date": "2026-04-07", "acq_time": "0701", "satellite": "N", "daynight": "D", "scan": 0.44, "track": 0.63}}, {"type": "Feature", "geometry": {"type": "Point", "coordinates": [100.92976, 20.57169]}, "properties": {"source_sensor": "VIIRS (Suomi NPP)", "frp": 144.01, "confidence": "low", "brightness_ti4": 208.0, "brightness_ti5": 304.54, "acq_date": "2026-04-06", "acq_time": "0722", "satellite": "N", "daynight": "D", "scan": 0.51, "track": 0.66}}, {"type": "Feature", "geometry": {"type": "Point", "coordinates": [104.45604, 19.71477]}, "properties": {"source_sensor": "VIIRS (Suomi NPP)", "frp": 143.88, "confidence": "nominal", "brightness_ti4": 343.2, "brightness_ti5": 302.31, "acq_date": "2026-04-06", "acq_time": "0542", "satellite": "N", "daynight": "D", "scan": 0.4, "track": 0.6}}, {"type": "Feature", "geometry": {"type": "Point", "coordinates": [104.45923, 19.71546]}, "properties": {"source_sensor": "VIIRS (Suomi NPP)", "frp": 143.88, "confidence": "low", "brightness_ti4": 208.0, "brightness_ti5": 313.41, "acq_date": "2026-04-06", "acq_time": "0542", "satellite": "N", "daynight": "D", "scan": 0.4, "track": 0.6}}, {"type": "Feature", "geometry": {"type": "Point", "coordinates": [97.446, 23.84571]}, "properties": {"source_sensor": "VIIRS (Suomi NPP)", "frp": 143.83, "confidence": "nominal", "brightness_ti4": 342.37, "brightness_ti5": 296.42, "acq_date": "2026-04-07", "acq_time": "0703", "satellite": "N", "daynight": "D", "scan": 0.51, "track": 0.41}}, {"type": "Feature", "geometry": {"type": "Point", "coordinates": [97.44536, 23.84951]}, "properties": {"source_sensor": "VIIRS (Suomi NPP)", "frp": 143.83, "confidence": "low", "brightness_ti4": 367.0, "brightness_ti5": 329.24, "acq_date": "2026-04-07", "acq_time": "0703", "satellite": "N", "daynight": "D", "scan": 0.51, "track": 0.41}}, {"type": "Feature", "geometry": {"type": "Point", "coordinates": [105.88203, 17.16051]}, "properties": {"source_sensor": "VIIRS (Suomi NPP)", "frp": 143.82, "confidence": "high", "brightness_ti4": 367.0, "brightness_ti5": 297.74, "acq_date": "2026-04-07", "acq_time": "0701", "satellite": "N", "daynight": "D", "scan": 0.47, "track": 0.64}}, {"type": "Feature", "geometry": {"type": "Point", "coordinates": [94.17113, 24.04507]}, "properties": {"source_sensor": "VIIRS (Suomi NPP)", "frp": 143.43, "confidence": "nominal", "brightness_ti4": 349.07, "brightness_ti5": 289.82, "acq_date": "2026-04-06", "acq_time": "0724", "satellite": "N", "daynight": "D", "scan": 0.42, "track": 0.45}}, {"type": "Feature", "geometry": {"type": "Point", "coordinates": [103.34738, 20.7324]}, "properties": {"source_sensor": "VIIRS (Suomi NPP)", "frp": 142.92, "confidence": "high", "brightness_ti4": 367.0, "brightness_ti5": 318.12, "acq_date": "2026-04-06", "acq_time": "0542", "satellite": "N", "daynight": "D", "scan": 0.44, "track": 0.63}}, {"type": "Feature", "geometry": {"type": "Point", "coordinates": [103.35057, 20.73312]}, "properties": {"source_sensor": "VIIRS (Suomi NPP)", "frp": 142.92, "confidence": "nominal", "brightness_ti4": 337.53, "brightness_ti5": 291.44, "acq_date": "2026-04-06", "acq_time": "0542", "satellite": "N", "daynight": "D", "scan": 0.44, "track": 0.63}}, {"type": "Feature", "geometry": {"type": "Point", "coordinates": [-12.31392, 9.91099]}, "properties": {"source_sensor": "VIIRS (Suomi NPP)", "frp": 142.76, "confidence": "low", "brightness_ti4": 367.0, "brightness_ti5": 333.87, "acq_date": "2026-04-06", "acq_time": "1405", "satellite": "N", "daynight": "D", "scan": 0.43, "track": 0.38}}, {"type": "Feature", "geometry": {"type": "Point", "coordinates": [-96.5428, 37.06396]}, "properties": {"source_sensor": "MODIS (Aqua/Terra)", "frp": 142.52, "confidence": 98, "brightness": 355.83, "bright_t31": 297.31, "acq_date": "2026-04-06", "acq_time": "1609", "satellite": "T", "daynight": "D", "scan": 1.6, "track": 1.24}}, {"type": "Feature", "geometry": {"type": "Point", "coordinates": [74.86859, 45.31907]}, "properties": {"source_sensor": "VIIRS (Suomi NPP)", "frp": 142.47, "confidence": "nominal", "brightness_ti4": 345.86, "brightness_ti5": 297.54, "acq_date": "2026-04-07", "acq_time": "0712", "satellite": "N", "daynight": "D", "scan": 0.6, "track": 0.53}}, {"type": "Feature", "geometry": {"type": "Point", "coordinates": [74.86612, 45.32373]}, "properties": {"source_sensor": "VIIRS (Suomi NPP)", "frp": 142.47, "confidence": "low", "brightness_ti4": 367.0, "brightness_ti5": 331.85, "acq_date": "2026-04-07", "acq_time": "0712", "satellite": "N", "daynight": "D", "scan": 0.6, "track": 0.53}}, {"type": "Feature", "geometry": {"type": "Point", "coordinates": [74.85873, 45.32177]}, "properties": {"source_sensor": "VIIRS (Suomi NPP)", "frp": 142.47, "confidence": "low", "brightness_ti4": 310.98, "brightness_ti5": 313.4, "acq_date": "2026-04-07", "acq_time": "0712", "satellite": "N", "daynight": "D", "scan": 0.6, "track": 0.53}}, {"type": "Feature", "geometry": {"type": "Point", "coordinates": [103.58888, 12.85656]}, "properties": {"source_sensor": "MODIS (Aqua/Terra)", "frp": 142.27, "confidence": 89, "brightness": 341.65, "bright_t31": 298.22, "acq_date": "2026-04-06", "acq_time": "0748", "satellite": "A", "daynight": "D", "scan": 2.51, "track": 1.52}}, {"type": "Feature", "geometry": {"type": "Point", "coordinates": [101.15926, 20.24161]}, "properties": {"source_sensor": "VIIRS (Suomi NPP)", "frp": 142.24, "confidence": "high", "brightness_ti4": 367.0, "brightness_ti5": 297.42, "acq_date": "2026-04-06", "acq_time": "0542", "satellite": "N", "daynight": "D", "scan": 0.62, "track": 0.71}}, {"type": "Feature", "geometry": {"type": "Point", "coordinates": [101.15307, 20.24017]}, "properties": {"source_sensor": "VIIRS (Suomi NPP)", "frp": 142.24, "confidence": "nominal", "brightness_ti4": 336.82, "brightness_ti5": 297.47, "acq_date": "2026-04-06", "acq_time": "0542", "satellite": "N", "daynight": "D", "scan": 0.62, "track": 0.71}}, {"type": "Feature", "geometry": {"type": "Point", "coordinates": [106.7747, 14.67615]}, "properties": {"source_sensor": "MODIS (Aqua/Terra)", "frp": 142.15, "confidence": 100, "brightness": 366.47, "bright_t31": 308.6, "acq_date": "2026-04-06", "acq_time": "0748", "satellite": "A", "daynight": "D", "scan": 1.34, "track": 1.15}}, {"type": "Feature", "geometry": {"type": "Point", "coordinates": [97.85083, 17.68534]}, "properties": {"source_sensor": "MODIS (Aqua/Terra)", "frp": 141.96, "confidence": 100, "brightness": 373.13, "bright_t31": 298.48, "acq_date": "2026-04-07", "acq_time": "0826", "satellite": "A", "daynight": "D", "scan": 1.13, "track": 1.06}}, {"type": "Feature", "geometry": {"type": "Point", "coordinates": [117.16724, -34.33434]}, "properties": {"source_sensor": "VIIRS (Suomi NPP)", "frp": 141.79, "confidence": "nominal", "brightness_ti4": 355.25, "brightness_ti5": 310.22, "acq_date": "2026-04-07", "acq_time": "0648", "satellite": "N", "daynight": "D", "scan": 0.62, "track": 0.54}}, {"type": "Feature", "geometry": {"type": "Point", "coordinates": [90.35187, 25.26775]}, "properties": {"source_sensor": "VIIRS (Suomi NPP)", "frp": 141.78, "confidence": "nominal", "brightness_ti4": 344.59, "brightness_ti5": 308.28, "acq_date": "2026-04-07", "acq_time": "0703", "satellite": "N", "daynight": "D", "scan": 0.42, "track": 0.38}}, {"type": "Feature", "geometry": {"type": "Point", "coordinates": [48.8518, 46.12391]}, "properties": {"source_sensor": "VIIRS (Suomi NPP)", "frp": 141.63, "confidence": "low", "brightness_ti4": 333.91, "brightness_ti5": 306.54, "acq_date": "2026-04-07", "acq_time": "0852", "satellite": "N", "daynight": "D", "scan": 0.61, "track": 0.53}}, {"type": "Feature", "geometry": {"type": "Point", "coordinates": [-12.87954, 7.87317]}, "properties": {"source_sensor": "VIIRS (Suomi NPP)", "frp": 141.62, "confidence": "low", "brightness_ti4": 338.99, "brightness_ti5": 301.13, "acq_date": "2026-04-06", "acq_time": "1403", "satellite": "N", "daynight": "D", "scan": 0.48, "track": 0.4}}, {"type": "Feature", "geometry": {"type": "Point", "coordinates": [-12.54976, 7.80196]}, "properties": {"source_sensor": "MODIS (Aqua/Terra)", "frp": 141.6, "confidence": 100, "brightness": 377.29, "bright_t31": 302.68, "acq_date": "2026-04-06", "acq_time": "1558", "satellite": "A", "daynight": "D", "scan": 1.04, "track": 1.02}}, {"type": "Feature", "geometry": {"type": "Point", "coordinates": [-11.30758, 9.29441]}, "properties": {"source_sensor": "VIIRS (Suomi NPP)", "frp": 141.51, "confidence": "low", "brightness_ti4": 367.0, "brightness_ti5": 329.35, "acq_date": "2026-04-06", "acq_time": "1405", "satellite": "N", "daynight": "D", "scan": 0.4, "track": 0.37}}, {"type": "Feature", "geometry": {"type": "Point", "coordinates": [-6.52333, 43.03086]}, "properties": {"source_sensor": "MODIS (Aqua/Terra)", "frp": 141.39, "confidence": 100, "brightness": 366.38, "bright_t31": 283.34, "acq_date": "2026-04-06", "acq_time": "2036", "satellite": "T", "daynight": "N", "scan": 1.21, "track": 1.09}}, {"type": "Feature", "geometry": {"type": "Point", "coordinates": [96.22394, 18.45912]}, "properties": {"source_sensor": "VIIRS (Suomi NPP)", "frp": 141.17, "confidence": "nominal", "brightness_ti4": 342.82, "brightness_ti5": 298.79, "acq_date": "2026-04-06", "acq_time": "0722", "satellite": "N", "daynight": "D", "scan": 0.47, "track": 0.48}}, {"type": "Feature", "geometry": {"type": "Point", "coordinates": [-95.82108, 36.86659]}, "properties": {"source_sensor": "MODIS (Aqua/Terra)", "frp": 141.16, "confidence": 96, "brightness": 350.79, "bright_t31": 295.4, "acq_date": "2026-04-06", "acq_time": "1609", "satellite": "T", "daynight": "D", "scan": 1.78, "track": 1.31}}, {"type": "Feature", "geometry": {"type": "Point", "coordinates": [102.15993, 19.5356]}, "properties": {"source_sensor": "MODIS (Aqua/Terra)", "frp": 141.16, "confidence": 100, "brightness": 371.16, "bright_t31": 305.11, "acq_date": "2026-04-07", "acq_time": "0826", "satellite": "A", "daynight": "D", "scan": 1.17, "track": 1.08}}, {"type": "Feature", "geometry": {"type": "Point", "coordinates": [102.20068, 18.60776]}, "properties": {"source_sensor": "MODIS (Aqua/Terra)", "frp": 141.07, "confidence": 100, "brightness": 367.05, "bright_t31": 300.11, "acq_date": "2026-04-07", "acq_time": "0204", "satellite": "T", "daynight": "D", "scan": 1.25, "track": 1.11}}, {"type": "Feature", "geometry": {"type": "Point", "coordinates": [130.19897, 49.01402]}, "properties": {"source_sensor": "VIIRS (Suomi NPP)", "frp": 141.05, "confidence": "low", "brightness_ti4": 356.33, "brightness_ti5": 279.96, "acq_date": "2026-04-07", "acq_time": "0529", "satellite": "N", "daynight": "D", "scan": 0.68, "track": 0.74}}, {"type": "Feature", "geometry": {"type": "Point", "coordinates": [48.56598, 46.13042]}, "properties": {"source_sensor": "MODIS (Aqua/Terra)", "frp": 141.04, "confidence": 100, "brightness": 369.9, "bright_t31": 302.07, "acq_date": "2026-04-06", "acq_time": "1115", "satellite": "A", "daynight": "D", "scan": 1.18, "track": 1.08}}, {"type": "Feature", "geometry": {"type": "Point", "coordinates": [96.87804, 18.46555]}, "properties": {"source_sensor": "MODIS (Aqua/Terra)", "frp": 140.92, "confidence": 100, "brightness": 368.3, "bright_t31": 301.51, "acq_date": "2026-04-07", "acq_time": "0826", "satellite": "A", "daynight": "D", "scan": 1.24, "track": 1.11}}, {"type": "Feature", "geometry": {"type": "Point", "coordinates": [-94.58328, 37.44723]}, "properties": {"source_sensor": "MODIS (Aqua/Terra)", "frp": 140.91, "confidence": 94, "brightness": 344.42, "bright_t31": 292.11, "acq_date": "2026-04-06", "acq_time": "1609", "satellite": "T", "daynight": "D", "scan": 2.06, "track": 1.4}}, {"type": "Feature", "geometry": {"type": "Point", "coordinates": [-11.44446, 9.5316]}, "properties": {"source_sensor": "VIIRS (Suomi NPP)", "frp": 140.63, "confidence": "low", "brightness_ti4": 332.89, "brightness_ti5": 305.77, "acq_date": "2026-04-06", "acq_time": "1405", "satellite": "N", "daynight": "D", "scan": 0.41, "track": 0.37}}, {"type": "Feature", "geometry": {"type": "Point", "coordinates": [101.33433, 19.85887]}, "properties": {"source_sensor": "VIIRS (Suomi NPP)", "frp": 140.59, "confidence": "nominal", "brightness_ti4": 330.43, "brightness_ti5": 297.52, "acq_date": "2026-04-07", "acq_time": "0703", "satellite": "N", "daynight": "D", "scan": 0.52, "track": 0.5}}, {"type": "Feature", "geometry": {"type": "Point", "coordinates": [101.32887, 19.85826]}, "properties": {"source_sensor": "VIIRS (Suomi NPP)", "frp": 140.59, "confidence": "nominal", "brightness_ti4": 341.24, "brightness_ti5": 299.22, "acq_date": "2026-04-07", "acq_time": "0703", "satellite": "N", "daynight": "D", "scan": 0.52, "track": 0.5}}, {"type": "Feature", "geometry": {"type": "Point", "coordinates": [101.33222, 19.86332]}, "properties": {"source_sensor": "VIIRS (Suomi NPP)", "frp": 140.59, "confidence": "nominal", "brightness_ti4": 346.38, "brightness_ti5": 306.84, "acq_date": "2026-04-07", "acq_time": "0703", "satellite": "N", "daynight": "D", "scan": 0.52, "track": 0.5}}, {"type": "Feature", "geometry": {"type": "Point", "coordinates": [97.45882, 18.18846]}, "properties": {"source_sensor": "MODIS (Aqua/Terra)", "frp": 140.51, "confidence": 100, "brightness": 370.82, "bright_t31": 301.4, "acq_date": "2026-04-07", "acq_time": "0826", "satellite": "A", "daynight": "D", "scan": 1.16, "track": 1.07}}, {"type": "Feature", "geometry": {"type": "Point", "coordinates": [98.17522, 18.66274]}, "properties": {"source_sensor": "MODIS (Aqua/Terra)", "frp": 140.51, "confidence": 100, "brightness": 375.19, "bright_t31": 304.56, "acq_date": "2026-04-07", "acq_time": "0826", "satellite": "A", "daynight": "D", "scan": 1.07, "track": 1.03}}, {"type": "Feature", "geometry": {"type": "Point", "coordinates": [100.91787, 19.90923]}, "properties": {"source_sensor": "VIIRS (Suomi NPP)", "frp": 140.11, "confidence": "nominal", "brightness_ti4": 340.24, "brightness_ti5": 299.27, "acq_date": "2026-04-07", "acq_time": "0703", "satellite": "N", "daynight": "D", "scan": 0.49, "track": 0.48}}, {"type": "Feature", "geometry": {"type": "Point", "coordinates": [100.917, 19.91369]}, "properties": {"source_sensor": "VIIRS (Suomi NPP)", "frp": 140.11, "confidence": "high", "brightness_ti4": 367.0, "brightness_ti5": 333.95, "acq_date": "2026-04-07", "acq_time": "0703", "satellite": "N", "daynight": "D", "scan": 0.49, "track": 0.48}}, {"type": "Feature", "geometry": {"type": "Point", "coordinates": [100.92109, 19.91415]}, "properties": {"source_sensor": "VIIRS (Suomi NPP)", "frp": 140.11, "confidence": "nominal", "brightness_ti4": 349.85, "brightness_ti5": 300.26, "acq_date": "2026-04-07", "acq_time": "0703", "satellite": "N", "daynight": "D", "scan": 0.49, "track": 0.49}}, {"type": "Feature", "geometry": {"type": "Point", "coordinates": [96.48081, 19.54098]}, "properties": {"source_sensor": "VIIRS (Suomi NPP)", "frp": 140.0, "confidence": "nominal", "brightness_ti4": 351.53, "brightness_ti5": 305.29, "acq_date": "2026-04-07", "acq_time": "0703", "satellite": "N", "daynight": "D", "scan": 0.42, "track": 0.38}}, {"type": "Feature", "geometry": {"type": "Point", "coordinates": [96.48013, 19.54443]}, "properties": {"source_sensor": "VIIRS (Suomi NPP)", "frp": 140.0, "confidence": "high", "brightness_ti4": 367.0, "brightness_ti5": 361.75, "acq_date": "2026-04-07", "acq_time": "0703", "satellite": "N", "daynight": "D", "scan": 0.42, "track": 0.38}}, {"type": "Feature", "geometry": {"type": "Point", "coordinates": [96.48412, 19.54498]}, "properties": {"source_sensor": "VIIRS (Suomi NPP)", "frp": 140.0, "confidence": "nominal", "brightness_ti4": 338.0, "brightness_ti5": 299.91, "acq_date": "2026-04-07", "acq_time": "0703", "satellite": "N", "daynight": "D", "scan": 0.42, "track": 0.38}}, {"type": "Feature", "geometry": {"type": "Point", "coordinates": [97.40742, 18.20067]}, "properties": {"source_sensor": "VIIRS (Suomi NPP)", "frp": 139.97, "confidence": "high", "brightness_ti4": 367.0, "brightness_ti5": 329.33, "acq_date": "2026-04-07", "acq_time": "0701", "satellite": "N", "daynight": "D", "scan": 0.45, "track": 0.39}}, {"type": "Feature", "geometry": {"type": "Point", "coordinates": [96.84795, 23.27596]}, "properties": {"source_sensor": "VIIRS (Suomi NPP)", "frp": 139.94, "confidence": "nominal", "brightness_ti4": 346.6, "brightness_ti5": 298.47, "acq_date": "2026-04-07", "acq_time": "0703", "satellite": "N", "daynight": "D", "scan": 0.47, "track": 0.4}}, {"type": "Feature", "geometry": {"type": "Point", "coordinates": [102.24429, 20.70135]}, "properties": {"source_sensor": "VIIRS (Suomi NPP)", "frp": 139.58, "confidence": "high", "brightness_ti4": 367.0, "brightness_ti5": 297.42, "acq_date": "2026-04-06", "acq_time": "0542", "satellite": "N", "daynight": "D", "scan": 0.52, "track": 0.67}}, {"type": "Feature", "geometry": {"type": "Point", "coordinates": [102.2415, 20.70713]}, "properties": {"source_sensor": "VIIRS (Suomi NPP)", "frp": 139.58, "confidence": "high", "brightness_ti4": 367.0, "brightness_ti5": 295.81, "acq_date": "2026-04-06", "acq_time": "0542", "satellite": "N", "daynight": "D", "scan": 0.52, "track": 0.67}}, {"type": "Feature", "geometry": {"type": "Point", "coordinates": [103.75852, 18.82259]}, "properties": {"source_sensor": "VIIRS (Suomi NPP)", "frp": 139.38, "confidence": "high", "brightness_ti4": 367.0, "brightness_ti5": 301.21, "acq_date": "2026-04-07", "acq_time": "0701", "satellite": "N", "daynight": "D", "scan": 0.36, "track": 0.57}}, {"type": "Feature", "geometry": {"type": "Point", "coordinates": [102.2523, 20.60313]}, "properties": {"source_sensor": "VIIRS (Suomi NPP)", "frp": 139.23, "confidence": "high", "brightness_ti4": 367.0, "brightness_ti5": 300.24, "acq_date": "2026-04-06", "acq_time": "0722", "satellite": "N", "daynight": "D", "scan": 0.61, "track": 0.71}}, {"type": "Feature", "geometry": {"type": "Point", "coordinates": [102.25938, 20.60373]}, "properties": {"source_sensor": "VIIRS (Suomi NPP)", "frp": 139.23, "confidence": "nominal", "brightness_ti4": 332.07, "brightness_ti5": 293.66, "acq_date": "2026-04-06", "acq_time": "0722", "satellite": "N", "daynight": "D", "scan": 0.61, "track": 0.71}}, {"type": "Feature", "geometry": {"type": "Point", "coordinates": [97.93534, 17.82954]}, "properties": {"source_sensor": "MODIS (Aqua/Terra)", "frp": 139.22, "confidence": 100, "brightness": 373.0, "bright_t31": 303.43, "acq_date": "2026-04-07", "acq_time": "0826", "satellite": "A", "daynight": "D", "scan": 1.12, "track": 1.05}}, {"type": "Feature", "geometry": {"type": "Point", "coordinates": [47.63646, 45.476]}, "properties": {"source_sensor": "VIIRS (Suomi NPP)", "frp": 139.16, "confidence": "high", "brightness_ti4": 367.0, "brightness_ti5": 296.36, "acq_date": "2026-04-06", "acq_time": "1051", "satellite": "N", "daynight": "D", "scan": 0.56, "track": 0.69}}, {"type": "Feature", "geometry": {"type": "Point", "coordinates": [-63.56202, 9.64148]}, "properties": {"source_sensor": "MODIS (Aqua/Terra)", "frp": 139.1, "confidence": 100, "brightness": 351.74, "bright_t31": 290.09, "acq_date": "2026-04-07", "acq_time": "0124", "satellite": "T", "daynight": "N", "scan": 1.68, "track": 1.28}}, {"type": "Feature", "geometry": {"type": "Point", "coordinates": [-93.76643, 16.42244]}, "properties": {"source_sensor": "VIIRS (Suomi NPP)", "frp": 139.08, "confidence": "nominal", "brightness_ti4": 339.67, "brightness_ti5": 296.47, "acq_date": "2026-04-06", "acq_time": "1913", "satellite": "N", "daynight": "D", "scan": 0.45, "track": 0.47}}, {"type": "Feature", "geometry": {"type": "Point", "coordinates": [145.31894, -35.63247]}, "properties": {"source_sensor": "VIIRS (Suomi NPP)", "frp": 139.05, "confidence": "high", "brightness_ti4": 367.0, "brightness_ti5": 295.98, "acq_date": "2026-04-06", "acq_time": "0523", "satellite": "N", "daynight": "D", "scan": 0.7, "track": 0.75}}, {"type": "Feature", "geometry": {"type": "Point", "coordinates": [145.32668, -35.63]}, "properties": {"source_sensor": "VIIRS (Suomi NPP)", "frp": 139.05, "confidence": "nominal", "brightness_ti4": 336.46, "brightness_ti5": 287.94, "acq_date": "2026-04-06", "acq_time": "0523", "satellite": "N", "daynight": "D", "scan": 0.7, "track": 0.75}}, {"type": "Feature", "geometry": {"type": "Point", "coordinates": [104.79095, 10.48408]}, "properties": {"source_sensor": "VIIRS (Suomi NPP)", "frp": 139.05, "confidence": "high", "brightness_ti4": 367.0, "brightness_ti5": 303.01, "acq_date": "2026-04-06", "acq_time": "0538", "satellite": "N", "daynight": "D", "scan": 0.56, "track": 0.69}}, {"type": "Feature", "geometry": {"type": "Point", "coordinates": [28.34306, 7.31663]}, "properties": {"source_sensor": "VIIRS (Suomi NPP)", "frp": 138.69, "confidence": "nominal", "brightness_ti4": 349.05, "brightness_ti5": 291.33, "acq_date": "2026-04-07", "acq_time": "1204", "satellite": "N", "daynight": "D", "scan": 0.56, "track": 0.52}}, {"type": "Feature", "geometry": {"type": "Point", "coordinates": [48.12872, 45.58817]}, "properties": {"source_sensor": "VIIRS (Suomi NPP)", "frp": 138.42, "confidence": "low", "brightness_ti4": 356.39, "brightness_ti5": 289.07, "acq_date": "2026-04-06", "acq_time": "1051", "satellite": "N", "daynight": "D", "scan": 0.59, "track": 0.7}}, {"type": "Feature", "geometry": {"type": "Point", "coordinates": [48.1208, 45.58814]}, "properties": {"source_sensor": "VIIRS (Suomi NPP)", "frp": 138.42, "confidence": "low", "brightness_ti4": 367.0, "brightness_ti5": 330.69, "acq_date": "2026-04-06", "acq_time": "1051", "satellite": "N", "daynight": "D", "scan": 0.59, "track": 0.7}}, {"type": "Feature", "geometry": {"type": "Point", "coordinates": [48.1208, 45.59474]}, "properties": {"source_sensor": "VIIRS (Suomi NPP)", "frp": 138.42, "confidence": "high", "brightness_ti4": 367.0, "brightness_ti5": 293.49, "acq_date": "2026-04-06", "acq_time": "1051", "satellite": "N", "daynight": "D", "scan": 0.59, "track": 0.7}}, {"type": "Feature", "geometry": {"type": "Point", "coordinates": [100.90427, 20.57575]}, "properties": {"source_sensor": "VIIRS (Suomi NPP)", "frp": 138.32, "confidence": "high", "brightness_ti4": 367.0, "brightness_ti5": 301.58, "acq_date": "2026-04-06", "acq_time": "0722", "satellite": "N", "daynight": "D", "scan": 0.5, "track": 0.66}}, {"type": "Feature", "geometry": {"type": "Point", "coordinates": [-16.71185, 13.248]}, "properties": {"source_sensor": "MODIS (Aqua/Terra)", "frp": 138.31, "confidence": 100, "brightness": 363.29, "bright_t31": 318.35, "acq_date": "2026-04-06", "acq_time": "1601", "satellite": "A", "daynight": "D", "scan": 1.48, "track": 1.2}}, {"type": "Feature", "geometry": {"type": "Point", "coordinates": [102.24626, 19.48096]}, "properties": {"source_sensor": "MODIS (Aqua/Terra)", "frp": 138.27, "confidence": 91, "brightness": 341.15, "bright_t31": 296.31, "acq_date": "2026-04-06", "acq_time": "0750", "satellite": "A", "daynight": "D", "scan": 2.33, "track": 1.48}}, {"type": "Feature", "geometry": {"type": "Point", "coordinates": [-68.85744, 8.16238]}, "properties": {"source_sensor": "MODIS (Aqua/Terra)", "frp": 138.24, "confidence": 81, "brightness": 333.47, "bright_t31": 292.06, "acq_date": "2026-04-06", "acq_time": "1917", "satellite": "A", "daynight": "D", "scan": 3.11, "track": 1.67}}, {"type": "Feature", "geometry": {"type": "Point", "coordinates": [48.89078, 46.03349]}, "properties": {"source_sensor": "VIIRS (Suomi NPP)", "frp": 138.13, "confidence": "low", "brightness_ti4": 358.29, "brightness_ti5": 288.93, "acq_date": "2026-04-06", "acq_time": "1051", "satellite": "N", "daynight": "D", "scan": 0.64, "track": 0.72}}, {"type": "Feature", "geometry": {"type": "Point", "coordinates": [130.12988, 49.01032]}, "properties": {"source_sensor": "MODIS (Aqua/Terra)", "frp": 137.75, "confidence": 92, "brightness": 339.75, "bright_t31": 285.63, "acq_date": "2026-04-07", "acq_time": "0518", "satellite": "A", "daynight": "D", "scan": 2.23, "track": 1.45}}, {"type": "Feature", "geometry": {"type": "Point", "coordinates": [-56.267, -23.43104]}, "properties": {"source_sensor": "MODIS (Aqua/Terra)", "frp": 137.66, "confidence": 100, "brightness": 370.39, "bright_t31": 301.48, "acq_date": "2026-04-06", "acq_time": "1906", "satellite": "A", "daynight": "D", "scan": 1.16, "track": 1.07}}, {"type": "Feature", "geometry": {"type": "Point", "coordinates": [102.00043, 19.62661]}, "properties": {"source_sensor": "VIIRS (Suomi NPP)", "frp": 137.41, "confidence": "high", "brightness_ti4": 367.0, "brightness_ti5": 295.37, "acq_date": "2026-04-06", "acq_time": "0722", "satellite": "N", "daynight": "D", "scan": 0.58, "track": 0.7}}, {"type": "Feature", "geometry": {"type": "Point", "coordinates": [101.99542, 19.6262]}, "properties": {"source_sensor": "VIIRS (Suomi NPP)", "frp": 137.41, "confidence": "low", "brightness_ti4": 208.0, "brightness_ti5": 311.73, "acq_date": "2026-04-06", "acq_time": "0722", "satellite": "N", "daynight": "D", "scan": 0.58, "track": 0.69}}, {"type": "Feature", "geometry": {"type": "Point", "coordinates": [-11.511, 8.78734]}, "properties": {"source_sensor": "VIIRS (Suomi NPP)", "frp": 137.39, "confidence": "low", "brightness_ti4": 336.51, "brightness_ti5": 302.81, "acq_date": "2026-04-06", "acq_time": "1405", "satellite": "N", "daynight": "D", "scan": 0.41, "track": 0.37}}, {"type": "Feature", "geometry": {"type": "Point", "coordinates": [96.73981, 19.36843]}, "properties": {"source_sensor": "VIIRS (Suomi NPP)", "frp": 137.36, "confidence": "low", "brightness_ti4": 321.08, "brightness_ti5": 323.81, "acq_date": "2026-04-07", "acq_time": "0703", "satellite": "N", "daynight": "D", "scan": 0.43, "track": 0.38}}, {"type": "Feature", "geometry": {"type": "Point", "coordinates": [96.73929, 19.37194]}, "properties": {"source_sensor": "VIIRS (Suomi NPP)", "frp": 137.36, "confidence": "nominal", "brightness_ti4": 343.93, "brightness_ti5": 300.93, "acq_date": "2026-04-07", "acq_time": "0703", "satellite": "N", "daynight": "D", "scan": 0.43, "track": 0.38}}, {"type": "Feature", "geometry": {"type": "Point", "coordinates": [103.41659, 20.08971]}, "properties": {"source_sensor": "VIIRS (Suomi NPP)", "frp": 137.29, "confidence": "high", "brightness_ti4": 367.0, "brightness_ti5": 295.89, "acq_date": "2026-04-06", "acq_time": "0542", "satellite": "N", "daynight": "D", "scan": 0.45, "track": 0.63}}, {"type": "Feature", "geometry": {"type": "Point", "coordinates": [48.9608, 31.20828]}, "properties": {"source_sensor": "MODIS (Aqua/Terra)", "frp": 136.91, "confidence": 99, "brightness": 358.8, "bright_t31": 299.91, "acq_date": "2026-04-06", "acq_time": "0618", "satellite": "T", "daynight": "D", "scan": 1.5, "track": 1.21}}, {"type": "Feature", "geometry": {"type": "Point", "coordinates": [97.4521, 18.23966]}, "properties": {"source_sensor": "VIIRS (Suomi NPP)", "frp": 136.65, "confidence": "low", "brightness_ti4": 367.0, "brightness_ti5": 330.59, "acq_date": "2026-04-07", "acq_time": "0701", "satellite": "N", "daynight": "D", "scan": 0.45, "track": 0.39}}, {"type": "Feature", "geometry": {"type": "Point", "coordinates": [97.44717, 18.24263]}, "properties": {"source_sensor": "VIIRS (Suomi NPP)", "frp": 136.65, "confidence": "low", "brightness_ti4": 330.3, "brightness_ti5": 301.6, "acq_date": "2026-04-07", "acq_time": "0701", "satellite": "N", "daynight": "D", "scan": 0.45, "track": 0.39}}, {"type": "Feature", "geometry": {"type": "Point", "coordinates": [97.45166, 18.24325]}, "properties": {"source_sensor": "VIIRS (Suomi NPP)", "frp": 136.65, "confidence": "low", "brightness_ti4": 307.93, "brightness_ti5": 320.89, "acq_date": "2026-04-07", "acq_time": "0701", "satellite": "N", "daynight": "D", "scan": 0.45, "track": 0.39}}, {"type": "Feature", "geometry": {"type": "Point", "coordinates": [93.49635, 22.16639]}, "properties": {"source_sensor": "VIIRS (Suomi NPP)", "frp": 136.61, "confidence": "high", "brightness_ti4": 367.0, "brightness_ti5": 328.89, "acq_date": "2026-04-06", "acq_time": "0722", "satellite": "N", "daynight": "D", "scan": 0.54, "track": 0.42}}, {"type": "Feature", "geometry": {"type": "Point", "coordinates": [93.50182, 22.16706]}, "properties": {"source_sensor": "VIIRS (Suomi NPP)", "frp": 136.61, "confidence": "nominal", "brightness_ti4": 350.56, "brightness_ti5": 315.96, "acq_date": "2026-04-06", "acq_time": "0722", "satellite": "N", "daynight": "D", "scan": 0.54, "track": 0.42}}, {"type": "Feature", "geometry": {"type": "Point", "coordinates": [93.50066, 22.17089]}, "properties": {"source_sensor": "VIIRS (Suomi NPP)", "frp": 136.61, "confidence": "high", "brightness_ti4": 367.0, "brightness_ti5": 339.82, "acq_date": "2026-04-06", "acq_time": "0722", "satellite": "N", "daynight": "D", "scan": 0.54, "track": 0.42}}, {"type": "Feature", "geometry": {"type": "Point", "coordinates": [93.49539, 22.17024]}, "properties": {"source_sensor": "VIIRS (Suomi NPP)", "frp": 136.61, "confidence": "nominal", "brightness_ti4": 349.02, "brightness_ti5": 314.36, "acq_date": "2026-04-06", "acq_time": "0722", "satellite": "N", "daynight": "D", "scan": 0.54, "track": 0.42}}, {"type": "Feature", "geometry": {"type": "Point", "coordinates": [150.40982, -27.50067]}, "properties": {"source_sensor": "MODIS (Aqua/Terra)", "frp": 136.33, "confidence": 96, "brightness": 350.81, "bright_t31": 303.14, "acq_date": "2026-04-06", "acq_time": "0557", "satellite": "A", "daynight": "D", "scan": 1.83, "track": 1.33}}, {"type": "Feature", "geometry": {"type": "Point", "coordinates": [101.17551, 20.71916]}, "properties": {"source_sensor": "MODIS (Aqua/Terra)", "frp": 136.06, "confidence": 100, "brightness": 373.02, "bright_t31": 307.51, "acq_date": "2026-04-07", "acq_time": "0828", "satellite": "A", "daynight": "D", "scan": 1.09, "track": 1.04}}, {"type": "Feature", "geometry": {"type": "Point", "coordinates": [73.68915, 50.39488]}, "properties": {"source_sensor": "MODIS (Aqua/Terra)", "frp": 135.96, "confidence": 80, "brightness": 320.71, "bright_t31": 293.39, "acq_date": "2026-04-07", "acq_time": "0837", "satellite": "A", "daynight": "D", "scan": 4.44, "track": 1.94}}, {"type": "Feature", "geometry": {"type": "Point", "coordinates": [-95.55043, 37.40802]}, "properties": {"source_sensor": "MODIS (Aqua/Terra)", "frp": 135.77, "confidence": 100, "brightness": 369.22, "bright_t31": 297.3, "acq_date": "2026-04-06", "acq_time": "2104", "satellite": "A", "daynight": "D", "scan": 1.16, "track": 1.07}}, {"type": "Feature", "geometry": {"type": "Point", "coordinates": [102.61621, 21.01542]}, "properties": {"source_sensor": "VIIRS (Suomi NPP)", "frp": 135.73, "confidence": "high", "brightness_ti4": 367.0, "brightness_ti5": 300.85, "acq_date": "2026-04-06", "acq_time": "0542", "satellite": "N", "daynight": "D", "scan": 0.49, "track": 0.65}}, {"type": "Feature", "geometry": {"type": "Point", "coordinates": [102.61217, 21.01451]}, "properties": {"source_sensor": "VIIRS (Suomi NPP)", "frp": 135.73, "confidence": "low", "brightness_ti4": 208.0, "brightness_ti5": 316.36, "acq_date": "2026-04-06", "acq_time": "0542", "satellite": "N", "daynight": "D", "scan": 0.49, "track": 0.65}}, {"type": "Feature", "geometry": {"type": "Point", "coordinates": [-96.88977, 37.17803]}, "properties": {"source_sensor": "MODIS (Aqua/Terra)", "frp": 135.73, "confidence": 98, "brightness": 356.36, "bright_t31": 296.88, "acq_date": "2026-04-06", "acq_time": "1609", "satellite": "T", "daynight": "D", "scan": 1.51, "track": 1.21}}, {"type": "Feature", "geometry": {"type": "Point", "coordinates": [-13.1707, 10.33014]}, "properties": {"source_sensor": "VIIRS (Suomi NPP)", "frp": 135.54, "confidence": "low", "brightness_ti4": 350.39, "brightness_ti5": 306.03, "acq_date": "2026-04-06", "acq_time": "1405", "satellite": "N", "daynight": "D", "scan": 0.46, "track": 0.39}}, {"type": "Feature", "geometry": {"type": "Point", "coordinates": [-13.16663, 10.33081]}, "properties": {"source_sensor": "VIIRS (Suomi NPP)", "frp": 135.54, "confidence": "low", "brightness_ti4": 367.0, "brightness_ti5": 360.06, "acq_date": "2026-04-06", "acq_time": "1405", "satellite": "N", "daynight": "D", "scan": 0.46, "track": 0.39}}, {"type": "Feature", "geometry": {"type": "Point", "coordinates": [94.17066, 24.04926]}, "properties": {"source_sensor": "VIIRS (Suomi NPP)", "frp": 135.53, "confidence": "nominal", "brightness_ti4": 350.68, "brightness_ti5": 300.08, "acq_date": "2026-04-06", "acq_time": "0724", "satellite": "N", "daynight": "D", "scan": 0.42, "track": 0.45}}, {"type": "Feature", "geometry": {"type": "Point", "coordinates": [94.16624, 24.04876]}, "properties": {"source_sensor": "VIIRS (Suomi NPP)", "frp": 135.53, "confidence": "low", "brightness_ti4": 208.0, "brightness_ti5": 322.84, "acq_date": "2026-04-06", "acq_time": "0724", "satellite": "N", "daynight": "D", "scan": 0.42, "track": 0.45}}, {"type": "Feature", "geometry": {"type": "Point", "coordinates": [-12.48038, 8.80592]}, "properties": {"source_sensor": "VIIRS (Suomi NPP)", "frp": 135.24, "confidence": "high", "brightness_ti4": 367.0, "brightness_ti5": 335.8, "acq_date": "2026-04-06", "acq_time": "1405", "satellite": "N", "daynight": "D", "scan": 0.45, "track": 0.39}}, {"type": "Feature", "geometry": {"type": "Point", "coordinates": [106.21205, 17.15237]}, "properties": {"source_sensor": "VIIRS (Suomi NPP)", "frp": 135.01, "confidence": "high", "brightness_ti4": 367.0, "brightness_ti5": 306.62, "acq_date": "2026-04-06", "acq_time": "0540", "satellite": "N", "daynight": "D", "scan": 0.34, "track": 0.56}}, {"type": "Feature", "geometry": {"type": "Point", "coordinates": [103.92236, 19.97499]}, "properties": {"source_sensor": "VIIRS (Suomi NPP)", "frp": 135.0, "confidence": "low", "brightness_ti4": 357.15, "brightness_ti5": 289.97, "acq_date": "2026-04-07", "acq_time": "0701", "satellite": "N", "daynight": "D", "scan": 0.38, "track": 0.59}}, {"type": "Feature", "geometry": {"type": "Point", "coordinates": [90.37543, 25.50162]}, "properties": {"source_sensor": "VIIRS (Suomi NPP)", "frp": 134.93, "confidence": "nominal", "brightness_ti4": 349.16, "brightness_ti5": 304.79, "acq_date": "2026-04-06", "acq_time": "0724", "satellite": "N", "daynight": "D", "scan": 0.42, "track": 0.38}}, {"type": "Feature", "geometry": {"type": "Point", "coordinates": [49.99699, 26.78837]}, "properties": {"source_sensor": "MODIS (Aqua/Terra)", "frp": 134.92, "confidence": 67, "brightness": 336.96, "bright_t31": 295.7, "acq_date": "2026-04-07", "acq_time": "0518", "satellite": "T", "daynight": "D", "scan": 2.57, "track": 1.54}}, {"type": "Feature", "geometry": {"type": "Point", "coordinates": [-11.50645, 9.1201]}, "properties": {"source_sensor": "VIIRS (Suomi NPP)", "frp": 134.86, "confidence": "low", "brightness_ti4": 367.0, "brightness_ti5": 331.14, "acq_date": "2026-04-06", "acq_time": "1405", "satellite": "N", "daynight": "D", "scan": 0.41, "track": 0.37}}, {"type": "Feature", "geometry": {"type": "Point", "coordinates": [-63.56242, 9.64617]}, "properties": {"source_sensor": "MODIS (Aqua/Terra)", "frp": 134.74, "confidence": 100, "brightness": 369.66, "bright_t31": 281.66, "acq_date": "2026-04-07", "acq_time": "0729", "satellite": "A", "daynight": "N", "scan": 1.11, "track": 1.05}}, {"type": "Feature", "geometry": {"type": "Point", "coordinates": [96.98342, 18.24536]}, "properties": {"source_sensor": "VIIRS (Suomi NPP)", "frp": 134.52, "confidence": "nominal", "brightness_ti4": 355.05, "brightness_ti5": 295.92, "acq_date": "2026-04-07", "acq_time": "0701", "satellite": "N", "daynight": "D", "scan": 0.43, "track": 0.38}}, {"type": "Feature", "geometry": {"type": "Point", "coordinates": [94.38493, 18.77751]}, "properties": {"source_sensor": "VIIRS (Suomi NPP)", "frp": 134.49, "confidence": "high", "brightness_ti4": 367.0, "brightness_ti5": 329.93, "acq_date": "2026-04-07", "acq_time": "0701", "satellite": "N", "daynight": "D", "scan": 0.38, "track": 0.36}}, {"type": "Feature", "geometry": {"type": "Point", "coordinates": [96.61134, 19.55542]}, "properties": {"source_sensor": "VIIRS (Suomi NPP)", "frp": 134.2, "confidence": "nominal", "brightness_ti4": 343.44, "brightness_ti5": 304.09, "acq_date": "2026-04-07", "acq_time": "0703", "satellite": "N", "daynight": "D", "scan": 0.43, "track": 0.38}}, {"type": "Feature", "geometry": {"type": "Point", "coordinates": [-83.85101, 12.50248]}, "properties": {"source_sensor": "MODIS (Aqua/Terra)", "frp": 134.03, "confidence": 100, "brightness": 369.1, "bright_t31": 300.73, "acq_date": "2026-04-06", "acq_time": "2057", "satellite": "A", "daynight": "D", "scan": 1.17, "track": 1.08}}, {"type": "Feature", "geometry": {"type": "Point", "coordinates": [96.10807, 19.02771]}, "properties": {"source_sensor": "VIIRS (Suomi NPP)", "frp": 133.99, "confidence": "low", "brightness_ti4": 267.59, "brightness_ti5": 310.13, "acq_date": "2026-04-06", "acq_time": "0722", "satellite": "N", "daynight": "D", "scan": 0.47, "track": 0.48}}, {"type": "Feature", "geometry": {"type": "Point", "coordinates": [102.93939, 18.41062]}, "properties": {"source_sensor": "VIIRS (Suomi NPP)", "frp": 133.73, "confidence": "nominal", "brightness_ti4": 351.71, "brightness_ti5": 304.45, "acq_date": "2026-04-07", "acq_time": "0701", "satellite": "N", "daynight": "D", "scan": 0.63, "track": 0.54}}, {"type": "Feature", "geometry": {"type": "Point", "coordinates": [102.93895, 18.41568]}, "properties": {"source_sensor": "VIIRS (Suomi NPP)", "frp": 133.73, "confidence": "high", "brightness_ti4": 367.0, "brightness_ti5": 325.28, "acq_date": "2026-04-07", "acq_time": "0701", "satellite": "N", "daynight": "D", "scan": 0.63, "track": 0.54}}, {"type": "Feature", "geometry": {"type": "Point", "coordinates": [102.94529, 18.41636]}, "properties": {"source_sensor": "VIIRS (Suomi NPP)", "frp": 133.73, "confidence": "nominal", "brightness_ti4": 345.83, "brightness_ti5": 298.42, "acq_date": "2026-04-07", "acq_time": "0701", "satellite": "N", "daynight": "D", "scan": 0.63, "track": 0.54}}, {"type": "Feature", "geometry": {"type": "Point", "coordinates": [106.3568, 16.55873]}, "properties": {"source_sensor": "VIIRS (Suomi NPP)", "frp": 133.43, "confidence": "high", "brightness_ti4": 367.0, "brightness_ti5": 302.67, "acq_date": "2026-04-07", "acq_time": "0701", "satellite": "N", "daynight": "D", "scan": 0.5, "track": 0.66}}, {"type": "Feature", "geometry": {"type": "Point", "coordinates": [100.61565, 19.91946]}, "properties": {"source_sensor": "MODIS (Aqua/Terra)", "frp": 133.32, "confidence": 85, "brightness": 332.9, "bright_t31": 299.43, "acq_date": "2026-04-06", "acq_time": "0750", "satellite": "A", "daynight": "D", "scan": 3.03, "track": 1.66}}, {"type": "Feature", "geometry": {"type": "Point", "coordinates": [73.69423, 50.39152]}, "properties": {"source_sensor": "MODIS (Aqua/Terra)", "frp": 133.14, "confidence": 81, "brightness": 321.18, "bright_t31": 293.28, "acq_date": "2026-04-07", "acq_time": "0837", "satellite": "A", "daynight": "D", "scan": 4.44, "track": 1.94}}, {"type": "Feature", "geometry": {"type": "Point", "coordinates": [-12.10809, 7.3221]}, "properties": {"source_sensor": "MODIS (Aqua/Terra)", "frp": 133.0, "confidence": 94, "brightness": 377.02, "bright_t31": 304.0, "acq_date": "2026-04-06", "acq_time": "1558", "satellite": "A", "daynight": "D", "scan": 1.02, "track": 1.01}}, {"type": "Feature", "geometry": {"type": "Point", "coordinates": [105.41977, 17.85345]}, "properties": {"source_sensor": "VIIRS (Suomi NPP)", "frp": 132.83, "confidence": "high", "brightness_ti4": 367.0, "brightness_ti5": 296.45, "acq_date": "2026-04-07", "acq_time": "0523", "satellite": "N", "daynight": "D", "scan": 0.75, "track": 0.77}}, {"type": "Feature", "geometry": {"type": "Point", "coordinates": [105.41245, 17.85174]}, "properties": {"source_sensor": "VIIRS (Suomi NPP)", "frp": 132.83, "confidence": "low", "brightness_ti4": 263.52, "brightness_ti5": 297.89, "acq_date": "2026-04-07", "acq_time": "0523", "satellite": "N", "daynight": "D", "scan": 0.75, "track": 0.77}}, {"type": "Feature", "geometry": {"type": "Point", "coordinates": [48.28342, 30.75168]}, "properties": {"source_sensor": "VIIRS (Suomi NPP)", "frp": 132.74, "confidence": "high", "brightness_ti4": 367.0, "brightness_ti5": 307.99, "acq_date": "2026-04-06", "acq_time": "0907", "satellite": "N", "daynight": "D", "scan": 0.48, "track": 0.64}}, {"type": "Feature", "geometry": {"type": "Point", "coordinates": [-12.22885, 8.03481]}, "properties": {"source_sensor": "MODIS (Aqua/Terra)", "frp": 132.74, "confidence": 100, "brightness": 376.68, "bright_t31": 300.79, "acq_date": "2026-04-06", "acq_time": "1558", "satellite": "A", "daynight": "D", "scan": 1.02, "track": 1.01}}, {"type": "Feature", "geometry": {"type": "Point", "coordinates": [66.13185, 54.34949]}, "properties": {"source_sensor": "MODIS (Aqua/Terra)", "frp": 132.57, "confidence": 49, "brightness": 316.2, "bright_t31": 286.23, "acq_date": "2026-04-06", "acq_time": "1117", "satellite": "A", "daynight": "D", "scan": 4.64, "track": 1.97}}, {"type": "Feature", "geometry": {"type": "Point", "coordinates": [102.67942, 20.39222]}, "properties": {"source_sensor": "MODIS (Aqua/Terra)", "frp": 132.42, "confidence": 100, "brightness": 364.66, "bright_t31": 300.49, "acq_date": "2026-04-07", "acq_time": "0826", "satellite": "A", "daynight": "D", "scan": 1.28, "track": 1.12}}, {"type": "Feature", "geometry": {"type": "Point", "coordinates": [131.37219, -17.80457]}, "properties": {"source_sensor": "VIIRS (Suomi NPP)", "frp": 132.33, "confidence": "nominal", "brightness_ti4": 348.82, "brightness_ti5": 317.19, "acq_date": "2026-04-06", "acq_time": "0529", "satellite": "N", "daynight": "D", "scan": 0.57, "track": 0.52}}, {"type": "Feature", "geometry": {"type": "Point", "coordinates": [131.36673, -17.80567]}, "properties": {"source_sensor": "VIIRS (Suomi NPP)", "frp": 132.33, "confidence": "nominal", "brightness_ti4": 336.63, "brightness_ti5": 298.3, "acq_date": "2026-04-06", "acq_time": "0529", "satellite": "N", "daynight": "D", "scan": 0.57, "track": 0.52}}, {"type": "Feature", "geometry": {"type": "Point", "coordinates": [131.36575, -17.80087]}, "properties": {"source_sensor": "VIIRS (Suomi NPP)", "frp": 132.33, "confidence": "low", "brightness_ti4": 305.24, "brightness_ti5": 307.37, "acq_date": "2026-04-06", "acq_time": "0529", "satellite": "N", "daynight": "D", "scan": 0.57, "track": 0.52}}, {"type": "Feature", "geometry": {"type": "Point", "coordinates": [135.18494, -20.26092]}, "properties": {"source_sensor": "VIIRS (Suomi NPP)", "frp": 132.3, "confidence": "high", "brightness_ti4": 367.0, "brightness_ti5": 328.12, "acq_date": "2026-04-07", "acq_time": "0510", "satellite": "N", "daynight": "D", "scan": 0.45, "track": 0.47}}, {"type": "Feature", "geometry": {"type": "Point", "coordinates": [100.1703, 20.85812]}, "properties": {"source_sensor": "MODIS (Aqua/Terra)", "frp": 132.19, "confidence": 100, "brightness": 375.17, "bright_t31": 297.58, "acq_date": "2026-04-07", "acq_time": "0828", "satellite": "A", "daynight": "D", "scan": 1.02, "track": 1.01}}, {"type": "Feature", "geometry": {"type": "Point", "coordinates": [105.46931, 10.61807]}, "properties": {"source_sensor": "MODIS (Aqua/Terra)", "frp": 132.05, "confidence": 100, "brightness": 361.08, "bright_t31": 305.36, "acq_date": "2026-04-07", "acq_time": "0824", "satellite": "A", "daynight": "D", "scan": 1.42, "track": 1.18}}, {"type": "Feature", "geometry": {"type": "Point", "coordinates": [101.18233, 20.71192]}, "properties": {"source_sensor": "MODIS (Aqua/Terra)", "frp": 131.97, "confidence": 100, "brightness": 372.09, "bright_t31": 305.83, "acq_date": "2026-04-07", "acq_time": "0828", "satellite": "A", "daynight": "D", "scan": 1.09, "track": 1.04}}, {"type": "Feature", "geometry": {"type": "Point", "coordinates": [98.97305, 22.219]}, "properties": {"source_sensor": "VIIRS (Suomi NPP)", "frp": 131.96, "confidence": "nominal", "brightness_ti4": 349.78, "brightness_ti5": 292.05, "acq_date": "2026-04-06", "acq_time": "0542", "satellite": "N", "daynight": "D", "scan": 0.76, "track": 0.77}}, {"type": "Feature", "geometry": {"type": "Point", "coordinates": [98.97825, 22.22034]}, "properties": {"source_sensor": "VIIRS (Suomi NPP)", "frp": 131.96, "confidence": "low", "brightness_ti4": 208.0, "brightness_ti5": 314.88, "acq_date": "2026-04-06", "acq_time": "0542", "satellite": "N", "daynight": "D", "scan": 0.76, "track": 0.77}}, {"type": "Feature", "geometry": {"type": "Point", "coordinates": [98.97377, 22.22671]}, "properties": {"source_sensor": "VIIRS (Suomi NPP)", "frp": 131.96, "confidence": "nominal", "brightness_ti4": 356.59, "brightness_ti5": 295.71, "acq_date": "2026-04-06", "acq_time": "0542", "satellite": "N", "daynight": "D", "scan": 0.76, "track": 0.77}}, {"type": "Feature", "geometry": {"type": "Point", "coordinates": [93.376, 20.92241]}, "properties": {"source_sensor": "VIIRS (Suomi NPP)", "frp": 131.93, "confidence": "high", "brightness_ti4": 367.0, "brightness_ti5": 326.14, "acq_date": "2026-04-07", "acq_time": "0703", "satellite": "N", "daynight": "D", "scan": 0.39, "track": 0.36}}, {"type": "Feature", "geometry": {"type": "Point", "coordinates": [93.37971, 20.92299]}, "properties": {"source_sensor": "VIIRS (Suomi NPP)", "frp": 131.93, "confidence": "low", "brightness_ti4": 367.0, "brightness_ti5": 333.61, "acq_date": "2026-04-07", "acq_time": "0703", "satellite": "N", "daynight": "D", "scan": 0.39, "track": 0.36}}, {"type": "Feature", "geometry": {"type": "Point", "coordinates": [93.37914, 20.9263]}, "properties": {"source_sensor": "VIIRS (Suomi NPP)", "frp": 131.93, "confidence": "nominal", "brightness_ti4": 340.76, "brightness_ti5": 306.4, "acq_date": "2026-04-07", "acq_time": "0703", "satellite": "N", "daynight": "D", "scan": 0.39, "track": 0.36}}, {"type": "Feature", "geometry": {"type": "Point", "coordinates": [93.37542, 20.92572]}, "properties": {"source_sensor": "VIIRS (Suomi NPP)", "frp": 131.93, "confidence": "low", "brightness_ti4": 304.13, "brightness_ti5": 323.79, "acq_date": "2026-04-07", "acq_time": "0703", "satellite": "N", "daynight": "D", "scan": 0.39, "track": 0.36}}, {"type": "Feature", "geometry": {"type": "Point", "coordinates": [96.71741, 19.45479]}, "properties": {"source_sensor": "VIIRS (Suomi NPP)", "frp": 131.79, "confidence": "low", "brightness_ti4": 367.0, "brightness_ti5": 325.21, "acq_date": "2026-04-07", "acq_time": "0703", "satellite": "N", "daynight": "D", "scan": 0.43, "track": 0.38}}, {"type": "Feature", "geometry": {"type": "Point", "coordinates": [96.87078, 22.98015]}, "properties": {"source_sensor": "VIIRS (Suomi NPP)", "frp": 131.78, "confidence": "nominal", "brightness_ti4": 341.23, "brightness_ti5": 296.84, "acq_date": "2026-04-06", "acq_time": "0722", "satellite": "N", "daynight": "D", "scan": 0.59, "track": 0.53}}, {"type": "Feature", "geometry": {"type": "Point", "coordinates": [96.87069, 22.9851]}, "properties": {"source_sensor": "VIIRS (Suomi NPP)", "frp": 131.78, "confidence": "nominal", "brightness_ti4": 341.09, "brightness_ti5": 295.31, "acq_date": "2026-04-06", "acq_time": "0722", "satellite": "N", "daynight": "D", "scan": 0.59, "track": 0.53}}, {"type": "Feature", "geometry": {"type": "Point", "coordinates": [96.8651, 22.98453]}, "properties": {"source_sensor": "VIIRS (Suomi NPP)", "frp": 131.78, "confidence": "low", "brightness_ti4": 312.0, "brightness_ti5": 314.53, "acq_date": "2026-04-06", "acq_time": "0722", "satellite": "N", "daynight": "D", "scan": 0.59, "track": 0.53}}, {"type": "Feature", "geometry": {"type": "Point", "coordinates": [-13.17079, 10.32565]}, "properties": {"source_sensor": "VIIRS (Suomi NPP)", "frp": 131.78, "confidence": "nominal", "brightness_ti4": 348.68, "brightness_ti5": 310.76, "acq_date": "2026-04-06", "acq_time": "1405", "satellite": "N", "daynight": "D", "scan": 0.46, "track": 0.39}}, {"type": "Feature", "geometry": {"type": "Point", "coordinates": [-13.16669, 10.32631]}, "properties": {"source_sensor": "VIIRS (Suomi NPP)", "frp": 131.78, "confidence": "low", "brightness_ti4": 367.0, "brightness_ti5": 352.53, "acq_date": "2026-04-06", "acq_time": "1405", "satellite": "N", "daynight": "D", "scan": 0.46, "track": 0.39}}, {"type": "Feature", "geometry": {"type": "Point", "coordinates": [-13.1673, 10.32993]}, "properties": {"source_sensor": "VIIRS (Suomi NPP)", "frp": 131.78, "confidence": "high", "brightness_ti4": 367.0, "brightness_ti5": 362.83, "acq_date": "2026-04-06", "acq_time": "1405", "satellite": "N", "daynight": "D", "scan": 0.46, "track": 0.39}}, {"type": "Feature", "geometry": {"type": "Point", "coordinates": [-13.17141, 10.32927]}, "properties": {"source_sensor": "VIIRS (Suomi NPP)", "frp": 131.78, "confidence": "nominal", "brightness_ti4": 352.94, "brightness_ti5": 306.66, "acq_date": "2026-04-06", "acq_time": "1405", "satellite": "N", "daynight": "D", "scan": 0.46, "track": 0.39}}, {"type": "Feature", "geometry": {"type": "Point", "coordinates": [48.28413, 30.75446]}, "properties": {"source_sensor": "VIIRS (Suomi NPP)", "frp": 131.43, "confidence": "high", "brightness_ti4": 367.0, "brightness_ti5": 304.13, "acq_date": "2026-04-06", "acq_time": "0907", "satellite": "N", "daynight": "D", "scan": 0.48, "track": 0.64}}, {"type": "Feature", "geometry": {"type": "Point", "coordinates": [-96.53864, 37.05504]}, "properties": {"source_sensor": "MODIS (Aqua/Terra)", "frp": 131.32, "confidence": 97, "brightness": 353.45, "bright_t31": 297.31, "acq_date": "2026-04-06", "acq_time": "1609", "satellite": "T", "daynight": "D", "scan": 1.6, "track": 1.24}}, {"type": "Feature", "geometry": {"type": "Point", "coordinates": [128.32349, -18.13378]}, "properties": {"source_sensor": "MODIS (Aqua/Terra)", "frp": 130.95, "confidence": 99, "brightness": 358.71, "bright_t31": 305.58, "acq_date": "2026-04-07", "acq_time": "0640", "satellite": "A", "daynight": "D", "scan": 1.49, "track": 1.21}}, {"type": "Feature", "geometry": {"type": "Point", "coordinates": [68.78138, 52.50056]}, "properties": {"source_sensor": "MODIS (Aqua/Terra)", "frp": 130.83, "confidence": 75, "brightness": 314.58, "bright_t31": 283.45, "acq_date": "2026-04-06", "acq_time": "0612", "satellite": "T", "daynight": "D", "scan": 4.5, "track": 1.95}}, {"type": "Feature", "geometry": {"type": "Point", "coordinates": [-9.85459, 5.75407]}, "properties": {"source_sensor": "VIIRS (Suomi NPP)", "frp": 130.67, "confidence": "low", "brightness_ti4": 298.14, "brightness_ti5": 320.23, "acq_date": "2026-04-06", "acq_time": "1403", "satellite": "N", "daynight": "D", "scan": 0.39, "track": 0.36}}, {"type": "Feature", "geometry": {"type": "Point", "coordinates": [-67.42849, 7.76833]}, "properties": {"source_sensor": "MODIS (Aqua/Terra)", "frp": 130.45, "confidence": 90, "brightness": 340.1, "bright_t31": 290.31, "acq_date": "2026-04-06", "acq_time": "1917", "satellite": "A", "daynight": "D", "scan": 2.43, "track": 1.5}}, {"type": "Feature", "geometry": {"type": "Point", "coordinates": [-10.78681, 12.5865]}, "properties": {"source_sensor": "MODIS (Aqua/Terra)", "frp": 130.41, "confidence": 100, "brightness": 376.93, "bright_t31": 322.08, "acq_date": "2026-04-06", "acq_time": "1601", "satellite": "A", "daynight": "D", "scan": 1.08, "track": 1.04}}, {"type": "Feature", "geometry": {"type": "Point", "coordinates": [97.56009, 18.06833]}, "properties": {"source_sensor": "VIIRS (Suomi NPP)", "frp": 130.1, "confidence": "nominal", "brightness_ti4": 341.29, "brightness_ti5": 299.6, "acq_date": "2026-04-06", "acq_time": "0722", "satellite": "N", "daynight": "D", "scan": 0.57, "track": 0.52}}, {"type": "Feature", "geometry": {"type": "Point", "coordinates": [97.30972, 18.01163]}, "properties": {"source_sensor": "VIIRS (Suomi NPP)", "frp": 130.08, "confidence": "nominal", "brightness_ti4": 336.22, "brightness_ti5": 299.73, "acq_date": "2026-04-07", "acq_time": "0701", "satellite": "N", "daynight": "D", "scan": 0.44, "track": 0.38}}, {"type": "Feature", "geometry": {"type": "Point", "coordinates": [97.30907, 18.01516]}, "properties": {"source_sensor": "VIIRS (Suomi NPP)", "frp": 130.08, "confidence": "high", "brightness_ti4": 367.0, "brightness_ti5": 336.51, "acq_date": "2026-04-07", "acq_time": "0701", "satellite": "N", "daynight": "D", "scan": 0.44, "track": 0.38}}, {"type": "Feature", "geometry": {"type": "Point", "coordinates": [102.36655, 18.23659]}, "properties": {"source_sensor": "VIIRS (Suomi NPP)", "frp": 129.92, "confidence": "low", "brightness_ti4": 308.23, "brightness_ti5": 311.72, "acq_date": "2026-04-07", "acq_time": "0701", "satellite": "N", "daynight": "D", "scan": 0.58, "track": 0.52}}, {"type": "Feature", "geometry": {"type": "Point", "coordinates": [29.21963, -1.40182]}, "properties": {"source_sensor": "MODIS (Aqua/Terra)", "frp": 129.76, "confidence": 100, "brightness": 343.68, "bright_t31": 281.47, "acq_date": "2026-04-07", "acq_time": "0058", "satellite": "A", "daynight": "N", "scan": 1.87, "track": 1.34}}, {"type": "Feature", "geometry": {"type": "Point", "coordinates": [101.17128, 20.23581]}, "properties": {"source_sensor": "VIIRS (Suomi NPP)", "frp": 129.33, "confidence": "nominal", "brightness_ti4": 349.68, "brightness_ti5": 293.34, "acq_date": "2026-04-06", "acq_time": "0542", "satellite": "N", "daynight": "D", "scan": 0.62, "track": 0.71}}, {"type": "Feature", "geometry": {"type": "Point", "coordinates": [103.58032, 12.8391]}, "properties": {"source_sensor": "VIIRS (Suomi NPP)", "frp": 129.24, "confidence": "high", "brightness_ti4": 367.0, "brightness_ti5": 325.88, "acq_date": "2026-04-07", "acq_time": "0701", "satellite": "N", "daynight": "D", "scan": 0.59, "track": 0.53}}, {"type": "Feature", "geometry": {"type": "Point", "coordinates": [103.57484, 12.83839]}, "properties": {"source_sensor": "VIIRS (Suomi NPP)", "frp": 129.24, "confidence": "nominal", "brightness_ti4": 353.28, "brightness_ti5": 312.12, "acq_date": "2026-04-07", "acq_time": "0701", "satellite": "N", "daynight": "D", "scan": 0.59, "track": 0.53}}, {"type": "Feature", "geometry": {"type": "Point", "coordinates": [95.82164, 19.57845]}, "properties": {"source_sensor": "MODIS (Aqua/Terra)", "frp": 129.23, "confidence": 100, "brightness": 360.79, "bright_t31": 304.18, "acq_date": "2026-04-07", "acq_time": "0826", "satellite": "A", "daynight": "D", "scan": 1.38, "track": 1.16}}, {"type": "Feature", "geometry": {"type": "Point", "coordinates": [151.246, -30.80178]}, "properties": {"source_sensor": "MODIS (Aqua/Terra)", "frp": 129.19, "confidence": 86, "brightness": 332.28, "bright_t31": 299.87, "acq_date": "2026-04-07", "acq_time": "0457", "satellite": "A", "daynight": "D", "scan": 2.97, "track": 1.64}}, {"type": "Feature", "geometry": {"type": "Point", "coordinates": [105.16436, 10.32979]}, "properties": {"source_sensor": "MODIS (Aqua/Terra)", "frp": 129.08, "confidence": 92, "brightness": 346.02, "bright_t31": 305.97, "acq_date": "2026-04-06", "acq_time": "0746", "satellite": "A", "daynight": "D", "scan": 2.11, "track": 1.41}}, {"type": "Feature", "geometry": {"type": "Point", "coordinates": [-95.81454, 36.53128]}, "properties": {"source_sensor": "MODIS (Aqua/Terra)", "frp": 129.03, "confidence": 100, "brightness": 365.53, "bright_t31": 302.42, "acq_date": "2026-04-06", "acq_time": "2101", "satellite": "A", "daynight": "D", "scan": 1.22, "track": 1.1}}, {"type": "Feature", "geometry": {"type": "Point", "coordinates": [48.19112, 45.75138]}, "properties": {"source_sensor": "MODIS (Aqua/Terra)", "frp": 128.9, "confidence": 79, "brightness": 339.18, "bright_t31": 294.01, "acq_date": "2026-04-07", "acq_time": "0654", "satellite": "T", "daynight": "D", "scan": 2.29, "track": 1.47}}, {"type": "Feature", "geometry": {"type": "Point", "coordinates": [-99.12788, 37.39894]}, "properties": {"source_sensor": "MODIS (Aqua/Terra)", "frp": 128.77, "confidence": 100, "brightness": 367.46, "bright_t31": 297.81, "acq_date": "2026-04-06", "acq_time": "1609", "satellite": "T", "daynight": "D", "scan": 1.16, "track": 1.07}}, {"type": "Feature", "geometry": {"type": "Point", "coordinates": [97.12122, 23.35395]}, "properties": {"source_sensor": "MODIS (Aqua/Terra)", "frp": 128.76, "confidence": 75, "brightness": 318.69, "bright_t31": 289.65, "acq_date": "2026-04-06", "acq_time": "0752", "satellite": "A", "daynight": "D", "scan": 4.61, "track": 1.97}}, {"type": "Feature", "geometry": {"type": "Point", "coordinates": [102.93206, 18.42005]}, "properties": {"source_sensor": "VIIRS (Suomi NPP)", "frp": 128.73, "confidence": "low", "brightness_ti4": 301.33, "brightness_ti5": 305.17, "acq_date": "2026-04-07", "acq_time": "0701", "satellite": "N", "daynight": "D", "scan": 0.63, "track": 0.54}}, {"type": "Feature", "geometry": {"type": "Point", "coordinates": [-11.65404, 7.13828]}, "properties": {"source_sensor": "MODIS (Aqua/Terra)", "frp": 128.56, "confidence": 100, "brightness": 375.45, "bright_t31": 301.74, "acq_date": "2026-04-06", "acq_time": "1558", "satellite": "A", "daynight": "D", "scan": 1.01, "track": 1.0}}, {"type": "Feature", "geometry": {"type": "Point", "coordinates": [27.59734, 8.85159]}, "properties": {"source_sensor": "MODIS (Aqua/Terra)", "frp": 128.54, "confidence": 100, "brightness": 376.88, "bright_t31": 301.48, "acq_date": "2026-04-07", "acq_time": "1321", "satellite": "A", "daynight": "D", "scan": 1.01, "track": 1.0}}, {"type": "Feature", "geometry": {"type": "Point", "coordinates": [106.63426, 15.79699]}, "properties": {"source_sensor": "MODIS (Aqua/Terra)", "frp": 128.4, "confidence": 100, "brightness": 362.37, "bright_t31": 304.42, "acq_date": "2026-04-06", "acq_time": "0748", "satellite": "A", "daynight": "D", "scan": 1.31, "track": 1.14}}, {"type": "Feature", "geometry": {"type": "Point", "coordinates": [-12.23157, 9.99996]}, "properties": {"source_sensor": "VIIRS (Suomi NPP)", "frp": 128.39, "confidence": "high", "brightness_ti4": 367.0, "brightness_ti5": 366.61, "acq_date": "2026-04-06", "acq_time": "1405", "satellite": "N", "daynight": "D", "scan": 0.43, "track": 0.38}}, {"type": "Feature", "geometry": {"type": "Point", "coordinates": [-12.22768, 10.00058]}, "properties": {"source_sensor": "VIIRS (Suomi NPP)", "frp": 128.39, "confidence": "nominal", "brightness_ti4": 337.12, "brightness_ti5": 309.76, "acq_date": "2026-04-06", "acq_time": "1405", "satellite": "N", "daynight": "D", "scan": 0.43, "track": 0.38}}, {"type": "Feature", "geometry": {"type": "Point", "coordinates": [-12.23214, 10.00344]}, "properties": {"source_sensor": "VIIRS (Suomi NPP)", "frp": 128.39, "confidence": "high", "brightness_ti4": 367.0, "brightness_ti5": 348.16, "acq_date": "2026-04-06", "acq_time": "1405", "satellite": "N", "daynight": "D", "scan": 0.43, "track": 0.38}}, {"type": "Feature", "geometry": {"type": "Point", "coordinates": [-12.2282, 10.00407]}, "properties": {"source_sensor": "VIIRS (Suomi NPP)", "frp": 128.39, "confidence": "nominal", "brightness_ti4": 341.53, "brightness_ti5": 310.99, "acq_date": "2026-04-06", "acq_time": "1405", "satellite": "N", "daynight": "D", "scan": 0.43, "track": 0.38}}, {"type": "Feature", "geometry": {"type": "Point", "coordinates": [-5.70153, 42.97336]}, "properties": {"source_sensor": "MODIS (Aqua/Terra)", "frp": 128.39, "confidence": 88, "brightness": 333.37, "bright_t31": 292.75, "acq_date": "2026-04-06", "acq_time": "1429", "satellite": "A", "daynight": "D", "scan": 2.55, "track": 1.54}}, {"type": "Feature", "geometry": {"type": "Point", "coordinates": [83.31915, 27.24697]}, "properties": {"source_sensor": "MODIS (Aqua/Terra)", "frp": 128.38, "confidence": 100, "brightness": 376.16, "bright_t31": 309.13, "acq_date": "2026-04-07", "acq_time": "0342", "satellite": "T", "daynight": "D", "scan": 1.01, "track": 1.01}}, {"type": "Feature", "geometry": {"type": "Point", "coordinates": [97.04228, 22.75923]}, "properties": {"source_sensor": "VIIRS (Suomi NPP)", "frp": 128.15, "confidence": "nominal", "brightness_ti4": 348.72, "brightness_ti5": 309.39, "acq_date": "2026-04-06", "acq_time": "0722", "satellite": "N", "daynight": "D", "scan": 0.6, "track": 0.53}}, {"type": "Feature", "geometry": {"type": "Point", "coordinates": [97.04221, 22.76422]}, "properties": {"source_sensor": "VIIRS (Suomi NPP)", "frp": 128.15, "confidence": "nominal", "brightness_ti4": 347.51, "brightness_ti5": 298.81, "acq_date": "2026-04-06", "acq_time": "0722", "satellite": "N", "daynight": "D", "scan": 0.6, "track": 0.53}}, {"type": "Feature", "geometry": {"type": "Point", "coordinates": [-95.71176, 38.28439]}, "properties": {"source_sensor": "MODIS (Aqua/Terra)", "frp": 128.15, "confidence": 94, "brightness": 368.22, "bright_t31": 296.73, "acq_date": "2026-04-06", "acq_time": "2104", "satellite": "A", "daynight": "D", "scan": 1.14, "track": 1.06}}, {"type": "Feature", "geometry": {"type": "Point", "coordinates": [101.07005, 19.94493]}, "properties": {"source_sensor": "VIIRS (Suomi NPP)", "frp": 128.09, "confidence": "nominal", "brightness_ti4": 346.54, "brightness_ti5": 311.64, "acq_date": "2026-04-07", "acq_time": "0703", "satellite": "N", "daynight": "D", "scan": 0.5, "track": 0.49}}, {"type": "Feature", "geometry": {"type": "Point", "coordinates": [97.65562, 18.14517]}, "properties": {"source_sensor": "VIIRS (Suomi NPP)", "frp": 128.07, "confidence": "nominal", "brightness_ti4": 340.04, "brightness_ti5": 305.86, "acq_date": "2026-04-07", "acq_time": "0701", "satellite": "N", "daynight": "D", "scan": 0.46, "track": 0.39}}, {"type": "Feature", "geometry": {"type": "Point", "coordinates": [104.96531, 18.49549]}, "properties": {"source_sensor": "VIIRS (Suomi NPP)", "frp": 127.98, "confidence": "nominal", "brightness_ti4": 346.22, "brightness_ti5": 299.8, "acq_date": "2026-04-07", "acq_time": "0523", "satellite": "N", "daynight": "D", "scan": 0.77, "track": 0.77}}, {"type": "Feature", "geometry": {"type": "Point", "coordinates": [104.9598, 18.49415]}, "properties": {"source_sensor": "VIIRS (Suomi NPP)", "frp": 127.98, "confidence": "nominal", "brightness_ti4": 331.64, "brightness_ti5": 298.39, "acq_date": "2026-04-07", "acq_time": "0523", "satellite": "N", "daynight": "D", "scan": 0.77, "track": 0.77}}, {"type": "Feature", "geometry": {"type": "Point", "coordinates": [103.94269, 20.17081]}, "properties": {"source_sensor": "MODIS (Aqua/Terra)", "frp": 127.93, "confidence": 98, "brightness": 355.39, "bright_t31": 298.95, "acq_date": "2026-04-07", "acq_time": "0826", "satellite": "A", "daynight": "D", "scan": 1.54, "track": 1.22}}, {"type": "Feature", "geometry": {"type": "Point", "coordinates": [151.27686, -30.79935]}, "properties": {"source_sensor": "MODIS (Aqua/Terra)", "frp": 127.61, "confidence": 86, "brightness": 332.28, "bright_t31": 299.22, "acq_date": "2026-04-07", "acq_time": "0457", "satellite": "A", "daynight": "D", "scan": 2.96, "track": 1.64}}, {"type": "Feature", "geometry": {"type": "Point", "coordinates": [98.34504, 22.74801]}, "properties": {"source_sensor": "MODIS (Aqua/Terra)", "frp": 127.48, "confidence": 79, "brightness": 324.26, "bright_t31": 294.24, "acq_date": "2026-04-06", "acq_time": "0752", "satellite": "A", "daynight": "D", "scan": 3.87, "track": 1.83}}, {"type": "Feature", "geometry": {"type": "Point", "coordinates": [98.8748, 22.82089]}, "properties": {"source_sensor": "VIIRS (Suomi NPP)", "frp": 127.47, "confidence": "high", "brightness_ti4": 367.0, "brightness_ti5": 304.87, "acq_date": "2026-04-06", "acq_time": "0722", "satellite": "N", "daynight": "D", "scan": 0.4, "track": 0.6}}, {"type": "Feature", "geometry": {"type": "Point", "coordinates": [106.8053, 14.0231]}, "properties": {"source_sensor": "MODIS (Aqua/Terra)", "frp": 127.06, "confidence": 100, "brightness": 363.31, "bright_t31": 310.22, "acq_date": "2026-04-06", "acq_time": "0748", "satellite": "A", "daynight": "D", "scan": 1.37, "track": 1.16}}, {"type": "Feature", "geometry": {"type": "Point", "coordinates": [-11.51019, 9.1195]}, "properties": {"source_sensor": "VIIRS (Suomi NPP)", "frp": 126.59, "confidence": "low", "brightness_ti4": 367.0, "brightness_ti5": 354.83, "acq_date": "2026-04-06", "acq_time": "1405", "satellite": "N", "daynight": "D", "scan": 0.41, "track": 0.37}}, {"type": "Feature", "geometry": {"type": "Point", "coordinates": [-11.51073, 9.12292]}, "properties": {"source_sensor": "VIIRS (Suomi NPP)", "frp": 126.59, "confidence": "low", "brightness_ti4": 347.03, "brightness_ti5": 304.6, "acq_date": "2026-04-06", "acq_time": "1405", "satellite": "N", "daynight": "D", "scan": 0.41, "track": 0.37}}, {"type": "Feature", "geometry": {"type": "Point", "coordinates": [97.02933, 22.75817]}, "properties": {"source_sensor": "MODIS (Aqua/Terra)", "frp": 126.59, "confidence": 73, "brightness": 318.45, "bright_t31": 288.64, "acq_date": "2026-04-06", "acq_time": "0752", "satellite": "A", "daynight": "D", "scan": 4.82, "track": 2.0}}, {"type": "Feature", "geometry": {"type": "Point", "coordinates": [102.80418, 18.92666]}, "properties": {"source_sensor": "MODIS (Aqua/Terra)", "frp": 126.5, "confidence": 100, "brightness": 364.35, "bright_t31": 305.18, "acq_date": "2026-04-07", "acq_time": "0826", "satellite": "A", "daynight": "D", "scan": 1.25, "track": 1.11}}, {"type": "Feature", "geometry": {"type": "Point", "coordinates": [103.51884, 12.91936]}, "properties": {"source_sensor": "MODIS (Aqua/Terra)", "frp": 126.22, "confidence": 100, "brightness": 370.31, "bright_t31": 308.66, "acq_date": "2026-04-07", "acq_time": "0826", "satellite": "A", "daynight": "D", "scan": 1.16, "track": 1.07}}, {"type": "Feature", "geometry": {"type": "Point", "coordinates": [101.99852, 19.62712]}, "properties": {"source_sensor": "VIIRS (Suomi NPP)", "frp": 126.02, "confidence": "high", "brightness_ti4": 367.0, "brightness_ti5": 303.01, "acq_date": "2026-04-06", "acq_time": "0722", "satellite": "N", "daynight": "D", "scan": 0.58, "track": 0.69}}, {"type": "Feature", "geometry": {"type": "Point", "coordinates": [101.99359, 19.62668]}, "properties": {"source_sensor": "VIIRS (Suomi NPP)", "frp": 126.02, "confidence": "low", "brightness_ti4": 208.0, "brightness_ti5": 300.42, "acq_date": "2026-04-06", "acq_time": "0722", "satellite": "N", "daynight": "D", "scan": 0.58, "track": 0.69}}, {"type": "Feature", "geometry": {"type": "Point", "coordinates": [65.67297, 54.89326]}, "properties": {"source_sensor": "MODIS (Aqua/Terra)", "frp": 126.02, "confidence": 98, "brightness": 356.38, "bright_t31": 292.57, "acq_date": "2026-04-06", "acq_time": "0939", "satellite": "A", "daynight": "D", "scan": 1.48, "track": 1.2}}, {"type": "Feature", "geometry": {"type": "Point", "coordinates": [-96.67597, 37.19674]}, "properties": {"source_sensor": "VIIRS (Suomi NPP)", "frp": 125.89, "confidence": "nominal", "brightness_ti4": 341.4, "brightness_ti5": 304.04, "acq_date": "2026-04-06", "acq_time": "1917", "satellite": "N", "daynight": "D", "scan": 0.45, "track": 0.39}}, {"type": "Feature", "geometry": {"type": "Point", "coordinates": [98.05237, 18.61571]}, "properties": {"source_sensor": "MODIS (Aqua/Terra)", "frp": 125.86, "confidence": 100, "brightness": 371.08, "bright_t31": 298.2, "acq_date": "2026-04-07", "acq_time": "0826", "satellite": "A", "daynight": "D", "scan": 1.08, "track": 1.04}}, {"type": "Feature", "geometry": {"type": "Point", "coordinates": [92.92988, 21.3097]}, "properties": {"source_sensor": "VIIRS (Suomi NPP)", "frp": 125.53, "confidence": "nominal", "brightness_ti4": 350.73, "brightness_ti5": 308.48, "acq_date": "2026-04-06", "acq_time": "0722", "satellite": "N", "daynight": "D", "scan": 0.5, "track": 0.41}}, {"type": "Feature", "geometry": {"type": "Point", "coordinates": [-10.39115, 6.97968]}, "properties": {"source_sensor": "VIIRS (Suomi NPP)", "frp": 125.53, "confidence": "low", "brightness_ti4": 341.46, "brightness_ti5": 301.39, "acq_date": "2026-04-06", "acq_time": "1403", "satellite": "N", "daynight": "D", "scan": 0.4, "track": 0.37}}, {"type": "Feature", "geometry": {"type": "Point", "coordinates": [49.5914, 27.03108]}, "properties": {"source_sensor": "VIIRS (Suomi NPP)", "frp": 125.25, "confidence": "nominal", "brightness_ti4": 349.85, "brightness_ti5": 325.76, "acq_date": "2026-04-06", "acq_time": "2131", "satellite": "N", "daynight": "N", "scan": 0.73, "track": 0.76}}, {"type": "Feature", "geometry": {"type": "Point", "coordinates": [49.59088, 27.02396]}, "properties": {"source_sensor": "VIIRS (Suomi NPP)", "frp": 125.25, "confidence": "nominal", "brightness_ti4": 342.95, "brightness_ti5": 287.53, "acq_date": "2026-04-06", "acq_time": "2131", "satellite": "N", "daynight": "N", "scan": 0.73, "track": 0.76}}, {"type": "Feature", "geometry": {"type": "Point", "coordinates": [49.59853, 27.02357]}, "properties": {"source_sensor": "VIIRS (Suomi NPP)", "frp": 125.25, "confidence": "nominal", "brightness_ti4": 324.95, "brightness_ti5": 287.29, "acq_date": "2026-04-06", "acq_time": "2131", "satellite": "N", "daynight": "N", "scan": 0.73, "track": 0.76}}, {"type": "Feature", "geometry": {"type": "Point", "coordinates": [97.83522, 17.88709]}, "properties": {"source_sensor": "MODIS (Aqua/Terra)", "frp": 125.11, "confidence": 100, "brightness": 369.28, "bright_t31": 305.83, "acq_date": "2026-04-07", "acq_time": "0826", "satellite": "A", "daynight": "D", "scan": 1.13, "track": 1.06}}, {"type": "Feature", "geometry": {"type": "Point", "coordinates": [152.69826, -29.6966]}, "properties": {"source_sensor": "MODIS (Aqua/Terra)", "frp": 125.09, "confidence": 78, "brightness": 339.27, "bright_t31": 295.25, "acq_date": "2026-04-07", "acq_time": "0457", "satellite": "A", "daynight": "D", "scan": 2.27, "track": 1.46}}, {"type": "Feature", "geometry": {"type": "Point", "coordinates": [128.4826, -17.92479]}, "properties": {"source_sensor": "MODIS (Aqua/Terra)", "frp": 125.0, "confidence": 99, "brightness": 359.7, "bright_t31": 306.86, "acq_date": "2026-04-07", "acq_time": "0640", "satellite": "A", "daynight": "D", "scan": 1.45, "track": 1.19}}, {"type": "Feature", "geometry": {"type": "Point", "coordinates": [93.5068, 22.16767]}, "properties": {"source_sensor": "VIIRS (Suomi NPP)", "frp": 124.95, "confidence": "nominal", "brightness_ti4": 341.73, "brightness_ti5": 312.39, "acq_date": "2026-04-06", "acq_time": "0722", "satellite": "N", "daynight": "D", "scan": 0.54, "track": 0.42}}, {"type": "Feature", "geometry": {"type": "Point", "coordinates": [93.51083, 22.17215]}, "properties": {"source_sensor": "VIIRS (Suomi NPP)", "frp": 124.95, "confidence": "nominal", "brightness_ti4": 336.73, "brightness_ti5": 295.89, "acq_date": "2026-04-06", "acq_time": "0722", "satellite": "N", "daynight": "D", "scan": 0.54, "track": 0.42}}, {"type": "Feature", "geometry": {"type": "Point", "coordinates": [93.50579, 22.17152]}, "properties": {"source_sensor": "VIIRS (Suomi NPP)", "frp": 124.95, "confidence": "nominal", "brightness_ti4": 346.3, "brightness_ti5": 317.27, "acq_date": "2026-04-06", "acq_time": "0722", "satellite": "N", "daynight": "D", "scan": 0.54, "track": 0.42}}, {"type": "Feature", "geometry": {"type": "Point", "coordinates": [48.23937, 45.74134]}, "properties": {"source_sensor": "VIIRS (Suomi NPP)", "frp": 124.76, "confidence": "high", "brightness_ti4": 367.0, "brightness_ti5": 299.09, "acq_date": "2026-04-06", "acq_time": "1051", "satellite": "N", "daynight": "D", "scan": 0.6, "track": 0.7}}, {"type": "Feature", "geometry": {"type": "Point", "coordinates": [48.23133, 45.74134]}, "properties": {"source_sensor": "VIIRS (Suomi NPP)", "frp": 124.76, "confidence": "nominal", "brightness_ti4": 325.13, "brightness_ti5": 296.89, "acq_date": "2026-04-06", "acq_time": "1051", "satellite": "N", "daynight": "D", "scan": 0.6, "track": 0.7}}, {"type": "Feature", "geometry": {"type": "Point", "coordinates": [48.23938, 45.74797]}, "properties": {"source_sensor": "VIIRS (Suomi NPP)", "frp": 124.76, "confidence": "high", "brightness_ti4": 367.0, "brightness_ti5": 292.32, "acq_date": "2026-04-06", "acq_time": "1051", "satellite": "N", "daynight": "D", "scan": 0.6, "track": 0.7}}, {"type": "Feature", "geometry": {"type": "Point", "coordinates": [48.23133, 45.74798]}, "properties": {"source_sensor": "VIIRS (Suomi NPP)", "frp": 124.76, "confidence": "low", "brightness_ti4": 208.0, "brightness_ti5": 320.54, "acq_date": "2026-04-06", "acq_time": "1051", "satellite": "N", "daynight": "D", "scan": 0.6, "track": 0.7}}, {"type": "Feature", "geometry": {"type": "Point", "coordinates": [101.06135, 19.94394]}, "properties": {"source_sensor": "VIIRS (Suomi NPP)", "frp": 124.66, "confidence": "nominal", "brightness_ti4": 354.85, "brightness_ti5": 301.68, "acq_date": "2026-04-07", "acq_time": "0703", "satellite": "N", "daynight": "D", "scan": 0.5, "track": 0.49}}, {"type": "Feature", "geometry": {"type": "Point", "coordinates": [101.25284, 20.03737]}, "properties": {"source_sensor": "MODIS (Aqua/Terra)", "frp": 124.63, "confidence": 88, "brightness": 336.74, "bright_t31": 300.52, "acq_date": "2026-04-06", "acq_time": "0750", "satellite": "A", "daynight": "D", "scan": 2.7, "track": 1.57}}, {"type": "Feature", "geometry": {"type": "Point", "coordinates": [90.45373, 25.73075]}, "properties": {"source_sensor": "MODIS (Aqua/Terra)", "frp": 124.61, "confidence": 89, "brightness": 336.99, "bright_t31": 298.54, "acq_date": "2026-04-07", "acq_time": "0830", "satellite": "A", "daynight": "D", "scan": 2.49, "track": 1.52}}, {"type": "Feature", "geometry": {"type": "Point", "coordinates": [96.62959, 19.56945]}, "properties": {"source_sensor": "VIIRS (Suomi NPP)", "frp": 124.27, "confidence": "nominal", "brightness_ti4": 343.32, "brightness_ti5": 298.19, "acq_date": "2026-04-06", "acq_time": "0722", "satellite": "N", "daynight": "D", "scan": 0.52, "track": 0.5}}, {"type": "Feature", "geometry": {"type": "Point", "coordinates": [96.62471, 19.56889]}, "properties": {"source_sensor": "VIIRS (Suomi NPP)", "frp": 124.27, "confidence": "nominal", "brightness_ti4": 339.76, "brightness_ti5": 311.56, "acq_date": "2026-04-06", "acq_time": "0722", "satellite": "N", "daynight": "D", "scan": 0.52, "track": 0.5}}, {"type": "Feature", "geometry": {"type": "Point", "coordinates": [97.45741, 18.2331]}, "properties": {"source_sensor": "VIIRS (Suomi NPP)", "frp": 124.19, "confidence": "nominal", "brightness_ti4": 346.01, "brightness_ti5": 301.39, "acq_date": "2026-04-07", "acq_time": "0701", "satellite": "N", "daynight": "D", "scan": 0.45, "track": 0.39}}, {"type": "Feature", "geometry": {"type": "Point", "coordinates": [103.03976, 20.39118]}, "properties": {"source_sensor": "VIIRS (Suomi NPP)", "frp": 124.1, "confidence": "high", "brightness_ti4": 367.0, "brightness_ti5": 305.53, "acq_date": "2026-04-06", "acq_time": "0542", "satellite": "N", "daynight": "D", "scan": 0.47, "track": 0.64}}, {"type": "Feature", "geometry": {"type": "Point", "coordinates": [99.1664, 15.13084]}, "properties": {"source_sensor": "MODIS (Aqua/Terra)", "frp": 123.98, "confidence": 94, "brightness": 372.03, "bright_t31": 304.0, "acq_date": "2026-04-07", "acq_time": "0826", "satellite": "A", "daynight": "D", "scan": 1.06, "track": 1.03}}, {"type": "Feature", "geometry": {"type": "Point", "coordinates": [91.05558, 25.80628]}, "properties": {"source_sensor": "MODIS (Aqua/Terra)", "frp": 123.9, "confidence": 88, "brightness": 335.34, "bright_t31": 295.06, "acq_date": "2026-04-06", "acq_time": "0928", "satellite": "A", "daynight": "D", "scan": 2.7, "track": 1.57}}, {"type": "Feature", "geometry": {"type": "Point", "coordinates": [106.398, 16.05583]}, "properties": {"source_sensor": "MODIS (Aqua/Terra)", "frp": 123.82, "confidence": 100, "brightness": 361.25, "bright_t31": 304.68, "acq_date": "2026-04-06", "acq_time": "0748", "satellite": "A", "daynight": "D", "scan": 1.35, "track": 1.15}}, {"type": "Feature", "geometry": {"type": "Point", "coordinates": [98.13449, 18.50817]}, "properties": {"source_sensor": "MODIS (Aqua/Terra)", "frp": 123.78, "confidence": 100, "brightness": 370.41, "bright_t31": 301.76, "acq_date": "2026-04-07", "acq_time": "0826", "satellite": "A", "daynight": "D", "scan": 1.08, "track": 1.04}}, {"type": "Feature", "geometry": {"type": "Point", "coordinates": [98.86682, 21.91366]}, "properties": {"source_sensor": "VIIRS (Suomi NPP)", "frp": 123.73, "confidence": "nominal", "brightness_ti4": 334.5, "brightness_ti5": 290.04, "acq_date": "2026-04-06", "acq_time": "0542", "satellite": "N", "daynight": "D", "scan": 0.78, "track": 0.78}}, {"type": "Feature", "geometry": {"type": "Point", "coordinates": [98.8777, 21.91651]}, "properties": {"source_sensor": "VIIRS (Suomi NPP)", "frp": 123.73, "confidence": "low", "brightness_ti4": 208.0, "brightness_ti5": 297.19, "acq_date": "2026-04-06", "acq_time": "0542", "satellite": "N", "daynight": "D", "scan": 0.78, "track": 0.78}}, {"type": "Feature", "geometry": {"type": "Point", "coordinates": [98.87084, 21.92232]}, "properties": {"source_sensor": "VIIRS (Suomi NPP)", "frp": 123.73, "confidence": "nominal", "brightness_ti4": 349.22, "brightness_ti5": 290.34, "acq_date": "2026-04-06", "acq_time": "0542", "satellite": "N", "daynight": "D", "scan": 0.78, "track": 0.78}}, {"type": "Feature", "geometry": {"type": "Point", "coordinates": [98.86292, 21.92025]}, "properties": {"source_sensor": "VIIRS (Suomi NPP)", "frp": 123.73, "confidence": "nominal", "brightness_ti4": 326.94, "brightness_ti5": 289.83, "acq_date": "2026-04-06", "acq_time": "0542", "satellite": "N", "daynight": "D", "scan": 0.78, "track": 0.78}}, {"type": "Feature", "geometry": {"type": "Point", "coordinates": [102.92657, 18.40925]}, "properties": {"source_sensor": "VIIRS (Suomi NPP)", "frp": 123.54, "confidence": "low", "brightness_ti4": 330.8, "brightness_ti5": 301.18, "acq_date": "2026-04-07", "acq_time": "0701", "satellite": "N", "daynight": "D", "scan": 0.63, "track": 0.54}}, {"type": "Feature", "geometry": {"type": "Point", "coordinates": [102.93256, 18.415]}, "properties": {"source_sensor": "VIIRS (Suomi NPP)", "frp": 123.54, "confidence": "nominal", "brightness_ti4": 341.66, "brightness_ti5": 301.51, "acq_date": "2026-04-07", "acq_time": "0701", "satellite": "N", "daynight": "D", "scan": 0.63, "track": 0.54}}, {"type": "Feature", "geometry": {"type": "Point", "coordinates": [-9.88113, 8.3692]}, "properties": {"source_sensor": "VIIRS (Suomi NPP)", "frp": 123.47, "confidence": "nominal", "brightness_ti4": 346.96, "brightness_ti5": 301.12, "acq_date": "2026-04-06", "acq_time": "1403", "satellite": "N", "daynight": "D", "scan": 0.39, "track": 0.36}}, {"type": "Feature", "geometry": {"type": "Point", "coordinates": [-55.82003, -26.3153]}, "properties": {"source_sensor": "MODIS (Aqua/Terra)", "frp": 123.37, "confidence": 77, "brightness": 319.92, "bright_t31": 291.15, "acq_date": "2026-04-06", "acq_time": "1308", "satellite": "T", "daynight": "D", "scan": 4.57, "track": 1.96}}, {"type": "Feature", "geometry": {"type": "Point", "coordinates": [98.34241, 18.89221]}, "properties": {"source_sensor": "MODIS (Aqua/Terra)", "frp": 123.23, "confidence": 100, "brightness": 371.24, "bright_t31": 292.99, "acq_date": "2026-04-07", "acq_time": "0826", "satellite": "A", "daynight": "D", "scan": 1.05, "track": 1.03}}, {"type": "Feature", "geometry": {"type": "Point", "coordinates": [-13.05967, 9.58418]}, "properties": {"source_sensor": "MODIS (Aqua/Terra)", "frp": 123.22, "confidence": 100, "brightness": 373.57, "bright_t31": 309.71, "acq_date": "2026-04-06", "acq_time": "1558", "satellite": "A", "daynight": "D", "scan": 1.05, "track": 1.02}}, {"type": "Feature", "geometry": {"type": "Point", "coordinates": [145.32347, -35.63376]}, "properties": {"source_sensor": "VIIRS (Suomi NPP)", "frp": 123.18, "confidence": "nominal", "brightness_ti4": 338.8, "brightness_ti5": 289.03, "acq_date": "2026-04-06", "acq_time": "0523", "satellite": "N", "daynight": "D", "scan": 0.7, "track": 0.75}}, {"type": "Feature", "geometry": {"type": "Point", "coordinates": [145.31261, -35.62949]}, "properties": {"source_sensor": "VIIRS (Suomi NPP)", "frp": 123.18, "confidence": "high", "brightness_ti4": 367.0, "brightness_ti5": 291.2, "acq_date": "2026-04-06", "acq_time": "0523", "satellite": "N", "daynight": "D", "scan": 0.7, "track": 0.75}}, {"type": "Feature", "geometry": {"type": "Point", "coordinates": [145.32036, -35.62706]}, "properties": {"source_sensor": "VIIRS (Suomi NPP)", "frp": 123.18, "confidence": "nominal", "brightness_ti4": 330.4, "brightness_ti5": 288.71, "acq_date": "2026-04-06", "acq_time": "0523", "satellite": "N", "daynight": "D", "scan": 0.7, "track": 0.75}}, {"type": "Feature", "geometry": {"type": "Point", "coordinates": [98.87293, 22.81981]}, "properties": {"source_sensor": "VIIRS (Suomi NPP)", "frp": 123.14, "confidence": "high", "brightness_ti4": 367.0, "brightness_ti5": 311.37, "acq_date": "2026-04-06", "acq_time": "0722", "satellite": "N", "daynight": "D", "scan": 0.4, "track": 0.6}}, {"type": "Feature", "geometry": {"type": "Point", "coordinates": [98.87518, 22.82561]}, "properties": {"source_sensor": "VIIRS (Suomi NPP)", "frp": 123.14, "confidence": "nominal", "brightness_ti4": 347.48, "brightness_ti5": 295.95, "acq_date": "2026-04-06", "acq_time": "0722", "satellite": "N", "daynight": "D", "scan": 0.4, "track": 0.6}}, {"type": "Feature", "geometry": {"type": "Point", "coordinates": [86.74585, 27.05482]}, "properties": {"source_sensor": "MODIS (Aqua/Terra)", "frp": 122.8, "confidence": 99, "brightness": 358.68, "bright_t31": 305.79, "acq_date": "2026-04-06", "acq_time": "0930", "satellite": "A", "daynight": "D", "scan": 1.39, "track": 1.17}}, {"type": "Feature", "geometry": {"type": "Point", "coordinates": [74.69629, 46.93363]}, "properties": {"source_sensor": "MODIS (Aqua/Terra)", "frp": 122.74, "confidence": 100, "brightness": 356.68, "bright_t31": 287.5, "acq_date": "2026-04-06", "acq_time": "1541", "satellite": "T", "daynight": "N", "scan": 1.33, "track": 1.14}}, {"type": "Feature", "geometry": {"type": "Point", "coordinates": [103.15283, 20.72463]}, "properties": {"source_sensor": "VIIRS (Suomi NPP)", "frp": 122.71, "confidence": "high", "brightness_ti4": 367.0, "brightness_ti5": 295.69, "acq_date": "2026-04-06", "acq_time": "0542", "satellite": "N", "daynight": "D", "scan": 0.46, "track": 0.63}}, {"type": "Feature", "geometry": {"type": "Point", "coordinates": [102.80971, 18.92928]}, "properties": {"source_sensor": "VIIRS (Suomi NPP)", "frp": 122.47, "confidence": "nominal", "brightness_ti4": 341.28, "brightness_ti5": 306.69, "acq_date": "2026-04-07", "acq_time": "0701", "satellite": "N", "daynight": "D", "scan": 0.63, "track": 0.54}}, {"type": "Feature", "geometry": {"type": "Point", "coordinates": [97.02487, 22.7592]}, "properties": {"source_sensor": "MODIS (Aqua/Terra)", "frp": 122.23, "confidence": 73, "brightness": 317.98, "bright_t31": 289.17, "acq_date": "2026-04-06", "acq_time": "0752", "satellite": "A", "daynight": "D", "scan": 4.82, "track": 2.0}}, {"type": "Feature", "geometry": {"type": "Point", "coordinates": [102.76362, 20.0034]}, "properties": {"source_sensor": "VIIRS (Suomi NPP)", "frp": 122.16, "confidence": "nominal", "brightness_ti4": 343.71, "brightness_ti5": 286.0, "acq_date": "2026-04-06", "acq_time": "0542", "satellite": "N", "daynight": "D", "scan": 0.5, "track": 0.66}}, {"type": "Feature", "geometry": {"type": "Point", "coordinates": [102.76312, 20.00961]}, "properties": {"source_sensor": "VIIRS (Suomi NPP)", "frp": 122.16, "confidence": "nominal", "brightness_ti4": 355.95, "brightness_ti5": 278.46, "acq_date": "2026-04-06", "acq_time": "0542", "satellite": "N", "daynight": "D", "scan": 0.5, "track": 0.66}}, {"type": "Feature", "geometry": {"type": "Point", "coordinates": [49.623, 46.43016]}, "properties": {"source_sensor": "MODIS (Aqua/Terra)", "frp": 122.09, "confidence": 100, "brightness": 369.5, "bright_t31": 299.35, "acq_date": "2026-04-06", "acq_time": "1115", "satellite": "A", "daynight": "D", "scan": 1.08, "track": 1.04}}, {"type": "Feature", "geometry": {"type": "Point", "coordinates": [98.02496, 18.7324]}, "properties": {"source_sensor": "MODIS (Aqua/Terra)", "frp": 121.98, "confidence": 75, "brightness": 370.11, "bright_t31": 287.41, "acq_date": "2026-04-07", "acq_time": "0826", "satellite": "A", "daynight": "D", "scan": 1.08, "track": 1.04}}, {"type": "Feature", "geometry": {"type": "Point", "coordinates": [102.51137, 18.86513]}, "properties": {"source_sensor": "MODIS (Aqua/Terra)", "frp": 121.81, "confidence": 100, "brightness": 365.92, "bright_t31": 303.01, "acq_date": "2026-04-07", "acq_time": "0826", "satellite": "A", "daynight": "D", "scan": 1.2, "track": 1.09}}, {"type": "Feature", "geometry": {"type": "Point", "coordinates": [102.22555, 20.65239]}, "properties": {"source_sensor": "VIIRS (Suomi NPP)", "frp": 121.79, "confidence": "nominal", "brightness_ti4": 352.62, "brightness_ti5": 297.79, "acq_date": "2026-04-06", "acq_time": "0542", "satellite": "N", "daynight": "D", "scan": 0.52, "track": 0.67}}, {"type": "Feature", "geometry": {"type": "Point", "coordinates": [102.21995, 20.6511]}, "properties": {"source_sensor": "VIIRS (Suomi NPP)", "frp": 121.79, "confidence": "low", "brightness_ti4": 304.54, "brightness_ti5": 318.34, "acq_date": "2026-04-06", "acq_time": "0542", "satellite": "N", "daynight": "D", "scan": 0.52, "track": 0.67}}, {"type": "Feature", "geometry": {"type": "Point", "coordinates": [104.27236, 18.62623]}, "properties": {"source_sensor": "VIIRS (Suomi NPP)", "frp": 121.68, "confidence": "high", "brightness_ti4": 367.0, "brightness_ti5": 344.39, "acq_date": "2026-04-07", "acq_time": "0701", "satellite": "N", "daynight": "D", "scan": 0.39, "track": 0.59}}, {"type": "Feature", "geometry": {"type": "Point", "coordinates": [104.26752, 18.6313]}, "properties": {"source_sensor": "VIIRS (Suomi NPP)", "frp": 121.68, "confidence": "nominal", "brightness_ti4": 350.22, "brightness_ti5": 302.88, "acq_date": "2026-04-07", "acq_time": "0701", "satellite": "N", "daynight": "D", "scan": 0.39, "track": 0.59}}, {"type": "Feature", "geometry": {"type": "Point", "coordinates": [104.27068, 18.63163]}, "properties": {"source_sensor": "VIIRS (Suomi NPP)", "frp": 121.68, "confidence": "low", "brightness_ti4": 208.0, "brightness_ti5": 309.64, "acq_date": "2026-04-07", "acq_time": "0701", "satellite": "N", "daynight": "D", "scan": 0.39, "track": 0.59}}, {"type": "Feature", "geometry": {"type": "Point", "coordinates": [-9.85229, 8.39065]}, "properties": {"source_sensor": "VIIRS (Suomi NPP)", "frp": 121.66, "confidence": "low", "brightness_ti4": 367.0, "brightness_ti5": 333.12, "acq_date": "2026-04-06", "acq_time": "1403", "satellite": "N", "daynight": "D", "scan": 0.38, "track": 0.36}}, {"type": "Feature", "geometry": {"type": "Point", "coordinates": [-9.8528, 8.39397]}, "properties": {"source_sensor": "VIIRS (Suomi NPP)", "frp": 121.66, "confidence": "low", "brightness_ti4": 330.26, "brightness_ti5": 303.97, "acq_date": "2026-04-06", "acq_time": "1403", "satellite": "N", "daynight": "D", "scan": 0.38, "track": 0.36}}, {"type": "Feature", "geometry": {"type": "Point", "coordinates": [27.596, 8.86035]}, "properties": {"source_sensor": "MODIS (Aqua/Terra)", "frp": 121.65, "confidence": 100, "brightness": 374.69, "bright_t31": 299.16, "acq_date": "2026-04-07", "acq_time": "1321", "satellite": "A", "daynight": "D", "scan": 1.01, "track": 1.0}}, {"type": "Feature", "geometry": {"type": "Point", "coordinates": [130.17909, 49.00739]}, "properties": {"source_sensor": "VIIRS (Suomi NPP)", "frp": 121.42, "confidence": "nominal", "brightness_ti4": 349.08, "brightness_ti5": 285.97, "acq_date": "2026-04-07", "acq_time": "0529", "satellite": "N", "daynight": "D", "scan": 0.68, "track": 0.74}}, {"type": "Feature", "geometry": {"type": "Point", "coordinates": [116.4615, -30.60168]}, "properties": {"source_sensor": "VIIRS (Suomi NPP)", "frp": 121.35, "confidence": "high", "brightness_ti4": 367.0, "brightness_ti5": 310.89, "acq_date": "2026-04-07", "acq_time": "0648", "satellite": "N", "daynight": "D", "scan": 0.35, "track": 0.56}}, {"type": "Feature", "geometry": {"type": "Point", "coordinates": [116.45787, -30.60254]}, "properties": {"source_sensor": "VIIRS (Suomi NPP)", "frp": 121.35, "confidence": "low", "brightness_ti4": 367.0, "brightness_ti5": 337.43, "acq_date": "2026-04-07", "acq_time": "0648", "satellite": "N", "daynight": "D", "scan": 0.35, "track": 0.56}}, {"type": "Feature", "geometry": {"type": "Point", "coordinates": [-11.45365, 7.8436]}, "properties": {"source_sensor": "VIIRS (Suomi NPP)", "frp": 121.17, "confidence": "high", "brightness_ti4": 367.0, "brightness_ti5": 331.71, "acq_date": "2026-04-06", "acq_time": "1403", "satellite": "N", "daynight": "D", "scan": 0.42, "track": 0.37}}, {"type": "Feature", "geometry": {"type": "Point", "coordinates": [-11.45423, 7.84705]}, "properties": {"source_sensor": "VIIRS (Suomi NPP)", "frp": 121.17, "confidence": "nominal", "brightness_ti4": 341.58, "brightness_ti5": 307.09, "acq_date": "2026-04-06", "acq_time": "1403", "satellite": "N", "daynight": "D", "scan": 0.42, "track": 0.37}}, {"type": "Feature", "geometry": {"type": "Point", "coordinates": [118.24887, 46.86513]}, "properties": {"source_sensor": "MODIS (Aqua/Terra)", "frp": 120.93, "confidence": 73, "brightness": 308.16, "bright_t31": 266.8, "acq_date": "2026-04-07", "acq_time": "1128", "satellite": "T", "daynight": "N", "scan": 4.71, "track": 1.99}}, {"type": "Feature", "geometry": {"type": "Point", "coordinates": [106.97977, 15.2689]}, "properties": {"source_sensor": "VIIRS (Suomi NPP)", "frp": 120.91, "confidence": "nominal", "brightness_ti4": 351.29, "brightness_ti5": 308.94, "acq_date": "2026-04-06", "acq_time": "0540", "satellite": "N", "daynight": "D", "scan": 0.33, "track": 0.55}}, {"type": "Feature", "geometry": {"type": "Point", "coordinates": [106.9771, 15.26838]}, "properties": {"source_sensor": "VIIRS (Suomi NPP)", "frp": 120.91, "confidence": "low", "brightness_ti4": 208.0, "brightness_ti5": 323.22, "acq_date": "2026-04-06", "acq_time": "0540", "satellite": "N", "daynight": "D", "scan": 0.33, "track": 0.55}}, {"type": "Feature", "geometry": {"type": "Point", "coordinates": [106.97752, 15.27375]}, "properties": {"source_sensor": "VIIRS (Suomi NPP)", "frp": 120.91, "confidence": "high", "brightness_ti4": 367.0, "brightness_ti5": 297.61, "acq_date": "2026-04-06", "acq_time": "0540", "satellite": "N", "daynight": "D", "scan": 0.33, "track": 0.55}}, {"type": "Feature", "geometry": {"type": "Point", "coordinates": [100.99227, 20.71281]}, "properties": {"source_sensor": "MODIS (Aqua/Terra)", "frp": 120.89, "confidence": 100, "brightness": 370.19, "bright_t31": 305.73, "acq_date": "2026-04-07", "acq_time": "0828", "satellite": "A", "daynight": "D", "scan": 1.07, "track": 1.03}}, {"type": "Feature", "geometry": {"type": "Point", "coordinates": [103.56929, 12.83933]}, "properties": {"source_sensor": "MODIS (Aqua/Terra)", "frp": 120.74, "confidence": 81, "brightness": 340.07, "bright_t31": 298.64, "acq_date": "2026-04-06", "acq_time": "0748", "satellite": "A", "daynight": "D", "scan": 2.52, "track": 1.53}}, {"type": "Feature", "geometry": {"type": "Point", "coordinates": [123.68667, 13.25247]}, "properties": {"source_sensor": "MODIS (Aqua/Terra)", "frp": 120.64, "confidence": 100, "brightness": 350.34, "bright_t31": 296.55, "acq_date": "2026-04-06", "acq_time": "1217", "satellite": "T", "daynight": "N", "scan": 1.56, "track": 1.23}}, {"type": "Feature", "geometry": {"type": "Point", "coordinates": [79.26794, 46.66363]}, "properties": {"source_sensor": "MODIS (Aqua/Terra)", "frp": 120.48, "confidence": 100, "brightness": 369.3, "bright_t31": 301.93, "acq_date": "2026-04-06", "acq_time": "0934", "satellite": "A", "daynight": "D", "scan": 1.09, "track": 1.04}}, {"type": "Feature", "geometry": {"type": "Point", "coordinates": [-93.07468, 39.97969]}, "properties": {"source_sensor": "MODIS (Aqua/Terra)", "frp": 120.43, "confidence": 90, "brightness": 336.41, "bright_t31": 287.76, "acq_date": "2026-04-06", "acq_time": "1607", "satellite": "T", "daynight": "D", "scan": 2.19, "track": 1.44}}, {"type": "Feature", "geometry": {"type": "Point", "coordinates": [104.52323, 18.48397]}, "properties": {"source_sensor": "MODIS (Aqua/Terra)", "frp": 120.17, "confidence": 97, "brightness": 353.7, "bright_t31": 306.05, "acq_date": "2026-04-07", "acq_time": "0826", "satellite": "A", "daynight": "D", "scan": 1.59, "track": 1.24}}, {"type": "Feature", "geometry": {"type": "Point", "coordinates": [102.45877, 20.33179]}, "properties": {"source_sensor": "MODIS (Aqua/Terra)", "frp": 120.11, "confidence": 100, "brightness": 364.01, "bright_t31": 304.37, "acq_date": "2026-04-07", "acq_time": "0826", "satellite": "A", "daynight": "D", "scan": 1.24, "track": 1.11}}, {"type": "Feature", "geometry": {"type": "Point", "coordinates": [94.22395, 19.17224]}, "properties": {"source_sensor": "VIIRS (Suomi NPP)", "frp": 120.01, "confidence": "nominal", "brightness_ti4": 349.59, "brightness_ti5": 303.59, "acq_date": "2026-04-07", "acq_time": "0703", "satellite": "N", "daynight": "D", "scan": 0.38, "track": 0.36}}, {"type": "Feature", "geometry": {"type": "Point", "coordinates": [101.43892, 20.35964]}, "properties": {"source_sensor": "MODIS (Aqua/Terra)", "frp": 119.98, "confidence": 100, "brightness": 368.68, "bright_t31": 304.7, "acq_date": "2026-04-07", "acq_time": "0826", "satellite": "A", "daynight": "D", "scan": 1.1, "track": 1.05}}, {"type": "Feature", "geometry": {"type": "Point", "coordinates": [93.44032, 22.1079]}, "properties": {"source_sensor": "VIIRS (Suomi NPP)", "frp": 119.91, "confidence": "nominal", "brightness_ti4": 335.33, "brightness_ti5": 302.82, "acq_date": "2026-04-06", "acq_time": "0722", "satellite": "N", "daynight": "D", "scan": 0.54, "track": 0.42}}, {"type": "Feature", "geometry": {"type": "Point", "coordinates": [92.96138, 21.21746]}, "properties": {"source_sensor": "VIIRS (Suomi NPP)", "frp": 119.83, "confidence": "nominal", "brightness_ti4": 355.17, "brightness_ti5": 306.43, "acq_date": "2026-04-06", "acq_time": "0722", "satellite": "N", "daynight": "D", "scan": 0.5, "track": 0.41}}, {"type": "Feature", "geometry": {"type": "Point", "coordinates": [92.95692, 21.21689]}, "properties": {"source_sensor": "VIIRS (Suomi NPP)", "frp": 119.83, "confidence": "low", "brightness_ti4": 312.55, "brightness_ti5": 320.27, "acq_date": "2026-04-06", "acq_time": "0722", "satellite": "N", "daynight": "D", "scan": 0.5, "track": 0.41}}, {"type": "Feature", "geometry": {"type": "Point", "coordinates": [100.90001, 20.57539]}, "properties": {"source_sensor": "VIIRS (Suomi NPP)", "frp": 119.74, "confidence": "low", "brightness_ti4": 208.0, "brightness_ti5": 301.49, "acq_date": "2026-04-06", "acq_time": "0722", "satellite": "N", "daynight": "D", "scan": 0.5, "track": 0.66}}, {"type": "Feature", "geometry": {"type": "Point", "coordinates": [-10.79639, 12.58516]}, "properties": {"source_sensor": "MODIS (Aqua/Terra)", "frp": 119.66, "confidence": 100, "brightness": 374.42, "bright_t31": 322.65, "acq_date": "2026-04-06", "acq_time": "1601", "satellite": "A", "daynight": "D", "scan": 1.08, "track": 1.04}}, {"type": "Feature", "geometry": {"type": "Point", "coordinates": [99.49213, 11.51894]}, "properties": {"source_sensor": "VIIRS (Suomi NPP)", "frp": 119.61, "confidence": "nominal", "brightness_ti4": 346.82, "brightness_ti5": 308.51, "acq_date": "2026-04-06", "acq_time": "0720", "satellite": "N", "daynight": "D", "scan": 0.62, "track": 0.54}}, {"type": "Feature", "geometry": {"type": "Point", "coordinates": [102.63181, 18.71372]}, "properties": {"source_sensor": "MODIS (Aqua/Terra)", "frp": 119.59, "confidence": 89, "brightness": 364.22, "bright_t31": 299.9, "acq_date": "2026-04-07", "acq_time": "0204", "satellite": "T", "daynight": "D", "scan": 1.19, "track": 1.08}}, {"type": "Feature", "geometry": {"type": "Point", "coordinates": [103.19376, 23.55473]}, "properties": {"source_sensor": "MODIS (Aqua/Terra)", "frp": 119.18, "confidence": 98, "brightness": 355.74, "bright_t31": 308.08, "acq_date": "2026-04-07", "acq_time": "0828", "satellite": "A", "daynight": "D", "scan": 1.53, "track": 1.22}}, {"type": "Feature", "geometry": {"type": "Point", "coordinates": [-14.4701, 13.37509]}, "properties": {"source_sensor": "MODIS (Aqua/Terra)", "frp": 119.17, "confidence": 100, "brightness": 372.22, "bright_t31": 321.59, "acq_date": "2026-04-06", "acq_time": "1601", "satellite": "A", "daynight": "D", "scan": 1.1, "track": 1.04}}, {"type": "Feature", "geometry": {"type": "Point", "coordinates": [104.97284, 18.4951]}, "properties": {"source_sensor": "VIIRS (Suomi NPP)", "frp": 119.01, "confidence": "nominal", "brightness_ti4": 349.68, "brightness_ti5": 294.81, "acq_date": "2026-04-07", "acq_time": "0523", "satellite": "N", "daynight": "D", "scan": 0.77, "track": 0.77}}, {"type": "Feature", "geometry": {"type": "Point", "coordinates": [104.9665, 18.4936]}, "properties": {"source_sensor": "VIIRS (Suomi NPP)", "frp": 119.01, "confidence": "nominal", "brightness_ti4": 347.98, "brightness_ti5": 299.22, "acq_date": "2026-04-07", "acq_time": "0523", "satellite": "N", "daynight": "D", "scan": 0.77, "track": 0.77}}, {"type": "Feature", "geometry": {"type": "Point", "coordinates": [92.96152, 25.40789]}, "properties": {"source_sensor": "VIIRS (Suomi NPP)", "frp": 118.99, "confidence": "nominal", "brightness_ti4": 353.78, "brightness_ti5": 294.68, "acq_date": "2026-04-06", "acq_time": "0724", "satellite": "N", "daynight": "D", "scan": 0.55, "track": 0.43}}, {"type": "Feature", "geometry": {"type": "Point", "coordinates": [92.95594, 25.40724]}, "properties": {"source_sensor": "VIIRS (Suomi NPP)", "frp": 118.99, "confidence": "nominal", "brightness_ti4": 339.67, "brightness_ti5": 293.42, "acq_date": "2026-04-06", "acq_time": "0724", "satellite": "N", "daynight": "D", "scan": 0.55, "track": 0.43}}, {"type": "Feature", "geometry": {"type": "Point", "coordinates": [92.96073, 25.41181]}, "properties": {"source_sensor": "VIIRS (Suomi NPP)", "frp": 118.99, "confidence": "low", "brightness_ti4": 304.68, "brightness_ti5": 319.72, "acq_date": "2026-04-06", "acq_time": "0724", "satellite": "N", "daynight": "D", "scan": 0.55, "track": 0.43}}, {"type": "Feature", "geometry": {"type": "Point", "coordinates": [49.5896, 46.44338]}, "properties": {"source_sensor": "MODIS (Aqua/Terra)", "frp": 118.99, "confidence": 75, "brightness": 369.34, "bright_t31": 307.06, "acq_date": "2026-04-06", "acq_time": "1115", "satellite": "A", "daynight": "D", "scan": 1.09, "track": 1.04}}, {"type": "Feature", "geometry": {"type": "Point", "coordinates": [100.82472, 20.84059]}, "properties": {"source_sensor": "VIIRS (Suomi NPP)", "frp": 118.71, "confidence": "high", "brightness_ti4": 367.0, "brightness_ti5": 300.26, "acq_date": "2026-04-06", "acq_time": "0722", "satellite": "N", "daynight": "D", "scan": 0.5, "track": 0.66}}, {"type": "Feature", "geometry": {"type": "Point", "coordinates": [100.81977, 20.84016]}, "properties": {"source_sensor": "VIIRS (Suomi NPP)", "frp": 118.71, "confidence": "low", "brightness_ti4": 208.0, "brightness_ti5": 309.66, "acq_date": "2026-04-06", "acq_time": "0722", "satellite": "N", "daynight": "D", "scan": 0.5, "track": 0.66}}, {"type": "Feature", "geometry": {"type": "Point", "coordinates": [101.06197, 19.9394]}, "properties": {"source_sensor": "VIIRS (Suomi NPP)", "frp": 118.7, "confidence": "nominal", "brightness_ti4": 349.28, "brightness_ti5": 305.19, "acq_date": "2026-04-07", "acq_time": "0703", "satellite": "N", "daynight": "D", "scan": 0.5, "track": 0.49}}, {"type": "Feature", "geometry": {"type": "Point", "coordinates": [97.945, 17.83106]}, "properties": {"source_sensor": "MODIS (Aqua/Terra)", "frp": 118.68, "confidence": 100, "brightness": 368.05, "bright_t31": 303.67, "acq_date": "2026-04-07", "acq_time": "0826", "satellite": "A", "daynight": "D", "scan": 1.12, "track": 1.05}}, {"type": "Feature", "geometry": {"type": "Point", "coordinates": [103.36915, 20.72443]}, "properties": {"source_sensor": "VIIRS (Suomi NPP)", "frp": 118.6, "confidence": "low", "brightness_ti4": 208.0, "brightness_ti5": 300.22, "acq_date": "2026-04-06", "acq_time": "0542", "satellite": "N", "daynight": "D", "scan": 0.44, "track": 0.63}}, {"type": "Feature", "geometry": {"type": "Point", "coordinates": [62.45394, 52.56898]}, "properties": {"source_sensor": "VIIRS (Suomi NPP)", "frp": 118.52, "confidence": "high", "brightness_ti4": 367.0, "brightness_ti5": 332.07, "acq_date": "2026-04-07", "acq_time": "0854", "satellite": "N", "daynight": "D", "scan": 0.44, "track": 0.39}}, {"type": "Feature", "geometry": {"type": "Point", "coordinates": [68.79002, 52.50251]}, "properties": {"source_sensor": "MODIS (Aqua/Terra)", "frp": 118.5, "confidence": 73, "brightness": 312.86, "bright_t31": 283.55, "acq_date": "2026-04-06", "acq_time": "0612", "satellite": "T", "daynight": "D", "scan": 4.5, "track": 1.95}}, {"type": "Feature", "geometry": {"type": "Point", "coordinates": [53.64609, 23.8426]}, "properties": {"source_sensor": "MODIS (Aqua/Terra)", "frp": 118.46, "confidence": 85, "brightness": 312.3, "bright_t31": 286.55, "acq_date": "2026-04-06", "acq_time": "2314", "satellite": "A", "daynight": "N", "scan": 4.75, "track": 1.99}}, {"type": "Feature", "geometry": {"type": "Point", "coordinates": [48.95571, 31.21404]}, "properties": {"source_sensor": "VIIRS (Suomi NPP)", "frp": 118.34, "confidence": "high", "brightness_ti4": 367.0, "brightness_ti5": 313.47, "acq_date": "2026-04-07", "acq_time": "0850", "satellite": "N", "daynight": "D", "scan": 0.78, "track": 0.78}}, {"type": "Feature", "geometry": {"type": "Point", "coordinates": [90.33257, 25.71317]}, "properties": {"source_sensor": "VIIRS (Suomi NPP)", "frp": 118.27, "confidence": "nominal", "brightness_ti4": 339.0, "brightness_ti5": 299.96, "acq_date": "2026-04-07", "acq_time": "0703", "satellite": "N", "daynight": "D", "scan": 0.42, "track": 0.37}}, {"type": "Feature", "geometry": {"type": "Point", "coordinates": [90.33669, 25.71386]}, "properties": {"source_sensor": "VIIRS (Suomi NPP)", "frp": 118.27, "confidence": "low", "brightness_ti4": 367.0, "brightness_ti5": 331.91, "acq_date": "2026-04-07", "acq_time": "0703", "satellite": "N", "daynight": "D", "scan": 0.42, "track": 0.37}}, {"type": "Feature", "geometry": {"type": "Point", "coordinates": [-96.04568, 39.31081]}, "properties": {"source_sensor": "MODIS (Aqua/Terra)", "frp": 118.2, "confidence": 100, "brightness": 365.09, "bright_t31": 297.38, "acq_date": "2026-04-06", "acq_time": "2104", "satellite": "A", "daynight": "D", "scan": 1.14, "track": 1.06}}, {"type": "Feature", "geometry": {"type": "Point", "coordinates": [102.6171, 21.01829]}, "properties": {"source_sensor": "VIIRS (Suomi NPP)", "frp": 118.11, "confidence": "high", "brightness_ti4": 367.0, "brightness_ti5": 304.49, "acq_date": "2026-04-06", "acq_time": "0542", "satellite": "N", "daynight": "D", "scan": 0.49, "track": 0.65}}, {"type": "Feature", "geometry": {"type": "Point", "coordinates": [102.61292, 21.01732]}, "properties": {"source_sensor": "VIIRS (Suomi NPP)", "frp": 118.11, "confidence": "low", "brightness_ti4": 367.0, "brightness_ti5": 329.55, "acq_date": "2026-04-06", "acq_time": "0542", "satellite": "N", "daynight": "D", "scan": 0.49, "track": 0.65}}, {"type": "Feature", "geometry": {"type": "Point", "coordinates": [102.61564, 21.02421]}, "properties": {"source_sensor": "VIIRS (Suomi NPP)", "frp": 118.11, "confidence": "high", "brightness_ti4": 367.0, "brightness_ti5": 299.6, "acq_date": "2026-04-06", "acq_time": "0542", "satellite": "N", "daynight": "D", "scan": 0.49, "track": 0.65}}, {"type": "Feature", "geometry": {"type": "Point", "coordinates": [102.61111, 21.02316]}, "properties": {"source_sensor": "VIIRS (Suomi NPP)", "frp": 118.11, "confidence": "nominal", "brightness_ti4": 351.44, "brightness_ti5": 297.39, "acq_date": "2026-04-06", "acq_time": "0542", "satellite": "N", "daynight": "D", "scan": 0.49, "track": 0.65}}, {"type": "Feature", "geometry": {"type": "Point", "coordinates": [65.69427, 54.89783]}, "properties": {"source_sensor": "MODIS (Aqua/Terra)", "frp": 117.99, "confidence": 97, "brightness": 354.04, "bright_t31": 291.56, "acq_date": "2026-04-06", "acq_time": "0939", "satellite": "A", "daynight": "D", "scan": 1.48, "track": 1.2}}, {"type": "Feature", "geometry": {"type": "Point", "coordinates": [101.82383, 18.65127]}, "properties": {"source_sensor": "VIIRS (Suomi NPP)", "frp": 117.96, "confidence": "nominal", "brightness_ti4": 338.93, "brightness_ti5": 295.47, "acq_date": "2026-04-06", "acq_time": "0722", "satellite": "N", "daynight": "D", "scan": 0.55, "track": 0.68}}, {"type": "Feature", "geometry": {"type": "Point", "coordinates": [101.82902, 18.65172]}, "properties": {"source_sensor": "VIIRS (Suomi NPP)", "frp": 117.96, "confidence": "low", "brightness_ti4": 208.0, "brightness_ti5": 298.88, "acq_date": "2026-04-06", "acq_time": "0722", "satellite": "N", "daynight": "D", "scan": 0.55, "track": 0.68}}, {"type": "Feature", "geometry": {"type": "Point", "coordinates": [101.82838, 18.6581]}, "properties": {"source_sensor": "VIIRS (Suomi NPP)", "frp": 117.96, "confidence": "low", "brightness_ti4": 208.0, "brightness_ti5": 296.84, "acq_date": "2026-04-06", "acq_time": "0722", "satellite": "N", "daynight": "D", "scan": 0.55, "track": 0.68}}, {"type": "Feature", "geometry": {"type": "Point", "coordinates": [97.42049, 18.16968]}, "properties": {"source_sensor": "VIIRS (Suomi NPP)", "frp": 117.9, "confidence": "high", "brightness_ti4": 367.0, "brightness_ti5": 335.11, "acq_date": "2026-04-07", "acq_time": "0701", "satellite": "N", "daynight": "D", "scan": 0.45, "track": 0.39}}, {"type": "Feature", "geometry": {"type": "Point", "coordinates": [97.41658, 18.16915]}, "properties": {"source_sensor": "VIIRS (Suomi NPP)", "frp": 117.9, "confidence": "nominal", "brightness_ti4": 332.45, "brightness_ti5": 304.75, "acq_date": "2026-04-07", "acq_time": "0701", "satellite": "N", "daynight": "D", "scan": 0.45, "track": 0.39}}, {"type": "Feature", "geometry": {"type": "Point", "coordinates": [-6.1348, 12.34165]}, "properties": {"source_sensor": "MODIS (Aqua/Terra)", "frp": 117.78, "confidence": 91, "brightness": 347.97, "bright_t31": 314.71, "acq_date": "2026-04-06", "acq_time": "1601", "satellite": "A", "daynight": "D", "scan": 2.17, "track": 1.43}}, {"type": "Feature", "geometry": {"type": "Point", "coordinates": [92.94273, 21.22252]}, "properties": {"source_sensor": "MODIS (Aqua/Terra)", "frp": 117.71, "confidence": 79, "brightness": 331.5, "bright_t31": 296.85, "acq_date": "2026-04-06", "acq_time": "0928", "satellite": "A", "daynight": "D", "scan": 3.25, "track": 1.7}}, {"type": "Feature", "geometry": {"type": "Point", "coordinates": [103.37355, 20.7254]}, "properties": {"source_sensor": "VIIRS (Suomi NPP)", "frp": 117.69, "confidence": "high", "brightness_ti4": 367.0, "brightness_ti5": 292.7, "acq_date": "2026-04-06", "acq_time": "0542", "satellite": "N", "daynight": "D", "scan": 0.44, "track": 0.62}}, {"type": "Feature", "geometry": {"type": "Point", "coordinates": [48.95359, 31.21395]}, "properties": {"source_sensor": "VIIRS (Suomi NPP)", "frp": 117.62, "confidence": "high", "brightness_ti4": 367.0, "brightness_ti5": 335.33, "acq_date": "2026-04-07", "acq_time": "1030", "satellite": "N", "daynight": "D", "scan": 0.56, "track": 0.52}}, {"type": "Feature", "geometry": {"type": "Point", "coordinates": [48.95963, 31.21448]}, "properties": {"source_sensor": "VIIRS (Suomi NPP)", "frp": 117.62, "confidence": "nominal", "brightness_ti4": 349.0, "brightness_ti5": 310.26, "acq_date": "2026-04-07", "acq_time": "1030", "satellite": "N", "daynight": "D", "scan": 0.56, "track": 0.52}}, {"type": "Feature", "geometry": {"type": "Point", "coordinates": [100.64001, 20.58179]}, "properties": {"source_sensor": "MODIS (Aqua/Terra)", "frp": 117.57, "confidence": 100, "brightness": 370.78, "bright_t31": 307.26, "acq_date": "2026-04-07", "acq_time": "0828", "satellite": "A", "daynight": "D", "scan": 1.04, "track": 1.02}}, {"type": "Feature", "geometry": {"type": "Point", "coordinates": [97.8499, 17.48252]}, "properties": {"source_sensor": "VIIRS (Suomi NPP)", "frp": 117.56, "confidence": "high", "brightness_ti4": 367.0, "brightness_ti5": 325.58, "acq_date": "2026-04-06", "acq_time": "0722", "satellite": "N", "daynight": "D", "scan": 0.58, "track": 0.52}}, {"type": "Feature", "geometry": {"type": "Point", "coordinates": [97.85565, 17.48318]}, "properties": {"source_sensor": "VIIRS (Suomi NPP)", "frp": 117.56, "confidence": "nominal", "brightness_ti4": 334.4, "brightness_ti5": 299.58, "acq_date": "2026-04-06", "acq_time": "0722", "satellite": "N", "daynight": "D", "scan": 0.58, "track": 0.52}}, {"type": "Feature", "geometry": {"type": "Point", "coordinates": [97.84968, 17.48743]}, "properties": {"source_sensor": "VIIRS (Suomi NPP)", "frp": 117.56, "confidence": "nominal", "brightness_ti4": 342.54, "brightness_ti5": 299.14, "acq_date": "2026-04-06", "acq_time": "0722", "satellite": "N", "daynight": "D", "scan": 0.58, "track": 0.52}}, {"type": "Feature", "geometry": {"type": "Point", "coordinates": [49.68365, 46.4594]}, "properties": {"source_sensor": "MODIS (Aqua/Terra)", "frp": 117.29, "confidence": 94, "brightness": 368.72, "bright_t31": 305.12, "acq_date": "2026-04-06", "acq_time": "1115", "satellite": "A", "daynight": "D", "scan": 1.08, "track": 1.04}}, {"type": "Feature", "geometry": {"type": "Point", "coordinates": [99.8554, 20.53918]}, "properties": {"source_sensor": "MODIS (Aqua/Terra)", "frp": 117.07, "confidence": 81, "brightness": 327.84, "bright_t31": 294.01, "acq_date": "2026-04-06", "acq_time": "0750", "satellite": "A", "daynight": "D", "scan": 3.35, "track": 1.73}}, {"type": "Feature", "geometry": {"type": "Point", "coordinates": [47.6196, 45.48325]}, "properties": {"source_sensor": "VIIRS (Suomi NPP)", "frp": 117.03, "confidence": "nominal", "brightness_ti4": 349.78, "brightness_ti5": 314.97, "acq_date": "2026-04-06", "acq_time": "0911", "satellite": "N", "daynight": "D", "scan": 0.44, "track": 0.46}}, {"type": "Feature", "geometry": {"type": "Point", "coordinates": [47.61765, 45.48736]}, "properties": {"source_sensor": "VIIRS (Suomi NPP)", "frp": 117.03, "confidence": "nominal", "brightness_ti4": 354.11, "brightness_ti5": 310.75, "acq_date": "2026-04-06", "acq_time": "0911", "satellite": "N", "daynight": "D", "scan": 0.44, "track": 0.46}}, {"type": "Feature", "geometry": {"type": "Point", "coordinates": [48.95584, 31.21607]}, "properties": {"source_sensor": "MODIS (Aqua/Terra)", "frp": 116.8, "confidence": 100, "brightness": 362.42, "bright_t31": 294.03, "acq_date": "2026-04-06", "acq_time": "0011", "satellite": "A", "daynight": "N", "scan": 1.15, "track": 1.07}}, {"type": "Feature", "geometry": {"type": "Point", "coordinates": [-71.87103, -36.6627]}, "properties": {"source_sensor": "MODIS (Aqua/Terra)", "frp": 116.68, "confidence": 100, "brightness": 363.72, "bright_t31": 297.14, "acq_date": "2026-04-06", "acq_time": "2042", "satellite": "A", "daynight": "D", "scan": 1.15, "track": 1.07}}, {"type": "Feature", "geometry": {"type": "Point", "coordinates": [101.61696, 19.86184]}, "properties": {"source_sensor": "VIIRS (Suomi NPP)", "frp": 116.61, "confidence": "nominal", "brightness_ti4": 343.8, "brightness_ti5": 301.44, "acq_date": "2026-04-07", "acq_time": "0703", "satellite": "N", "daynight": "D", "scan": 0.54, "track": 0.51}}, {"type": "Feature", "geometry": {"type": "Point", "coordinates": [101.61113, 19.86597]}, "properties": {"source_sensor": "VIIRS (Suomi NPP)", "frp": 116.61, "confidence": "nominal", "brightness_ti4": 353.6, "brightness_ti5": 299.94, "acq_date": "2026-04-07", "acq_time": "0703", "satellite": "N", "daynight": "D", "scan": 0.54, "track": 0.51}}, {"type": "Feature", "geometry": {"type": "Point", "coordinates": [-16.47805, 13.00819]}, "properties": {"source_sensor": "MODIS (Aqua/Terra)", "frp": 116.59, "confidence": 100, "brightness": 360.41, "bright_t31": 318.41, "acq_date": "2026-04-06", "acq_time": "1601", "satellite": "A", "daynight": "D", "scan": 1.44, "track": 1.19}}, {"type": "Feature", "geometry": {"type": "Point", "coordinates": [48.28661, 30.74954]}, "properties": {"source_sensor": "MODIS (Aqua/Terra)", "frp": 116.51, "confidence": 99, "brightness": 357.74, "bright_t31": 301.6, "acq_date": "2026-04-06", "acq_time": "0618", "satellite": "T", "daynight": "D", "scan": 1.39, "track": 1.17}}, {"type": "Feature", "geometry": {"type": "Point", "coordinates": [-96.34825, 37.31997]}, "properties": {"source_sensor": "MODIS (Aqua/Terra)", "frp": 116.47, "confidence": 100, "brightness": 360.48, "bright_t31": 294.71, "acq_date": "2026-04-06", "acq_time": "2104", "satellite": "A", "daynight": "D", "scan": 1.26, "track": 1.11}}, {"type": "Feature", "geometry": {"type": "Point", "coordinates": [-68.6284, 8.2192]}, "properties": {"source_sensor": "MODIS (Aqua/Terra)", "frp": 116.28, "confidence": 84, "brightness": 331.1, "bright_t31": 284.19, "acq_date": "2026-04-06", "acq_time": "1917", "satellite": "A", "daynight": "D", "scan": 2.97, "track": 1.64}}, {"type": "Feature", "geometry": {"type": "Point", "coordinates": [102.27975, 22.03622]}, "properties": {"source_sensor": "MODIS (Aqua/Terra)", "frp": 116.24, "confidence": 100, "brightness": 361.3, "bright_t31": 304.85, "acq_date": "2026-04-07", "acq_time": "0828", "satellite": "A", "daynight": "D", "scan": 1.27, "track": 1.12}}, {"type": "Feature", "geometry": {"type": "Point", "coordinates": [12.76255, 13.35328]}, "properties": {"source_sensor": "MODIS (Aqua/Terra)", "frp": 116.21, "confidence": 86, "brightness": 339.33, "bright_t31": 302.22, "acq_date": "2026-04-07", "acq_time": "0841", "satellite": "T", "daynight": "D", "scan": 2.58, "track": 1.54}}, {"type": "Feature", "geometry": {"type": "Point", "coordinates": [97.44354, 23.84701]}, "properties": {"source_sensor": "VIIRS (Suomi NPP)", "frp": 116.15, "confidence": "high", "brightness_ti4": 367.0, "brightness_ti5": 330.74, "acq_date": "2026-04-07", "acq_time": "0703", "satellite": "N", "daynight": "D", "scan": 0.51, "track": 0.41}}, {"type": "Feature", "geometry": {"type": "Point", "coordinates": [97.44853, 23.84764]}, "properties": {"source_sensor": "VIIRS (Suomi NPP)", "frp": 116.15, "confidence": "nominal", "brightness_ti4": 330.74, "brightness_ti5": 292.53, "acq_date": "2026-04-07", "acq_time": "0703", "satellite": "N", "daynight": "D", "scan": 0.51, "track": 0.41}}, {"type": "Feature", "geometry": {"type": "Point", "coordinates": [97.44788, 23.85144]}, "properties": {"source_sensor": "VIIRS (Suomi NPP)", "frp": 116.15, "confidence": "nominal", "brightness_ti4": 332.12, "brightness_ti5": 291.52, "acq_date": "2026-04-07", "acq_time": "0703", "satellite": "N", "daynight": "D", "scan": 0.51, "track": 0.41}}, {"type": "Feature", "geometry": {"type": "Point", "coordinates": [117.13214, -33.3199]}, "properties": {"source_sensor": "MODIS (Aqua/Terra)", "frp": 116.14, "confidence": 96, "brightness": 350.51, "bright_t31": 299.83, "acq_date": "2026-04-07", "acq_time": "0813", "satellite": "A", "daynight": "D", "scan": 1.57, "track": 1.23}}, {"type": "Feature", "geometry": {"type": "Point", "coordinates": [-92.98314, 29.79796]}, "properties": {"source_sensor": "MODIS (Aqua/Terra)", "frp": 116.04, "confidence": 100, "brightness": 364.55, "bright_t31": 299.52, "acq_date": "2026-04-06", "acq_time": "2101", "satellite": "A", "daynight": "D", "scan": 1.14, "track": 1.06}}, {"type": "Feature", "geometry": {"type": "Point", "coordinates": [-12.21443, 11.03962]}, "properties": {"source_sensor": "VIIRS (Suomi NPP)", "frp": 116.01, "confidence": "high", "brightness_ti4": 367.0, "brightness_ti5": 360.47, "acq_date": "2026-04-06", "acq_time": "1405", "satellite": "N", "daynight": "D", "scan": 0.42, "track": 0.37}}, {"type": "Feature", "geometry": {"type": "Point", "coordinates": [-12.2182, 11.03901]}, "properties": {"source_sensor": "VIIRS (Suomi NPP)", "frp": 116.01, "confidence": "high", "brightness_ti4": 367.0, "brightness_ti5": 341.42, "acq_date": "2026-04-06", "acq_time": "1405", "satellite": "N", "daynight": "D", "scan": 0.42, "track": 0.37}}, {"type": "Feature", "geometry": {"type": "Point", "coordinates": [93.09043, 25.46339]}, "properties": {"source_sensor": "VIIRS (Suomi NPP)", "frp": 115.96, "confidence": "nominal", "brightness_ti4": 336.62, "brightness_ti5": 294.74, "acq_date": "2026-04-06", "acq_time": "0724", "satellite": "N", "daynight": "D", "scan": 0.56, "track": 0.43}}, {"type": "Feature", "geometry": {"type": "Point", "coordinates": [93.08994, 25.46738]}, "properties": {"source_sensor": "VIIRS (Suomi NPP)", "frp": 115.96, "confidence": "low", "brightness_ti4": 292.51, "brightness_ti5": 324.44, "acq_date": "2026-04-06", "acq_time": "0724", "satellite": "N", "daynight": "D", "scan": 0.56, "track": 0.43}}, {"type": "Feature", "geometry": {"type": "Point", "coordinates": [96.86404, 19.43465]}, "properties": {"source_sensor": "MODIS (Aqua/Terra)", "frp": 115.8, "confidence": 100, "brightness": 362.9, "bright_t31": 294.33, "acq_date": "2026-04-07", "acq_time": "0826", "satellite": "A", "daynight": "D", "scan": 1.2, "track": 1.09}}, {"type": "Feature", "geometry": {"type": "Point", "coordinates": [74.88916, 45.30169]}, "properties": {"source_sensor": "MODIS (Aqua/Terra)", "frp": 115.78, "confidence": 85, "brightness": 327.94, "bright_t31": 291.84, "acq_date": "2026-04-07", "acq_time": "0514", "satellite": "T", "daynight": "D", "scan": 3.06, "track": 1.66}}, {"type": "Feature", "geometry": {"type": "Point", "coordinates": [-57.20055, -22.54103]}, "properties": {"source_sensor": "MODIS (Aqua/Terra)", "frp": 115.74, "confidence": 100, "brightness": 360.96, "bright_t31": 299.04, "acq_date": "2026-04-06", "acq_time": "1906", "satellite": "A", "daynight": "D", "scan": 1.27, "track": 1.12}}, {"type": "Feature", "geometry": {"type": "Point", "coordinates": [48.08652, 45.6306]}, "properties": {"source_sensor": "MODIS (Aqua/Terra)", "frp": 115.51, "confidence": 0, "brightness": 358.78, "bright_t31": 293.6, "acq_date": "2026-04-06", "acq_time": "1115", "satellite": "A", "daynight": "D", "scan": 1.26, "track": 1.12}}, {"type": "Feature", "geometry": {"type": "Point", "coordinates": [-93.42805, 39.63087]}, "properties": {"source_sensor": "MODIS (Aqua/Terra)", "frp": 115.3, "confidence": 100, "brightness": 338.85, "bright_t31": 269.54, "acq_date": "2026-04-07", "acq_time": "0310", "satellite": "T", "daynight": "N", "scan": 1.87, "track": 1.34}}, {"type": "Feature", "geometry": {"type": "Point", "coordinates": [75.67913, 23.0689]}, "properties": {"source_sensor": "MODIS (Aqua/Terra)", "frp": 115.04, "confidence": 100, "brightness": 371.08, "bright_t31": 310.94, "acq_date": "2026-04-07", "acq_time": "1006", "satellite": "A", "daynight": "D", "scan": 1.06, "track": 1.03}}, {"type": "Feature", "geometry": {"type": "Point", "coordinates": [94.38206, 19.82173]}, "properties": {"source_sensor": "VIIRS (Suomi NPP)", "frp": 115.0, "confidence": "low", "brightness_ti4": 367.0, "brightness_ti5": 328.47, "acq_date": "2026-04-07", "acq_time": "0703", "satellite": "N", "daynight": "D", "scan": 0.38, "track": 0.36}}, {"type": "Feature", "geometry": {"type": "Point", "coordinates": [103.8336, 20.65378]}, "properties": {"source_sensor": "VIIRS (Suomi NPP)", "frp": 114.84, "confidence": "high", "brightness_ti4": 367.0, "brightness_ti5": 302.95, "acq_date": "2026-04-06", "acq_time": "0542", "satellite": "N", "daynight": "D", "scan": 0.41, "track": 0.61}}, {"type": "Feature", "geometry": {"type": "Point", "coordinates": [103.63319, 18.4941]}, "properties": {"source_sensor": "VIIRS (Suomi NPP)", "frp": 114.84, "confidence": "nominal", "brightness_ti4": 341.25, "brightness_ti5": 303.09, "acq_date": "2026-04-07", "acq_time": "0701", "satellite": "N", "daynight": "D", "scan": 0.35, "track": 0.57}}, {"type": "Feature", "geometry": {"type": "Point", "coordinates": [102.61043, 20.95778]}, "properties": {"source_sensor": "VIIRS (Suomi NPP)", "frp": 114.82, "confidence": "high", "brightness_ti4": 367.0, "brightness_ti5": 293.84, "acq_date": "2026-04-06", "acq_time": "0542", "satellite": "N", "daynight": "D", "scan": 0.49, "track": 0.65}}, {"type": "Feature", "geometry": {"type": "Point", "coordinates": [102.60526, 20.9566]}, "properties": {"source_sensor": "VIIRS (Suomi NPP)", "frp": 114.82, "confidence": "low", "brightness_ti4": 208.0, "brightness_ti5": 311.0, "acq_date": "2026-04-06", "acq_time": "0542", "satellite": "N", "daynight": "D", "scan": 0.49, "track": 0.65}}, {"type": "Feature", "geometry": {"type": "Point", "coordinates": [102.61072, 20.9641]}, "properties": {"source_sensor": "VIIRS (Suomi NPP)", "frp": 114.82, "confidence": "high", "brightness_ti4": 367.0, "brightness_ti5": 290.86, "acq_date": "2026-04-06", "acq_time": "0542", "satellite": "N", "daynight": "D", "scan": 0.49, "track": 0.65}}, {"type": "Feature", "geometry": {"type": "Point", "coordinates": [102.60609, 20.96305]}, "properties": {"source_sensor": "VIIRS (Suomi NPP)", "frp": 114.82, "confidence": "nominal", "brightness_ti4": 335.58, "brightness_ti5": 299.9, "acq_date": "2026-04-06", "acq_time": "0542", "satellite": "N", "daynight": "D", "scan": 0.49, "track": 0.65}}, {"type": "Feature", "geometry": {"type": "Point", "coordinates": [-11.45584, 7.8574]}, "properties": {"source_sensor": "VIIRS (Suomi NPP)", "frp": 114.81, "confidence": "low", "brightness_ti4": 338.16, "brightness_ti5": 299.51, "acq_date": "2026-04-06", "acq_time": "1403", "satellite": "N", "daynight": "D", "scan": 0.42, "track": 0.37}}, {"type": "Feature", "geometry": {"type": "Point", "coordinates": [-11.45632, 7.86086]}, "properties": {"source_sensor": "VIIRS (Suomi NPP)", "frp": 114.81, "confidence": "low", "brightness_ti4": 342.52, "brightness_ti5": 309.2, "acq_date": "2026-04-06", "acq_time": "1403", "satellite": "N", "daynight": "D", "scan": 0.42, "track": 0.37}}, {"type": "Feature", "geometry": {"type": "Point", "coordinates": [104.27523, 18.62653]}, "properties": {"source_sensor": "VIIRS (Suomi NPP)", "frp": 114.73, "confidence": "high", "brightness_ti4": 367.0, "brightness_ti5": 302.9, "acq_date": "2026-04-07", "acq_time": "0701", "satellite": "N", "daynight": "D", "scan": 0.39, "track": 0.59}}, {"type": "Feature", "geometry": {"type": "Point", "coordinates": [104.27386, 18.63196]}, "properties": {"source_sensor": "VIIRS (Suomi NPP)", "frp": 114.73, "confidence": "high", "brightness_ti4": 367.0, "brightness_ti5": 301.46, "acq_date": "2026-04-07", "acq_time": "0701", "satellite": "N", "daynight": "D", "scan": 0.39, "track": 0.59}}, {"type": "Feature", "geometry": {"type": "Point", "coordinates": [-96.50852, 37.09449]}, "properties": {"source_sensor": "MODIS (Aqua/Terra)", "frp": 114.7, "confidence": 95, "brightness": 348.96, "bright_t31": 296.52, "acq_date": "2026-04-06", "acq_time": "1609", "satellite": "T", "daynight": "D", "scan": 1.6, "track": 1.25}}, {"type": "Feature", "geometry": {"type": "Point", "coordinates": [-57.02969, -22.47987]}, "properties": {"source_sensor": "VIIRS (Suomi NPP)", "frp": 114.62, "confidence": "nominal", "brightness_ti4": 341.8, "brightness_ti5": 300.5, "acq_date": "2026-04-06", "acq_time": "1720", "satellite": "N", "daynight": "D", "scan": 0.49, "track": 0.4}}, {"type": "Feature", "geometry": {"type": "Point", "coordinates": [96.41925, 23.01096]}, "properties": {"source_sensor": "VIIRS (Suomi NPP)", "frp": 114.61, "confidence": "nominal", "brightness_ti4": 347.94, "brightness_ti5": 317.08, "acq_date": "2026-04-06", "acq_time": "0722", "satellite": "N", "daynight": "D", "scan": 0.55, "track": 0.51}}, {"type": "Feature", "geometry": {"type": "Point", "coordinates": [96.4145, 23.01045]}, "properties": {"source_sensor": "VIIRS (Suomi NPP)", "frp": 114.61, "confidence": "low", "brightness_ti4": 294.93, "brightness_ti5": 303.54, "acq_date": "2026-04-06", "acq_time": "0722", "satellite": "N", "daynight": "D", "scan": 0.55, "track": 0.51}}, {"type": "Feature", "geometry": {"type": "Point", "coordinates": [96.48668, 20.36769]}, "properties": {"source_sensor": "VIIRS (Suomi NPP)", "frp": 114.6, "confidence": "nominal", "brightness_ti4": 338.27, "brightness_ti5": 301.57, "acq_date": "2026-04-07", "acq_time": "0703", "satellite": "N", "daynight": "D", "scan": 0.43, "track": 0.38}}, {"type": "Feature", "geometry": {"type": "Point", "coordinates": [-68.62312, 8.21653]}, "properties": {"source_sensor": "MODIS (Aqua/Terra)", "frp": 114.6, "confidence": 85, "brightness": 331.84, "bright_t31": 284.62, "acq_date": "2026-04-06", "acq_time": "1917", "satellite": "A", "daynight": "D", "scan": 2.97, "track": 1.64}}, {"type": "Feature", "geometry": {"type": "Point", "coordinates": [-96.39639, 39.2209]}, "properties": {"source_sensor": "MODIS (Aqua/Terra)", "frp": 114.58, "confidence": 100, "brightness": 362.26, "bright_t31": 294.73, "acq_date": "2026-04-06", "acq_time": "2104", "satellite": "A", "daynight": "D", "scan": 1.18, "track": 1.08}}, {"type": "Feature", "geometry": {"type": "Point", "coordinates": [102.10178, 19.72327]}, "properties": {"source_sensor": "VIIRS (Suomi NPP)", "frp": 114.37, "confidence": "high", "brightness_ti4": 367.0, "brightness_ti5": 297.79, "acq_date": "2026-04-06", "acq_time": "0542", "satellite": "N", "daynight": "D", "scan": 0.56, "track": 0.69}}, {"type": "Feature", "geometry": {"type": "Point", "coordinates": [102.09554, 19.72182]}, "properties": {"source_sensor": "VIIRS (Suomi NPP)", "frp": 114.37, "confidence": "low", "brightness_ti4": 208.0, "brightness_ti5": 296.6, "acq_date": "2026-04-06", "acq_time": "0542", "satellite": "N", "daynight": "D", "scan": 0.56, "track": 0.69}}, {"type": "Feature", "geometry": {"type": "Point", "coordinates": [117.15873, -34.3311]}, "properties": {"source_sensor": "VIIRS (Suomi NPP)", "frp": 114.37, "confidence": "nominal", "brightness_ti4": 339.41, "brightness_ti5": 300.12, "acq_date": "2026-04-07", "acq_time": "0648", "satellite": "N", "daynight": "D", "scan": 0.62, "track": 0.54}}, {"type": "Feature", "geometry": {"type": "Point", "coordinates": [-12.40773, 9.59756]}, "properties": {"source_sensor": "MODIS (Aqua/Terra)", "frp": 114.34, "confidence": 100, "brightness": 373.0, "bright_t31": 310.38, "acq_date": "2026-04-06", "acq_time": "1558", "satellite": "A", "daynight": "D", "scan": 1.01, "track": 1.01}}, {"type": "Feature", "geometry": {"type": "Point", "coordinates": [101.77044, 16.36156]}, "properties": {"source_sensor": "MODIS (Aqua/Terra)", "frp": 113.97, "confidence": 100, "brightness": 369.05, "bright_t31": 305.84, "acq_date": "2026-04-06", "acq_time": "1355", "satellite": "T", "daynight": "N", "scan": 1.03, "track": 1.01}}, {"type": "Feature", "geometry": {"type": "Point", "coordinates": [99.00121, 22.51533]}, "properties": {"source_sensor": "VIIRS (Suomi NPP)", "frp": 113.95, "confidence": "high", "brightness_ti4": 367.0, "brightness_ti5": 296.31, "acq_date": "2026-04-06", "acq_time": "0542", "satellite": "N", "daynight": "D", "scan": 0.75, "track": 0.77}}, {"type": "Feature", "geometry": {"type": "Point", "coordinates": [110.22723, 20.59362]}, "properties": {"source_sensor": "MODIS (Aqua/Terra)", "frp": 113.81, "confidence": 65, "brightness": 322.44, "bright_t31": 294.78, "acq_date": "2026-04-07", "acq_time": "0826", "satellite": "A", "daynight": "D", "scan": 4.68, "track": 1.98}}, {"type": "Feature", "geometry": {"type": "Point", "coordinates": [103.96471, 19.15605]}, "properties": {"source_sensor": "VIIRS (Suomi NPP)", "frp": 113.61, "confidence": "nominal", "brightness_ti4": 357.04, "brightness_ti5": 300.06, "acq_date": "2026-04-07", "acq_time": "0701", "satellite": "N", "daynight": "D", "scan": 0.38, "track": 0.58}}, {"type": "Feature", "geometry": {"type": "Point", "coordinates": [115.71842, 49.23862]}, "properties": {"source_sensor": "MODIS (Aqua/Terra)", "frp": 113.57, "confidence": 0, "brightness": 368.09, "bright_t31": 268.63, "acq_date": "2026-04-07", "acq_time": "0657", "satellite": "A", "daynight": "D", "scan": 1.0, "track": 1.0}}, {"type": "Feature", "geometry": {"type": "Point", "coordinates": [-10.9141, 9.56901]}, "properties": {"source_sensor": "VIIRS (Suomi NPP)", "frp": 113.43, "confidence": "high", "brightness_ti4": 367.0, "brightness_ti5": 332.18, "acq_date": "2026-04-06", "acq_time": "1405", "satellite": "N", "daynight": "D", "scan": 0.39, "track": 0.36}}, {"type": "Feature", "geometry": {"type": "Point", "coordinates": [93.53465, 20.43914]}, "properties": {"source_sensor": "VIIRS (Suomi NPP)", "frp": 113.28, "confidence": "nominal", "brightness_ti4": 333.98, "brightness_ti5": 293.92, "acq_date": "2026-04-06", "acq_time": "0722", "satellite": "N", "daynight": "D", "scan": 0.52, "track": 0.42}}, {"type": "Feature", "geometry": {"type": "Point", "coordinates": [93.53419, 20.44299]}, "properties": {"source_sensor": "VIIRS (Suomi NPP)", "frp": 113.28, "confidence": "nominal", "brightness_ti4": 342.22, "brightness_ti5": 298.11, "acq_date": "2026-04-06", "acq_time": "0722", "satellite": "N", "daynight": "D", "scan": 0.52, "track": 0.42}}, {"type": "Feature", "geometry": {"type": "Point", "coordinates": [106.52448, 16.46228]}, "properties": {"source_sensor": "VIIRS (Suomi NPP)", "frp": 113.16, "confidence": "nominal", "brightness_ti4": 344.74, "brightness_ti5": 292.08, "acq_date": "2026-04-06", "acq_time": "0540", "satellite": "N", "daynight": "D", "scan": 0.34, "track": 0.56}}, {"type": "Feature", "geometry": {"type": "Point", "coordinates": [-118.14364, 46.29535]}, "properties": {"source_sensor": "VIIRS (Suomi NPP)", "frp": 113.01, "confidence": "nominal", "brightness_ti4": 337.86, "brightness_ti5": 302.31, "acq_date": "2026-04-06", "acq_time": "2101", "satellite": "N", "daynight": "D", "scan": 0.43, "track": 0.38}}, {"type": "Feature", "geometry": {"type": "Point", "coordinates": [-14.52216, 13.16366]}, "properties": {"source_sensor": "VIIRS (Suomi NPP)", "frp": 112.97, "confidence": "high", "brightness_ti4": 367.0, "brightness_ti5": 351.13, "acq_date": "2026-04-06", "acq_time": "1405", "satellite": "N", "daynight": "D", "scan": 0.5, "track": 0.41}}, {"type": "Feature", "geometry": {"type": "Point", "coordinates": [93.04071, 25.27951]}, "properties": {"source_sensor": "VIIRS (Suomi NPP)", "frp": 112.86, "confidence": "nominal", "brightness_ti4": 339.18, "brightness_ti5": 293.25, "acq_date": "2026-04-06", "acq_time": "0724", "satellite": "N", "daynight": "D", "scan": 0.56, "track": 0.43}}, {"type": "Feature", "geometry": {"type": "Point", "coordinates": [-12.21491, 11.04308]}, "properties": {"source_sensor": "VIIRS (Suomi NPP)", "frp": 112.86, "confidence": "nominal", "brightness_ti4": 352.97, "brightness_ti5": 313.59, "acq_date": "2026-04-06", "acq_time": "1405", "satellite": "N", "daynight": "D", "scan": 0.42, "track": 0.37}}, {"type": "Feature", "geometry": {"type": "Point", "coordinates": [-13.02776, 10.71182]}, "properties": {"source_sensor": "VIIRS (Suomi NPP)", "frp": 112.74, "confidence": "high", "brightness_ti4": 367.0, "brightness_ti5": 336.02, "acq_date": "2026-04-06", "acq_time": "1405", "satellite": "N", "daynight": "D", "scan": 0.45, "track": 0.39}}, {"type": "Feature", "geometry": {"type": "Point", "coordinates": [-11.72276, 8.65981]}, "properties": {"source_sensor": "VIIRS (Suomi NPP)", "frp": 112.65, "confidence": "high", "brightness_ti4": 367.0, "brightness_ti5": 338.95, "acq_date": "2026-04-06", "acq_time": "1405", "satellite": "N", "daynight": "D", "scan": 0.42, "track": 0.38}}, {"type": "Feature", "geometry": {"type": "Point", "coordinates": [-11.72332, 8.66326]}, "properties": {"source_sensor": "VIIRS (Suomi NPP)", "frp": 112.65, "confidence": "nominal", "brightness_ti4": 330.43, "brightness_ti5": 301.55, "acq_date": "2026-04-06", "acq_time": "1405", "satellite": "N", "daynight": "D", "scan": 0.42, "track": 0.38}}, {"type": "Feature", "geometry": {"type": "Point", "coordinates": [-96.78751, 38.3269]}, "properties": {"source_sensor": "VIIRS (Suomi NPP)", "frp": 112.59, "confidence": "high", "brightness_ti4": 367.0, "brightness_ti5": 351.2, "acq_date": "2026-04-06", "acq_time": "1917", "satellite": "N", "daynight": "D", "scan": 0.44, "track": 0.38}}, {"type": "Feature", "geometry": {"type": "Point", "coordinates": [-96.79347, 38.32947]}, "properties": {"source_sensor": "VIIRS (Suomi NPP)", "frp": 112.59, "confidence": "nominal", "brightness_ti4": 331.23, "brightness_ti5": 303.03, "acq_date": "2026-04-06", "acq_time": "1917", "satellite": "N", "daynight": "D", "scan": 0.44, "track": 0.38}}, {"type": "Feature", "geometry": {"type": "Point", "coordinates": [48.11903, 45.52905]}, "properties": {"source_sensor": "VIIRS (Suomi NPP)", "frp": 112.34, "confidence": "high", "brightness_ti4": 367.0, "brightness_ti5": 294.66, "acq_date": "2026-04-07", "acq_time": "1034", "satellite": "N", "daynight": "D", "scan": 0.35, "track": 0.57}}, {"type": "Feature", "geometry": {"type": "Point", "coordinates": [96.7356, 18.76133]}, "properties": {"source_sensor": "VIIRS (Suomi NPP)", "frp": 112.28, "confidence": "nominal", "brightness_ti4": 331.26, "brightness_ti5": 296.33, "acq_date": "2026-04-06", "acq_time": "0722", "satellite": "N", "daynight": "D", "scan": 0.51, "track": 0.5}}, {"type": "Feature", "geometry": {"type": "Point", "coordinates": [101.58855, 20.89572]}, "properties": {"source_sensor": "MODIS (Aqua/Terra)", "frp": 112.15, "confidence": 87, "brightness": 335.12, "bright_t31": 296.6, "acq_date": "2026-04-06", "acq_time": "0750", "satellite": "A", "daynight": "D", "scan": 2.44, "track": 1.51}}, {"type": "Feature", "geometry": {"type": "Point", "coordinates": [101.24319, 20.24745]}, "properties": {"source_sensor": "VIIRS (Suomi NPP)", "frp": 112.07, "confidence": "nominal", "brightness_ti4": 330.79, "brightness_ti5": 292.63, "acq_date": "2026-04-06", "acq_time": "0542", "satellite": "N", "daynight": "D", "scan": 0.61, "track": 0.71}}, {"type": "Feature", "geometry": {"type": "Point", "coordinates": [101.24728, 20.25528]}, "properties": {"source_sensor": "VIIRS (Suomi NPP)", "frp": 112.07, "confidence": "nominal", "brightness_ti4": 351.15, "brightness_ti5": 295.92, "acq_date": "2026-04-06", "acq_time": "0542", "satellite": "N", "daynight": "D", "scan": 0.61, "track": 0.71}}, {"type": "Feature", "geometry": {"type": "Point", "coordinates": [101.02662, 21.11397]}, "properties": {"source_sensor": "MODIS (Aqua/Terra)", "frp": 112.03, "confidence": 100, "brightness": 366.72, "bright_t31": 300.14, "acq_date": "2026-04-07", "acq_time": "0828", "satellite": "A", "daynight": "D", "scan": 1.08, "track": 1.04}}, {"type": "Feature", "geometry": {"type": "Point", "coordinates": [48.21851, 45.74495]}, "properties": {"source_sensor": "MODIS (Aqua/Terra)", "frp": 111.98, "confidence": 0, "brightness": 336.18, "bright_t31": 294.4, "acq_date": "2026-04-07", "acq_time": "0654", "satellite": "T", "daynight": "D", "scan": 2.3, "track": 1.47}}, {"type": "Feature", "geometry": {"type": "Point", "coordinates": [103.34605, 20.72608]}, "properties": {"source_sensor": "VIIRS (Suomi NPP)", "frp": 111.94, "confidence": "low", "brightness_ti4": 357.11, "brightness_ti5": 284.88, "acq_date": "2026-04-06", "acq_time": "0542", "satellite": "N", "daynight": "D", "scan": 0.44, "track": 0.63}}, {"type": "Feature", "geometry": {"type": "Point", "coordinates": [103.34282, 20.72534]}, "properties": {"source_sensor": "VIIRS (Suomi NPP)", "frp": 111.94, "confidence": "low", "brightness_ti4": 357.09, "brightness_ti5": 292.43, "acq_date": "2026-04-06", "acq_time": "0542", "satellite": "N", "daynight": "D", "scan": 0.44, "track": 0.63}}, {"type": "Feature", "geometry": {"type": "Point", "coordinates": [103.3441, 20.73166]}, "properties": {"source_sensor": "VIIRS (Suomi NPP)", "frp": 111.94, "confidence": "low", "brightness_ti4": 208.0, "brightness_ti5": 324.56, "acq_date": "2026-04-06", "acq_time": "0542", "satellite": "N", "daynight": "D", "scan": 0.44, "track": 0.63}}, {"type": "Feature", "geometry": {"type": "Point", "coordinates": [103.34065, 20.73087]}, "properties": {"source_sensor": "VIIRS (Suomi NPP)", "frp": 111.94, "confidence": "low", "brightness_ti4": 208.0, "brightness_ti5": 319.27, "acq_date": "2026-04-06", "acq_time": "0542", "satellite": "N", "daynight": "D", "scan": 0.44, "track": 0.63}}, {"type": "Feature", "geometry": {"type": "Point", "coordinates": [99.00255, 22.51853]}, "properties": {"source_sensor": "VIIRS (Suomi NPP)", "frp": 111.69, "confidence": "high", "brightness_ti4": 367.0, "brightness_ti5": 293.58, "acq_date": "2026-04-06", "acq_time": "0542", "satellite": "N", "daynight": "D", "scan": 0.75, "track": 0.77}}, {"type": "Feature", "geometry": {"type": "Point", "coordinates": [98.99632, 22.51695]}, "properties": {"source_sensor": "VIIRS (Suomi NPP)", "frp": 111.69, "confidence": "nominal", "brightness_ti4": 348.82, "brightness_ti5": 297.93, "acq_date": "2026-04-06", "acq_time": "0542", "satellite": "N", "daynight": "D", "scan": 0.75, "track": 0.77}}, {"type": "Feature", "geometry": {"type": "Point", "coordinates": [102.24138, 21.47931]}, "properties": {"source_sensor": "MODIS (Aqua/Terra)", "frp": 111.69, "confidence": 100, "brightness": 360.53, "bright_t31": 302.51, "acq_date": "2026-04-07", "acq_time": "0828", "satellite": "A", "daynight": "D", "scan": 1.24, "track": 1.11}}, {"type": "Feature", "geometry": {"type": "Point", "coordinates": [103.16493, 20.72128]}, "properties": {"source_sensor": "VIIRS (Suomi NPP)", "frp": 111.56, "confidence": "high", "brightness_ti4": 367.0, "brightness_ti5": 295.62, "acq_date": "2026-04-06", "acq_time": "0542", "satellite": "N", "daynight": "D", "scan": 0.46, "track": 0.63}}, {"type": "Feature", "geometry": {"type": "Point", "coordinates": [103.15828, 20.72586]}, "properties": {"source_sensor": "VIIRS (Suomi NPP)", "frp": 111.56, "confidence": "nominal", "brightness_ti4": 344.55, "brightness_ti5": 294.72, "acq_date": "2026-04-06", "acq_time": "0542", "satellite": "N", "daynight": "D", "scan": 0.46, "track": 0.63}}, {"type": "Feature", "geometry": {"type": "Point", "coordinates": [91.06168, 25.80088]}, "properties": {"source_sensor": "MODIS (Aqua/Terra)", "frp": 111.47, "confidence": 87, "brightness": 333.98, "bright_t31": 294.74, "acq_date": "2026-04-06", "acq_time": "0928", "satellite": "A", "daynight": "D", "scan": 2.7, "track": 1.57}}, {"type": "Feature", "geometry": {"type": "Point", "coordinates": [-10.25652, 6.86458]}, "properties": {"source_sensor": "VIIRS (Suomi NPP)", "frp": 111.23, "confidence": "low", "brightness_ti4": 330.14, "brightness_ti5": 297.7, "acq_date": "2026-04-06", "acq_time": "1403", "satellite": "N", "daynight": "D", "scan": 0.39, "track": 0.36}}, {"type": "Feature", "geometry": {"type": "Point", "coordinates": [95.62518, 19.05422]}, "properties": {"source_sensor": "VIIRS (Suomi NPP)", "frp": 111.2, "confidence": "nominal", "brightness_ti4": 352.36, "brightness_ti5": 307.0, "acq_date": "2026-04-06", "acq_time": "0722", "satellite": "N", "daynight": "D", "scan": 0.44, "track": 0.46}}, {"type": "Feature", "geometry": {"type": "Point", "coordinates": [-60.29968, -21.39529]}, "properties": {"source_sensor": "MODIS (Aqua/Terra)", "frp": 111.13, "confidence": 86, "brightness": 342.21, "bright_t31": 295.56, "acq_date": "2026-04-06", "acq_time": "1908", "satellite": "A", "daynight": "D", "scan": 1.99, "track": 1.38}}, {"type": "Feature", "geometry": {"type": "Point", "coordinates": [130.19865, 49.00704]}, "properties": {"source_sensor": "VIIRS (Suomi NPP)", "frp": 111.1, "confidence": "high", "brightness_ti4": 367.0, "brightness_ti5": 293.17, "acq_date": "2026-04-07", "acq_time": "0529", "satellite": "N", "daynight": "D", "scan": 0.68, "track": 0.74}}, {"type": "Feature", "geometry": {"type": "Point", "coordinates": [-96.75108, 38.06857]}, "properties": {"source_sensor": "MODIS (Aqua/Terra)", "frp": 111.06, "confidence": 99, "brightness": 359.43, "bright_t31": 290.07, "acq_date": "2026-04-06", "acq_time": "2104", "satellite": "A", "daynight": "D", "scan": 1.28, "track": 1.12}}, {"type": "Feature", "geometry": {"type": "Point", "coordinates": [151.19041, -29.9775]}, "properties": {"source_sensor": "MODIS (Aqua/Terra)", "frp": 110.95, "confidence": 83, "brightness": 330.19, "bright_t31": 300.25, "acq_date": "2026-04-07", "acq_time": "0457", "satellite": "A", "daynight": "D", "scan": 2.93, "track": 1.63}}, {"type": "Feature", "geometry": {"type": "Point", "coordinates": [100.76317, 21.07385]}, "properties": {"source_sensor": "VIIRS (Suomi NPP)", "frp": 110.89, "confidence": "nominal", "brightness_ti4": 343.68, "brightness_ti5": 300.25, "acq_date": "2026-04-07", "acq_time": "0703", "satellite": "N", "daynight": "D", "scan": 0.49, "track": 0.49}}, {"type": "Feature", "geometry": {"type": "Point", "coordinates": [102.02009, 19.99846]}, "properties": {"source_sensor": "VIIRS (Suomi NPP)", "frp": 110.88, "confidence": "nominal", "brightness_ti4": 349.96, "brightness_ti5": 308.39, "acq_date": "2026-04-07", "acq_time": "0703", "satellite": "N", "daynight": "D", "scan": 0.58, "track": 0.52}}, {"type": "Feature", "geometry": {"type": "Point", "coordinates": [110.18809, 20.58901]}, "properties": {"source_sensor": "MODIS (Aqua/Terra)", "frp": 110.84, "confidence": 65, "brightness": 321.79, "bright_t31": 295.42, "acq_date": "2026-04-07", "acq_time": "0826", "satellite": "A", "daynight": "D", "scan": 4.64, "track": 1.97}}, {"type": "Feature", "geometry": {"type": "Point", "coordinates": [143.86221, -37.03391]}, "properties": {"source_sensor": "MODIS (Aqua/Terra)", "frp": 110.66, "confidence": 94, "brightness": 344.07, "bright_t31": 290.82, "acq_date": "2026-04-07", "acq_time": "0633", "satellite": "A", "daynight": "D", "scan": 1.73, "track": 1.29}}, {"type": "Feature", "geometry": {"type": "Point", "coordinates": [97.4549, 18.23307]}, "properties": {"source_sensor": "MODIS (Aqua/Terra)", "frp": 110.53, "confidence": 100, "brightness": 362.67, "bright_t31": 296.9, "acq_date": "2026-04-07", "acq_time": "0826", "satellite": "A", "daynight": "D", "scan": 1.16, "track": 1.07}}, {"type": "Feature", "geometry": {"type": "Point", "coordinates": [100.7634, 21.03961]}, "properties": {"source_sensor": "VIIRS (Suomi NPP)", "frp": 110.38, "confidence": "high", "brightness_ti4": 367.0, "brightness_ti5": 297.09, "acq_date": "2026-04-06", "acq_time": "0542", "satellite": "N", "daynight": "D", "scan": 0.63, "track": 0.72}}, {"type": "Feature", "geometry": {"type": "Point", "coordinates": [100.75765, 21.03821]}, "properties": {"source_sensor": "VIIRS (Suomi NPP)", "frp": 110.38, "confidence": "nominal", "brightness_ti4": 354.22, "brightness_ti5": 292.82, "acq_date": "2026-04-06", "acq_time": "0542", "satellite": "N", "daynight": "D", "scan": 0.63, "track": 0.72}}, {"type": "Feature", "geometry": {"type": "Point", "coordinates": [100.76114, 21.04603]}, "properties": {"source_sensor": "VIIRS (Suomi NPP)", "frp": 110.38, "confidence": "nominal", "brightness_ti4": 327.99, "brightness_ti5": 295.49, "acq_date": "2026-04-06", "acq_time": "0542", "satellite": "N", "daynight": "D", "scan": 0.63, "track": 0.72}}, {"type": "Feature", "geometry": {"type": "Point", "coordinates": [100.75578, 21.04473]}, "properties": {"source_sensor": "VIIRS (Suomi NPP)", "frp": 110.38, "confidence": "nominal", "brightness_ti4": 348.12, "brightness_ti5": 304.11, "acq_date": "2026-04-06", "acq_time": "0542", "satellite": "N", "daynight": "D", "scan": 0.63, "track": 0.72}}, {"type": "Feature", "geometry": {"type": "Point", "coordinates": [106.2298, 16.42979]}, "properties": {"source_sensor": "MODIS (Aqua/Terra)", "frp": 110.37, "confidence": 99, "brightness": 358.93, "bright_t31": 307.09, "acq_date": "2026-04-06", "acq_time": "0748", "satellite": "A", "daynight": "D", "scan": 1.36, "track": 1.16}}, {"type": "Feature", "geometry": {"type": "Point", "coordinates": [105.24118, 10.10754]}, "properties": {"source_sensor": "MODIS (Aqua/Terra)", "frp": 110.3, "confidence": 99, "brightness": 358.73, "bright_t31": 305.81, "acq_date": "2026-04-07", "acq_time": "0824", "satellite": "A", "daynight": "D", "scan": 1.35, "track": 1.15}}, {"type": "Feature", "geometry": {"type": "Point", "coordinates": [98.04393, 18.60509]}, "properties": {"source_sensor": "MODIS (Aqua/Terra)", "frp": 110.28, "confidence": 100, "brightness": 367.1, "bright_t31": 298.23, "acq_date": "2026-04-07", "acq_time": "0826", "satellite": "A", "daynight": "D", "scan": 1.09, "track": 1.04}}, {"type": "Feature", "geometry": {"type": "Point", "coordinates": [105.26277, 19.39038]}, "properties": {"source_sensor": "MODIS (Aqua/Terra)", "frp": 110.24, "confidence": 93, "brightness": 346.55, "bright_t31": 306.26, "acq_date": "2026-04-07", "acq_time": "0826", "satellite": "A", "daynight": "D", "scan": 1.86, "track": 1.33}}, {"type": "Feature", "geometry": {"type": "Point", "coordinates": [102.5052, 18.86839]}, "properties": {"source_sensor": "MODIS (Aqua/Terra)", "frp": 110.08, "confidence": 94, "brightness": 362.4, "bright_t31": 303.85, "acq_date": "2026-04-07", "acq_time": "0826", "satellite": "A", "daynight": "D", "scan": 1.2, "track": 1.09}}, {"type": "Feature", "geometry": {"type": "Point", "coordinates": [97.45782, 23.35152]}, "properties": {"source_sensor": "MODIS (Aqua/Terra)", "frp": 110.05, "confidence": 76, "brightness": 320.18, "bright_t31": 290.99, "acq_date": "2026-04-06", "acq_time": "0752", "satellite": "A", "daynight": "D", "scan": 4.34, "track": 1.92}}, {"type": "Feature", "geometry": {"type": "Point", "coordinates": [97.97848, 17.6773]}, "properties": {"source_sensor": "MODIS (Aqua/Terra)", "frp": 109.95, "confidence": 100, "brightness": 365.2, "bright_t31": 293.18, "acq_date": "2026-04-07", "acq_time": "0826", "satellite": "A", "daynight": "D", "scan": 1.12, "track": 1.05}}, {"type": "Feature", "geometry": {"type": "Point", "coordinates": [98.35027, 22.75428]}, "properties": {"source_sensor": "VIIRS (Suomi NPP)", "frp": 109.84, "confidence": "nominal", "brightness_ti4": 338.07, "brightness_ti5": 298.57, "acq_date": "2026-04-06", "acq_time": "0722", "satellite": "N", "daynight": "D", "scan": 0.37, "track": 0.58}}, {"type": "Feature", "geometry": {"type": "Point", "coordinates": [-95.72153, 38.34668]}, "properties": {"source_sensor": "MODIS (Aqua/Terra)", "frp": 109.7, "confidence": 94, "brightness": 363.2, "bright_t31": 299.08, "acq_date": "2026-04-06", "acq_time": "2104", "satellite": "A", "daynight": "D", "scan": 1.14, "track": 1.06}}, {"type": "Feature", "geometry": {"type": "Point", "coordinates": [49.60406, 46.45348]}, "properties": {"source_sensor": "VIIRS (Suomi NPP)", "frp": 109.59, "confidence": "nominal", "brightness_ti4": 338.51, "brightness_ti5": 304.68, "acq_date": "2026-04-06", "acq_time": "0911", "satellite": "N", "daynight": "D", "scan": 0.53, "track": 0.42}}, {"type": "Feature", "geometry": {"type": "Point", "coordinates": [101.91187, 20.03919]}, "properties": {"source_sensor": "VIIRS (Suomi NPP)", "frp": 109.52, "confidence": "nominal", "brightness_ti4": 348.41, "brightness_ti5": 310.36, "acq_date": "2026-04-07", "acq_time": "0703", "satellite": "N", "daynight": "D", "scan": 0.57, "track": 0.52}}, {"type": "Feature", "geometry": {"type": "Point", "coordinates": [92.61145, 25.77864]}, "properties": {"source_sensor": "VIIRS (Suomi NPP)", "frp": 109.48, "confidence": "nominal", "brightness_ti4": 335.48, "brightness_ti5": 284.8, "acq_date": "2026-04-06", "acq_time": "0724", "satellite": "N", "daynight": "D", "scan": 0.54, "track": 0.42}}, {"type": "Feature", "geometry": {"type": "Point", "coordinates": [93.29597, 21.88859]}, "properties": {"source_sensor": "MODIS (Aqua/Terra)", "frp": 109.39, "confidence": 77, "brightness": 326.0, "bright_t31": 299.32, "acq_date": "2026-04-06", "acq_time": "0928", "satellite": "A", "daynight": "D", "scan": 3.53, "track": 1.77}}, {"type": "Feature", "geometry": {"type": "Point", "coordinates": [93.64931, 22.68884]}, "properties": {"source_sensor": "VIIRS (Suomi NPP)", "frp": 109.31, "confidence": "nominal", "brightness_ti4": 351.65, "brightness_ti5": 320.64, "acq_date": "2026-04-06", "acq_time": "0722", "satellite": "N", "daynight": "D", "scan": 0.56, "track": 0.43}}, {"type": "Feature", "geometry": {"type": "Point", "coordinates": [93.65322, 22.69334]}, "properties": {"source_sensor": "VIIRS (Suomi NPP)", "frp": 109.31, "confidence": "nominal", "brightness_ti4": 355.79, "brightness_ti5": 315.71, "acq_date": "2026-04-06", "acq_time": "0722", "satellite": "N", "daynight": "D", "scan": 0.56, "track": 0.43}}, {"type": "Feature", "geometry": {"type": "Point", "coordinates": [93.64816, 22.69274]}, "properties": {"source_sensor": "VIIRS (Suomi NPP)", "frp": 109.31, "confidence": "low", "brightness_ti4": 367.0, "brightness_ti5": 332.47, "acq_date": "2026-04-06", "acq_time": "0722", "satellite": "N", "daynight": "D", "scan": 0.56, "track": 0.43}}, {"type": "Feature", "geometry": {"type": "Point", "coordinates": [103.00969, 18.41586]}, "properties": {"source_sensor": "VIIRS (Suomi NPP)", "frp": 109.26, "confidence": "high", "brightness_ti4": 367.0, "brightness_ti5": 296.22, "acq_date": "2026-04-06", "acq_time": "0722", "satellite": "N", "daynight": "D", "scan": 0.65, "track": 0.73}}, {"type": "Feature", "geometry": {"type": "Point", "coordinates": [103.00315, 18.4153]}, "properties": {"source_sensor": "VIIRS (Suomi NPP)", "frp": 109.26, "confidence": "nominal", "brightness_ti4": 337.63, "brightness_ti5": 302.63, "acq_date": "2026-04-06", "acq_time": "0722", "satellite": "N", "daynight": "D", "scan": 0.65, "track": 0.73}}, {"type": "Feature", "geometry": {"type": "Point", "coordinates": [103.00939, 18.42271]}, "properties": {"source_sensor": "VIIRS (Suomi NPP)", "frp": 109.26, "confidence": "nominal", "brightness_ti4": 340.87, "brightness_ti5": 297.75, "acq_date": "2026-04-06", "acq_time": "0722", "satellite": "N", "daynight": "D", "scan": 0.65, "track": 0.73}}, {"type": "Feature", "geometry": {"type": "Point", "coordinates": [103.0029, 18.42214]}, "properties": {"source_sensor": "VIIRS (Suomi NPP)", "frp": 109.26, "confidence": "nominal", "brightness_ti4": 357.38, "brightness_ti5": 297.82, "acq_date": "2026-04-06", "acq_time": "0722", "satellite": "N", "daynight": "D", "scan": 0.65, "track": 0.73}}, {"type": "Feature", "geometry": {"type": "Point", "coordinates": [97.18088, 18.32049]}, "properties": {"source_sensor": "VIIRS (Suomi NPP)", "frp": 109.03, "confidence": "nominal", "brightness_ti4": 347.29, "brightness_ti5": 309.22, "acq_date": "2026-04-06", "acq_time": "0722", "satellite": "N", "daynight": "D", "scan": 0.54, "track": 0.51}}, {"type": "Feature", "geometry": {"type": "Point", "coordinates": [115.46703, 40.40067]}, "properties": {"source_sensor": "MODIS (Aqua/Terra)", "frp": 108.86, "confidence": 100, "brightness": 354.52, "bright_t31": 280.62, "acq_date": "2026-04-07", "acq_time": "1301", "satellite": "T", "daynight": "N", "scan": 1.27, "track": 1.12}}, {"type": "Feature", "geometry": {"type": "Point", "coordinates": [103.19948, 23.55111]}, "properties": {"source_sensor": "MODIS (Aqua/Terra)", "frp": 108.85, "confidence": 97, "brightness": 353.79, "bright_t31": 309.41, "acq_date": "2026-04-07", "acq_time": "0828", "satellite": "A", "daynight": "D", "scan": 1.53, "track": 1.22}}, {"type": "Feature", "geometry": {"type": "Point", "coordinates": [-13.28082, 11.57665]}, "properties": {"source_sensor": "MODIS (Aqua/Terra)", "frp": 108.76, "confidence": 100, "brightness": 371.07, "bright_t31": 317.8, "acq_date": "2026-04-06", "acq_time": "1601", "satellite": "A", "daynight": "D", "scan": 1.03, "track": 1.02}}, {"type": "Feature", "geometry": {"type": "Point", "coordinates": [97.48714, 17.9692]}, "properties": {"source_sensor": "MODIS (Aqua/Terra)", "frp": 108.73, "confidence": 100, "brightness": 362.74, "bright_t31": 296.41, "acq_date": "2026-04-07", "acq_time": "0826", "satellite": "A", "daynight": "D", "scan": 1.17, "track": 1.08}}, {"type": "Feature", "geometry": {"type": "Point", "coordinates": [106.51669, 16.07382]}, "properties": {"source_sensor": "VIIRS (Suomi NPP)", "frp": 108.7, "confidence": "nominal", "brightness_ti4": 345.22, "brightness_ti5": 293.12, "acq_date": "2026-04-07", "acq_time": "0523", "satellite": "N", "daynight": "D", "scan": 0.69, "track": 0.74}}, {"type": "Feature", "geometry": {"type": "Point", "coordinates": [145.82077, -35.88245]}, "properties": {"source_sensor": "MODIS (Aqua/Terra)", "frp": 108.65, "confidence": 88, "brightness": 331.7, "bright_t31": 293.9, "acq_date": "2026-04-07", "acq_time": "0633", "satellite": "A", "daynight": "D", "scan": 2.45, "track": 1.51}}, {"type": "Feature", "geometry": {"type": "Point", "coordinates": [65.63686, 54.87411]}, "properties": {"source_sensor": "MODIS (Aqua/Terra)", "frp": 108.58, "confidence": 96, "brightness": 350.84, "bright_t31": 293.01, "acq_date": "2026-04-06", "acq_time": "0939", "satellite": "A", "daynight": "D", "scan": 1.49, "track": 1.21}}, {"type": "Feature", "geometry": {"type": "Point", "coordinates": [48.95588, 31.2115]}, "properties": {"source_sensor": "MODIS (Aqua/Terra)", "frp": 108.56, "confidence": 100, "brightness": 368.58, "bright_t31": 311.71, "acq_date": "2026-04-07", "acq_time": "1149", "satellite": "A", "daynight": "D", "scan": 1.05, "track": 1.02}}, {"type": "Feature", "geometry": {"type": "Point", "coordinates": [99.2047, 20.66859]}, "properties": {"source_sensor": "VIIRS (Suomi NPP)", "frp": 108.54, "confidence": "high", "brightness_ti4": 367.0, "brightness_ti5": 306.16, "acq_date": "2026-04-06", "acq_time": "0722", "satellite": "N", "daynight": "D", "scan": 0.39, "track": 0.59}}, {"type": "Feature", "geometry": {"type": "Point", "coordinates": [102.00658, 18.67664]}, "properties": {"source_sensor": "VIIRS (Suomi NPP)", "frp": 108.52, "confidence": "low", "brightness_ti4": 336.0, "brightness_ti5": 308.27, "acq_date": "2026-04-07", "acq_time": "0701", "satellite": "N", "daynight": "D", "scan": 0.55, "track": 0.51}}, {"type": "Feature", "geometry": {"type": "Point", "coordinates": [106.22484, 16.84635]}, "properties": {"source_sensor": "VIIRS (Suomi NPP)", "frp": 108.48, "confidence": "low", "brightness_ti4": 297.66, "brightness_ti5": 299.65, "acq_date": "2026-04-06", "acq_time": "0540", "satellite": "N", "daynight": "D", "scan": 0.35, "track": 0.56}}, {"type": "Feature", "geometry": {"type": "Point", "coordinates": [90.37163, 25.49756]}, "properties": {"source_sensor": "VIIRS (Suomi NPP)", "frp": 108.45, "confidence": "high", "brightness_ti4": 367.0, "brightness_ti5": 340.08, "acq_date": "2026-04-06", "acq_time": "0724", "satellite": "N", "daynight": "D", "scan": 0.42, "track": 0.38}}, {"type": "Feature", "geometry": {"type": "Point", "coordinates": [90.37115, 25.50105]}, "properties": {"source_sensor": "VIIRS (Suomi NPP)", "frp": 108.45, "confidence": "nominal", "brightness_ti4": 349.1, "brightness_ti5": 300.38, "acq_date": "2026-04-06", "acq_time": "0724", "satellite": "N", "daynight": "D", "scan": 0.42, "track": 0.38}}, {"type": "Feature", "geometry": {"type": "Point", "coordinates": [98.78264, 23.19688]}, "properties": {"source_sensor": "VIIRS (Suomi NPP)", "frp": 108.4, "confidence": "high", "brightness_ti4": 367.0, "brightness_ti5": 301.58, "acq_date": "2026-04-06", "acq_time": "0542", "satellite": "N", "daynight": "D", "scan": 0.74, "track": 0.76}}, {"type": "Feature", "geometry": {"type": "Point", "coordinates": [105.09358, 17.3437]}, "properties": {"source_sensor": "VIIRS (Suomi NPP)", "frp": 108.29, "confidence": "nominal", "brightness_ti4": 349.34, "brightness_ti5": 299.89, "acq_date": "2026-04-07", "acq_time": "0701", "satellite": "N", "daynight": "D", "scan": 0.42, "track": 0.61}}, {"type": "Feature", "geometry": {"type": "Point", "coordinates": [-15.73064, 12.67723]}, "properties": {"source_sensor": "MODIS (Aqua/Terra)", "frp": 107.87, "confidence": 100, "brightness": 360.84, "bright_t31": 316.62, "acq_date": "2026-04-06", "acq_time": "1601", "satellite": "A", "daynight": "D", "scan": 1.3, "track": 1.13}}, {"type": "Feature", "geometry": {"type": "Point", "coordinates": [106.9059, 15.89708]}, "properties": {"source_sensor": "VIIRS (Suomi NPP)", "frp": 107.85, "confidence": "high", "brightness_ti4": 367.0, "brightness_ti5": 297.13, "acq_date": "2026-04-07", "acq_time": "0523", "satellite": "N", "daynight": "D", "scan": 0.66, "track": 0.73}}, {"type": "Feature", "geometry": {"type": "Point", "coordinates": [106.90027, 15.8958]}, "properties": {"source_sensor": "VIIRS (Suomi NPP)", "frp": 107.85, "confidence": "nominal", "brightness_ti4": 342.95, "brightness_ti5": 303.01, "acq_date": "2026-04-07", "acq_time": "0523", "satellite": "N", "daynight": "D", "scan": 0.66, "track": 0.73}}, {"type": "Feature", "geometry": {"type": "Point", "coordinates": [123.67677, 13.25607]}, "properties": {"source_sensor": "MODIS (Aqua/Terra)", "frp": 107.83, "confidence": 93, "brightness": 345.52, "bright_t31": 301.55, "acq_date": "2026-04-07", "acq_time": "0028", "satellite": "T", "daynight": "D", "scan": 1.75, "track": 1.3}}, {"type": "Feature", "geometry": {"type": "Point", "coordinates": [106.3119, 16.51145]}, "properties": {"source_sensor": "VIIRS (Suomi NPP)", "frp": 107.82, "confidence": "high", "brightness_ti4": 367.0, "brightness_ti5": 310.86, "acq_date": "2026-04-06", "acq_time": "0540", "satellite": "N", "daynight": "D", "scan": 0.35, "track": 0.56}}, {"type": "Feature", "geometry": {"type": "Point", "coordinates": [106.3108, 16.51662]}, "properties": {"source_sensor": "VIIRS (Suomi NPP)", "frp": 107.82, "confidence": "nominal", "brightness_ti4": 331.8, "brightness_ti5": 294.65, "acq_date": "2026-04-06", "acq_time": "0540", "satellite": "N", "daynight": "D", "scan": 0.35, "track": 0.56}}, {"type": "Feature", "geometry": {"type": "Point", "coordinates": [75.87312, 22.85203]}, "properties": {"source_sensor": "MODIS (Aqua/Terra)", "frp": 107.82, "confidence": 85, "brightness": 338.25, "bright_t31": 306.67, "acq_date": "2026-04-06", "acq_time": "0928", "satellite": "A", "daynight": "D", "scan": 2.65, "track": 1.56}}, {"type": "Feature", "geometry": {"type": "Point", "coordinates": [100.95394, 19.96311]}, "properties": {"source_sensor": "VIIRS (Suomi NPP)", "frp": 107.8, "confidence": "high", "brightness_ti4": 367.0, "brightness_ti5": 299.45, "acq_date": "2026-04-06", "acq_time": "0722", "satellite": "N", "daynight": "D", "scan": 0.5, "track": 0.66}}, {"type": "Feature", "geometry": {"type": "Point", "coordinates": [100.94978, 19.96274]}, "properties": {"source_sensor": "VIIRS (Suomi NPP)", "frp": 107.8, "confidence": "low", "brightness_ti4": 308.56, "brightness_ti5": 309.01, "acq_date": "2026-04-06", "acq_time": "0722", "satellite": "N", "daynight": "D", "scan": 0.5, "track": 0.66}}, {"type": "Feature", "geometry": {"type": "Point", "coordinates": [94.56313, 18.71004]}, "properties": {"source_sensor": "VIIRS (Suomi NPP)", "frp": 107.76, "confidence": "nominal", "brightness_ti4": 340.72, "brightness_ti5": 303.28, "acq_date": "2026-04-06", "acq_time": "0722", "satellite": "N", "daynight": "D", "scan": 0.57, "track": 0.43}}, {"type": "Feature", "geometry": {"type": "Point", "coordinates": [93.66197, 22.68806]}, "properties": {"source_sensor": "VIIRS (Suomi NPP)", "frp": 107.76, "confidence": "high", "brightness_ti4": 367.0, "brightness_ti5": 333.74, "acq_date": "2026-04-06", "acq_time": "0722", "satellite": "N", "daynight": "D", "scan": 0.56, "track": 0.43}}, {"type": "Feature", "geometry": {"type": "Point", "coordinates": [93.65662, 22.68739]}, "properties": {"source_sensor": "VIIRS (Suomi NPP)", "frp": 107.76, "confidence": "high", "brightness_ti4": 367.0, "brightness_ti5": 335.47, "acq_date": "2026-04-06", "acq_time": "0722", "satellite": "N", "daynight": "D", "scan": 0.56, "track": 0.43}}, {"type": "Feature", "geometry": {"type": "Point", "coordinates": [93.66063, 22.69192]}, "properties": {"source_sensor": "VIIRS (Suomi NPP)", "frp": 107.76, "confidence": "nominal", "brightness_ti4": 347.96, "brightness_ti5": 317.33, "acq_date": "2026-04-06", "acq_time": "0722", "satellite": "N", "daynight": "D", "scan": 0.56, "track": 0.43}}, {"type": "Feature", "geometry": {"type": "Point", "coordinates": [93.65531, 22.69125]}, "properties": {"source_sensor": "VIIRS (Suomi NPP)", "frp": 107.76, "confidence": "nominal", "brightness_ti4": 352.92, "brightness_ti5": 313.87, "acq_date": "2026-04-06", "acq_time": "0722", "satellite": "N", "daynight": "D", "scan": 0.56, "track": 0.43}}, {"type": "Feature", "geometry": {"type": "Point", "coordinates": [49.59387, 46.44607]}, "properties": {"source_sensor": "VIIRS (Suomi NPP)", "frp": 107.62, "confidence": "nominal", "brightness_ti4": 350.19, "brightness_ti5": 317.42, "acq_date": "2026-04-06", "acq_time": "0911", "satellite": "N", "daynight": "D", "scan": 0.53, "track": 0.42}}, {"type": "Feature", "geometry": {"type": "Point", "coordinates": [98.04682, 25.6166]}, "properties": {"source_sensor": "VIIRS (Suomi NPP)", "frp": 107.49, "confidence": "nominal", "brightness_ti4": 351.86, "brightness_ti5": 298.85, "acq_date": "2026-04-06", "acq_time": "0724", "satellite": "N", "daynight": "D", "scan": 0.38, "track": 0.58}}, {"type": "Feature", "geometry": {"type": "Point", "coordinates": [98.04546, 25.62198]}, "properties": {"source_sensor": "VIIRS (Suomi NPP)", "frp": 107.49, "confidence": "low", "brightness_ti4": 208.0, "brightness_ti5": 303.64, "acq_date": "2026-04-06", "acq_time": "0724", "satellite": "N", "daynight": "D", "scan": 0.38, "track": 0.58}}, {"type": "Feature", "geometry": {"type": "Point", "coordinates": [95.73867, 19.03257]}, "properties": {"source_sensor": "VIIRS (Suomi NPP)", "frp": 107.44, "confidence": "nominal", "brightness_ti4": 347.37, "brightness_ti5": 307.17, "acq_date": "2026-04-07", "acq_time": "0703", "satellite": "N", "daynight": "D", "scan": 0.4, "track": 0.37}}, {"type": "Feature", "geometry": {"type": "Point", "coordinates": [-11.13875, 8.40642]}, "properties": {"source_sensor": "VIIRS (Suomi NPP)", "frp": 107.34, "confidence": "nominal", "brightness_ti4": 340.96, "brightness_ti5": 309.03, "acq_date": "2026-04-06", "acq_time": "1403", "satellite": "N", "daynight": "D", "scan": 0.4, "track": 0.37}}, {"type": "Feature", "geometry": {"type": "Point", "coordinates": [130.18321, 49.03585]}, "properties": {"source_sensor": "MODIS (Aqua/Terra)", "frp": 107.32, "confidence": 88, "brightness": 332.86, "bright_t31": 283.8, "acq_date": "2026-04-07", "acq_time": "0518", "satellite": "A", "daynight": "D", "scan": 2.22, "track": 1.44}}, {"type": "Feature", "geometry": {"type": "Point", "coordinates": [48.01424, 46.43741]}, "properties": {"source_sensor": "MODIS (Aqua/Terra)", "frp": 107.31, "confidence": 94, "brightness": 367.18, "bright_t31": 298.27, "acq_date": "2026-04-06", "acq_time": "0614", "satellite": "T", "daynight": "D", "scan": 1.01, "track": 1.0}}, {"type": "Feature", "geometry": {"type": "Point", "coordinates": [152.54373, -25.58239]}, "properties": {"source_sensor": "MODIS (Aqua/Terra)", "frp": 107.28, "confidence": 90, "brightness": 339.59, "bright_t31": 298.24, "acq_date": "2026-04-07", "acq_time": "0459", "satellite": "A", "daynight": "D", "scan": 2.04, "track": 1.39}}, {"type": "Feature", "geometry": {"type": "Point", "coordinates": [-8.58951, 9.92729]}, "properties": {"source_sensor": "VIIRS (Suomi NPP)", "frp": 107.17, "confidence": "high", "brightness_ti4": 367.0, "brightness_ti5": 338.76, "acq_date": "2026-04-06", "acq_time": "1405", "satellite": "N", "daynight": "D", "scan": 0.4, "track": 0.37}}, {"type": "Feature", "geometry": {"type": "Point", "coordinates": [102.2766, 22.04051]}, "properties": {"source_sensor": "VIIRS (Suomi NPP)", "frp": 107.17, "confidence": "nominal", "brightness_ti4": 352.47, "brightness_ti5": 306.52, "acq_date": "2026-04-07", "acq_time": "0703", "satellite": "N", "daynight": "D", "scan": 0.63, "track": 0.54}}, {"type": "Feature", "geometry": {"type": "Point", "coordinates": [99.52876, 15.30744]}, "properties": {"source_sensor": "MODIS (Aqua/Terra)", "frp": 106.91, "confidence": 100, "brightness": 369.92, "bright_t31": 312.28, "acq_date": "2026-04-07", "acq_time": "0826", "satellite": "A", "daynight": "D", "scan": 1.03, "track": 1.01}}, {"type": "Feature", "geometry": {"type": "Point", "coordinates": [105.45718, 17.84735]}, "properties": {"source_sensor": "VIIRS (Suomi NPP)", "frp": 106.9, "confidence": "high", "brightness_ti4": 367.0, "brightness_ti5": 296.29, "acq_date": "2026-04-07", "acq_time": "0523", "satellite": "N", "daynight": "D", "scan": 0.74, "track": 0.76}}, {"type": "Feature", "geometry": {"type": "Point", "coordinates": [-155.28818, 19.41019]}, "properties": {"source_sensor": "MODIS (Aqua/Terra)", "frp": 106.87, "confidence": 100, "brightness": 349.36, "bright_t31": 295.54, "acq_date": "2026-04-06", "acq_time": "0722", "satellite": "T", "daynight": "N", "scan": 1.43, "track": 1.18}}, {"type": "Feature", "geometry": {"type": "Point", "coordinates": [105.26316, 17.94192]}, "properties": {"source_sensor": "VIIRS (Suomi NPP)", "frp": 106.72, "confidence": "high", "brightness_ti4": 367.0, "brightness_ti5": 314.58, "acq_date": "2026-04-07", "acq_time": "0701", "satellite": "N", "daynight": "D", "scan": 0.44, "track": 0.63}}, {"type": "Feature", "geometry": {"type": "Point", "coordinates": [105.25906, 17.94152]}, "properties": {"source_sensor": "VIIRS (Suomi NPP)", "frp": 106.72, "confidence": "nominal", "brightness_ti4": 330.82, "brightness_ti5": 302.08, "acq_date": "2026-04-07", "acq_time": "0701", "satellite": "N", "daynight": "D", "scan": 0.44, "track": 0.63}}, {"type": "Feature", "geometry": {"type": "Point", "coordinates": [105.26506, 17.94801]}, "properties": {"source_sensor": "VIIRS (Suomi NPP)", "frp": 106.72, "confidence": "high", "brightness_ti4": 367.0, "brightness_ti5": 310.62, "acq_date": "2026-04-07", "acq_time": "0701", "satellite": "N", "daynight": "D", "scan": 0.44, "track": 0.63}}, {"type": "Feature", "geometry": {"type": "Point", "coordinates": [105.26114, 17.94761]}, "properties": {"source_sensor": "VIIRS (Suomi NPP)", "frp": 106.72, "confidence": "low", "brightness_ti4": 208.0, "brightness_ti5": 305.01, "acq_date": "2026-04-07", "acq_time": "0701", "satellite": "N", "daynight": "D", "scan": 0.44, "track": 0.63}}, {"type": "Feature", "geometry": {"type": "Point", "coordinates": [104.13895, 10.63712]}, "properties": {"source_sensor": "VIIRS (Suomi NPP)", "frp": 106.65, "confidence": "high", "brightness_ti4": 367.0, "brightness_ti5": 300.83, "acq_date": "2026-04-06", "acq_time": "0720", "satellite": "N", "daynight": "D", "scan": 0.62, "track": 0.72}}, {"type": "Feature", "geometry": {"type": "Point", "coordinates": [102.81153, 18.93288]}, "properties": {"source_sensor": "VIIRS (Suomi NPP)", "frp": 106.56, "confidence": "nominal", "brightness_ti4": 334.73, "brightness_ti5": 298.07, "acq_date": "2026-04-07", "acq_time": "0701", "satellite": "N", "daynight": "D", "scan": 0.63, "track": 0.54}}, {"type": "Feature", "geometry": {"type": "Point", "coordinates": [-63.7246, 9.62103]}, "properties": {"source_sensor": "MODIS (Aqua/Terra)", "frp": 106.4, "confidence": 100, "brightness": 344.86, "bright_t31": 289.55, "acq_date": "2026-04-07", "acq_time": "0124", "satellite": "T", "daynight": "N", "scan": 1.64, "track": 1.26}}, {"type": "Feature", "geometry": {"type": "Point", "coordinates": [101.81155, 22.3516]}, "properties": {"source_sensor": "VIIRS (Suomi NPP)", "frp": 106.33, "confidence": "nominal", "brightness_ti4": 344.59, "brightness_ti5": 308.14, "acq_date": "2026-04-07", "acq_time": "0703", "satellite": "N", "daynight": "D", "scan": 0.6, "track": 0.53}}, {"type": "Feature", "geometry": {"type": "Point", "coordinates": [103.04175, 20.45849]}, "properties": {"source_sensor": "MODIS (Aqua/Terra)", "frp": 106.15, "confidence": 98, "brightness": 355.66, "bright_t31": 300.69, "acq_date": "2026-04-07", "acq_time": "0826", "satellite": "A", "daynight": "D", "scan": 1.35, "track": 1.15}}, {"type": "Feature", "geometry": {"type": "Point", "coordinates": [104.11201, 20.7153]}, "properties": {"source_sensor": "VIIRS (Suomi NPP)", "frp": 106.09, "confidence": "nominal", "brightness_ti4": 342.96, "brightness_ti5": 294.77, "acq_date": "2026-04-06", "acq_time": "0542", "satellite": "N", "daynight": "D", "scan": 0.4, "track": 0.6}}, {"type": "Feature", "geometry": {"type": "Point", "coordinates": [104.11513, 20.71599]}, "properties": {"source_sensor": "VIIRS (Suomi NPP)", "frp": 106.09, "confidence": "low", "brightness_ti4": 208.0, "brightness_ti5": 310.24, "acq_date": "2026-04-06", "acq_time": "0542", "satellite": "N", "daynight": "D", "scan": 0.4, "track": 0.6}}, {"type": "Feature", "geometry": {"type": "Point", "coordinates": [101.29151, 20.3834]}, "properties": {"source_sensor": "MODIS (Aqua/Terra)", "frp": 106.06, "confidence": 86, "brightness": 334.07, "bright_t31": 300.92, "acq_date": "2026-04-06", "acq_time": "0750", "satellite": "A", "daynight": "D", "scan": 2.63, "track": 1.56}}, {"type": "Feature", "geometry": {"type": "Point", "coordinates": [19.77864, 28.91303]}, "properties": {"source_sensor": "MODIS (Aqua/Terra)", "frp": 106.04, "confidence": 100, "brightness": 337.95, "bright_t31": 286.11, "acq_date": "2026-04-06", "acq_time": "1856", "satellite": "T", "daynight": "N", "scan": 1.86, "track": 1.33}}, {"type": "Feature", "geometry": {"type": "Point", "coordinates": [-7.97723, 41.01459]}, "properties": {"source_sensor": "MODIS (Aqua/Terra)", "frp": 105.92, "confidence": 95, "brightness": 348.12, "bright_t31": 296.34, "acq_date": "2026-04-06", "acq_time": "0934", "satellite": "T", "daynight": "D", "scan": 1.54, "track": 1.22}}, {"type": "Feature", "geometry": {"type": "Point", "coordinates": [102.1398, 20.78785]}, "properties": {"source_sensor": "MODIS (Aqua/Terra)", "frp": 105.89, "confidence": 74, "brightness": 354.57, "bright_t31": 292.9, "acq_date": "2026-04-07", "acq_time": "0204", "satellite": "T", "daynight": "D", "scan": 1.34, "track": 1.15}}, {"type": "Feature", "geometry": {"type": "Point", "coordinates": [145.79497, -35.88829]}, "properties": {"source_sensor": "MODIS (Aqua/Terra)", "frp": 105.84, "confidence": 87, "brightness": 331.3, "bright_t31": 294.76, "acq_date": "2026-04-07", "acq_time": "0633", "satellite": "A", "daynight": "D", "scan": 2.44, "track": 1.51}}, {"type": "Feature", "geometry": {"type": "Point", "coordinates": [48.57343, 46.15156]}, "properties": {"source_sensor": "MODIS (Aqua/Terra)", "frp": 105.78, "confidence": 100, "brightness": 360.82, "bright_t31": 299.02, "acq_date": "2026-04-06", "acq_time": "1115", "satellite": "A", "daynight": "D", "scan": 1.18, "track": 1.08}}, {"type": "Feature", "geometry": {"type": "Point", "coordinates": [-2.00909, 9.35468]}, "properties": {"source_sensor": "MODIS (Aqua/Terra)", "frp": 105.76, "confidence": 80, "brightness": 329.25, "bright_t31": 295.76, "acq_date": "2026-04-06", "acq_time": "0941", "satellite": "T", "daynight": "D", "scan": 3.11, "track": 1.67}}, {"type": "Feature", "geometry": {"type": "Point", "coordinates": [-12.46047, 8.62741]}, "properties": {"source_sensor": "VIIRS (Suomi NPP)", "frp": 105.75, "confidence": "low", "brightness_ti4": 367.0, "brightness_ti5": 344.27, "acq_date": "2026-04-06", "acq_time": "1405", "satellite": "N", "daynight": "D", "scan": 0.45, "track": 0.39}}, {"type": "Feature", "geometry": {"type": "Point", "coordinates": [-12.46105, 8.63098]}, "properties": {"source_sensor": "VIIRS (Suomi NPP)", "frp": 105.75, "confidence": "low", "brightness_ti4": 333.54, "brightness_ti5": 303.19, "acq_date": "2026-04-06", "acq_time": "1405", "satellite": "N", "daynight": "D", "scan": 0.45, "track": 0.39}}, {"type": "Feature", "geometry": {"type": "Point", "coordinates": [-15.64804, 12.78246]}, "properties": {"source_sensor": "MODIS (Aqua/Terra)", "frp": 105.64, "confidence": 100, "brightness": 362.21, "bright_t31": 318.67, "acq_date": "2026-04-06", "acq_time": "1601", "satellite": "A", "daynight": "D", "scan": 1.28, "track": 1.12}}, {"type": "Feature", "geometry": {"type": "Point", "coordinates": [100.95999, 19.63121]}, "properties": {"source_sensor": "MODIS (Aqua/Terra)", "frp": 105.62, "confidence": 82, "brightness": 329.89, "bright_t31": 297.54, "acq_date": "2026-04-06", "acq_time": "0750", "satellite": "A", "daynight": "D", "scan": 2.9, "track": 1.62}}, {"type": "Feature", "geometry": {"type": "Point", "coordinates": [98.92828, 22.59026]}, "properties": {"source_sensor": "MODIS (Aqua/Terra)", "frp": 105.62, "confidence": 79, "brightness": 323.95, "bright_t31": 290.29, "acq_date": "2026-04-06", "acq_time": "0750", "satellite": "A", "daynight": "D", "scan": 3.53, "track": 1.77}}, {"type": "Feature", "geometry": {"type": "Point", "coordinates": [-96.0761, 36.63136]}, "properties": {"source_sensor": "MODIS (Aqua/Terra)", "frp": 105.58, "confidence": 99, "brightness": 358.68, "bright_t31": 300.04, "acq_date": "2026-04-06", "acq_time": "2101", "satellite": "A", "daynight": "D", "scan": 1.25, "track": 1.11}}, {"type": "Feature", "geometry": {"type": "Point", "coordinates": [95.74239, 24.06552]}, "properties": {"source_sensor": "MODIS (Aqua/Terra)", "frp": 105.56, "confidence": 97, "brightness": 353.37, "bright_t31": 303.45, "acq_date": "2026-04-06", "acq_time": "0304", "satellite": "T", "daynight": "D", "scan": 1.4, "track": 1.17}}, {"type": "Feature", "geometry": {"type": "Point", "coordinates": [-96.72433, 37.22982]}, "properties": {"source_sensor": "MODIS (Aqua/Terra)", "frp": 105.48, "confidence": 98, "brightness": 355.36, "bright_t31": 292.94, "acq_date": "2026-04-06", "acq_time": "2104", "satellite": "A", "daynight": "D", "scan": 1.32, "track": 1.14}}, {"type": "Feature", "geometry": {"type": "Point", "coordinates": [103.1953, 23.54409]}, "properties": {"source_sensor": "MODIS (Aqua/Terra)", "frp": 105.48, "confidence": 96, "brightness": 352.99, "bright_t31": 311.18, "acq_date": "2026-04-07", "acq_time": "0828", "satellite": "A", "daynight": "D", "scan": 1.53, "track": 1.22}}, {"type": "Feature", "geometry": {"type": "Point", "coordinates": [-155.26378, 19.41129]}, "properties": {"source_sensor": "MODIS (Aqua/Terra)", "frp": 105.46, "confidence": 100, "brightness": 328.54, "bright_t31": 285.12, "acq_date": "2026-04-06", "acq_time": "1323", "satellite": "A", "daynight": "N", "scan": 2.33, "track": 1.48}}, {"type": "Feature", "geometry": {"type": "Point", "coordinates": [-14.47987, 13.3736]}, "properties": {"source_sensor": "MODIS (Aqua/Terra)", "frp": 105.38, "confidence": 100, "brightness": 368.28, "bright_t31": 320.53, "acq_date": "2026-04-06", "acq_time": "1601", "satellite": "A", "daynight": "D", "scan": 1.1, "track": 1.04}}, {"type": "Feature", "geometry": {"type": "Point", "coordinates": [98.16713, 18.65224]}, "properties": {"source_sensor": "MODIS (Aqua/Terra)", "frp": 105.35, "confidence": 100, "brightness": 366.04, "bright_t31": 306.47, "acq_date": "2026-04-07", "acq_time": "0826", "satellite": "A", "daynight": "D", "scan": 1.07, "track": 1.03}}, {"type": "Feature", "geometry": {"type": "Point", "coordinates": [101.65296, 19.0294]}, "properties": {"source_sensor": "VIIRS (Suomi NPP)", "frp": 105.2, "confidence": "high", "brightness_ti4": 367.0, "brightness_ti5": 297.13, "acq_date": "2026-04-06", "acq_time": "0542", "satellite": "N", "daynight": "D", "scan": 0.61, "track": 0.71}}, {"type": "Feature", "geometry": {"type": "Point", "coordinates": [97.5248, 17.47365]}, "properties": {"source_sensor": "VIIRS (Suomi NPP)", "frp": 105.07, "confidence": "nominal", "brightness_ti4": 345.02, "brightness_ti5": 298.65, "acq_date": "2026-04-06", "acq_time": "0722", "satellite": "N", "daynight": "D", "scan": 0.55, "track": 0.51}}, {"type": "Feature", "geometry": {"type": "Point", "coordinates": [49.67025, 46.45712]}, "properties": {"source_sensor": "MODIS (Aqua/Terra)", "frp": 105.03, "confidence": 0, "brightness": 365.29, "bright_t31": 309.41, "acq_date": "2026-04-06", "acq_time": "1115", "satellite": "A", "daynight": "D", "scan": 1.08, "track": 1.04}}, {"type": "Feature", "geometry": {"type": "Point", "coordinates": [-95.75399, 38.03514]}, "properties": {"source_sensor": "MODIS (Aqua/Terra)", "frp": 105.03, "confidence": 100, "brightness": 361.08, "bright_t31": 294.79, "acq_date": "2026-04-06", "acq_time": "2104", "satellite": "A", "daynight": "D", "scan": 1.15, "track": 1.07}}, {"type": "Feature", "geometry": {"type": "Point", "coordinates": [101.67126, 16.52331]}, "properties": {"source_sensor": "MODIS (Aqua/Terra)", "frp": 105.02, "confidence": 79, "brightness": 329.94, "bright_t31": 303.4, "acq_date": "2026-04-06", "acq_time": "0748", "satellite": "A", "daynight": "D", "scan": 2.99, "track": 1.64}}, {"type": "Feature", "geometry": {"type": "Point", "coordinates": [-10.80374, 8.12774]}, "properties": {"source_sensor": "VIIRS (Suomi NPP)", "frp": 105.01, "confidence": "nominal", "brightness_ti4": 338.74, "brightness_ti5": 302.04, "acq_date": "2026-04-06", "acq_time": "1403", "satellite": "N", "daynight": "D", "scan": 0.4, "track": 0.37}}, {"type": "Feature", "geometry": {"type": "Point", "coordinates": [116.23512, -34.46949]}, "properties": {"source_sensor": "MODIS (Aqua/Terra)", "frp": 105.0, "confidence": 97, "brightness": 353.9, "bright_t31": 293.06, "acq_date": "2026-04-07", "acq_time": "0811", "satellite": "A", "daynight": "D", "scan": 1.32, "track": 1.14}}, {"type": "Feature", "geometry": {"type": "Point", "coordinates": [-155.27118, 19.41333]}, "properties": {"source_sensor": "MODIS (Aqua/Terra)", "frp": 104.94, "confidence": 100, "brightness": 328.44, "bright_t31": 287.32, "acq_date": "2026-04-06", "acq_time": "1323", "satellite": "A", "daynight": "N", "scan": 2.33, "track": 1.48}}, {"type": "Feature", "geometry": {"type": "Point", "coordinates": [53.64981, 23.8282]}, "properties": {"source_sensor": "MODIS (Aqua/Terra)", "frp": 104.93, "confidence": 81, "brightness": 310.92, "bright_t31": 286.26, "acq_date": "2026-04-06", "acq_time": "2314", "satellite": "A", "daynight": "N", "scan": 4.75, "track": 1.99}}, {"type": "Feature", "geometry": {"type": "Point", "coordinates": [118.23778, 46.88089]}, "properties": {"source_sensor": "MODIS (Aqua/Terra)", "frp": 104.93, "confidence": 57, "brightness": 305.61, "bright_t31": 266.93, "acq_date": "2026-04-07", "acq_time": "1128", "satellite": "T", "daynight": "N", "scan": 4.71, "track": 1.99}}, {"type": "Feature", "geometry": {"type": "Point", "coordinates": [124.85207, -18.26388]}, "properties": {"source_sensor": "MODIS (Aqua/Terra)", "frp": 104.79, "confidence": 83, "brightness": 333.61, "bright_t31": 299.8, "acq_date": "2026-04-07", "acq_time": "0640", "satellite": "A", "daynight": "D", "scan": 2.74, "track": 1.58}}, {"type": "Feature", "geometry": {"type": "Point", "coordinates": [104.38817, 18.66183]}, "properties": {"source_sensor": "VIIRS (Suomi NPP)", "frp": 104.7, "confidence": "high", "brightness_ti4": 367.0, "brightness_ti5": 299.28, "acq_date": "2026-04-06", "acq_time": "0540", "satellite": "N", "daynight": "D", "scan": 0.42, "track": 0.61}}, {"type": "Feature", "geometry": {"type": "Point", "coordinates": [104.38444, 18.66691]}, "properties": {"source_sensor": "VIIRS (Suomi NPP)", "frp": 104.7, "confidence": "nominal", "brightness_ti4": 343.86, "brightness_ti5": 297.55, "acq_date": "2026-04-06", "acq_time": "0540", "satellite": "N", "daynight": "D", "scan": 0.42, "track": 0.61}}, {"type": "Feature", "geometry": {"type": "Point", "coordinates": [-95.40218, 38.01498]}, "properties": {"source_sensor": "MODIS (Aqua/Terra)", "frp": 104.68, "confidence": 92, "brightness": 342.17, "bright_t31": 292.0, "acq_date": "2026-04-06", "acq_time": "1609", "satellite": "T", "daynight": "D", "scan": 1.78, "track": 1.31}}, {"type": "Feature", "geometry": {"type": "Point", "coordinates": [-63.50613, 7.01207]}, "properties": {"source_sensor": "MODIS (Aqua/Terra)", "frp": 104.58, "confidence": 99, "brightness": 358.56, "bright_t31": 295.95, "acq_date": "2026-04-06", "acq_time": "1917", "satellite": "A", "daynight": "D", "scan": 1.27, "track": 1.12}}, {"type": "Feature", "geometry": {"type": "Point", "coordinates": [106.27326, 16.53067]}, "properties": {"source_sensor": "VIIRS (Suomi NPP)", "frp": 104.51, "confidence": "high", "brightness_ti4": 367.0, "brightness_ti5": 307.86, "acq_date": "2026-04-06", "acq_time": "0540", "satellite": "N", "daynight": "D", "scan": 0.35, "track": 0.57}}, {"type": "Feature", "geometry": {"type": "Point", "coordinates": [103.8248, 20.65183]}, "properties": {"source_sensor": "VIIRS (Suomi NPP)", "frp": 104.38, "confidence": "high", "brightness_ti4": 367.0, "brightness_ti5": 300.41, "acq_date": "2026-04-06", "acq_time": "0542", "satellite": "N", "daynight": "D", "scan": 0.42, "track": 0.61}}, {"type": "Feature", "geometry": {"type": "Point", "coordinates": [-13.23924, 11.31395]}, "properties": {"source_sensor": "MODIS (Aqua/Terra)", "frp": 104.32, "confidence": 100, "brightness": 369.86, "bright_t31": 313.56, "acq_date": "2026-04-06", "acq_time": "1601", "satellite": "A", "daynight": "D", "scan": 1.03, "track": 1.02}}, {"type": "Feature", "geometry": {"type": "Point", "coordinates": [106.53041, 16.51145]}, "properties": {"source_sensor": "MODIS (Aqua/Terra)", "frp": 104.31, "confidence": 99, "brightness": 359.38, "bright_t31": 306.04, "acq_date": "2026-04-06", "acq_time": "0748", "satellite": "A", "daynight": "D", "scan": 1.3, "track": 1.13}}, {"type": "Feature", "geometry": {"type": "Point", "coordinates": [-95.90311, 38.3653]}, "properties": {"source_sensor": "VIIRS (Suomi NPP)", "frp": 104.29, "confidence": "high", "brightness_ti4": 367.0, "brightness_ti5": 338.41, "acq_date": "2026-04-06", "acq_time": "1917", "satellite": "N", "daynight": "D", "scan": 0.41, "track": 0.37}}, {"type": "Feature", "geometry": {"type": "Point", "coordinates": [105.27635, 17.0725]}, "properties": {"source_sensor": "MODIS (Aqua/Terra)", "frp": 104.23, "confidence": 96, "brightness": 352.33, "bright_t31": 306.55, "acq_date": "2026-04-06", "acq_time": "0748", "satellite": "A", "daynight": "D", "scan": 1.54, "track": 1.22}}, {"type": "Feature", "geometry": {"type": "Point", "coordinates": [103.20126, 23.54051]}, "properties": {"source_sensor": "MODIS (Aqua/Terra)", "frp": 104.03, "confidence": 96, "brightness": 352.47, "bright_t31": 309.97, "acq_date": "2026-04-07", "acq_time": "0828", "satellite": "A", "daynight": "D", "scan": 1.53, "track": 1.22}}, {"type": "Feature", "geometry": {"type": "Point", "coordinates": [6.09949, 6.40316]}, "properties": {"source_sensor": "MODIS (Aqua/Terra)", "frp": 103.99, "confidence": 84, "brightness": 331.55, "bright_t31": 290.56, "acq_date": "2026-04-06", "acq_time": "1420", "satellite": "A", "daynight": "D", "scan": 2.76, "track": 1.59}}, {"type": "Feature", "geometry": {"type": "Point", "coordinates": [148.7383, -33.24132]}, "properties": {"source_sensor": "MODIS (Aqua/Terra)", "frp": 103.97, "confidence": 63, "brightness": 316.93, "bright_t31": 292.36, "acq_date": "2026-04-07", "acq_time": "0457", "satellite": "A", "daynight": "D", "scan": 4.68, "track": 1.98}}, {"type": "Feature", "geometry": {"type": "Point", "coordinates": [62.01189, 52.78556]}, "properties": {"source_sensor": "MODIS (Aqua/Terra)", "frp": 103.92, "confidence": 94, "brightness": 363.65, "bright_t31": 293.53, "acq_date": "2026-04-07", "acq_time": "1015", "satellite": "A", "daynight": "D", "scan": 1.06, "track": 1.03}}, {"type": "Feature", "geometry": {"type": "Point", "coordinates": [106.3454, 16.72725]}, "properties": {"source_sensor": "MODIS (Aqua/Terra)", "frp": 103.8, "confidence": 98, "brightness": 357.02, "bright_t31": 305.87, "acq_date": "2026-04-06", "acq_time": "0748", "satellite": "A", "daynight": "D", "scan": 1.33, "track": 1.14}}, {"type": "Feature", "geometry": {"type": "Point", "coordinates": [106.28336, 16.36512]}, "properties": {"source_sensor": "VIIRS (Suomi NPP)", "frp": 103.7, "confidence": "high", "brightness_ti4": 367.0, "brightness_ti5": 307.91, "acq_date": "2026-04-06", "acq_time": "0540", "satellite": "N", "daynight": "D", "scan": 0.35, "track": 0.57}}, {"type": "Feature", "geometry": {"type": "Point", "coordinates": [127.83553, -18.57062]}, "properties": {"source_sensor": "MODIS (Aqua/Terra)", "frp": 103.54, "confidence": 94, "brightness": 349.02, "bright_t31": 306.92, "acq_date": "2026-04-07", "acq_time": "0640", "satellite": "A", "daynight": "D", "scan": 1.64, "track": 1.26}}, {"type": "Feature", "geometry": {"type": "Point", "coordinates": [101.68935, 20.4548]}, "properties": {"source_sensor": "VIIRS (Suomi NPP)", "frp": 103.51, "confidence": "nominal", "brightness_ti4": 344.31, "brightness_ti5": 308.3, "acq_date": "2026-04-07", "acq_time": "0703", "satellite": "N", "daynight": "D", "scan": 0.56, "track": 0.51}}, {"type": "Feature", "geometry": {"type": "Point", "coordinates": [106.23096, 16.86375]}, "properties": {"source_sensor": "VIIRS (Suomi NPP)", "frp": 103.38, "confidence": "nominal", "brightness_ti4": 352.4, "brightness_ti5": 304.02, "acq_date": "2026-04-06", "acq_time": "0540", "satellite": "N", "daynight": "D", "scan": 0.35, "track": 0.56}}, {"type": "Feature", "geometry": {"type": "Point", "coordinates": [96.64676, 19.33499]}, "properties": {"source_sensor": "MODIS (Aqua/Terra)", "frp": 103.31, "confidence": 99, "brightness": 357.89, "bright_t31": 298.53, "acq_date": "2026-04-07", "acq_time": "0826", "satellite": "A", "daynight": "D", "scan": 1.24, "track": 1.11}}, {"type": "Feature", "geometry": {"type": "Point", "coordinates": [100.94904, 19.95666]}, "properties": {"source_sensor": "VIIRS (Suomi NPP)", "frp": 103.26, "confidence": "high", "brightness_ti4": 367.0, "brightness_ti5": 296.82, "acq_date": "2026-04-06", "acq_time": "0722", "satellite": "N", "daynight": "D", "scan": 0.5, "track": 0.66}}, {"type": "Feature", "geometry": {"type": "Point", "coordinates": [100.95316, 19.96323]}, "properties": {"source_sensor": "VIIRS (Suomi NPP)", "frp": 103.26, "confidence": "high", "brightness_ti4": 367.0, "brightness_ti5": 306.37, "acq_date": "2026-04-06", "acq_time": "0722", "satellite": "N", "daynight": "D", "scan": 0.5, "track": 0.66}}, {"type": "Feature", "geometry": {"type": "Point", "coordinates": [-13.16261, 10.33148]}, "properties": {"source_sensor": "VIIRS (Suomi NPP)", "frp": 103.18, "confidence": "nominal", "brightness_ti4": 353.38, "brightness_ti5": 306.57, "acq_date": "2026-04-06", "acq_time": "1405", "satellite": "N", "daynight": "D", "scan": 0.46, "track": 0.39}}, {"type": "Feature", "geometry": {"type": "Point", "coordinates": [-95.86023, 38.03618]}, "properties": {"source_sensor": "MODIS (Aqua/Terra)", "frp": 103.1, "confidence": 99, "brightness": 359.36, "bright_t31": 293.97, "acq_date": "2026-04-06", "acq_time": "2104", "satellite": "A", "daynight": "D", "scan": 1.17, "track": 1.07}}, {"type": "Feature", "geometry": {"type": "Point", "coordinates": [12.76687, 13.34796]}, "properties": {"source_sensor": "MODIS (Aqua/Terra)", "frp": 103.05, "confidence": 85, "brightness": 337.35, "bright_t31": 302.43, "acq_date": "2026-04-07", "acq_time": "0841", "satellite": "T", "daynight": "D", "scan": 2.58, "track": 1.54}}, {"type": "Feature", "geometry": {"type": "Point", "coordinates": [97.4768, 18.02525]}, "properties": {"source_sensor": "MODIS (Aqua/Terra)", "frp": 103.01, "confidence": 100, "brightness": 361.22, "bright_t31": 295.5, "acq_date": "2026-04-07", "acq_time": "0826", "satellite": "A", "daynight": "D", "scan": 1.17, "track": 1.08}}, {"type": "Feature", "geometry": {"type": "Point", "coordinates": [-59.56184, -19.52374]}, "properties": {"source_sensor": "MODIS (Aqua/Terra)", "frp": 102.78, "confidence": 94, "brightness": 347.58, "bright_t31": 298.32, "acq_date": "2026-04-06", "acq_time": "1908", "satellite": "A", "daynight": "D", "scan": 1.65, "track": 1.26}}, {"type": "Feature", "geometry": {"type": "Point", "coordinates": [37.63974, 50.21526]}, "properties": {"source_sensor": "VIIRS (Suomi NPP)", "frp": 102.77, "confidence": "low", "brightness_ti4": 208.0, "brightness_ti5": 302.7, "acq_date": "2026-04-06", "acq_time": "0913", "satellite": "N", "daynight": "D", "scan": 0.42, "track": 0.61}}, {"type": "Feature", "geometry": {"type": "Point", "coordinates": [-96.1999, 39.61926]}, "properties": {"source_sensor": "MODIS (Aqua/Terra)", "frp": 102.67, "confidence": 100, "brightness": 360.63, "bright_t31": 297.02, "acq_date": "2026-04-06", "acq_time": "2104", "satellite": "A", "daynight": "D", "scan": 1.14, "track": 1.06}}, {"type": "Feature", "geometry": {"type": "Point", "coordinates": [78.4775, 13.86389]}, "properties": {"source_sensor": "MODIS (Aqua/Terra)", "frp": 102.45, "confidence": 100, "brightness": 366.36, "bright_t31": 317.04, "acq_date": "2026-04-07", "acq_time": "1004", "satellite": "A", "daynight": "D", "scan": 1.13, "track": 1.06}}, {"type": "Feature", "geometry": {"type": "Point", "coordinates": [98.9745, 21.45326]}, "properties": {"source_sensor": "VIIRS (Suomi NPP)", "frp": 102.43, "confidence": "nominal", "brightness_ti4": 342.26, "brightness_ti5": 299.53, "acq_date": "2026-04-07", "acq_time": "0703", "satellite": "N", "daynight": "D", "scan": 0.39, "track": 0.44}}, {"type": "Feature", "geometry": {"type": "Point", "coordinates": [102.49718, 20.25356]}, "properties": {"source_sensor": "VIIRS (Suomi NPP)", "frp": 102.41, "confidence": "nominal", "brightness_ti4": 342.65, "brightness_ti5": 301.49, "acq_date": "2026-04-07", "acq_time": "0703", "satellite": "N", "daynight": "D", "scan": 0.62, "track": 0.54}}, {"type": "Feature", "geometry": {"type": "Point", "coordinates": [102.22203, 19.47652]}, "properties": {"source_sensor": "MODIS (Aqua/Terra)", "frp": 102.41, "confidence": 86, "brightness": 334.67, "bright_t31": 297.11, "acq_date": "2026-04-06", "acq_time": "0750", "satellite": "A", "daynight": "D", "scan": 2.34, "track": 1.48}}, {"type": "Feature", "geometry": {"type": "Point", "coordinates": [97.40861, 18.05935]}, "properties": {"source_sensor": "MODIS (Aqua/Terra)", "frp": 102.35, "confidence": 100, "brightness": 360.36, "bright_t31": 296.88, "acq_date": "2026-04-07", "acq_time": "0826", "satellite": "A", "daynight": "D", "scan": 1.17, "track": 1.08}}, {"type": "Feature", "geometry": {"type": "Point", "coordinates": [103.0078, 18.41962]}, "properties": {"source_sensor": "VIIRS (Suomi NPP)", "frp": 102.28, "confidence": "nominal", "brightness_ti4": 340.47, "brightness_ti5": 299.49, "acq_date": "2026-04-06", "acq_time": "0540", "satellite": "N", "daynight": "D", "scan": 0.52, "track": 0.67}}, {"type": "Feature", "geometry": {"type": "Point", "coordinates": [103.01251, 18.42067]}, "properties": {"source_sensor": "VIIRS (Suomi NPP)", "frp": 102.28, "confidence": "low", "brightness_ti4": 208.0, "brightness_ti5": 304.23, "acq_date": "2026-04-06", "acq_time": "0540", "satellite": "N", "daynight": "D", "scan": 0.52, "track": 0.67}}, {"type": "Feature", "geometry": {"type": "Point", "coordinates": [103.00619, 18.42567]}, "properties": {"source_sensor": "VIIRS (Suomi NPP)", "frp": 102.28, "confidence": "high", "brightness_ti4": 367.0, "brightness_ti5": 292.81, "acq_date": "2026-04-06", "acq_time": "0540", "satellite": "N", "daynight": "D", "scan": 0.52, "track": 0.67}}, {"type": "Feature", "geometry": {"type": "Point", "coordinates": [103.0109, 18.42673]}, "properties": {"source_sensor": "VIIRS (Suomi NPP)", "frp": 102.28, "confidence": "nominal", "brightness_ti4": 342.35, "brightness_ti5": 292.8, "acq_date": "2026-04-06", "acq_time": "0540", "satellite": "N", "daynight": "D", "scan": 0.52, "track": 0.67}}, {"type": "Feature", "geometry": {"type": "Point", "coordinates": [130.24809, 49.05341]}, "properties": {"source_sensor": "MODIS (Aqua/Terra)", "frp": 102.2, "confidence": 100, "brightness": 359.28, "bright_t31": 275.88, "acq_date": "2026-04-07", "acq_time": "1128", "satellite": "T", "daynight": "N", "scan": 1.1, "track": 1.05}}, {"type": "Feature", "geometry": {"type": "Point", "coordinates": [106.88484, 15.47213]}, "properties": {"source_sensor": "VIIRS (Suomi NPP)", "frp": 102.19, "confidence": "high", "brightness_ti4": 367.0, "brightness_ti5": 312.68, "acq_date": "2026-04-06", "acq_time": "0540", "satellite": "N", "daynight": "D", "scan": 0.33, "track": 0.56}}, {"type": "Feature", "geometry": {"type": "Point", "coordinates": [-96.90005, 38.25978]}, "properties": {"source_sensor": "MODIS (Aqua/Terra)", "frp": 102.02, "confidence": 96, "brightness": 350.73, "bright_t31": 296.77, "acq_date": "2026-04-06", "acq_time": "1609", "satellite": "T", "daynight": "D", "scan": 1.44, "track": 1.19}}, {"type": "Feature", "geometry": {"type": "Point", "coordinates": [100.939, 20.57358]}, "properties": {"source_sensor": "VIIRS (Suomi NPP)", "frp": 101.96, "confidence": "nominal", "brightness_ti4": 334.9, "brightness_ti5": 298.5, "acq_date": "2026-04-06", "acq_time": "0722", "satellite": "N", "daynight": "D", "scan": 0.51, "track": 0.66}}, {"type": "Feature", "geometry": {"type": "Point", "coordinates": [100.93385, 20.57312]}, "properties": {"source_sensor": "VIIRS (Suomi NPP)", "frp": 101.96, "confidence": "nominal", "brightness_ti4": 356.11, "brightness_ti5": 312.5, "acq_date": "2026-04-06", "acq_time": "0722", "satellite": "N", "daynight": "D", "scan": 0.5, "track": 0.66}}, {"type": "Feature", "geometry": {"type": "Point", "coordinates": [93.30334, 21.88875]}, "properties": {"source_sensor": "VIIRS (Suomi NPP)", "frp": 101.8, "confidence": "low", "brightness_ti4": 313.63, "brightness_ti5": 321.75, "acq_date": "2026-04-06", "acq_time": "0722", "satellite": "N", "daynight": "D", "scan": 0.53, "track": 0.42}}, {"type": "Feature", "geometry": {"type": "Point", "coordinates": [93.30242, 21.89256]}, "properties": {"source_sensor": "VIIRS (Suomi NPP)", "frp": 101.8, "confidence": "nominal", "brightness_ti4": 350.3, "brightness_ti5": 297.31, "acq_date": "2026-04-06", "acq_time": "0722", "satellite": "N", "daynight": "D", "scan": 0.53, "track": 0.42}}, {"type": "Feature", "geometry": {"type": "Point", "coordinates": [-96.58006, 38.20321]}, "properties": {"source_sensor": "MODIS (Aqua/Terra)", "frp": 101.79, "confidence": 99, "brightness": 357.43, "bright_t31": 290.15, "acq_date": "2026-04-06", "acq_time": "2104", "satellite": "A", "daynight": "D", "scan": 1.24, "track": 1.11}}, {"type": "Feature", "geometry": {"type": "Point", "coordinates": [99.04794, 23.05148]}, "properties": {"source_sensor": "MODIS (Aqua/Terra)", "frp": 101.76, "confidence": 79, "brightness": 323.98, "bright_t31": 295.37, "acq_date": "2026-04-06", "acq_time": "0752", "satellite": "A", "daynight": "D", "scan": 3.37, "track": 1.73}}, {"type": "Feature", "geometry": {"type": "Point", "coordinates": [93.33914, 26.52844]}, "properties": {"source_sensor": "MODIS (Aqua/Terra)", "frp": 101.41, "confidence": 95, "brightness": 348.1, "bright_t31": 292.65, "acq_date": "2026-04-07", "acq_time": "0830", "satellite": "A", "daynight": "D", "scan": 1.5, "track": 1.21}}, {"type": "Feature", "geometry": {"type": "Point", "coordinates": [104.97099, 18.49687]}, "properties": {"source_sensor": "VIIRS (Suomi NPP)", "frp": 101.39, "confidence": "high", "brightness_ti4": 367.0, "brightness_ti5": 295.68, "acq_date": "2026-04-07", "acq_time": "0523", "satellite": "N", "daynight": "D", "scan": 0.77, "track": 0.77}}, {"type": "Feature", "geometry": {"type": "Point", "coordinates": [53.65115, 23.84565]}, "properties": {"source_sensor": "MODIS (Aqua/Terra)", "frp": 101.31, "confidence": 78, "brightness": 309.74, "bright_t31": 286.6, "acq_date": "2026-04-06", "acq_time": "2314", "satellite": "A", "daynight": "N", "scan": 4.75, "track": 1.99}}, {"type": "Feature", "geometry": {"type": "Point", "coordinates": [151.19637, -29.96565]}, "properties": {"source_sensor": "MODIS (Aqua/Terra)", "frp": 101.3, "confidence": 71, "brightness": 328.5, "bright_t31": 297.11, "acq_date": "2026-04-07", "acq_time": "0457", "satellite": "A", "daynight": "D", "scan": 2.93, "track": 1.63}}, {"type": "Feature", "geometry": {"type": "Point", "coordinates": [96.58045, 19.8278]}, "properties": {"source_sensor": "MODIS (Aqua/Terra)", "frp": 101.29, "confidence": 99, "brightness": 358.0, "bright_t31": 302.58, "acq_date": "2026-04-07", "acq_time": "0828", "satellite": "A", "daynight": "D", "scan": 1.23, "track": 1.1}}, {"type": "Feature", "geometry": {"type": "Point", "coordinates": [48.87029, 46.09048]}, "properties": {"source_sensor": "VIIRS (Suomi NPP)", "frp": 101.23, "confidence": "nominal", "brightness_ti4": 349.86, "brightness_ti5": 309.15, "acq_date": "2026-04-07", "acq_time": "0852", "satellite": "N", "daynight": "D", "scan": 0.61, "track": 0.54}}, {"type": "Feature", "geometry": {"type": "Point", "coordinates": [101.03404, 20.09865]}, "properties": {"source_sensor": "VIIRS (Suomi NPP)", "frp": 101.21, "confidence": "high", "brightness_ti4": 367.0, "brightness_ti5": 334.46, "acq_date": "2026-04-07", "acq_time": "0703", "satellite": "N", "daynight": "D", "scan": 0.5, "track": 0.49}}, {"type": "Feature", "geometry": {"type": "Point", "coordinates": [101.03913, 20.09921]}, "properties": {"source_sensor": "VIIRS (Suomi NPP)", "frp": 101.21, "confidence": "nominal", "brightness_ti4": 333.96, "brightness_ti5": 301.05, "acq_date": "2026-04-07", "acq_time": "0703", "satellite": "N", "daynight": "D", "scan": 0.5, "track": 0.49}}, {"type": "Feature", "geometry": {"type": "Point", "coordinates": [101.03362, 20.1032]}, "properties": {"source_sensor": "VIIRS (Suomi NPP)", "frp": 101.21, "confidence": "nominal", "brightness_ti4": 356.32, "brightness_ti5": 302.43, "acq_date": "2026-04-07", "acq_time": "0703", "satellite": "N", "daynight": "D", "scan": 0.5, "track": 0.49}}, {"type": "Feature", "geometry": {"type": "Point", "coordinates": [47.64396, 45.46963]}, "properties": {"source_sensor": "VIIRS (Suomi NPP)", "frp": 101.19, "confidence": "nominal", "brightness_ti4": 347.01, "brightness_ti5": 292.08, "acq_date": "2026-04-06", "acq_time": "1051", "satellite": "N", "daynight": "D", "scan": 0.56, "track": 0.69}}, {"type": "Feature", "geometry": {"type": "Point", "coordinates": [47.64393, 45.47609]}, "properties": {"source_sensor": "VIIRS (Suomi NPP)", "frp": 101.19, "confidence": "high", "brightness_ti4": 367.0, "brightness_ti5": 297.53, "acq_date": "2026-04-06", "acq_time": "1051", "satellite": "N", "daynight": "D", "scan": 0.56, "track": 0.69}}, {"type": "Feature", "geometry": {"type": "Point", "coordinates": [48.47723, 45.75952]}, "properties": {"source_sensor": "VIIRS (Suomi NPP)", "frp": 101.18, "confidence": "high", "brightness_ti4": 367.0, "brightness_ti5": 355.14, "acq_date": "2026-04-06", "acq_time": "0911", "satellite": "N", "daynight": "D", "scan": 0.4, "track": 0.44}}, {"type": "Feature", "geometry": {"type": "Point", "coordinates": [48.48224, 45.76067]}, "properties": {"source_sensor": "VIIRS (Suomi NPP)", "frp": 101.18, "confidence": "nominal", "brightness_ti4": 340.37, "brightness_ti5": 290.83, "acq_date": "2026-04-06", "acq_time": "0911", "satellite": "N", "daynight": "D", "scan": 0.4, "track": 0.44}}, {"type": "Feature", "geometry": {"type": "Point", "coordinates": [48.48042, 45.76462]}, "properties": {"source_sensor": "VIIRS (Suomi NPP)", "frp": 101.18, "confidence": "nominal", "brightness_ti4": 340.09, "brightness_ti5": 292.59, "acq_date": "2026-04-06", "acq_time": "0911", "satellite": "N", "daynight": "D", "scan": 0.4, "track": 0.44}}, {"type": "Feature", "geometry": {"type": "Point", "coordinates": [48.47541, 45.76347]}, "properties": {"source_sensor": "VIIRS (Suomi NPP)", "frp": 101.18, "confidence": "nominal", "brightness_ti4": 339.45, "brightness_ti5": 309.63, "acq_date": "2026-04-06", "acq_time": "0911", "satellite": "N", "daynight": "D", "scan": 0.4, "track": 0.44}}, {"type": "Feature", "geometry": {"type": "Point", "coordinates": [100.92433, 20.58805]}, "properties": {"source_sensor": "MODIS (Aqua/Terra)", "frp": 101.03, "confidence": 83, "brightness": 330.19, "bright_t31": 298.47, "acq_date": "2026-04-06", "acq_time": "0750", "satellite": "A", "daynight": "D", "scan": 2.78, "track": 1.59}}, {"type": "Feature", "geometry": {"type": "Point", "coordinates": [97.11672, 23.35674]}, "properties": {"source_sensor": "MODIS (Aqua/Terra)", "frp": 100.99, "confidence": 67, "brightness": 315.41, "bright_t31": 290.26, "acq_date": "2026-04-06", "acq_time": "0752", "satellite": "A", "daynight": "D", "scan": 4.61, "track": 1.97}}, {"type": "Feature", "geometry": {"type": "Point", "coordinates": [101.85481, 19.78108]}, "properties": {"source_sensor": "VIIRS (Suomi NPP)", "frp": 100.98, "confidence": "nominal", "brightness_ti4": 343.36, "brightness_ti5": 303.44, "acq_date": "2026-04-07", "acq_time": "0701", "satellite": "N", "daynight": "D", "scan": 0.56, "track": 0.51}}, {"type": "Feature", "geometry": {"type": "Point", "coordinates": [94.35723, 24.42472]}, "properties": {"source_sensor": "VIIRS (Suomi NPP)", "frp": 100.97, "confidence": "high", "brightness_ti4": 367.0, "brightness_ti5": 342.83, "acq_date": "2026-04-06", "acq_time": "0724", "satellite": "N", "daynight": "D", "scan": 0.43, "track": 0.46}}, {"type": "Feature", "geometry": {"type": "Point", "coordinates": [94.36172, 24.42523]}, "properties": {"source_sensor": "VIIRS (Suomi NPP)", "frp": 100.97, "confidence": "nominal", "brightness_ti4": 355.28, "brightness_ti5": 308.75, "acq_date": "2026-04-06", "acq_time": "0724", "satellite": "N", "daynight": "D", "scan": 0.43, "track": 0.46}}, {"type": "Feature", "geometry": {"type": "Point", "coordinates": [94.36113, 24.42947]}, "properties": {"source_sensor": "VIIRS (Suomi NPP)", "frp": 100.97, "confidence": "nominal", "brightness_ti4": 346.15, "brightness_ti5": 312.33, "acq_date": "2026-04-06", "acq_time": "0724", "satellite": "N", "daynight": "D", "scan": 0.43, "track": 0.46}}, {"type": "Feature", "geometry": {"type": "Point", "coordinates": [102.64783, 19.40229]}, "properties": {"source_sensor": "VIIRS (Suomi NPP)", "frp": 100.89, "confidence": "high", "brightness_ti4": 367.0, "brightness_ti5": 300.16, "acq_date": "2026-04-06", "acq_time": "0542", "satellite": "N", "daynight": "D", "scan": 0.52, "track": 0.67}}, {"type": "Feature", "geometry": {"type": "Point", "coordinates": [102.64404, 19.40142]}, "properties": {"source_sensor": "VIIRS (Suomi NPP)", "frp": 100.89, "confidence": "low", "brightness_ti4": 208.0, "brightness_ti5": 296.67, "acq_date": "2026-04-06", "acq_time": "0542", "satellite": "N", "daynight": "D", "scan": 0.52, "track": 0.67}}, {"type": "Feature", "geometry": {"type": "Point", "coordinates": [135.19366, -20.25926]}, "properties": {"source_sensor": "VIIRS (Suomi NPP)", "frp": 100.87, "confidence": "high", "brightness_ti4": 367.0, "brightness_ti5": 337.19, "acq_date": "2026-04-07", "acq_time": "0510", "satellite": "N", "daynight": "D", "scan": 0.45, "track": 0.47}}, {"type": "Feature", "geometry": {"type": "Point", "coordinates": [135.18929, -20.26009]}, "properties": {"source_sensor": "VIIRS (Suomi NPP)", "frp": 100.87, "confidence": "low", "brightness_ti4": 367.0, "brightness_ti5": 325.46, "acq_date": "2026-04-07", "acq_time": "0510", "satellite": "N", "daynight": "D", "scan": 0.45, "track": 0.47}}, {"type": "Feature", "geometry": {"type": "Point", "coordinates": [135.19273, -20.25494]}, "properties": {"source_sensor": "VIIRS (Suomi NPP)", "frp": 100.87, "confidence": "nominal", "brightness_ti4": 339.25, "brightness_ti5": 305.05, "acq_date": "2026-04-07", "acq_time": "0510", "satellite": "N", "daynight": "D", "scan": 0.45, "track": 0.47}}, {"type": "Feature", "geometry": {"type": "Point", "coordinates": [101.80319, 20.64357]}, "properties": {"source_sensor": "VIIRS (Suomi NPP)", "frp": 100.84, "confidence": "high", "brightness_ti4": 367.0, "brightness_ti5": 308.68, "acq_date": "2026-04-06", "acq_time": "0542", "satellite": "N", "daynight": "D", "scan": 0.56, "track": 0.68}}, {"type": "Feature", "geometry": {"type": "Point", "coordinates": [101.79794, 20.64234]}, "properties": {"source_sensor": "VIIRS (Suomi NPP)", "frp": 100.84, "confidence": "low", "brightness_ti4": 289.96, "brightness_ti5": 301.76, "acq_date": "2026-04-06", "acq_time": "0542", "satellite": "N", "daynight": "D", "scan": 0.56, "track": 0.68}}, {"type": "Feature", "geometry": {"type": "Point", "coordinates": [-6.19211, 43.25137]}, "properties": {"source_sensor": "MODIS (Aqua/Terra)", "frp": 100.75, "confidence": 84, "brightness": 328.05, "bright_t31": 295.88, "acq_date": "2026-04-06", "acq_time": "1429", "satellite": "A", "daynight": "D", "scan": 2.66, "track": 1.57}}, {"type": "Feature", "geometry": {"type": "Point", "coordinates": [-8.5953, 7.28762]}, "properties": {"source_sensor": "VIIRS (Suomi NPP)", "frp": 100.73, "confidence": "nominal", "brightness_ti4": 332.01, "brightness_ti5": 299.91, "acq_date": "2026-04-06", "acq_time": "1403", "satellite": "N", "daynight": "D", "scan": 0.39, "track": 0.36}}, {"type": "Feature", "geometry": {"type": "Point", "coordinates": [48.11387, 31.27221]}, "properties": {"source_sensor": "VIIRS (Suomi NPP)", "frp": 100.51, "confidence": "nominal", "brightness_ti4": 347.35, "brightness_ti5": 311.29, "acq_date": "2026-04-07", "acq_time": "1030", "satellite": "N", "daynight": "D", "scan": 0.5, "track": 0.49}}, {"type": "Feature", "geometry": {"type": "Point", "coordinates": [-96.1128, 37.20475]}, "properties": {"source_sensor": "MODIS (Aqua/Terra)", "frp": 100.51, "confidence": 100, "brightness": 353.91, "bright_t31": 285.25, "acq_date": "2026-04-07", "acq_time": "0310", "satellite": "T", "daynight": "N", "scan": 1.23, "track": 1.1}}, {"type": "Feature", "geometry": {"type": "Point", "coordinates": [68.30271, 51.35591]}, "properties": {"source_sensor": "MODIS (Aqua/Terra)", "frp": 100.48, "confidence": 96, "brightness": 348.99, "bright_t31": 295.65, "acq_date": "2026-04-06", "acq_time": "0937", "satellite": "A", "daynight": "D", "scan": 1.45, "track": 1.19}}, {"type": "Feature", "geometry": {"type": "Point", "coordinates": [37.12579, 50.34467]}, "properties": {"source_sensor": "MODIS (Aqua/Terra)", "frp": 100.48, "confidence": 81, "brightness": 321.8, "bright_t31": 290.53, "acq_date": "2026-04-06", "acq_time": "1117", "satellite": "A", "daynight": "D", "scan": 3.16, "track": 1.68}}, {"type": "Feature", "geometry": {"type": "Point", "coordinates": [104.20375, 19.79144]}, "properties": {"source_sensor": "VIIRS (Suomi NPP)", "frp": 100.42, "confidence": "high", "brightness_ti4": 367.0, "brightness_ti5": 297.12, "acq_date": "2026-04-06", "acq_time": "0542", "satellite": "N", "daynight": "D", "scan": 0.41, "track": 0.61}}, {"type": "Feature", "geometry": {"type": "Point", "coordinates": [-96.97173, 28.39807]}, "properties": {"source_sensor": "MODIS (Aqua/Terra)", "frp": 100.39, "confidence": 86, "brightness": 331.28, "bright_t31": 292.2, "acq_date": "2026-04-06", "acq_time": "1611", "satellite": "T", "daynight": "D", "scan": 2.35, "track": 1.48}}, {"type": "Feature", "geometry": {"type": "Point", "coordinates": [97.90366, 23.72688]}, "properties": {"source_sensor": "MODIS (Aqua/Terra)", "frp": 100.31, "confidence": 73, "brightness": 320.32, "bright_t31": 295.36, "acq_date": "2026-04-06", "acq_time": "0752", "satellite": "A", "daynight": "D", "scan": 3.95, "track": 1.85}}, {"type": "Feature", "geometry": {"type": "Point", "coordinates": [-55.82708, -26.31653]}, "properties": {"source_sensor": "MODIS (Aqua/Terra)", "frp": 100.31, "confidence": 73, "brightness": 316.27, "bright_t31": 291.14, "acq_date": "2026-04-06", "acq_time": "1308", "satellite": "T", "daynight": "D", "scan": 4.57, "track": 1.96}}, {"type": "Feature", "geometry": {"type": "Point", "coordinates": [101.77164, 16.36148]}, "properties": {"source_sensor": "MODIS (Aqua/Terra)", "frp": 100.27, "confidence": 98, "brightness": 357.48, "bright_t31": 309.18, "acq_date": "2026-04-07", "acq_time": "0206", "satellite": "T", "daynight": "D", "scan": 1.25, "track": 1.11}}, {"type": "Feature", "geometry": {"type": "Point", "coordinates": [48.87722, 46.1406]}, "properties": {"source_sensor": "VIIRS (Suomi NPP)", "frp": 100.15, "confidence": "nominal", "brightness_ti4": 335.77, "brightness_ti5": 289.66, "acq_date": "2026-04-07", "acq_time": "0852", "satellite": "N", "daynight": "D", "scan": 0.61, "track": 0.53}}, {"type": "Feature", "geometry": {"type": "Point", "coordinates": [101.84194, 18.19293]}, "properties": {"source_sensor": "VIIRS (Suomi NPP)", "frp": 99.93, "confidence": "high", "brightness_ti4": 367.0, "brightness_ti5": 301.04, "acq_date": "2026-04-06", "acq_time": "0722", "satellite": "N", "daynight": "D", "scan": 0.54, "track": 0.68}}, {"type": "Feature", "geometry": {"type": "Point", "coordinates": [101.837, 18.19247]}, "properties": {"source_sensor": "VIIRS (Suomi NPP)", "frp": 99.93, "confidence": "nominal", "brightness_ti4": 350.68, "brightness_ti5": 306.9, "acq_date": "2026-04-06", "acq_time": "0722", "satellite": "N", "daynight": "D", "scan": 0.54, "track": 0.68}}, {"type": "Feature", "geometry": {"type": "Point", "coordinates": [101.84157, 18.1993]}, "properties": {"source_sensor": "VIIRS (Suomi NPP)", "frp": 99.93, "confidence": "high", "brightness_ti4": 367.0, "brightness_ti5": 304.41, "acq_date": "2026-04-06", "acq_time": "0722", "satellite": "N", "daynight": "D", "scan": 0.54, "track": 0.68}}, {"type": "Feature", "geometry": {"type": "Point", "coordinates": [101.83701, 18.19888]}, "properties": {"source_sensor": "VIIRS (Suomi NPP)", "frp": 99.93, "confidence": "low", "brightness_ti4": 310.85, "brightness_ti5": 317.79, "acq_date": "2026-04-06", "acq_time": "0722", "satellite": "N", "daynight": "D", "scan": 0.54, "track": 0.68}}, {"type": "Feature", "geometry": {"type": "Point", "coordinates": [105.76159, 16.59435]}, "properties": {"source_sensor": "VIIRS (Suomi NPP)", "frp": 99.81, "confidence": "high", "brightness_ti4": 367.0, "brightness_ti5": 304.16, "acq_date": "2026-04-07", "acq_time": "0701", "satellite": "N", "daynight": "D", "scan": 0.46, "track": 0.63}}, {"type": "Feature", "geometry": {"type": "Point", "coordinates": [50.00006, 26.79667]}, "properties": {"source_sensor": "MODIS (Aqua/Terra)", "frp": 99.8, "confidence": 99, "brightness": 319.9, "bright_t31": 286.97, "acq_date": "2026-04-07", "acq_time": "0052", "satellite": "A", "daynight": "N", "scan": 3.09, "track": 1.67}}, {"type": "Feature", "geometry": {"type": "Point", "coordinates": [-117.58694, 33.99792]}, "properties": {"source_sensor": "MODIS (Aqua/Terra)", "frp": 99.8, "confidence": 78, "brightness": 309.56, "bright_t31": 284.12, "acq_date": "2026-04-07", "acq_time": "1219", "satellite": "A", "daynight": "N", "scan": 4.28, "track": 1.91}}, {"type": "Feature", "geometry": {"type": "Point", "coordinates": [106.45377, 16.52915]}, "properties": {"source_sensor": "MODIS (Aqua/Terra)", "frp": 99.76, "confidence": 98, "brightness": 356.78, "bright_t31": 307.23, "acq_date": "2026-04-06", "acq_time": "0748", "satellite": "A", "daynight": "D", "scan": 1.31, "track": 1.14}}, {"type": "Feature", "geometry": {"type": "Point", "coordinates": [-12.80016, 9.2169]}, "properties": {"source_sensor": "MODIS (Aqua/Terra)", "frp": 99.74, "confidence": 100, "brightness": 366.79, "bright_t31": 308.88, "acq_date": "2026-04-06", "acq_time": "1558", "satellite": "A", "daynight": "D", "scan": 1.04, "track": 1.02}}, {"type": "Feature", "geometry": {"type": "Point", "coordinates": [103.21376, 18.83143]}, "properties": {"source_sensor": "VIIRS (Suomi NPP)", "frp": 99.71, "confidence": "high", "brightness_ti4": 367.0, "brightness_ti5": 295.57, "acq_date": "2026-04-07", "acq_time": "0701", "satellite": "N", "daynight": "D", "scan": 0.33, "track": 0.56}}, {"type": "Feature", "geometry": {"type": "Point", "coordinates": [96.89632, 18.39819]}, "properties": {"source_sensor": "VIIRS (Suomi NPP)", "frp": 99.69, "confidence": "nominal", "brightness_ti4": 330.88, "brightness_ti5": 287.18, "acq_date": "2026-04-07", "acq_time": "0701", "satellite": "N", "daynight": "D", "scan": 0.43, "track": 0.38}}, {"type": "Feature", "geometry": {"type": "Point", "coordinates": [-96.5946, 37.30947]}, "properties": {"source_sensor": "MODIS (Aqua/Terra)", "frp": 99.6, "confidence": 94, "brightness": 346.45, "bright_t31": 297.38, "acq_date": "2026-04-06", "acq_time": "1609", "satellite": "T", "daynight": "D", "scan": 1.57, "track": 1.23}}, {"type": "Feature", "geometry": {"type": "Point", "coordinates": [49.60222, 46.44376]}, "properties": {"source_sensor": "VIIRS (Suomi NPP)", "frp": 99.54, "confidence": "nominal", "brightness_ti4": 342.44, "brightness_ti5": 302.36, "acq_date": "2026-04-06", "acq_time": "0911", "satellite": "N", "daynight": "D", "scan": 0.53, "track": 0.42}}, {"type": "Feature", "geometry": {"type": "Point", "coordinates": [49.60723, 46.44889]}, "properties": {"source_sensor": "VIIRS (Suomi NPP)", "frp": 99.54, "confidence": "nominal", "brightness_ti4": 345.87, "brightness_ti5": 315.18, "acq_date": "2026-04-06", "acq_time": "0911", "satellite": "N", "daynight": "D", "scan": 0.53, "track": 0.42}}, {"type": "Feature", "geometry": {"type": "Point", "coordinates": [74.86053, 45.32455]}, "properties": {"source_sensor": "MODIS (Aqua/Terra)", "frp": 99.43, "confidence": 82, "brightness": 324.35, "bright_t31": 291.66, "acq_date": "2026-04-07", "acq_time": "0514", "satellite": "T", "daynight": "D", "scan": 3.05, "track": 1.66}}, {"type": "Feature", "geometry": {"type": "Point", "coordinates": [97.60456, 18.04893]}, "properties": {"source_sensor": "VIIRS (Suomi NPP)", "frp": 99.41, "confidence": "nominal", "brightness_ti4": 346.64, "brightness_ti5": 305.39, "acq_date": "2026-04-06", "acq_time": "0722", "satellite": "N", "daynight": "D", "scan": 0.57, "track": 0.52}}, {"type": "Feature", "geometry": {"type": "Point", "coordinates": [96.80976, 23.28429]}, "properties": {"source_sensor": "MODIS (Aqua/Terra)", "frp": 99.33, "confidence": 87, "brightness": 362.81, "bright_t31": 296.38, "acq_date": "2026-04-07", "acq_time": "0828", "satellite": "A", "daynight": "D", "scan": 1.09, "track": 1.04}}, {"type": "Feature", "geometry": {"type": "Point", "coordinates": [96.41221, 20.17119]}, "properties": {"source_sensor": "MODIS (Aqua/Terra)", "frp": 99.3, "confidence": 98, "brightness": 357.2, "bright_t31": 297.56, "acq_date": "2026-04-07", "acq_time": "0828", "satellite": "A", "daynight": "D", "scan": 1.24, "track": 1.11}}, {"type": "Feature", "geometry": {"type": "Point", "coordinates": [101.63126, 20.41183]}, "properties": {"source_sensor": "MODIS (Aqua/Terra)", "frp": 99.22, "confidence": 86, "brightness": 334.85, "bright_t31": 297.42, "acq_date": "2026-04-06", "acq_time": "0750", "satellite": "A", "daynight": "D", "scan": 2.48, "track": 1.52}}, {"type": "Feature", "geometry": {"type": "Point", "coordinates": [98.35964, 16.95813]}, "properties": {"source_sensor": "VIIRS (Suomi NPP)", "frp": 99.17, "confidence": "nominal", "brightness_ti4": 343.78, "brightness_ti5": 306.99, "acq_date": "2026-04-06", "acq_time": "0722", "satellite": "N", "daynight": "D", "scan": 0.62, "track": 0.54}}, {"type": "Feature", "geometry": {"type": "Point", "coordinates": [74.90713, 45.3168]}, "properties": {"source_sensor": "MODIS (Aqua/Terra)", "frp": 99.17, "confidence": 92, "brightness": 342.55, "bright_t31": 295.77, "acq_date": "2026-04-07", "acq_time": "1013", "satellite": "A", "daynight": "D", "scan": 1.79, "track": 1.31}}, {"type": "Feature", "geometry": {"type": "Point", "coordinates": [-10.08422, 12.25276]}, "properties": {"source_sensor": "MODIS (Aqua/Terra)", "frp": 99.12, "confidence": 100, "brightness": 365.59, "bright_t31": 321.97, "acq_date": "2026-04-06", "acq_time": "1601", "satellite": "A", "daynight": "D", "scan": 1.15, "track": 1.07}}, {"type": "Feature", "geometry": {"type": "Point", "coordinates": [105.15958, 13.19312]}, "properties": {"source_sensor": "VIIRS (Suomi NPP)", "frp": 99.08, "confidence": "nominal", "brightness_ti4": 349.67, "brightness_ti5": 301.26, "acq_date": "2026-04-06", "acq_time": "0540", "satellite": "N", "daynight": "D", "scan": 0.48, "track": 0.64}}, {"type": "Feature", "geometry": {"type": "Point", "coordinates": [105.15845, 13.19906]}, "properties": {"source_sensor": "VIIRS (Suomi NPP)", "frp": 99.08, "confidence": "high", "brightness_ti4": 367.0, "brightness_ti5": 305.04, "acq_date": "2026-04-06", "acq_time": "0540", "satellite": "N", "daynight": "D", "scan": 0.48, "track": 0.64}}, {"type": "Feature", "geometry": {"type": "Point", "coordinates": [77.06267, 53.78331]}, "properties": {"source_sensor": "MODIS (Aqua/Terra)", "frp": 98.96, "confidence": 67, "brightness": 323.36, "bright_t31": 275.23, "acq_date": "2026-04-07", "acq_time": "1015", "satellite": "A", "daynight": "D", "scan": 2.9, "track": 1.62}}, {"type": "Feature", "geometry": {"type": "Point", "coordinates": [94.25237, 19.44417]}, "properties": {"source_sensor": "VIIRS (Suomi NPP)", "frp": 98.91, "confidence": "nominal", "brightness_ti4": 339.26, "brightness_ti5": 303.05, "acq_date": "2026-04-06", "acq_time": "0722", "satellite": "N", "daynight": "D", "scan": 0.55, "track": 0.43}}, {"type": "Feature", "geometry": {"type": "Point", "coordinates": [-13.803, 13.07891]}, "properties": {"source_sensor": "MODIS (Aqua/Terra)", "frp": 98.85, "confidence": 100, "brightness": 369.22, "bright_t31": 321.24, "acq_date": "2026-04-06", "acq_time": "1601", "satellite": "A", "daynight": "D", "scan": 1.04, "track": 1.02}}, {"type": "Feature", "geometry": {"type": "Point", "coordinates": [98.6723, 23.12696]}, "properties": {"source_sensor": "VIIRS (Suomi NPP)", "frp": 98.82, "confidence": "high", "brightness_ti4": 367.0, "brightness_ti5": 293.0, "acq_date": "2026-04-06", "acq_time": "0542", "satellite": "N", "daynight": "D", "scan": 0.76, "track": 0.77}}, {"type": "Feature", "geometry": {"type": "Point", "coordinates": [98.66454, 23.12493]}, "properties": {"source_sensor": "VIIRS (Suomi NPP)", "frp": 98.82, "confidence": "nominal", "brightness_ti4": 336.02, "brightness_ti5": 300.08, "acq_date": "2026-04-06", "acq_time": "0542", "satellite": "N", "daynight": "D", "scan": 0.76, "track": 0.77}}, {"type": "Feature", "geometry": {"type": "Point", "coordinates": [98.63165, 23.37478]}, "properties": {"source_sensor": "VIIRS (Suomi NPP)", "frp": 98.71, "confidence": "nominal", "brightness_ti4": 335.82, "brightness_ti5": 288.95, "acq_date": "2026-04-06", "acq_time": "0542", "satellite": "N", "daynight": "D", "scan": 0.75, "track": 0.77}}, {"type": "Feature", "geometry": {"type": "Point", "coordinates": [98.64062, 23.37717]}, "properties": {"source_sensor": "VIIRS (Suomi NPP)", "frp": 98.71, "confidence": "low", "brightness_ti4": 357.12, "brightness_ti5": 288.88, "acq_date": "2026-04-06", "acq_time": "0542", "satellite": "N", "daynight": "D", "scan": 0.75, "track": 0.77}}, {"type": "Feature", "geometry": {"type": "Point", "coordinates": [135.14246, -20.25374]}, "properties": {"source_sensor": "MODIS (Aqua/Terra)", "frp": 98.7, "confidence": 100, "brightness": 363.27, "bright_t31": 309.77, "acq_date": "2026-04-07", "acq_time": "0640", "satellite": "A", "daynight": "D", "scan": 1.11, "track": 1.05}}, {"type": "Feature", "geometry": {"type": "Point", "coordinates": [95.79704, 19.27591]}, "properties": {"source_sensor": "VIIRS (Suomi NPP)", "frp": 98.69, "confidence": "low", "brightness_ti4": 340.04, "brightness_ti5": 312.47, "acq_date": "2026-04-06", "acq_time": "0722", "satellite": "N", "daynight": "D", "scan": 0.45, "track": 0.47}}, {"type": "Feature", "geometry": {"type": "Point", "coordinates": [95.79279, 19.2754]}, "properties": {"source_sensor": "VIIRS (Suomi NPP)", "frp": 98.69, "confidence": "nominal", "brightness_ti4": 337.41, "brightness_ti5": 301.59, "acq_date": "2026-04-06", "acq_time": "0722", "satellite": "N", "daynight": "D", "scan": 0.45, "track": 0.47}}, {"type": "Feature", "geometry": {"type": "Point", "coordinates": [95.79218, 19.27974]}, "properties": {"source_sensor": "VIIRS (Suomi NPP)", "frp": 98.69, "confidence": "nominal", "brightness_ti4": 337.15, "brightness_ti5": 304.89, "acq_date": "2026-04-06", "acq_time": "0722", "satellite": "N", "daynight": "D", "scan": 0.45, "track": 0.47}}, {"type": "Feature", "geometry": {"type": "Point", "coordinates": [92.89857, 21.24754]}, "properties": {"source_sensor": "VIIRS (Suomi NPP)", "frp": 98.68, "confidence": "high", "brightness_ti4": 367.0, "brightness_ti5": 337.94, "acq_date": "2026-04-06", "acq_time": "0722", "satellite": "N", "daynight": "D", "scan": 0.49, "track": 0.4}}, {"type": "Feature", "geometry": {"type": "Point", "coordinates": [92.89393, 21.24694]}, "properties": {"source_sensor": "VIIRS (Suomi NPP)", "frp": 98.68, "confidence": "nominal", "brightness_ti4": 343.08, "brightness_ti5": 309.76, "acq_date": "2026-04-06", "acq_time": "0722", "satellite": "N", "daynight": "D", "scan": 0.49, "track": 0.4}}, {"type": "Feature", "geometry": {"type": "Point", "coordinates": [92.89796, 21.25127]}, "properties": {"source_sensor": "VIIRS (Suomi NPP)", "frp": 98.68, "confidence": "nominal", "brightness_ti4": 346.31, "brightness_ti5": 300.46, "acq_date": "2026-04-06", "acq_time": "0722", "satellite": "N", "daynight": "D", "scan": 0.49, "track": 0.4}}, {"type": "Feature", "geometry": {"type": "Point", "coordinates": [92.89335, 21.25067]}, "properties": {"source_sensor": "VIIRS (Suomi NPP)", "frp": 98.68, "confidence": "nominal", "brightness_ti4": 345.02, "brightness_ti5": 303.29, "acq_date": "2026-04-06", "acq_time": "0722", "satellite": "N", "daynight": "D", "scan": 0.49, "track": 0.4}}, {"type": "Feature", "geometry": {"type": "Point", "coordinates": [106.80273, 15.72001]}, "properties": {"source_sensor": "VIIRS (Suomi NPP)", "frp": 98.68, "confidence": "nominal", "brightness_ti4": 337.83, "brightness_ti5": 309.39, "acq_date": "2026-04-07", "acq_time": "0701", "satellite": "N", "daynight": "D", "scan": 0.52, "track": 0.67}}, {"type": "Feature", "geometry": {"type": "Point", "coordinates": [106.79736, 15.71945]}, "properties": {"source_sensor": "VIIRS (Suomi NPP)", "frp": 98.68, "confidence": "nominal", "brightness_ti4": 337.25, "brightness_ti5": 297.85, "acq_date": "2026-04-07", "acq_time": "0701", "satellite": "N", "daynight": "D", "scan": 0.52, "track": 0.67}}, {"type": "Feature", "geometry": {"type": "Point", "coordinates": [-155.28262, 19.40608]}, "properties": {"source_sensor": "VIIRS (Suomi NPP)", "frp": 98.64, "confidence": "nominal", "brightness_ti4": 326.28, "brightness_ti5": 291.41, "acq_date": "2026-04-06", "acq_time": "1125", "satellite": "N", "daynight": "N", "scan": 0.41, "track": 0.6}}, {"type": "Feature", "geometry": {"type": "Point", "coordinates": [-155.28705, 19.40087]}, "properties": {"source_sensor": "VIIRS (Suomi NPP)", "frp": 98.64, "confidence": "nominal", "brightness_ti4": 328.16, "brightness_ti5": 288.73, "acq_date": "2026-04-06", "acq_time": "1125", "satellite": "N", "daynight": "N", "scan": 0.41, "track": 0.6}}, {"type": "Feature", "geometry": {"type": "Point", "coordinates": [-155.28319, 19.40048]}, "properties": {"source_sensor": "VIIRS (Suomi NPP)", "frp": 98.64, "confidence": "nominal", "brightness_ti4": 304.84, "brightness_ti5": 284.06, "acq_date": "2026-04-06", "acq_time": "1125", "satellite": "N", "daynight": "N", "scan": 0.41, "track": 0.6}}, {"type": "Feature", "geometry": {"type": "Point", "coordinates": [48.24519, 45.71483]}, "properties": {"source_sensor": "VIIRS (Suomi NPP)", "frp": 98.6, "confidence": "high", "brightness_ti4": 367.0, "brightness_ti5": 357.3, "acq_date": "2026-04-06", "acq_time": "0911", "satellite": "N", "daynight": "D", "scan": 0.41, "track": 0.45}}, {"type": "Feature", "geometry": {"type": "Point", "coordinates": [48.24004, 45.71363]}, "properties": {"source_sensor": "VIIRS (Suomi NPP)", "frp": 98.6, "confidence": "nominal", "brightness_ti4": 328.26, "brightness_ti5": 290.87, "acq_date": "2026-04-06", "acq_time": "0911", "satellite": "N", "daynight": "D", "scan": 0.41, "track": 0.45}}, {"type": "Feature", "geometry": {"type": "Point", "coordinates": [48.23819, 45.71763]}, "properties": {"source_sensor": "VIIRS (Suomi NPP)", "frp": 98.6, "confidence": "nominal", "brightness_ti4": 338.01, "brightness_ti5": 292.52, "acq_date": "2026-04-06", "acq_time": "0911", "satellite": "N", "daynight": "D", "scan": 0.41, "track": 0.45}}, {"type": "Feature", "geometry": {"type": "Point", "coordinates": [48.24333, 45.71882]}, "properties": {"source_sensor": "VIIRS (Suomi NPP)", "frp": 98.6, "confidence": "low", "brightness_ti4": 367.0, "brightness_ti5": 325.95, "acq_date": "2026-04-06", "acq_time": "0911", "satellite": "N", "daynight": "D", "scan": 0.41, "track": 0.45}}, {"type": "Feature", "geometry": {"type": "Point", "coordinates": [107.06747, 13.92837]}, "properties": {"source_sensor": "VIIRS (Suomi NPP)", "frp": 98.55, "confidence": "nominal", "brightness_ti4": 330.79, "brightness_ti5": 298.16, "acq_date": "2026-04-07", "acq_time": "0701", "satellite": "N", "daynight": "D", "scan": 0.52, "track": 0.67}}, {"type": "Feature", "geometry": {"type": "Point", "coordinates": [107.07126, 13.93509]}, "properties": {"source_sensor": "VIIRS (Suomi NPP)", "frp": 98.55, "confidence": "high", "brightness_ti4": 367.0, "brightness_ti5": 303.02, "acq_date": "2026-04-07", "acq_time": "0701", "satellite": "N", "daynight": "D", "scan": 0.52, "track": 0.67}}, {"type": "Feature", "geometry": {"type": "Point", "coordinates": [107.06656, 13.93458]}, "properties": {"source_sensor": "VIIRS (Suomi NPP)", "frp": 98.55, "confidence": "low", "brightness_ti4": 208.0, "brightness_ti5": 308.6, "acq_date": "2026-04-07", "acq_time": "0701", "satellite": "N", "daynight": "D", "scan": 0.52, "track": 0.67}}, {"type": "Feature", "geometry": {"type": "Point", "coordinates": [96.71422, 19.45094]}, "properties": {"source_sensor": "VIIRS (Suomi NPP)", "frp": 98.55, "confidence": "nominal", "brightness_ti4": 343.8, "brightness_ti5": 301.62, "acq_date": "2026-04-07", "acq_time": "0703", "satellite": "N", "daynight": "D", "scan": 0.43, "track": 0.38}}, {"type": "Feature", "geometry": {"type": "Point", "coordinates": [-155.29364, 19.4072]}, "properties": {"source_sensor": "VIIRS (Suomi NPP)", "frp": 98.34, "confidence": "nominal", "brightness_ti4": 321.99, "brightness_ti5": 285.14, "acq_date": "2026-04-06", "acq_time": "1125", "satellite": "N", "daynight": "N", "scan": 0.41, "track": 0.6}}, {"type": "Feature", "geometry": {"type": "Point", "coordinates": [-155.29007, 19.40684]}, "properties": {"source_sensor": "VIIRS (Suomi NPP)", "frp": 98.34, "confidence": "high", "brightness_ti4": 367.0, "brightness_ti5": 336.39, "acq_date": "2026-04-06", "acq_time": "1125", "satellite": "N", "daynight": "N", "scan": 0.41, "track": 0.6}}, {"type": "Feature", "geometry": {"type": "Point", "coordinates": [-155.29448, 19.40162]}, "properties": {"source_sensor": "VIIRS (Suomi NPP)", "frp": 98.34, "confidence": "nominal", "brightness_ti4": 322.7, "brightness_ti5": 287.25, "acq_date": "2026-04-06", "acq_time": "1125", "satellite": "N", "daynight": "N", "scan": 0.41, "track": 0.6}}, {"type": "Feature", "geometry": {"type": "Point", "coordinates": [-155.29077, 19.40125]}, "properties": {"source_sensor": "VIIRS (Suomi NPP)", "frp": 98.34, "confidence": "high", "brightness_ti4": 367.0, "brightness_ti5": 294.29, "acq_date": "2026-04-06", "acq_time": "1125", "satellite": "N", "daynight": "N", "scan": 0.41, "track": 0.6}}, {"type": "Feature", "geometry": {"type": "Point", "coordinates": [97.36823, 18.17346]}, "properties": {"source_sensor": "VIIRS (Suomi NPP)", "frp": 98.28, "confidence": "nominal", "brightness_ti4": 352.38, "brightness_ti5": 302.07, "acq_date": "2026-04-07", "acq_time": "0701", "satellite": "N", "daynight": "D", "scan": 0.45, "track": 0.39}}, {"type": "Feature", "geometry": {"type": "Point", "coordinates": [48.8623, 46.12054]}, "properties": {"source_sensor": "VIIRS (Suomi NPP)", "frp": 98.27, "confidence": "high", "brightness_ti4": 367.0, "brightness_ti5": 302.79, "acq_date": "2026-04-07", "acq_time": "0852", "satellite": "N", "daynight": "D", "scan": 0.61, "track": 0.53}}, {"type": "Feature", "geometry": {"type": "Point", "coordinates": [48.85471, 46.11851]}, "properties": {"source_sensor": "VIIRS (Suomi NPP)", "frp": 98.27, "confidence": "nominal", "brightness_ti4": 349.88, "brightness_ti5": 304.7, "acq_date": "2026-04-07", "acq_time": "0852", "satellite": "N", "daynight": "D", "scan": 0.61, "track": 0.54}}, {"type": "Feature", "geometry": {"type": "Point", "coordinates": [48.8597, 46.12521]}, "properties": {"source_sensor": "VIIRS (Suomi NPP)", "frp": 98.27, "confidence": "nominal", "brightness_ti4": 338.75, "brightness_ti5": 308.26, "acq_date": "2026-04-07", "acq_time": "0852", "satellite": "N", "daynight": "D", "scan": 0.61, "track": 0.53}}, {"type": "Feature", "geometry": {"type": "Point", "coordinates": [102.2368, 20.60579]}, "properties": {"source_sensor": "VIIRS (Suomi NPP)", "frp": 98.24, "confidence": "nominal", "brightness_ti4": 347.06, "brightness_ti5": 297.04, "acq_date": "2026-04-06", "acq_time": "0722", "satellite": "N", "daynight": "D", "scan": 0.61, "track": 0.71}}, {"type": "Feature", "geometry": {"type": "Point", "coordinates": [102.23688, 20.72312]}, "properties": {"source_sensor": "VIIRS (Suomi NPP)", "frp": 98.19, "confidence": "nominal", "brightness_ti4": 333.78, "brightness_ti5": 299.26, "acq_date": "2026-04-06", "acq_time": "0722", "satellite": "N", "daynight": "D", "scan": 0.61, "track": 0.71}}, {"type": "Feature", "geometry": {"type": "Point", "coordinates": [102.2377, 20.7299]}, "properties": {"source_sensor": "VIIRS (Suomi NPP)", "frp": 98.19, "confidence": "high", "brightness_ti4": 367.0, "brightness_ti5": 323.12, "acq_date": "2026-04-06", "acq_time": "0722", "satellite": "N", "daynight": "D", "scan": 0.61, "track": 0.71}}, {"type": "Feature", "geometry": {"type": "Point", "coordinates": [102.23212, 20.72946]}, "properties": {"source_sensor": "VIIRS (Suomi NPP)", "frp": 98.19, "confidence": "low", "brightness_ti4": 257.84, "brightness_ti5": 314.11, "acq_date": "2026-04-06", "acq_time": "0722", "satellite": "N", "daynight": "D", "scan": 0.61, "track": 0.71}}, {"type": "Feature", "geometry": {"type": "Point", "coordinates": [100.80929, 19.94324]}, "properties": {"source_sensor": "VIIRS (Suomi NPP)", "frp": 98.18, "confidence": "nominal", "brightness_ti4": 355.69, "brightness_ti5": 299.7, "acq_date": "2026-04-06", "acq_time": "0542", "satellite": "N", "daynight": "D", "scan": 0.66, "track": 0.73}}, {"type": "Feature", "geometry": {"type": "Point", "coordinates": [100.80353, 19.94188]}, "properties": {"source_sensor": "VIIRS (Suomi NPP)", "frp": 98.18, "confidence": "nominal", "brightness_ti4": 344.71, "brightness_ti5": 304.94, "acq_date": "2026-04-06", "acq_time": "0542", "satellite": "N", "daynight": "D", "scan": 0.66, "track": 0.73}}, {"type": "Feature", "geometry": {"type": "Point", "coordinates": [100.8083, 19.95009]}, "properties": {"source_sensor": "VIIRS (Suomi NPP)", "frp": 98.18, "confidence": "nominal", "brightness_ti4": 355.27, "brightness_ti5": 293.95, "acq_date": "2026-04-06", "acq_time": "0542", "satellite": "N", "daynight": "D", "scan": 0.66, "track": 0.73}}, {"type": "Feature", "geometry": {"type": "Point", "coordinates": [48.79215, 46.09156]}, "properties": {"source_sensor": "MODIS (Aqua/Terra)", "frp": 98.18, "confidence": 83, "brightness": 348.42, "bright_t31": 295.3, "acq_date": "2026-04-07", "acq_time": "1151", "satellite": "A", "daynight": "D", "scan": 1.53, "track": 1.22}}, {"type": "Feature", "geometry": {"type": "Point", "coordinates": [97.83531, 17.48083]}, "properties": {"source_sensor": "VIIRS (Suomi NPP)", "frp": 98.1, "confidence": "nominal", "brightness_ti4": 343.42, "brightness_ti5": 303.03, "acq_date": "2026-04-06", "acq_time": "0722", "satellite": "N", "daynight": "D", "scan": 0.58, "track": 0.52}}, {"type": "Feature", "geometry": {"type": "Point", "coordinates": [97.83472, 17.48569]}, "properties": {"source_sensor": "VIIRS (Suomi NPP)", "frp": 98.1, "confidence": "nominal", "brightness_ti4": 342.71, "brightness_ti5": 299.65, "acq_date": "2026-04-06", "acq_time": "0722", "satellite": "N", "daynight": "D", "scan": 0.58, "track": 0.52}}, {"type": "Feature", "geometry": {"type": "Point", "coordinates": [102.0527, 19.59056]}, "properties": {"source_sensor": "MODIS (Aqua/Terra)", "frp": 98.03, "confidence": 86, "brightness": 333.7, "bright_t31": 299.45, "acq_date": "2026-04-06", "acq_time": "0750", "satellite": "A", "daynight": "D", "scan": 2.4, "track": 1.49}}, {"type": "Feature", "geometry": {"type": "Point", "coordinates": [86.7597, 27.05648]}, "properties": {"source_sensor": "MODIS (Aqua/Terra)", "frp": 97.96, "confidence": 96, "brightness": 352.09, "bright_t31": 302.39, "acq_date": "2026-04-06", "acq_time": "0930", "satellite": "A", "daynight": "D", "scan": 1.4, "track": 1.17}}, {"type": "Feature", "geometry": {"type": "Point", "coordinates": [97.11942, 23.20188]}, "properties": {"source_sensor": "VIIRS (Suomi NPP)", "frp": 97.93, "confidence": "nominal", "brightness_ti4": 343.16, "brightness_ti5": 292.26, "acq_date": "2026-04-06", "acq_time": "0722", "satellite": "N", "daynight": "D", "scan": 0.62, "track": 0.54}}, {"type": "Feature", "geometry": {"type": "Point", "coordinates": [97.11227, 23.20118]}, "properties": {"source_sensor": "VIIRS (Suomi NPP)", "frp": 97.93, "confidence": "low", "brightness_ti4": 338.93, "brightness_ti5": 311.98, "acq_date": "2026-04-06", "acq_time": "0722", "satellite": "N", "daynight": "D", "scan": 0.62, "track": 0.54}}, {"type": "Feature", "geometry": {"type": "Point", "coordinates": [97.5851, 23.18337]}, "properties": {"source_sensor": "MODIS (Aqua/Terra)", "frp": 97.83, "confidence": 76, "brightness": 320.33, "bright_t31": 296.35, "acq_date": "2026-04-06", "acq_time": "0752", "satellite": "A", "daynight": "D", "scan": 4.28, "track": 1.91}}, {"type": "Feature", "geometry": {"type": "Point", "coordinates": [106.06944, 12.20281]}, "properties": {"source_sensor": "MODIS (Aqua/Terra)", "frp": 97.8, "confidence": 94, "brightness": 349.27, "bright_t31": 311.51, "acq_date": "2026-04-06", "acq_time": "0746", "satellite": "A", "daynight": "D", "scan": 1.65, "track": 1.26}}, {"type": "Feature", "geometry": {"type": "Point", "coordinates": [103.32449, 20.80183]}, "properties": {"source_sensor": "MODIS (Aqua/Terra)", "frp": 97.74, "confidence": 96, "brightness": 351.05, "bright_t31": 298.53, "acq_date": "2026-04-07", "acq_time": "0828", "satellite": "A", "daynight": "D", "scan": 1.42, "track": 1.18}}, {"type": "Feature", "geometry": {"type": "Point", "coordinates": [97.17725, 23.29855]}, "properties": {"source_sensor": "VIIRS (Suomi NPP)", "frp": 97.72, "confidence": "nominal", "brightness_ti4": 336.75, "brightness_ti5": 285.05, "acq_date": "2026-04-06", "acq_time": "0722", "satellite": "N", "daynight": "D", "scan": 0.63, "track": 0.54}}, {"type": "Feature", "geometry": {"type": "Point", "coordinates": [97.17695, 23.30359]}, "properties": {"source_sensor": "VIIRS (Suomi NPP)", "frp": 97.72, "confidence": "nominal", "brightness_ti4": 345.95, "brightness_ti5": 297.26, "acq_date": "2026-04-06", "acq_time": "0722", "satellite": "N", "daynight": "D", "scan": 0.63, "track": 0.54}}, {"type": "Feature", "geometry": {"type": "Point", "coordinates": [-68.86234, 8.16334]}, "properties": {"source_sensor": "MODIS (Aqua/Terra)", "frp": 97.71, "confidence": 81, "brightness": 327.27, "bright_t31": 291.92, "acq_date": "2026-04-06", "acq_time": "1917", "satellite": "A", "daynight": "D", "scan": 3.11, "track": 1.67}}, {"type": "Feature", "geometry": {"type": "Point", "coordinates": [105.33088, 19.49428]}, "properties": {"source_sensor": "MODIS (Aqua/Terra)", "frp": 97.69, "confidence": 97, "brightness": 353.16, "bright_t31": 304.92, "acq_date": "2026-04-06", "acq_time": "0748", "satellite": "A", "daynight": "D", "scan": 1.39, "track": 1.17}}, {"type": "Feature", "geometry": {"type": "Point", "coordinates": [101.86916, 20.80311]}, "properties": {"source_sensor": "MODIS (Aqua/Terra)", "frp": 97.68, "confidence": 87, "brightness": 336.26, "bright_t31": 300.81, "acq_date": "2026-04-06", "acq_time": "0750", "satellite": "A", "daynight": "D", "scan": 2.33, "track": 1.48}}, {"type": "Feature", "geometry": {"type": "Point", "coordinates": [98.02303, 17.71255]}, "properties": {"source_sensor": "MODIS (Aqua/Terra)", "frp": 97.51, "confidence": 100, "brightness": 362.67, "bright_t31": 302.12, "acq_date": "2026-04-07", "acq_time": "0826", "satellite": "A", "daynight": "D", "scan": 1.11, "track": 1.05}}, {"type": "Feature", "geometry": {"type": "Point", "coordinates": [96.68055, 18.62869]}, "properties": {"source_sensor": "MODIS (Aqua/Terra)", "frp": 97.49, "confidence": 98, "brightness": 357.59, "bright_t31": 304.72, "acq_date": "2026-04-07", "acq_time": "0826", "satellite": "A", "daynight": "D", "scan": 1.26, "track": 1.12}}, {"type": "Feature", "geometry": {"type": "Point", "coordinates": [107.63422, 15.91641]}, "properties": {"source_sensor": "MODIS (Aqua/Terra)", "frp": 97.47, "confidence": 98, "brightness": 355.85, "bright_t31": 301.93, "acq_date": "2026-04-07", "acq_time": "0206", "satellite": "T", "daynight": "D", "scan": 1.24, "track": 1.11}}, {"type": "Feature", "geometry": {"type": "Point", "coordinates": [101.61109, 19.44244]}, "properties": {"source_sensor": "MODIS (Aqua/Terra)", "frp": 97.47, "confidence": 100, "brightness": 362.86, "bright_t31": 303.42, "acq_date": "2026-04-07", "acq_time": "0826", "satellite": "A", "daynight": "D", "scan": 1.1, "track": 1.05}}, {"type": "Feature", "geometry": {"type": "Point", "coordinates": [128.32797, -15.75859]}, "properties": {"source_sensor": "MODIS (Aqua/Terra)", "frp": 97.44, "confidence": 97, "brightness": 354.51, "bright_t31": 305.79, "acq_date": "2026-04-07", "acq_time": "0640", "satellite": "A", "daynight": "D", "scan": 1.38, "track": 1.16}}, {"type": "Feature", "geometry": {"type": "Point", "coordinates": [106.68287, 16.12088]}, "properties": {"source_sensor": "VIIRS (Suomi NPP)", "frp": 97.25, "confidence": "nominal", "brightness_ti4": 351.14, "brightness_ti5": 308.32, "acq_date": "2026-04-06", "acq_time": "0540", "satellite": "N", "daynight": "D", "scan": 0.33, "track": 0.56}}, {"type": "Feature", "geometry": {"type": "Point", "coordinates": [-96.75824, 37.19268]}, "properties": {"source_sensor": "MODIS (Aqua/Terra)", "frp": 97.18, "confidence": 97, "brightness": 353.02, "bright_t31": 297.15, "acq_date": "2026-04-06", "acq_time": "2104", "satellite": "A", "daynight": "D", "scan": 1.32, "track": 1.14}}, {"type": "Feature", "geometry": {"type": "Point", "coordinates": [-6.13297, 12.34802]}, "properties": {"source_sensor": "VIIRS (Suomi NPP)", "frp": 97.13, "confidence": "low", "brightness_ti4": 367.0, "brightness_ti5": 338.11, "acq_date": "2026-04-06", "acq_time": "1405", "satellite": "N", "daynight": "D", "scan": 0.53, "track": 0.42}}, {"type": "Feature", "geometry": {"type": "Point", "coordinates": [103.79072, 20.588]}, "properties": {"source_sensor": "VIIRS (Suomi NPP)", "frp": 97.12, "confidence": "low", "brightness_ti4": 303.18, "brightness_ti5": 308.86, "acq_date": "2026-04-06", "acq_time": "0542", "satellite": "N", "daynight": "D", "scan": 0.42, "track": 0.61}}, {"type": "Feature", "geometry": {"type": "Point", "coordinates": [102.91754, 20.28353]}, "properties": {"source_sensor": "VIIRS (Suomi NPP)", "frp": 97.01, "confidence": "high", "brightness_ti4": 367.0, "brightness_ti5": 294.0, "acq_date": "2026-04-07", "acq_time": "0703", "satellite": "N", "daynight": "D", "scan": 0.33, "track": 0.55}}, {"type": "Feature", "geometry": {"type": "Point", "coordinates": [102.91438, 20.28319]}, "properties": {"source_sensor": "VIIRS (Suomi NPP)", "frp": 97.01, "confidence": "low", "brightness_ti4": 208.0, "brightness_ti5": 324.41, "acq_date": "2026-04-07", "acq_time": "0703", "satellite": "N", "daynight": "D", "scan": 0.33, "track": 0.55}}, {"type": "Feature", "geometry": {"type": "Point", "coordinates": [95.82507, 18.83238]}, "properties": {"source_sensor": "VIIRS (Suomi NPP)", "frp": 96.98, "confidence": "nominal", "brightness_ti4": 345.36, "brightness_ti5": 302.85, "acq_date": "2026-04-07", "acq_time": "0701", "satellite": "N", "daynight": "D", "scan": 0.4, "track": 0.37}}, {"type": "Feature", "geometry": {"type": "Point", "coordinates": [101.03708, 20.10278]}, "properties": {"source_sensor": "VIIRS (Suomi NPP)", "frp": 96.98, "confidence": "nominal", "brightness_ti4": 344.99, "brightness_ti5": 302.88, "acq_date": "2026-04-07", "acq_time": "0703", "satellite": "N", "daynight": "D", "scan": 0.5, "track": 0.49}}, {"type": "Feature", "geometry": {"type": "Point", "coordinates": [101.03196, 20.10218]}, "properties": {"source_sensor": "VIIRS (Suomi NPP)", "frp": 96.98, "confidence": "low", "brightness_ti4": 314.73, "brightness_ti5": 315.24, "acq_date": "2026-04-07", "acq_time": "0703", "satellite": "N", "daynight": "D", "scan": 0.5, "track": 0.49}}, {"type": "Feature", "geometry": {"type": "Point", "coordinates": [-96.85068, 37.21612]}, "properties": {"source_sensor": "VIIRS (Suomi NPP)", "frp": 96.91, "confidence": "low", "brightness_ti4": 367.0, "brightness_ti5": 328.22, "acq_date": "2026-04-06", "acq_time": "1917", "satellite": "N", "daynight": "D", "scan": 0.45, "track": 0.39}}, {"type": "Feature", "geometry": {"type": "Point", "coordinates": [101.44917, 20.36104]}, "properties": {"source_sensor": "MODIS (Aqua/Terra)", "frp": 96.85, "confidence": 100, "brightness": 362.07, "bright_t31": 302.55, "acq_date": "2026-04-07", "acq_time": "0826", "satellite": "A", "daynight": "D", "scan": 1.11, "track": 1.05}}, {"type": "Feature", "geometry": {"type": "Point", "coordinates": [47.653, 45.46923]}, "properties": {"source_sensor": "VIIRS (Suomi NPP)", "frp": 96.83, "confidence": "high", "brightness_ti4": 367.0, "brightness_ti5": 291.93, "acq_date": "2026-04-06", "acq_time": "1051", "satellite": "N", "daynight": "D", "scan": 0.56, "track": 0.69}}, {"type": "Feature", "geometry": {"type": "Point", "coordinates": [-85.89062, 12.62635]}, "properties": {"source_sensor": "VIIRS (Suomi NPP)", "frp": 96.83, "confidence": "nominal", "brightness_ti4": 355.76, "brightness_ti5": 303.38, "acq_date": "2026-04-06", "acq_time": "1910", "satellite": "N", "daynight": "D", "scan": 0.39, "track": 0.36}}, {"type": "Feature", "geometry": {"type": "Point", "coordinates": [-15.98867, 12.48171]}, "properties": {"source_sensor": "MODIS (Aqua/Terra)", "frp": 96.74, "confidence": 97, "brightness": 355.9, "bright_t31": 313.56, "acq_date": "2026-04-06", "acq_time": "1601", "satellite": "A", "daynight": "D", "scan": 1.36, "track": 1.16}}, {"type": "Feature", "geometry": {"type": "Point", "coordinates": [102.63039, 16.86867]}, "properties": {"source_sensor": "MODIS (Aqua/Terra)", "frp": 96.7, "confidence": 100, "brightness": 362.47, "bright_t31": 311.11, "acq_date": "2026-04-07", "acq_time": "0826", "satellite": "A", "daynight": "D", "scan": 1.16, "track": 1.07}}, {"type": "Feature", "geometry": {"type": "Point", "coordinates": [-4.15228, 51.59196]}, "properties": {"source_sensor": "MODIS (Aqua/Terra)", "frp": 96.67, "confidence": 98, "brightness": 354.99, "bright_t31": 284.73, "acq_date": "2026-04-07", "acq_time": "1009", "satellite": "T", "daynight": "D", "scan": 1.19, "track": 1.08}}, {"type": "Feature", "geometry": {"type": "Point", "coordinates": [-96.9753, 38.33815]}, "properties": {"source_sensor": "MODIS (Aqua/Terra)", "frp": 96.57, "confidence": 96, "brightness": 349.76, "bright_t31": 299.55, "acq_date": "2026-04-06", "acq_time": "1609", "satellite": "T", "daynight": "D", "scan": 1.42, "track": 1.18}}, {"type": "Feature", "geometry": {"type": "Point", "coordinates": [97.44444, 18.23137]}, "properties": {"source_sensor": "MODIS (Aqua/Terra)", "frp": 96.5, "confidence": 99, "brightness": 358.35, "bright_t31": 296.56, "acq_date": "2026-04-07", "acq_time": "0826", "satellite": "A", "daynight": "D", "scan": 1.16, "track": 1.07}}, {"type": "Feature", "geometry": {"type": "Point", "coordinates": [-62.98869, 9.17772]}, "properties": {"source_sensor": "VIIRS (Suomi NPP)", "frp": 96.46, "confidence": "low", "brightness_ti4": 350.73, "brightness_ti5": 299.49, "acq_date": "2026-04-06", "acq_time": "1728", "satellite": "N", "daynight": "D", "scan": 0.43, "track": 0.38}}, {"type": "Feature", "geometry": {"type": "Point", "coordinates": [97.60274, 17.76331]}, "properties": {"source_sensor": "VIIRS (Suomi NPP)", "frp": 96.31, "confidence": "nominal", "brightness_ti4": 345.03, "brightness_ti5": 312.52, "acq_date": "2026-04-06", "acq_time": "0722", "satellite": "N", "daynight": "D", "scan": 0.57, "track": 0.52}}, {"type": "Feature", "geometry": {"type": "Point", "coordinates": [97.60163, 17.76805]}, "properties": {"source_sensor": "VIIRS (Suomi NPP)", "frp": 96.31, "confidence": "nominal", "brightness_ti4": 350.1, "brightness_ti5": 291.78, "acq_date": "2026-04-06", "acq_time": "0722", "satellite": "N", "daynight": "D", "scan": 0.57, "track": 0.52}}, {"type": "Feature", "geometry": {"type": "Point", "coordinates": [147.94345, -33.20257]}, "properties": {"source_sensor": "VIIRS (Suomi NPP)", "frp": 96.27, "confidence": "nominal", "brightness_ti4": 336.73, "brightness_ti5": 301.6, "acq_date": "2026-04-06", "acq_time": "0345", "satellite": "N", "daynight": "D", "scan": 0.51, "track": 0.41}}, {"type": "Feature", "geometry": {"type": "Point", "coordinates": [-7.0916, 41.87121]}, "properties": {"source_sensor": "VIIRS (Suomi NPP)", "frp": 96.22, "confidence": "high", "brightness_ti4": 367.0, "brightness_ti5": 304.09, "acq_date": "2026-04-06", "acq_time": "1234", "satellite": "N", "daynight": "D", "scan": 0.42, "track": 0.61}}, {"type": "Feature", "geometry": {"type": "Point", "coordinates": [-7.09369, 41.87677]}, "properties": {"source_sensor": "VIIRS (Suomi NPP)", "frp": 96.22, "confidence": "high", "brightness_ti4": 367.0, "brightness_ti5": 334.44, "acq_date": "2026-04-06", "acq_time": "1234", "satellite": "N", "daynight": "D", "scan": 0.42, "track": 0.61}}, {"type": "Feature", "geometry": {"type": "Point", "coordinates": [-7.08851, 41.87828]}, "properties": {"source_sensor": "VIIRS (Suomi NPP)", "frp": 96.22, "confidence": "nominal", "brightness_ti4": 334.34, "brightness_ti5": 296.84, "acq_date": "2026-04-06", "acq_time": "1234", "satellite": "N", "daynight": "D", "scan": 0.42, "track": 0.61}}, {"type": "Feature", "geometry": {"type": "Point", "coordinates": [-85.54527, 10.4978]}, "properties": {"source_sensor": "MODIS (Aqua/Terra)", "frp": 96.21, "confidence": 100, "brightness": 325.31, "bright_t31": 295.76, "acq_date": "2026-04-07", "acq_time": "0302", "satellite": "T", "daynight": "N", "scan": 2.83, "track": 1.61}}, {"type": "Feature", "geometry": {"type": "Point", "coordinates": [96.90453, 18.40738]}, "properties": {"source_sensor": "MODIS (Aqua/Terra)", "frp": 96.21, "confidence": 85, "brightness": 355.77, "bright_t31": 291.21, "acq_date": "2026-04-07", "acq_time": "0826", "satellite": "A", "daynight": "D", "scan": 1.24, "track": 1.11}}, {"type": "Feature", "geometry": {"type": "Point", "coordinates": [91.89107, 24.04759]}, "properties": {"source_sensor": "VIIRS (Suomi NPP)", "frp": 96.13, "confidence": "nominal", "brightness_ti4": 331.7, "brightness_ti5": 299.6, "acq_date": "2026-04-07", "acq_time": "0703", "satellite": "N", "daynight": "D", "scan": 0.39, "track": 0.36}}, {"type": "Feature", "geometry": {"type": "Point", "coordinates": [91.89494, 24.04822]}, "properties": {"source_sensor": "VIIRS (Suomi NPP)", "frp": 96.13, "confidence": "low", "brightness_ti4": 367.0, "brightness_ti5": 326.19, "acq_date": "2026-04-07", "acq_time": "0703", "satellite": "N", "daynight": "D", "scan": 0.39, "track": 0.36}}, {"type": "Feature", "geometry": {"type": "Point", "coordinates": [91.89432, 24.05156]}, "properties": {"source_sensor": "VIIRS (Suomi NPP)", "frp": 96.13, "confidence": "high", "brightness_ti4": 367.0, "brightness_ti5": 337.08, "acq_date": "2026-04-07", "acq_time": "0703", "satellite": "N", "daynight": "D", "scan": 0.39, "track": 0.36}}, {"type": "Feature", "geometry": {"type": "Point", "coordinates": [100.17033, 20.85583]}, "properties": {"source_sensor": "VIIRS (Suomi NPP)", "frp": 96.1, "confidence": "nominal", "brightness_ti4": 352.96, "brightness_ti5": 300.2, "acq_date": "2026-04-07", "acq_time": "0703", "satellite": "N", "daynight": "D", "scan": 0.45, "track": 0.47}}, {"type": "Feature", "geometry": {"type": "Point", "coordinates": [100.16637, 20.85538]}, "properties": {"source_sensor": "VIIRS (Suomi NPP)", "frp": 96.1, "confidence": "nominal", "brightness_ti4": 355.33, "brightness_ti5": 299.37, "acq_date": "2026-04-07", "acq_time": "0703", "satellite": "N", "daynight": "D", "scan": 0.45, "track": 0.47}}, {"type": "Feature", "geometry": {"type": "Point", "coordinates": [47.62314, 45.48867]}, "properties": {"source_sensor": "VIIRS (Suomi NPP)", "frp": 96.07, "confidence": "nominal", "brightness_ti4": 340.36, "brightness_ti5": 299.09, "acq_date": "2026-04-06", "acq_time": "0911", "satellite": "N", "daynight": "D", "scan": 0.44, "track": 0.46}}, {"type": "Feature", "geometry": {"type": "Point", "coordinates": [-6.18636, 43.25107]}, "properties": {"source_sensor": "VIIRS (Suomi NPP)", "frp": 96.03, "confidence": "high", "brightness_ti4": 367.0, "brightness_ti5": 319.84, "acq_date": "2026-04-06", "acq_time": "1414", "satellite": "N", "daynight": "D", "scan": 0.38, "track": 0.59}}, {"type": "Feature", "geometry": {"type": "Point", "coordinates": [-9.85106, 5.75461]}, "properties": {"source_sensor": "VIIRS (Suomi NPP)", "frp": 95.98, "confidence": "nominal", "brightness_ti4": 342.53, "brightness_ti5": 303.78, "acq_date": "2026-04-06", "acq_time": "1403", "satellite": "N", "daynight": "D", "scan": 0.39, "track": 0.36}}, {"type": "Feature", "geometry": {"type": "Point", "coordinates": [-72.58793, -38.31674]}, "properties": {"source_sensor": "MODIS (Aqua/Terra)", "frp": 95.93, "confidence": 100, "brightness": 361.74, "bright_t31": 296.28, "acq_date": "2026-04-06", "acq_time": "2042", "satellite": "A", "daynight": "D", "scan": 1.05, "track": 1.02}}, {"type": "Feature", "geometry": {"type": "Point", "coordinates": [106.90559, 15.89558]}, "properties": {"source_sensor": "VIIRS (Suomi NPP)", "frp": 95.82, "confidence": "high", "brightness_ti4": 367.0, "brightness_ti5": 298.32, "acq_date": "2026-04-07", "acq_time": "0523", "satellite": "N", "daynight": "D", "scan": 0.66, "track": 0.73}}, {"type": "Feature", "geometry": {"type": "Point", "coordinates": [-10.7334, 7.32137]}, "properties": {"source_sensor": "VIIRS (Suomi NPP)", "frp": 95.79, "confidence": "low", "brightness_ti4": 334.87, "brightness_ti5": 302.25, "acq_date": "2026-04-06", "acq_time": "1403", "satellite": "N", "daynight": "D", "scan": 0.4, "track": 0.37}}, {"type": "Feature", "geometry": {"type": "Point", "coordinates": [48.13739, 45.52983]}, "properties": {"source_sensor": "VIIRS (Suomi NPP)", "frp": 95.77, "confidence": "high", "brightness_ti4": 367.0, "brightness_ti5": 292.78, "acq_date": "2026-04-07", "acq_time": "1034", "satellite": "N", "daynight": "D", "scan": 0.35, "track": 0.57}}, {"type": "Feature", "geometry": {"type": "Point", "coordinates": [101.25444, 20.24894]}, "properties": {"source_sensor": "VIIRS (Suomi NPP)", "frp": 95.71, "confidence": "high", "brightness_ti4": 367.0, "brightness_ti5": 300.54, "acq_date": "2026-04-06", "acq_time": "0542", "satellite": "N", "daynight": "D", "scan": 0.61, "track": 0.71}}, {"type": "Feature", "geometry": {"type": "Point", "coordinates": [101.24789, 20.24736]}, "properties": {"source_sensor": "VIIRS (Suomi NPP)", "frp": 95.71, "confidence": "nominal", "brightness_ti4": 330.14, "brightness_ti5": 294.83, "acq_date": "2026-04-06", "acq_time": "0542", "satellite": "N", "daynight": "D", "scan": 0.61, "track": 0.71}}, {"type": "Feature", "geometry": {"type": "Point", "coordinates": [101.25267, 20.25539]}, "properties": {"source_sensor": "VIIRS (Suomi NPP)", "frp": 95.71, "confidence": "nominal", "brightness_ti4": 337.59, "brightness_ti5": 301.04, "acq_date": "2026-04-06", "acq_time": "0542", "satellite": "N", "daynight": "D", "scan": 0.61, "track": 0.71}}, {"type": "Feature", "geometry": {"type": "Point", "coordinates": [101.24551, 20.25367]}, "properties": {"source_sensor": "VIIRS (Suomi NPP)", "frp": 95.71, "confidence": "nominal", "brightness_ti4": 354.18, "brightness_ti5": 294.88, "acq_date": "2026-04-06", "acq_time": "0542", "satellite": "N", "daynight": "D", "scan": 0.61, "track": 0.71}}, {"type": "Feature", "geometry": {"type": "Point", "coordinates": [-12.09022, 13.04114]}, "properties": {"source_sensor": "MODIS (Aqua/Terra)", "frp": 95.7, "confidence": 100, "brightness": 360.06, "bright_t31": 313.24, "acq_date": "2026-04-06", "acq_time": "0941", "satellite": "T", "daynight": "D", "scan": 1.21, "track": 1.09}}, {"type": "Feature", "geometry": {"type": "Point", "coordinates": [103.75706, 18.81958]}, "properties": {"source_sensor": "VIIRS (Suomi NPP)", "frp": 95.66, "confidence": "high", "brightness_ti4": 367.0, "brightness_ti5": 315.38, "acq_date": "2026-04-07", "acq_time": "0701", "satellite": "N", "daynight": "D", "scan": 0.36, "track": 0.57}}, {"type": "Feature", "geometry": {"type": "Point", "coordinates": [103.75985, 18.81986]}, "properties": {"source_sensor": "VIIRS (Suomi NPP)", "frp": 95.66, "confidence": "nominal", "brightness_ti4": 331.54, "brightness_ti5": 299.08, "acq_date": "2026-04-07", "acq_time": "0701", "satellite": "N", "daynight": "D", "scan": 0.36, "track": 0.57}}, {"type": "Feature", "geometry": {"type": "Point", "coordinates": [102.92004, 18.9294]}, "properties": {"source_sensor": "VIIRS (Suomi NPP)", "frp": 95.62, "confidence": "high", "brightness_ti4": 367.0, "brightness_ti5": 298.54, "acq_date": "2026-04-06", "acq_time": "0722", "satellite": "N", "daynight": "D", "scan": 0.65, "track": 0.73}}, {"type": "Feature", "geometry": {"type": "Point", "coordinates": [6.37595, 6.50487]}, "properties": {"source_sensor": "VIIRS (Suomi NPP)", "frp": 95.6, "confidence": "high", "brightness_ti4": 367.0, "brightness_ti5": 293.6, "acq_date": "2026-04-06", "acq_time": "1223", "satellite": "N", "daynight": "D", "scan": 0.41, "track": 0.61}}, {"type": "Feature", "geometry": {"type": "Point", "coordinates": [101.85614, 18.13485]}, "properties": {"source_sensor": "MODIS (Aqua/Terra)", "frp": 95.56, "confidence": 83, "brightness": 332.52, "bright_t31": 302.91, "acq_date": "2026-04-06", "acq_time": "0748", "satellite": "A", "daynight": "D", "scan": 2.66, "track": 1.57}}, {"type": "Feature", "geometry": {"type": "Point", "coordinates": [93.35297, 20.97228]}, "properties": {"source_sensor": "VIIRS (Suomi NPP)", "frp": 95.5, "confidence": "nominal", "brightness_ti4": 346.97, "brightness_ti5": 302.64, "acq_date": "2026-04-06", "acq_time": "0722", "satellite": "N", "daynight": "D", "scan": 0.52, "track": 0.41}}, {"type": "Feature", "geometry": {"type": "Point", "coordinates": [93.35871, 20.97301]}, "properties": {"source_sensor": "VIIRS (Suomi NPP)", "frp": 95.5, "confidence": "low", "brightness_ti4": 315.17, "brightness_ti5": 320.28, "acq_date": "2026-04-06", "acq_time": "0722", "satellite": "N", "daynight": "D", "scan": 0.52, "track": 0.41}}, {"type": "Feature", "geometry": {"type": "Point", "coordinates": [90.37212, 25.49407]}, "properties": {"source_sensor": "VIIRS (Suomi NPP)", "frp": 95.41, "confidence": "high", "brightness_ti4": 367.0, "brightness_ti5": 332.58, "acq_date": "2026-04-06", "acq_time": "0724", "satellite": "N", "daynight": "D", "scan": 0.42, "track": 0.38}}, {"type": "Feature", "geometry": {"type": "Point", "coordinates": [-10.69994, 8.4927]}, "properties": {"source_sensor": "VIIRS (Suomi NPP)", "frp": 95.25, "confidence": "low", "brightness_ti4": 344.39, "brightness_ti5": 302.99, "acq_date": "2026-04-06", "acq_time": "1403", "satellite": "N", "daynight": "D", "scan": 0.39, "track": 0.37}}, {"type": "Feature", "geometry": {"type": "Point", "coordinates": [98.37423, 18.87883]}, "properties": {"source_sensor": "MODIS (Aqua/Terra)", "frp": 95.16, "confidence": 100, "brightness": 363.43, "bright_t31": 302.98, "acq_date": "2026-04-07", "acq_time": "0826", "satellite": "A", "daynight": "D", "scan": 1.05, "track": 1.02}}, {"type": "Feature", "geometry": {"type": "Point", "coordinates": [102.23106, 20.69824]}, "properties": {"source_sensor": "VIIRS (Suomi NPP)", "frp": 95.14, "confidence": "nominal", "brightness_ti4": 351.31, "brightness_ti5": 296.72, "acq_date": "2026-04-06", "acq_time": "0542", "satellite": "N", "daynight": "D", "scan": 0.52, "track": 0.67}}, {"type": "Feature", "geometry": {"type": "Point", "coordinates": [102.23831, 20.69994]}, "properties": {"source_sensor": "VIIRS (Suomi NPP)", "frp": 95.14, "confidence": "low", "brightness_ti4": 208.0, "brightness_ti5": 320.6, "acq_date": "2026-04-06", "acq_time": "0542", "satellite": "N", "daynight": "D", "scan": 0.52, "track": 0.67}}, {"type": "Feature", "geometry": {"type": "Point", "coordinates": [102.23563, 20.70576]}, "properties": {"source_sensor": "VIIRS (Suomi NPP)", "frp": 95.14, "confidence": "nominal", "brightness_ti4": 347.56, "brightness_ti5": 298.95, "acq_date": "2026-04-06", "acq_time": "0542", "satellite": "N", "daynight": "D", "scan": 0.52, "track": 0.67}}, {"type": "Feature", "geometry": {"type": "Point", "coordinates": [102.22914, 20.70424]}, "properties": {"source_sensor": "VIIRS (Suomi NPP)", "frp": 95.14, "confidence": "nominal", "brightness_ti4": 345.85, "brightness_ti5": 296.01, "acq_date": "2026-04-06", "acq_time": "0542", "satellite": "N", "daynight": "D", "scan": 0.52, "track": 0.67}}, {"type": "Feature", "geometry": {"type": "Point", "coordinates": [104.43812, 18.42624]}, "properties": {"source_sensor": "VIIRS (Suomi NPP)", "frp": 95.12, "confidence": "high", "brightness_ti4": 367.0, "brightness_ti5": 320.06, "acq_date": "2026-04-07", "acq_time": "0701", "satellite": "N", "daynight": "D", "scan": 0.4, "track": 0.6}}, {"type": "Feature", "geometry": {"type": "Point", "coordinates": [71.713, 53.52171]}, "properties": {"source_sensor": "VIIRS (Suomi NPP)", "frp": 95.03, "confidence": "high", "brightness_ti4": 367.0, "brightness_ti5": 290.62, "acq_date": "2026-04-06", "acq_time": "0913", "satellite": "N", "daynight": "D", "scan": 0.52, "track": 0.67}}, {"type": "Feature", "geometry": {"type": "Point", "coordinates": [71.7132, 53.52799]}, "properties": {"source_sensor": "VIIRS (Suomi NPP)", "frp": 95.03, "confidence": "nominal", "brightness_ti4": 338.26, "brightness_ti5": 303.55, "acq_date": "2026-04-06", "acq_time": "0913", "satellite": "N", "daynight": "D", "scan": 0.52, "track": 0.67}}, {"type": "Feature", "geometry": {"type": "Point", "coordinates": [103.961, 20.63093]}, "properties": {"source_sensor": "VIIRS (Suomi NPP)", "frp": 94.89, "confidence": "high", "brightness_ti4": 367.0, "brightness_ti5": 305.6, "acq_date": "2026-04-06", "acq_time": "0542", "satellite": "N", "daynight": "D", "scan": 0.41, "track": 0.6}}, {"type": "Feature", "geometry": {"type": "Point", "coordinates": [101.53153, 15.95804]}, "properties": {"source_sensor": "MODIS (Aqua/Terra)", "frp": 94.89, "confidence": 100, "brightness": 362.41, "bright_t31": 304.25, "acq_date": "2026-04-06", "acq_time": "1355", "satellite": "T", "daynight": "N", "scan": 1.05, "track": 1.02}}, {"type": "Feature", "geometry": {"type": "Point", "coordinates": [-96.60641, 38.16572]}, "properties": {"source_sensor": "MODIS (Aqua/Terra)", "frp": 94.87, "confidence": 98, "brightness": 355.82, "bright_t31": 292.13, "acq_date": "2026-04-06", "acq_time": "2104", "satellite": "A", "daynight": "D", "scan": 1.25, "track": 1.11}}, {"type": "Feature", "geometry": {"type": "Point", "coordinates": [101.6946, 20.46021]}, "properties": {"source_sensor": "VIIRS (Suomi NPP)", "frp": 94.81, "confidence": "nominal", "brightness_ti4": 346.83, "brightness_ti5": 293.97, "acq_date": "2026-04-07", "acq_time": "0703", "satellite": "N", "daynight": "D", "scan": 0.56, "track": 0.51}}, {"type": "Feature", "geometry": {"type": "Point", "coordinates": [101.69391, 20.46496]}, "properties": {"source_sensor": "VIIRS (Suomi NPP)", "frp": 94.81, "confidence": "nominal", "brightness_ti4": 350.61, "brightness_ti5": 294.78, "acq_date": "2026-04-07", "acq_time": "0703", "satellite": "N", "daynight": "D", "scan": 0.56, "track": 0.51}}, {"type": "Feature", "geometry": {"type": "Point", "coordinates": [101.68774, 20.46427]}, "properties": {"source_sensor": "VIIRS (Suomi NPP)", "frp": 94.81, "confidence": "nominal", "brightness_ti4": 350.12, "brightness_ti5": 310.05, "acq_date": "2026-04-07", "acq_time": "0703", "satellite": "N", "daynight": "D", "scan": 0.56, "track": 0.51}}, {"type": "Feature", "geometry": {"type": "Point", "coordinates": [97.13292, 18.27268]}, "properties": {"source_sensor": "MODIS (Aqua/Terra)", "frp": 94.76, "confidence": 74, "brightness": 357.25, "bright_t31": 292.57, "acq_date": "2026-04-07", "acq_time": "0826", "satellite": "A", "daynight": "D", "scan": 1.21, "track": 1.09}}, {"type": "Feature", "geometry": {"type": "Point", "coordinates": [105.35529, 17.80873]}, "properties": {"source_sensor": "VIIRS (Suomi NPP)", "frp": 94.72, "confidence": "nominal", "brightness_ti4": 350.1, "brightness_ti5": 298.19, "acq_date": "2026-04-07", "acq_time": "0523", "satellite": "N", "daynight": "D", "scan": 0.75, "track": 0.77}}, {"type": "Feature", "geometry": {"type": "Point", "coordinates": [105.34631, 17.80662]}, "properties": {"source_sensor": "VIIRS (Suomi NPP)", "frp": 94.72, "confidence": "nominal", "brightness_ti4": 338.39, "brightness_ti5": 294.25, "acq_date": "2026-04-07", "acq_time": "0523", "satellite": "N", "daynight": "D", "scan": 0.76, "track": 0.77}}, {"type": "Feature", "geometry": {"type": "Point", "coordinates": [-99.11287, 37.40612]}, "properties": {"source_sensor": "MODIS (Aqua/Terra)", "frp": 94.72, "confidence": 99, "brightness": 358.09, "bright_t31": 298.6, "acq_date": "2026-04-06", "acq_time": "1609", "satellite": "T", "daynight": "D", "scan": 1.16, "track": 1.07}}, {"type": "Feature", "geometry": {"type": "Point", "coordinates": [106.80793, 15.72055]}, "properties": {"source_sensor": "VIIRS (Suomi NPP)", "frp": 94.67, "confidence": "high", "brightness_ti4": 367.0, "brightness_ti5": 298.18, "acq_date": "2026-04-07", "acq_time": "0701", "satellite": "N", "daynight": "D", "scan": 0.52, "track": 0.67}}, {"type": "Feature", "geometry": {"type": "Point", "coordinates": [101.67413, 19.92062]}, "properties": {"source_sensor": "MODIS (Aqua/Terra)", "frp": 94.67, "confidence": 87, "brightness": 360.41, "bright_t31": 302.91, "acq_date": "2026-04-07", "acq_time": "0826", "satellite": "A", "daynight": "D", "scan": 1.12, "track": 1.05}}, {"type": "Feature", "geometry": {"type": "Point", "coordinates": [36.11146, 9.69272]}, "properties": {"source_sensor": "MODIS (Aqua/Terra)", "frp": 94.66, "confidence": 84, "brightness": 330.7, "bright_t31": 301.69, "acq_date": "2026-04-07", "acq_time": "1321", "satellite": "A", "daynight": "D", "scan": 3.14, "track": 1.68}}, {"type": "Feature", "geometry": {"type": "Point", "coordinates": [93.5939, 22.24236]}, "properties": {"source_sensor": "VIIRS (Suomi NPP)", "frp": 94.61, "confidence": "nominal", "brightness_ti4": 348.95, "brightness_ti5": 308.14, "acq_date": "2026-04-06", "acq_time": "0722", "satellite": "N", "daynight": "D", "scan": 0.55, "track": 0.43}}, {"type": "Feature", "geometry": {"type": "Point", "coordinates": [101.44056, 20.61202]}, "properties": {"source_sensor": "VIIRS (Suomi NPP)", "frp": 94.52, "confidence": "high", "brightness_ti4": 367.0, "brightness_ti5": 298.63, "acq_date": "2026-04-06", "acq_time": "0542", "satellite": "N", "daynight": "D", "scan": 0.58, "track": 0.7}}, {"type": "Feature", "geometry": {"type": "Point", "coordinates": [108.76554, 41.1856]}, "properties": {"source_sensor": "VIIRS (Suomi NPP)", "frp": 94.52, "confidence": "nominal", "brightness_ti4": 352.55, "brightness_ti5": 311.89, "acq_date": "2026-04-06", "acq_time": "0546", "satellite": "N", "daynight": "D", "scan": 0.38, "track": 0.36}}, {"type": "Feature", "geometry": {"type": "Point", "coordinates": [-6.60675, 43.20935]}, "properties": {"source_sensor": "VIIRS (Suomi NPP)", "frp": 94.47, "confidence": "high", "brightness_ti4": 367.0, "brightness_ti5": 318.99, "acq_date": "2026-04-06", "acq_time": "1414", "satellite": "N", "daynight": "D", "scan": 0.36, "track": 0.58}}, {"type": "Feature", "geometry": {"type": "Point", "coordinates": [145.98291, -36.30346]}, "properties": {"source_sensor": "VIIRS (Suomi NPP)", "frp": 94.47, "confidence": "high", "brightness_ti4": 367.0, "brightness_ti5": 311.01, "acq_date": "2026-04-07", "acq_time": "0504", "satellite": "N", "daynight": "D", "scan": 0.42, "track": 0.61}}, {"type": "Feature", "geometry": {"type": "Point", "coordinates": [49.67009, 46.39708]}, "properties": {"source_sensor": "MODIS (Aqua/Terra)", "frp": 94.42, "confidence": 100, "brightness": 355.88, "bright_t31": 278.87, "acq_date": "2026-04-07", "acq_time": "0048", "satellite": "A", "daynight": "N", "scan": 1.1, "track": 1.05}}, {"type": "Feature", "geometry": {"type": "Point", "coordinates": [102.66693, 20.40061]}, "properties": {"source_sensor": "MODIS (Aqua/Terra)", "frp": 94.41, "confidence": 97, "brightness": 355.01, "bright_t31": 302.35, "acq_date": "2026-04-07", "acq_time": "0826", "satellite": "A", "daynight": "D", "scan": 1.28, "track": 1.12}}, {"type": "Feature", "geometry": {"type": "Point", "coordinates": [96.5956, 19.35634]}, "properties": {"source_sensor": "MODIS (Aqua/Terra)", "frp": 94.39, "confidence": 97, "brightness": 354.95, "bright_t31": 300.3, "acq_date": "2026-04-07", "acq_time": "0826", "satellite": "A", "daynight": "D", "scan": 1.25, "track": 1.11}}, {"type": "Feature", "geometry": {"type": "Point", "coordinates": [97.64828, 17.56046]}, "properties": {"source_sensor": "VIIRS (Suomi NPP)", "frp": 94.35, "confidence": "nominal", "brightness_ti4": 344.53, "brightness_ti5": 304.48, "acq_date": "2026-04-06", "acq_time": "0722", "satellite": "N", "daynight": "D", "scan": 0.57, "track": 0.52}}, {"type": "Feature", "geometry": {"type": "Point", "coordinates": [102.11955, 20.13372]}, "properties": {"source_sensor": "MODIS (Aqua/Terra)", "frp": 94.27, "confidence": 86, "brightness": 334.53, "bright_t31": 298.89, "acq_date": "2026-04-06", "acq_time": "0750", "satellite": "A", "daynight": "D", "scan": 2.3, "track": 1.47}}, {"type": "Feature", "geometry": {"type": "Point", "coordinates": [128.33733, -18.13207]}, "properties": {"source_sensor": "MODIS (Aqua/Terra)", "frp": 94.23, "confidence": 95, "brightness": 350.51, "bright_t31": 305.34, "acq_date": "2026-04-07", "acq_time": "0640", "satellite": "A", "daynight": "D", "scan": 1.49, "track": 1.21}}, {"type": "Feature", "geometry": {"type": "Point", "coordinates": [100.76531, 19.80479]}, "properties": {"source_sensor": "VIIRS (Suomi NPP)", "frp": 94.13, "confidence": "nominal", "brightness_ti4": 350.58, "brightness_ti5": 299.55, "acq_date": "2026-04-06", "acq_time": "0542", "satellite": "N", "daynight": "D", "scan": 0.67, "track": 0.74}}, {"type": "Feature", "geometry": {"type": "Point", "coordinates": [100.7592, 19.8033]}, "properties": {"source_sensor": "VIIRS (Suomi NPP)", "frp": 94.13, "confidence": "nominal", "brightness_ti4": 352.65, "brightness_ti5": 292.97, "acq_date": "2026-04-06", "acq_time": "0542", "satellite": "N", "daynight": "D", "scan": 0.67, "track": 0.74}}, {"type": "Feature", "geometry": {"type": "Point", "coordinates": [46.35633, 47.93607]}, "properties": {"source_sensor": "MODIS (Aqua/Terra)", "frp": 94.1, "confidence": 91, "brightness": 350.17, "bright_t31": 294.63, "acq_date": "2026-04-06", "acq_time": "1115", "satellite": "A", "daynight": "D", "scan": 1.34, "track": 1.15}}, {"type": "Feature", "geometry": {"type": "Point", "coordinates": [102.25022, 20.60684]}, "properties": {"source_sensor": "VIIRS (Suomi NPP)", "frp": 94.08, "confidence": "high", "brightness_ti4": 367.0, "brightness_ti5": 294.9, "acq_date": "2026-04-06", "acq_time": "0722", "satellite": "N", "daynight": "D", "scan": 0.61, "track": 0.71}}, {"type": "Feature", "geometry": {"type": "Point", "coordinates": [102.24352, 20.60631]}, "properties": {"source_sensor": "VIIRS (Suomi NPP)", "frp": 94.08, "confidence": "nominal", "brightness_ti4": 353.38, "brightness_ti5": 311.84, "acq_date": "2026-04-06", "acq_time": "0722", "satellite": "N", "daynight": "D", "scan": 0.61, "track": 0.71}}, {"type": "Feature", "geometry": {"type": "Point", "coordinates": [102.24506, 20.61314]}, "properties": {"source_sensor": "VIIRS (Suomi NPP)", "frp": 94.08, "confidence": "high", "brightness_ti4": 367.0, "brightness_ti5": 297.44, "acq_date": "2026-04-06", "acq_time": "0722", "satellite": "N", "daynight": "D", "scan": 0.61, "track": 0.71}}, {"type": "Feature", "geometry": {"type": "Point", "coordinates": [49.68209, 46.44435]}, "properties": {"source_sensor": "VIIRS (Suomi NPP)", "frp": 94.01, "confidence": "high", "brightness_ti4": 367.0, "brightness_ti5": 345.44, "acq_date": "2026-04-06", "acq_time": "0911", "satellite": "N", "daynight": "D", "scan": 0.52, "track": 0.42}}, {"type": "Feature", "geometry": {"type": "Point", "coordinates": [49.67545, 46.44295]}, "properties": {"source_sensor": "VIIRS (Suomi NPP)", "frp": 94.01, "confidence": "nominal", "brightness_ti4": 343.87, "brightness_ti5": 298.01, "acq_date": "2026-04-06", "acq_time": "0911", "satellite": "N", "daynight": "D", "scan": 0.52, "track": 0.42}}, {"type": "Feature", "geometry": {"type": "Point", "coordinates": [49.68044, 46.44806]}, "properties": {"source_sensor": "VIIRS (Suomi NPP)", "frp": 94.01, "confidence": "high", "brightness_ti4": 367.0, "brightness_ti5": 345.45, "acq_date": "2026-04-06", "acq_time": "0911", "satellite": "N", "daynight": "D", "scan": 0.52, "track": 0.42}}, {"type": "Feature", "geometry": {"type": "Point", "coordinates": [49.6738, 46.44666]}, "properties": {"source_sensor": "VIIRS (Suomi NPP)", "frp": 94.01, "confidence": "nominal", "brightness_ti4": 344.52, "brightness_ti5": 298.02, "acq_date": "2026-04-06", "acq_time": "0911", "satellite": "N", "daynight": "D", "scan": 0.52, "track": 0.42}}, {"type": "Feature", "geometry": {"type": "Point", "coordinates": [103.74593, 18.80423]}, "properties": {"source_sensor": "VIIRS (Suomi NPP)", "frp": 93.96, "confidence": "nominal", "brightness_ti4": 355.6, "brightness_ti5": 296.06, "acq_date": "2026-04-06", "acq_time": "0722", "satellite": "N", "daynight": "D", "scan": 0.73, "track": 0.76}}, {"type": "Feature", "geometry": {"type": "Point", "coordinates": [106.93658, 12.98276]}, "properties": {"source_sensor": "MODIS (Aqua/Terra)", "frp": 93.94, "confidence": 98, "brightness": 357.13, "bright_t31": 304.37, "acq_date": "2026-04-07", "acq_time": "0206", "satellite": "T", "daynight": "D", "scan": 1.24, "track": 1.1}}, {"type": "Feature", "geometry": {"type": "Point", "coordinates": [105.17028, 17.96886]}, "properties": {"source_sensor": "MODIS (Aqua/Terra)", "frp": 93.92, "confidence": 91, "brightness": 344.21, "bright_t31": 302.35, "acq_date": "2026-04-07", "acq_time": "0826", "satellite": "A", "daynight": "D", "scan": 1.75, "track": 1.3}}, {"type": "Feature", "geometry": {"type": "Point", "coordinates": [100.55756, 20.48268]}, "properties": {"source_sensor": "MODIS (Aqua/Terra)", "frp": 93.91, "confidence": 92, "brightness": 342.07, "bright_t31": 294.64, "acq_date": "2026-04-07", "acq_time": "0204", "satellite": "T", "daynight": "D", "scan": 1.71, "track": 1.28}}, {"type": "Feature", "geometry": {"type": "Point", "coordinates": [100.93732, 20.56666]}, "properties": {"source_sensor": "MODIS (Aqua/Terra)", "frp": 93.83, "confidence": 100, "brightness": 363.45, "bright_t31": 307.93, "acq_date": "2026-04-07", "acq_time": "0828", "satellite": "A", "daynight": "D", "scan": 1.06, "track": 1.03}}, {"type": "Feature", "geometry": {"type": "Point", "coordinates": [48.83308, 46.14502]}, "properties": {"source_sensor": "VIIRS (Suomi NPP)", "frp": 93.82, "confidence": "high", "brightness_ti4": 367.0, "brightness_ti5": 353.87, "acq_date": "2026-04-07", "acq_time": "1034", "satellite": "N", "daynight": "D", "scan": 0.38, "track": 0.59}}, {"type": "Feature", "geometry": {"type": "Point", "coordinates": [48.828, 46.14483]}, "properties": {"source_sensor": "VIIRS (Suomi NPP)", "frp": 93.82, "confidence": "nominal", "brightness_ti4": 335.05, "brightness_ti5": 295.89, "acq_date": "2026-04-07", "acq_time": "1034", "satellite": "N", "daynight": "D", "scan": 0.38, "track": 0.59}}, {"type": "Feature", "geometry": {"type": "Point", "coordinates": [48.82761, 46.15033]}, "properties": {"source_sensor": "VIIRS (Suomi NPP)", "frp": 93.82, "confidence": "nominal", "brightness_ti4": 353.76, "brightness_ti5": 299.05, "acq_date": "2026-04-07", "acq_time": "1034", "satellite": "N", "daynight": "D", "scan": 0.38, "track": 0.59}}, {"type": "Feature", "geometry": {"type": "Point", "coordinates": [48.83269, 46.15052]}, "properties": {"source_sensor": "VIIRS (Suomi NPP)", "frp": 93.82, "confidence": "low", "brightness_ti4": 367.0, "brightness_ti5": 359.61, "acq_date": "2026-04-07", "acq_time": "1034", "satellite": "N", "daynight": "D", "scan": 0.38, "track": 0.59}}, {"type": "Feature", "geometry": {"type": "Point", "coordinates": [97.46098, 18.2409]}, "properties": {"source_sensor": "VIIRS (Suomi NPP)", "frp": 93.77, "confidence": "nominal", "brightness_ti4": 335.38, "brightness_ti5": 300.21, "acq_date": "2026-04-07", "acq_time": "0701", "satellite": "N", "daynight": "D", "scan": 0.45, "track": 0.39}}, {"type": "Feature", "geometry": {"type": "Point", "coordinates": [97.4561, 18.24388]}, "properties": {"source_sensor": "VIIRS (Suomi NPP)", "frp": 93.77, "confidence": "nominal", "brightness_ti4": 350.98, "brightness_ti5": 300.38, "acq_date": "2026-04-07", "acq_time": "0701", "satellite": "N", "daynight": "D", "scan": 0.45, "track": 0.39}}, {"type": "Feature", "geometry": {"type": "Point", "coordinates": [-61.9255, -21.48231]}, "properties": {"source_sensor": "VIIRS (Suomi NPP)", "frp": 93.76, "confidence": "nominal", "brightness_ti4": 337.18, "brightness_ti5": 302.69, "acq_date": "2026-04-06", "acq_time": "1720", "satellite": "N", "daynight": "D", "scan": 0.61, "track": 0.54}}, {"type": "Feature", "geometry": {"type": "Point", "coordinates": [29.19654, -1.41341]}, "properties": {"source_sensor": "MODIS (Aqua/Terra)", "frp": 93.66, "confidence": 93, "brightness": 357.62, "bright_t31": 293.56, "acq_date": "2026-04-07", "acq_time": "0707", "satellite": "T", "daynight": "D", "scan": 1.14, "track": 1.06}}, {"type": "Feature", "geometry": {"type": "Point", "coordinates": [97.52097, 17.82504]}, "properties": {"source_sensor": "VIIRS (Suomi NPP)", "frp": 93.65, "confidence": "nominal", "brightness_ti4": 341.81, "brightness_ti5": 301.37, "acq_date": "2026-04-07", "acq_time": "0701", "satellite": "N", "daynight": "D", "scan": 0.45, "track": 0.39}}, {"type": "Feature", "geometry": {"type": "Point", "coordinates": [97.5164, 17.82805]}, "properties": {"source_sensor": "VIIRS (Suomi NPP)", "frp": 93.65, "confidence": "low", "brightness_ti4": 331.98, "brightness_ti5": 302.59, "acq_date": "2026-04-07", "acq_time": "0701", "satellite": "N", "daynight": "D", "scan": 0.45, "track": 0.39}}, {"type": "Feature", "geometry": {"type": "Point", "coordinates": [-93.11803, 17.84443]}, "properties": {"source_sensor": "MODIS (Aqua/Terra)", "frp": 93.65, "confidence": 100, "brightness": 331.79, "bright_t31": 290.56, "acq_date": "2026-04-06", "acq_time": "1006", "satellite": "A", "daynight": "N", "scan": 2.15, "track": 1.42}}, {"type": "Feature", "geometry": {"type": "Point", "coordinates": [93.65125, 22.68671]}, "properties": {"source_sensor": "VIIRS (Suomi NPP)", "frp": 93.57, "confidence": "nominal", "brightness_ti4": 344.75, "brightness_ti5": 315.34, "acq_date": "2026-04-06", "acq_time": "0722", "satellite": "N", "daynight": "D", "scan": 0.56, "track": 0.43}}, {"type": "Feature", "geometry": {"type": "Point", "coordinates": [93.65013, 22.69061]}, "properties": {"source_sensor": "VIIRS (Suomi NPP)", "frp": 93.57, "confidence": "low", "brightness_ti4": 367.0, "brightness_ti5": 330.07, "acq_date": "2026-04-06", "acq_time": "0722", "satellite": "N", "daynight": "D", "scan": 0.56, "track": 0.43}}, {"type": "Feature", "geometry": {"type": "Point", "coordinates": [-9.72977, 5.60322]}, "properties": {"source_sensor": "VIIRS (Suomi NPP)", "frp": 93.57, "confidence": "low", "brightness_ti4": 337.55, "brightness_ti5": 301.83, "acq_date": "2026-04-06", "acq_time": "1403", "satellite": "N", "daynight": "D", "scan": 0.39, "track": 0.36}}, {"type": "Feature", "geometry": {"type": "Point", "coordinates": [106.28182, 16.49454]}, "properties": {"source_sensor": "VIIRS (Suomi NPP)", "frp": 93.56, "confidence": "high", "brightness_ti4": 367.0, "brightness_ti5": 302.64, "acq_date": "2026-04-06", "acq_time": "0540", "satellite": "N", "daynight": "D", "scan": 0.35, "track": 0.57}}, {"type": "Feature", "geometry": {"type": "Point", "coordinates": [106.67762, 16.03006]}, "properties": {"source_sensor": "MODIS (Aqua/Terra)", "frp": 93.47, "confidence": 97, "brightness": 354.18, "bright_t31": 300.73, "acq_date": "2026-04-06", "acq_time": "0748", "satellite": "A", "daynight": "D", "scan": 1.3, "track": 1.13}}, {"type": "Feature", "geometry": {"type": "Point", "coordinates": [97.9584, 17.64792]}, "properties": {"source_sensor": "MODIS (Aqua/Terra)", "frp": 93.47, "confidence": 100, "brightness": 360.51, "bright_t31": 294.48, "acq_date": "2026-04-07", "acq_time": "0826", "satellite": "A", "daynight": "D", "scan": 1.12, "track": 1.05}}, {"type": "Feature", "geometry": {"type": "Point", "coordinates": [97.50748, 18.16688]}, "properties": {"source_sensor": "VIIRS (Suomi NPP)", "frp": 93.46, "confidence": "nominal", "brightness_ti4": 331.91, "brightness_ti5": 301.05, "acq_date": "2026-04-07", "acq_time": "0701", "satellite": "N", "daynight": "D", "scan": 0.45, "track": 0.39}}, {"type": "Feature", "geometry": {"type": "Point", "coordinates": [97.50339, 18.16633]}, "properties": {"source_sensor": "VIIRS (Suomi NPP)", "frp": 93.46, "confidence": "low", "brightness_ti4": 367.0, "brightness_ti5": 325.34, "acq_date": "2026-04-07", "acq_time": "0701", "satellite": "N", "daynight": "D", "scan": 0.45, "track": 0.39}}, {"type": "Feature", "geometry": {"type": "Point", "coordinates": [97.50281, 18.1699]}, "properties": {"source_sensor": "VIIRS (Suomi NPP)", "frp": 93.46, "confidence": "high", "brightness_ti4": 367.0, "brightness_ti5": 332.38, "acq_date": "2026-04-07", "acq_time": "0701", "satellite": "N", "daynight": "D", "scan": 0.45, "track": 0.39}}, {"type": "Feature", "geometry": {"type": "Point", "coordinates": [97.50692, 18.17046]}, "properties": {"source_sensor": "VIIRS (Suomi NPP)", "frp": 93.46, "confidence": "nominal", "brightness_ti4": 337.67, "brightness_ti5": 301.5, "acq_date": "2026-04-07", "acq_time": "0701", "satellite": "N", "daynight": "D", "scan": 0.45, "track": 0.39}}, {"type": "Feature", "geometry": {"type": "Point", "coordinates": [-9.28056, 7.37601]}, "properties": {"source_sensor": "VIIRS (Suomi NPP)", "frp": 93.4, "confidence": "low", "brightness_ti4": 306.97, "brightness_ti5": 308.88, "acq_date": "2026-04-06", "acq_time": "1403", "satellite": "N", "daynight": "D", "scan": 0.38, "track": 0.36}}, {"type": "Feature", "geometry": {"type": "Point", "coordinates": [-9.88868, 11.87058]}, "properties": {"source_sensor": "VIIRS (Suomi NPP)", "frp": 93.38, "confidence": "high", "brightness_ti4": 367.0, "brightness_ti5": 341.32, "acq_date": "2026-04-06", "acq_time": "1405", "satellite": "N", "daynight": "D", "scan": 0.39, "track": 0.36}}, {"type": "Feature", "geometry": {"type": "Point", "coordinates": [96.49097, 20.15585]}, "properties": {"source_sensor": "VIIRS (Suomi NPP)", "frp": 93.27, "confidence": "nominal", "brightness_ti4": 344.55, "brightness_ti5": 300.21, "acq_date": "2026-04-06", "acq_time": "0722", "satellite": "N", "daynight": "D", "scan": 0.52, "track": 0.5}}, {"type": "Feature", "geometry": {"type": "Point", "coordinates": [96.49078, 20.1605]}, "properties": {"source_sensor": "VIIRS (Suomi NPP)", "frp": 93.27, "confidence": "nominal", "brightness_ti4": 347.42, "brightness_ti5": 308.75, "acq_date": "2026-04-06", "acq_time": "0722", "satellite": "N", "daynight": "D", "scan": 0.52, "track": 0.5}}, {"type": "Feature", "geometry": {"type": "Point", "coordinates": [96.4858, 20.15995]}, "properties": {"source_sensor": "VIIRS (Suomi NPP)", "frp": 93.27, "confidence": "nominal", "brightness_ti4": 342.89, "brightness_ti5": 300.97, "acq_date": "2026-04-06", "acq_time": "0722", "satellite": "N", "daynight": "D", "scan": 0.52, "track": 0.5}}, {"type": "Feature", "geometry": {"type": "Point", "coordinates": [49.36697, 25.43873]}, "properties": {"source_sensor": "VIIRS (Suomi NPP)", "frp": 93.2, "confidence": "nominal", "brightness_ti4": 347.28, "brightness_ti5": 304.44, "acq_date": "2026-04-07", "acq_time": "1028", "satellite": "N", "daynight": "D", "scan": 0.51, "track": 0.49}}, {"type": "Feature", "geometry": {"type": "Point", "coordinates": [106.92744, 15.88789]}, "properties": {"source_sensor": "VIIRS (Suomi NPP)", "frp": 93.04, "confidence": "nominal", "brightness_ti4": 356.18, "brightness_ti5": 297.33, "acq_date": "2026-04-07", "acq_time": "0523", "satellite": "N", "daynight": "D", "scan": 0.66, "track": 0.73}}, {"type": "Feature", "geometry": {"type": "Point", "coordinates": [48.94576, 31.21103]}, "properties": {"source_sensor": "MODIS (Aqua/Terra)", "frp": 93.04, "confidence": 95, "brightness": 348.62, "bright_t31": 299.79, "acq_date": "2026-04-06", "acq_time": "0618", "satellite": "T", "daynight": "D", "scan": 1.49, "track": 1.21}}, {"type": "Feature", "geometry": {"type": "Point", "coordinates": [103.57769, 12.83602]}, "properties": {"source_sensor": "VIIRS (Suomi NPP)", "frp": 93.0, "confidence": "low", "brightness_ti4": 344.59, "brightness_ti5": 315.84, "acq_date": "2026-04-07", "acq_time": "0701", "satellite": "N", "daynight": "D", "scan": 0.59, "track": 0.53}}, {"type": "Feature", "geometry": {"type": "Point", "coordinates": [103.58318, 12.83669]}, "properties": {"source_sensor": "VIIRS (Suomi NPP)", "frp": 93.0, "confidence": "low", "brightness_ti4": 367.0, "brightness_ti5": 326.93, "acq_date": "2026-04-07", "acq_time": "0701", "satellite": "N", "daynight": "D", "scan": 0.59, "track": 0.53}}, {"type": "Feature", "geometry": {"type": "Point", "coordinates": [103.58257, 12.84157]}, "properties": {"source_sensor": "VIIRS (Suomi NPP)", "frp": 93.0, "confidence": "nominal", "brightness_ti4": 352.13, "brightness_ti5": 305.1, "acq_date": "2026-04-07", "acq_time": "0701", "satellite": "N", "daynight": "D", "scan": 0.59, "track": 0.53}}, {"type": "Feature", "geometry": {"type": "Point", "coordinates": [103.57706, 12.84091]}, "properties": {"source_sensor": "VIIRS (Suomi NPP)", "frp": 93.0, "confidence": "nominal", "brightness_ti4": 346.75, "brightness_ti5": 309.75, "acq_date": "2026-04-07", "acq_time": "0701", "satellite": "N", "daynight": "D", "scan": 0.59, "track": 0.53}}, {"type": "Feature", "geometry": {"type": "Point", "coordinates": [96.58959, 20.04449]}, "properties": {"source_sensor": "VIIRS (Suomi NPP)", "frp": 93.0, "confidence": "nominal", "brightness_ti4": 342.05, "brightness_ti5": 305.24, "acq_date": "2026-04-07", "acq_time": "0703", "satellite": "N", "daynight": "D", "scan": 0.43, "track": 0.38}}, {"type": "Feature", "geometry": {"type": "Point", "coordinates": [96.59327, 20.04858]}, "properties": {"source_sensor": "VIIRS (Suomi NPP)", "frp": 93.0, "confidence": "nominal", "brightness_ti4": 343.16, "brightness_ti5": 312.45, "acq_date": "2026-04-07", "acq_time": "0703", "satellite": "N", "daynight": "D", "scan": 0.43, "track": 0.38}}, {"type": "Feature", "geometry": {"type": "Point", "coordinates": [-63.00052, 9.17582]}, "properties": {"source_sensor": "VIIRS (Suomi NPP)", "frp": 92.87, "confidence": "low", "brightness_ti4": 340.51, "brightness_ti5": 297.76, "acq_date": "2026-04-06", "acq_time": "1728", "satellite": "N", "daynight": "D", "scan": 0.43, "track": 0.38}}, {"type": "Feature", "geometry": {"type": "Point", "coordinates": [-63.0011, 9.17933]}, "properties": {"source_sensor": "VIIRS (Suomi NPP)", "frp": 92.87, "confidence": "low", "brightness_ti4": 333.83, "brightness_ti5": 304.15, "acq_date": "2026-04-06", "acq_time": "1728", "satellite": "N", "daynight": "D", "scan": 0.43, "track": 0.38}}, {"type": "Feature", "geometry": {"type": "Point", "coordinates": [102.71606, 18.38905]}, "properties": {"source_sensor": "MODIS (Aqua/Terra)", "frp": 92.85, "confidence": 86, "brightness": 335.34, "bright_t31": 300.94, "acq_date": "2026-04-06", "acq_time": "0748", "satellite": "A", "daynight": "D", "scan": 2.26, "track": 1.46}}, {"type": "Feature", "geometry": {"type": "Point", "coordinates": [-12.69077, 7.89104]}, "properties": {"source_sensor": "MODIS (Aqua/Terra)", "frp": 92.85, "confidence": 100, "brightness": 362.9, "bright_t31": 302.54, "acq_date": "2026-04-06", "acq_time": "1558", "satellite": "A", "daynight": "D", "scan": 1.05, "track": 1.02}}, {"type": "Feature", "geometry": {"type": "Point", "coordinates": [48.90142, 45.99466]}, "properties": {"source_sensor": "MODIS (Aqua/Terra)", "frp": 92.65, "confidence": 0, "brightness": 329.44, "bright_t31": 293.88, "acq_date": "2026-04-07", "acq_time": "0654", "satellite": "T", "daynight": "D", "scan": 2.47, "track": 1.51}}, {"type": "Feature", "geometry": {"type": "Point", "coordinates": [101.34233, 20.43971]}, "properties": {"source_sensor": "VIIRS (Suomi NPP)", "frp": 92.52, "confidence": "nominal", "brightness_ti4": 339.23, "brightness_ti5": 306.74, "acq_date": "2026-04-07", "acq_time": "0703", "satellite": "N", "daynight": "D", "scan": 0.53, "track": 0.5}}, {"type": "Feature", "geometry": {"type": "Point", "coordinates": [37.73317, 49.65778]}, "properties": {"source_sensor": "MODIS (Aqua/Terra)", "frp": 92.52, "confidence": 80, "brightness": 321.19, "bright_t31": 293.62, "acq_date": "2026-04-06", "acq_time": "1115", "satellite": "A", "daynight": "D", "scan": 3.13, "track": 1.68}}, {"type": "Feature", "geometry": {"type": "Point", "coordinates": [107.44983, 12.31633]}, "properties": {"source_sensor": "MODIS (Aqua/Terra)", "frp": 92.33, "confidence": 96, "brightness": 352.85, "bright_t31": 302.84, "acq_date": "2026-04-06", "acq_time": "0746", "satellite": "A", "daynight": "D", "scan": 1.32, "track": 1.14}}, {"type": "Feature", "geometry": {"type": "Point", "coordinates": [100.77116, 19.80622]}, "properties": {"source_sensor": "VIIRS (Suomi NPP)", "frp": 92.29, "confidence": "high", "brightness_ti4": 367.0, "brightness_ti5": 293.38, "acq_date": "2026-04-06", "acq_time": "0542", "satellite": "N", "daynight": "D", "scan": 0.67, "track": 0.73}}, {"type": "Feature", "geometry": {"type": "Point", "coordinates": [79.43673, 23.46937]}, "properties": {"source_sensor": "MODIS (Aqua/Terra)", "frp": 92.26, "confidence": 92, "brightness": 347.12, "bright_t31": 310.65, "acq_date": "2026-04-07", "acq_time": "1006", "satellite": "A", "daynight": "D", "scan": 1.75, "track": 1.3}}, {"type": "Feature", "geometry": {"type": "Point", "coordinates": [65.65165, 54.88868]}, "properties": {"source_sensor": "MODIS (Aqua/Terra)", "frp": 92.25, "confidence": 86, "brightness": 347.94, "bright_t31": 292.18, "acq_date": "2026-04-06", "acq_time": "0939", "satellite": "A", "daynight": "D", "scan": 1.49, "track": 1.2}}, {"type": "Feature", "geometry": {"type": "Point", "coordinates": [-12.7156, 11.24319]}, "properties": {"source_sensor": "VIIRS (Suomi NPP)", "frp": 92.21, "confidence": "high", "brightness_ti4": 367.0, "brightness_ti5": 334.39, "acq_date": "2026-04-06", "acq_time": "1405", "satellite": "N", "daynight": "D", "scan": 0.43, "track": 0.38}}, {"type": "Feature", "geometry": {"type": "Point", "coordinates": [43.88773, 35.68653]}, "properties": {"source_sensor": "MODIS (Aqua/Terra)", "frp": 92.15, "confidence": 98, "brightness": 319.4, "bright_t31": 280.49, "acq_date": "2026-04-06", "acq_time": "0011", "satellite": "A", "daynight": "N", "scan": 2.73, "track": 1.58}}, {"type": "Feature", "geometry": {"type": "Point", "coordinates": [-10.25808, 12.375]}, "properties": {"source_sensor": "MODIS (Aqua/Terra)", "frp": 92.09, "confidence": 100, "brightness": 363.45, "bright_t31": 319.17, "acq_date": "2026-04-06", "acq_time": "1601", "satellite": "A", "daynight": "D", "scan": 1.13, "track": 1.06}}, {"type": "Feature", "geometry": {"type": "Point", "coordinates": [-12.91134, 9.83127]}, "properties": {"source_sensor": "VIIRS (Suomi NPP)", "frp": 92.05, "confidence": "low", "brightness_ti4": 367.0, "brightness_ti5": 328.48, "acq_date": "2026-04-06", "acq_time": "1405", "satellite": "N", "daynight": "D", "scan": 0.46, "track": 0.39}}, {"type": "Feature", "geometry": {"type": "Point", "coordinates": [103.01308, 18.43125]}, "properties": {"source_sensor": "MODIS (Aqua/Terra)", "frp": 92.05, "confidence": 87, "brightness": 336.13, "bright_t31": 297.12, "acq_date": "2026-04-06", "acq_time": "0748", "satellite": "A", "daynight": "D", "scan": 2.14, "track": 1.42}}, {"type": "Feature", "geometry": {"type": "Point", "coordinates": [83.34385, 27.26329]}, "properties": {"source_sensor": "MODIS (Aqua/Terra)", "frp": 92.02, "confidence": 100, "brightness": 327.8, "bright_t31": 292.79, "acq_date": "2026-04-06", "acq_time": "1537", "satellite": "T", "daynight": "N", "scan": 2.51, "track": 1.52}}, {"type": "Feature", "geometry": {"type": "Point", "coordinates": [106.29691, 16.7193]}, "properties": {"source_sensor": "MODIS (Aqua/Terra)", "frp": 91.97, "confidence": 97, "brightness": 353.84, "bright_t31": 305.93, "acq_date": "2026-04-06", "acq_time": "0748", "satellite": "A", "daynight": "D", "scan": 1.34, "track": 1.15}}, {"type": "Feature", "geometry": {"type": "Point", "coordinates": [106.68275, 14.04309]}, "properties": {"source_sensor": "MODIS (Aqua/Terra)", "frp": 91.88, "confidence": 96, "brightness": 352.88, "bright_t31": 305.47, "acq_date": "2026-04-06", "acq_time": "0748", "satellite": "A", "daynight": "D", "scan": 1.39, "track": 1.17}}, {"type": "Feature", "geometry": {"type": "Point", "coordinates": [103.37952, 19.99179]}, "properties": {"source_sensor": "VIIRS (Suomi NPP)", "frp": 91.87, "confidence": "nominal", "brightness_ti4": 348.79, "brightness_ti5": 300.61, "acq_date": "2026-04-06", "acq_time": "0542", "satellite": "N", "daynight": "D", "scan": 0.46, "track": 0.63}}, {"type": "Feature", "geometry": {"type": "Point", "coordinates": [-96.49249, 37.08176]}, "properties": {"source_sensor": "VIIRS (Suomi NPP)", "frp": 91.85, "confidence": "high", "brightness_ti4": 367.0, "brightness_ti5": 342.25, "acq_date": "2026-04-06", "acq_time": "1917", "satellite": "N", "daynight": "D", "scan": 0.44, "track": 0.39}}, {"type": "Feature", "geometry": {"type": "Point", "coordinates": [-96.4876, 37.08265]}, "properties": {"source_sensor": "VIIRS (Suomi NPP)", "frp": 91.85, "confidence": "nominal", "brightness_ti4": 336.39, "brightness_ti5": 299.41, "acq_date": "2026-04-06", "acq_time": "1917", "satellite": "N", "daynight": "D", "scan": 0.44, "track": 0.39}}, {"type": "Feature", "geometry": {"type": "Point", "coordinates": [-96.49351, 37.08525]}, "properties": {"source_sensor": "VIIRS (Suomi NPP)", "frp": 91.85, "confidence": "nominal", "brightness_ti4": 337.53, "brightness_ti5": 300.98, "acq_date": "2026-04-06", "acq_time": "1917", "satellite": "N", "daynight": "D", "scan": 0.44, "track": 0.39}}, {"type": "Feature", "geometry": {"type": "Point", "coordinates": [96.45226, 20.23039]}, "properties": {"source_sensor": "MODIS (Aqua/Terra)", "frp": 91.77, "confidence": 97, "brightness": 354.82, "bright_t31": 301.58, "acq_date": "2026-04-07", "acq_time": "0828", "satellite": "A", "daynight": "D", "scan": 1.24, "track": 1.1}}, {"type": "Feature", "geometry": {"type": "Point", "coordinates": [104.31879, 19.75436]}, "properties": {"source_sensor": "VIIRS (Suomi NPP)", "frp": 91.65, "confidence": "nominal", "brightness_ti4": 339.29, "brightness_ti5": 293.67, "acq_date": "2026-04-06", "acq_time": "0542", "satellite": "N", "daynight": "D", "scan": 0.4, "track": 0.6}}, {"type": "Feature", "geometry": {"type": "Point", "coordinates": [-95.86924, 38.54177]}, "properties": {"source_sensor": "MODIS (Aqua/Terra)", "frp": 91.48, "confidence": 93, "brightness": 342.48, "bright_t31": 292.93, "acq_date": "2026-04-06", "acq_time": "1609", "satellite": "T", "daynight": "D", "scan": 1.62, "track": 1.25}}, {"type": "Feature", "geometry": {"type": "Point", "coordinates": [-97.56268, 38.97668]}, "properties": {"source_sensor": "VIIRS (Suomi NPP)", "frp": 91.43, "confidence": "high", "brightness_ti4": 367.0, "brightness_ti5": 332.69, "acq_date": "2026-04-06", "acq_time": "1917", "satellite": "N", "daynight": "D", "scan": 0.46, "track": 0.39}}, {"type": "Feature", "geometry": {"type": "Point", "coordinates": [104.00173, 18.66091]}, "properties": {"source_sensor": "VIIRS (Suomi NPP)", "frp": 91.27, "confidence": "high", "brightness_ti4": 367.0, "brightness_ti5": 297.12, "acq_date": "2026-04-06", "acq_time": "0722", "satellite": "N", "daynight": "D", "scan": 0.75, "track": 0.77}}, {"type": "Feature", "geometry": {"type": "Point", "coordinates": [97.44932, 23.35661]}, "properties": {"source_sensor": "MODIS (Aqua/Terra)", "frp": 91.24, "confidence": 73, "brightness": 316.96, "bright_t31": 292.01, "acq_date": "2026-04-06", "acq_time": "0752", "satellite": "A", "daynight": "D", "scan": 4.34, "track": 1.92}}, {"type": "Feature", "geometry": {"type": "Point", "coordinates": [128.33141, -18.12805]}, "properties": {"source_sensor": "MODIS (Aqua/Terra)", "frp": 91.22, "confidence": 95, "brightness": 349.84, "bright_t31": 305.85, "acq_date": "2026-04-07", "acq_time": "0640", "satellite": "A", "daynight": "D", "scan": 1.49, "track": 1.21}}, {"type": "Feature", "geometry": {"type": "Point", "coordinates": [95.88296, 18.23038]}, "properties": {"source_sensor": "VIIRS (Suomi NPP)", "frp": 91.19, "confidence": "nominal", "brightness_ti4": 342.01, "brightness_ti5": 305.11, "acq_date": "2026-04-06", "acq_time": "0722", "satellite": "N", "daynight": "D", "scan": 0.45, "track": 0.47}}, {"type": "Feature", "geometry": {"type": "Point", "coordinates": [-3.91861, 13.23751]}, "properties": {"source_sensor": "VIIRS (Suomi NPP)", "frp": 91.19, "confidence": "low", "brightness_ti4": 367.0, "brightness_ti5": 341.83, "acq_date": "2026-04-06", "acq_time": "1405", "satellite": "N", "daynight": "D", "scan": 0.49, "track": 0.49}}, {"type": "Feature", "geometry": {"type": "Point", "coordinates": [-10.25696, 12.27284]}, "properties": {"source_sensor": "MODIS (Aqua/Terra)", "frp": 91.15, "confidence": 100, "brightness": 364.41, "bright_t31": 318.09, "acq_date": "2026-04-06", "acq_time": "1601", "satellite": "A", "daynight": "D", "scan": 1.13, "track": 1.06}}, {"type": "Feature", "geometry": {"type": "Point", "coordinates": [106.32379, 16.73602]}, "properties": {"source_sensor": "VIIRS (Suomi NPP)", "frp": 91.09, "confidence": "nominal", "brightness_ti4": 335.69, "brightness_ti5": 296.96, "acq_date": "2026-04-06", "acq_time": "0540", "satellite": "N", "daynight": "D", "scan": 0.34, "track": 0.56}}, {"type": "Feature", "geometry": {"type": "Point", "coordinates": [97.40837, 17.98911]}, "properties": {"source_sensor": "VIIRS (Suomi NPP)", "frp": 91.05, "confidence": "nominal", "brightness_ti4": 343.76, "brightness_ti5": 312.39, "acq_date": "2026-04-07", "acq_time": "0701", "satellite": "N", "daynight": "D", "scan": 0.44, "track": 0.39}}, {"type": "Feature", "geometry": {"type": "Point", "coordinates": [-12.63719, 8.53772]}, "properties": {"source_sensor": "MODIS (Aqua/Terra)", "frp": 91.05, "confidence": 100, "brightness": 363.74, "bright_t31": 306.44, "acq_date": "2026-04-06", "acq_time": "1558", "satellite": "A", "daynight": "D", "scan": 1.03, "track": 1.02}}, {"type": "Feature", "geometry": {"type": "Point", "coordinates": [80.11882, 19.35932]}, "properties": {"source_sensor": "MODIS (Aqua/Terra)", "frp": 91.01, "confidence": 94, "brightness": 350.08, "bright_t31": 307.27, "acq_date": "2026-04-06", "acq_time": "0928", "satellite": "A", "daynight": "D", "scan": 1.53, "track": 1.22}}, {"type": "Feature", "geometry": {"type": "Point", "coordinates": [96.89072, 18.83838]}, "properties": {"source_sensor": "MODIS (Aqua/Terra)", "frp": 90.99, "confidence": 97, "brightness": 353.84, "bright_t31": 295.5, "acq_date": "2026-04-07", "acq_time": "0826", "satellite": "A", "daynight": "D", "scan": 1.22, "track": 1.1}}, {"type": "Feature", "geometry": {"type": "Point", "coordinates": [-13.15384, 10.32097]}, "properties": {"source_sensor": "VIIRS (Suomi NPP)", "frp": 90.97, "confidence": "high", "brightness_ti4": 367.0, "brightness_ti5": 347.91, "acq_date": "2026-04-06", "acq_time": "1405", "satellite": "N", "daynight": "D", "scan": 0.46, "track": 0.39}}, {"type": "Feature", "geometry": {"type": "Point", "coordinates": [-13.14989, 10.32161]}, "properties": {"source_sensor": "VIIRS (Suomi NPP)", "frp": 90.97, "confidence": "nominal", "brightness_ti4": 347.42, "brightness_ti5": 318.5, "acq_date": "2026-04-06", "acq_time": "1405", "satellite": "N", "daynight": "D", "scan": 0.46, "track": 0.39}}, {"type": "Feature", "geometry": {"type": "Point", "coordinates": [-13.1505, 10.32522]}, "properties": {"source_sensor": "VIIRS (Suomi NPP)", "frp": 90.97, "confidence": "nominal", "brightness_ti4": 348.37, "brightness_ti5": 317.6, "acq_date": "2026-04-06", "acq_time": "1405", "satellite": "N", "daynight": "D", "scan": 0.46, "track": 0.39}}, {"type": "Feature", "geometry": {"type": "Point", "coordinates": [-13.15446, 10.32458]}, "properties": {"source_sensor": "VIIRS (Suomi NPP)", "frp": 90.97, "confidence": "nominal", "brightness_ti4": 354.86, "brightness_ti5": 328.4, "acq_date": "2026-04-06", "acq_time": "1405", "satellite": "N", "daynight": "D", "scan": 0.46, "track": 0.39}}, {"type": "Feature", "geometry": {"type": "Point", "coordinates": [93.84371, 19.79028]}, "properties": {"source_sensor": "VIIRS (Suomi NPP)", "frp": 90.9, "confidence": "nominal", "brightness_ti4": 347.26, "brightness_ti5": 303.21, "acq_date": "2026-04-07", "acq_time": "0703", "satellite": "N", "daynight": "D", "scan": 0.38, "track": 0.36}}, {"type": "Feature", "geometry": {"type": "Point", "coordinates": [93.84005, 19.78971]}, "properties": {"source_sensor": "VIIRS (Suomi NPP)", "frp": 90.9, "confidence": "nominal", "brightness_ti4": 336.91, "brightness_ti5": 304.21, "acq_date": "2026-04-07", "acq_time": "0703", "satellite": "N", "daynight": "D", "scan": 0.38, "track": 0.36}}, {"type": "Feature", "geometry": {"type": "Point", "coordinates": [-96.58183, 37.06941]}, "properties": {"source_sensor": "MODIS (Aqua/Terra)", "frp": 90.87, "confidence": 97, "brightness": 353.02, "bright_t31": 299.12, "acq_date": "2026-04-06", "acq_time": "2101", "satellite": "A", "daynight": "D", "scan": 1.3, "track": 1.13}}, {"type": "Feature", "geometry": {"type": "Point", "coordinates": [123.68909, 13.24304]}, "properties": {"source_sensor": "MODIS (Aqua/Terra)", "frp": 90.82, "confidence": 91, "brightness": 341.7, "bright_t31": 305.02, "acq_date": "2026-04-07", "acq_time": "0028", "satellite": "T", "daynight": "D", "scan": 1.75, "track": 1.3}}, {"type": "Feature", "geometry": {"type": "Point", "coordinates": [101.60178, 16.23826]}, "properties": {"source_sensor": "MODIS (Aqua/Terra)", "frp": 90.82, "confidence": 100, "brightness": 363.22, "bright_t31": 310.59, "acq_date": "2026-04-07", "acq_time": "0826", "satellite": "A", "daynight": "D", "scan": 1.04, "track": 1.02}}, {"type": "Feature", "geometry": {"type": "Point", "coordinates": [145.81448, -35.88669]}, "properties": {"source_sensor": "MODIS (Aqua/Terra)", "frp": 90.76, "confidence": 86, "brightness": 328.58, "bright_t31": 294.83, "acq_date": "2026-04-07", "acq_time": "0633", "satellite": "A", "daynight": "D", "scan": 2.45, "track": 1.51}}, {"type": "Feature", "geometry": {"type": "Point", "coordinates": [101.04797, 20.09485]}, "properties": {"source_sensor": "VIIRS (Suomi NPP)", "frp": 90.74, "confidence": "nominal", "brightness_ti4": 331.97, "brightness_ti5": 299.42, "acq_date": "2026-04-07", "acq_time": "0703", "satellite": "N", "daynight": "D", "scan": 0.5, "track": 0.49}}, {"type": "Feature", "geometry": {"type": "Point", "coordinates": [101.04752, 20.09941]}, "properties": {"source_sensor": "VIIRS (Suomi NPP)", "frp": 90.74, "confidence": "nominal", "brightness_ti4": 334.73, "brightness_ti5": 300.38, "acq_date": "2026-04-07", "acq_time": "0703", "satellite": "N", "daynight": "D", "scan": 0.5, "track": 0.49}}, {"type": "Feature", "geometry": {"type": "Point", "coordinates": [-12.2286, 10.81704]}, "properties": {"source_sensor": "VIIRS (Suomi NPP)", "frp": 90.72, "confidence": "high", "brightness_ti4": 367.0, "brightness_ti5": 365.37, "acq_date": "2026-04-06", "acq_time": "1405", "satellite": "N", "daynight": "D", "scan": 0.42, "track": 0.38}}, {"type": "Feature", "geometry": {"type": "Point", "coordinates": [-12.22477, 10.81766]}, "properties": {"source_sensor": "VIIRS (Suomi NPP)", "frp": 90.72, "confidence": "nominal", "brightness_ti4": 338.55, "brightness_ti5": 309.4, "acq_date": "2026-04-06", "acq_time": "1405", "satellite": "N", "daynight": "D", "scan": 0.42, "track": 0.38}}, {"type": "Feature", "geometry": {"type": "Point", "coordinates": [-12.22911, 10.8205]}, "properties": {"source_sensor": "VIIRS (Suomi NPP)", "frp": 90.72, "confidence": "nominal", "brightness_ti4": 349.27, "brightness_ti5": 307.15, "acq_date": "2026-04-06", "acq_time": "1405", "satellite": "N", "daynight": "D", "scan": 0.42, "track": 0.38}}, {"type": "Feature", "geometry": {"type": "Point", "coordinates": [37.65069, 50.21876]}, "properties": {"source_sensor": "VIIRS (Suomi NPP)", "frp": 90.67, "confidence": "high", "brightness_ti4": 367.0, "brightness_ti5": 291.13, "acq_date": "2026-04-06", "acq_time": "0913", "satellite": "N", "daynight": "D", "scan": 0.42, "track": 0.61}}, {"type": "Feature", "geometry": {"type": "Point", "coordinates": [37.64515, 50.21699]}, "properties": {"source_sensor": "VIIRS (Suomi NPP)", "frp": 90.67, "confidence": "nominal", "brightness_ti4": 349.26, "brightness_ti5": 319.68, "acq_date": "2026-04-06", "acq_time": "0913", "satellite": "N", "daynight": "D", "scan": 0.42, "track": 0.61}}, {"type": "Feature", "geometry": {"type": "Point", "coordinates": [-12.44462, 10.90487]}, "properties": {"source_sensor": "VIIRS (Suomi NPP)", "frp": 90.66, "confidence": "nominal", "brightness_ti4": 356.72, "brightness_ti5": 311.47, "acq_date": "2026-04-06", "acq_time": "1405", "satellite": "N", "daynight": "D", "scan": 0.43, "track": 0.38}}, {"type": "Feature", "geometry": {"type": "Point", "coordinates": [-12.44852, 10.90423]}, "properties": {"source_sensor": "VIIRS (Suomi NPP)", "frp": 90.66, "confidence": "nominal", "brightness_ti4": 347.87, "brightness_ti5": 305.43, "acq_date": "2026-04-06", "acq_time": "1405", "satellite": "N", "daynight": "D", "scan": 0.43, "track": 0.38}}, {"type": "Feature", "geometry": {"type": "Point", "coordinates": [-12.4451, 10.90836]}, "properties": {"source_sensor": "VIIRS (Suomi NPP)", "frp": 90.66, "confidence": "high", "brightness_ti4": 367.0, "brightness_ti5": 360.97, "acq_date": "2026-04-06", "acq_time": "1405", "satellite": "N", "daynight": "D", "scan": 0.43, "track": 0.38}}, {"type": "Feature", "geometry": {"type": "Point", "coordinates": [-12.449, 10.90773]}, "properties": {"source_sensor": "VIIRS (Suomi NPP)", "frp": 90.66, "confidence": "high", "brightness_ti4": 367.0, "brightness_ti5": 366.26, "acq_date": "2026-04-06", "acq_time": "1405", "satellite": "N", "daynight": "D", "scan": 0.43, "track": 0.38}}, {"type": "Feature", "geometry": {"type": "Point", "coordinates": [100.82361, 19.8097]}, "properties": {"source_sensor": "VIIRS (Suomi NPP)", "frp": 90.5, "confidence": "nominal", "brightness_ti4": 346.06, "brightness_ti5": 305.76, "acq_date": "2026-04-07", "acq_time": "0703", "satellite": "N", "daynight": "D", "scan": 0.48, "track": 0.48}}, {"type": "Feature", "geometry": {"type": "Point", "coordinates": [100.81904, 19.80917]}, "properties": {"source_sensor": "VIIRS (Suomi NPP)", "frp": 90.5, "confidence": "low", "brightness_ti4": 314.15, "brightness_ti5": 320.68, "acq_date": "2026-04-07", "acq_time": "0703", "satellite": "N", "daynight": "D", "scan": 0.48, "track": 0.48}}, {"type": "Feature", "geometry": {"type": "Point", "coordinates": [100.81881, 19.81367]}, "properties": {"source_sensor": "VIIRS (Suomi NPP)", "frp": 90.5, "confidence": "high", "brightness_ti4": 367.0, "brightness_ti5": 305.15, "acq_date": "2026-04-07", "acq_time": "0703", "satellite": "N", "daynight": "D", "scan": 0.48, "track": 0.48}}, {"type": "Feature", "geometry": {"type": "Point", "coordinates": [97.21882, 23.08962]}, "properties": {"source_sensor": "MODIS (Aqua/Terra)", "frp": 90.46, "confidence": 86, "brightness": 359.73, "bright_t31": 295.82, "acq_date": "2026-04-07", "acq_time": "0828", "satellite": "A", "daynight": "D", "scan": 1.06, "track": 1.03}}, {"type": "Feature", "geometry": {"type": "Point", "coordinates": [-10.55768, 9.72941]}, "properties": {"source_sensor": "VIIRS (Suomi NPP)", "frp": 90.45, "confidence": "low", "brightness_ti4": 346.83, "brightness_ti5": 313.25, "acq_date": "2026-04-06", "acq_time": "1405", "satellite": "N", "daynight": "D", "scan": 0.39, "track": 0.36}}, {"type": "Feature", "geometry": {"type": "Point", "coordinates": [96.82622, 18.62267]}, "properties": {"source_sensor": "MODIS (Aqua/Terra)", "frp": 90.37, "confidence": 97, "brightness": 353.98, "bright_t31": 296.49, "acq_date": "2026-04-07", "acq_time": "0826", "satellite": "A", "daynight": "D", "scan": 1.24, "track": 1.11}}, {"type": "Feature", "geometry": {"type": "Point", "coordinates": [97.05722, 23.06995]}, "properties": {"source_sensor": "VIIRS (Suomi NPP)", "frp": 90.35, "confidence": "nominal", "brightness_ti4": 343.71, "brightness_ti5": 300.58, "acq_date": "2026-04-06", "acq_time": "0722", "satellite": "N", "daynight": "D", "scan": 0.61, "track": 0.53}}, {"type": "Feature", "geometry": {"type": "Point", "coordinates": [97.05209, 23.06945]}, "properties": {"source_sensor": "VIIRS (Suomi NPP)", "frp": 90.35, "confidence": "low", "brightness_ti4": 296.79, "brightness_ti5": 302.76, "acq_date": "2026-04-06", "acq_time": "0722", "satellite": "N", "daynight": "D", "scan": 0.61, "track": 0.53}}, {"type": "Feature", "geometry": {"type": "Point", "coordinates": [41.40116, 47.60271]}, "properties": {"source_sensor": "VIIRS (Suomi NPP)", "frp": 90.31, "confidence": "nominal", "brightness_ti4": 347.85, "brightness_ti5": 297.28, "acq_date": "2026-04-06", "acq_time": "1051", "satellite": "N", "daynight": "D", "scan": 0.58, "track": 0.52}}, {"type": "Feature", "geometry": {"type": "Point", "coordinates": [53.6311, 23.83303]}, "properties": {"source_sensor": "MODIS (Aqua/Terra)", "frp": 90.28, "confidence": 100, "brightness": 358.3, "bright_t31": 293.77, "acq_date": "2026-04-06", "acq_time": "1715", "satellite": "T", "daynight": "N", "scan": 1.09, "track": 1.04}}, {"type": "Feature", "geometry": {"type": "Point", "coordinates": [-11.17585, 9.45121]}, "properties": {"source_sensor": "VIIRS (Suomi NPP)", "frp": 90.21, "confidence": "low", "brightness_ti4": 339.83, "brightness_ti5": 305.11, "acq_date": "2026-04-06", "acq_time": "1405", "satellite": "N", "daynight": "D", "scan": 0.4, "track": 0.37}}, {"type": "Feature", "geometry": {"type": "Point", "coordinates": [-97.56492, 38.98375]}, "properties": {"source_sensor": "VIIRS (Suomi NPP)", "frp": 90.17, "confidence": "nominal", "brightness_ti4": 347.14, "brightness_ti5": 308.34, "acq_date": "2026-04-06", "acq_time": "1917", "satellite": "N", "daynight": "D", "scan": 0.46, "track": 0.39}}, {"type": "Feature", "geometry": {"type": "Point", "coordinates": [95.73432, 19.0354]}, "properties": {"source_sensor": "VIIRS (Suomi NPP)", "frp": 90.02, "confidence": "high", "brightness_ti4": 367.0, "brightness_ti5": 330.35, "acq_date": "2026-04-07", "acq_time": "0703", "satellite": "N", "daynight": "D", "scan": 0.4, "track": 0.37}}, {"type": "Feature", "geometry": {"type": "Point", "coordinates": [148.73404, -33.24145]}, "properties": {"source_sensor": "MODIS (Aqua/Terra)", "frp": 90.01, "confidence": 59, "brightness": 315.0, "bright_t31": 292.44, "acq_date": "2026-04-07", "acq_time": "0457", "satellite": "A", "daynight": "D", "scan": 4.68, "track": 1.98}}, {"type": "Feature", "geometry": {"type": "Point", "coordinates": [83.21645, 26.85333]}, "properties": {"source_sensor": "VIIRS (Suomi NPP)", "frp": 90.0, "confidence": "nominal", "brightness_ti4": 349.94, "brightness_ti5": 312.63, "acq_date": "2026-04-07", "acq_time": "0705", "satellite": "N", "daynight": "D", "scan": 0.61, "track": 0.54}}, {"type": "Feature", "geometry": {"type": "Point", "coordinates": [101.62877, 20.10826]}, "properties": {"source_sensor": "MODIS (Aqua/Terra)", "frp": 89.86, "confidence": 83, "brightness": 330.55, "bright_t31": 299.26, "acq_date": "2026-04-06", "acq_time": "0750", "satellite": "A", "daynight": "D", "scan": 2.52, "track": 1.53}}, {"type": "Feature", "geometry": {"type": "Point", "coordinates": [-96.61502, 38.28551]}, "properties": {"source_sensor": "VIIRS (Suomi NPP)", "frp": 89.85, "confidence": "nominal", "brightness_ti4": 330.57, "brightness_ti5": 297.66, "acq_date": "2026-04-06", "acq_time": "1917", "satellite": "N", "daynight": "D", "scan": 0.43, "track": 0.38}}, {"type": "Feature", "geometry": {"type": "Point", "coordinates": [92.57289, 21.61643]}, "properties": {"source_sensor": "VIIRS (Suomi NPP)", "frp": 89.79, "confidence": "nominal", "brightness_ti4": 341.68, "brightness_ti5": 300.41, "acq_date": "2026-04-06", "acq_time": "0722", "satellite": "N", "daynight": "D", "scan": 0.48, "track": 0.4}}, {"type": "Feature", "geometry": {"type": "Point", "coordinates": [48.94775, 31.21165]}, "properties": {"source_sensor": "VIIRS (Suomi NPP)", "frp": 89.78, "confidence": "low", "brightness_ti4": 298.99, "brightness_ti5": 307.26, "acq_date": "2026-04-07", "acq_time": "0850", "satellite": "N", "daynight": "D", "scan": 0.78, "track": 0.78}}, {"type": "Feature", "geometry": {"type": "Point", "coordinates": [-62.49062, 9.01428]}, "properties": {"source_sensor": "MODIS (Aqua/Terra)", "frp": 89.77, "confidence": 100, "brightness": 361.37, "bright_t31": 297.79, "acq_date": "2026-04-06", "acq_time": "1917", "satellite": "A", "daynight": "D", "scan": 1.07, "track": 1.03}}, {"type": "Feature", "geometry": {"type": "Point", "coordinates": [126.92406, 50.13823]}, "properties": {"source_sensor": "MODIS (Aqua/Terra)", "frp": 89.69, "confidence": 79, "brightness": 318.59, "bright_t31": 279.65, "acq_date": "2026-04-07", "acq_time": "0156", "satellite": "T", "daynight": "D", "scan": 2.93, "track": 1.63}}, {"type": "Feature", "geometry": {"type": "Point", "coordinates": [101.84255, 18.20247]}, "properties": {"source_sensor": "MODIS (Aqua/Terra)", "frp": 89.65, "confidence": 82, "brightness": 331.25, "bright_t31": 300.98, "acq_date": "2026-04-06", "acq_time": "0748", "satellite": "A", "daynight": "D", "scan": 2.66, "track": 1.57}}, {"type": "Feature", "geometry": {"type": "Point", "coordinates": [98.38051, 17.22215]}, "properties": {"source_sensor": "MODIS (Aqua/Terra)", "frp": 89.56, "confidence": 100, "brightness": 361.01, "bright_t31": 308.68, "acq_date": "2026-04-07", "acq_time": "0826", "satellite": "A", "daynight": "D", "scan": 1.09, "track": 1.04}}, {"type": "Feature", "geometry": {"type": "Point", "coordinates": [44.42223, 3.84758]}, "properties": {"source_sensor": "MODIS (Aqua/Terra)", "frp": 89.49, "confidence": 0, "brightness": 315.88, "bright_t31": 294.52, "acq_date": "2026-04-07", "acq_time": "1142", "satellite": "A", "daynight": "D", "scan": 4.03, "track": 1.86}}, {"type": "Feature", "geometry": {"type": "Point", "coordinates": [106.8884, 15.64134]}, "properties": {"source_sensor": "VIIRS (Suomi NPP)", "frp": 89.48, "confidence": "nominal", "brightness_ti4": 346.81, "brightness_ti5": 294.15, "acq_date": "2026-04-07", "acq_time": "0523", "satellite": "N", "daynight": "D", "scan": 0.67, "track": 0.74}}, {"type": "Feature", "geometry": {"type": "Point", "coordinates": [-96.39212, 39.23061]}, "properties": {"source_sensor": "VIIRS (Suomi NPP)", "frp": 89.42, "confidence": "nominal", "brightness_ti4": 335.51, "brightness_ti5": 304.9, "acq_date": "2026-04-06", "acq_time": "1917", "satellite": "N", "daynight": "D", "scan": 0.42, "track": 0.37}}, {"type": "Feature", "geometry": {"type": "Point", "coordinates": [-96.39687, 39.22976]}, "properties": {"source_sensor": "VIIRS (Suomi NPP)", "frp": 89.42, "confidence": "low", "brightness_ti4": 367.0, "brightness_ti5": 338.23, "acq_date": "2026-04-06", "acq_time": "1917", "satellite": "N", "daynight": "D", "scan": 0.42, "track": 0.37}}, {"type": "Feature", "geometry": {"type": "Point", "coordinates": [94.04463, 19.99861]}, "properties": {"source_sensor": "VIIRS (Suomi NPP)", "frp": 89.36, "confidence": "nominal", "brightness_ti4": 353.21, "brightness_ti5": 303.41, "acq_date": "2026-04-06", "acq_time": "0722", "satellite": "N", "daynight": "D", "scan": 0.55, "track": 0.43}}, {"type": "Feature", "geometry": {"type": "Point", "coordinates": [94.03912, 19.99791]}, "properties": {"source_sensor": "VIIRS (Suomi NPP)", "frp": 89.36, "confidence": "nominal", "brightness_ti4": 340.26, "brightness_ti5": 296.56, "acq_date": "2026-04-06", "acq_time": "0722", "satellite": "N", "daynight": "D", "scan": 0.55, "track": 0.42}}, {"type": "Feature", "geometry": {"type": "Point", "coordinates": [94.04391, 20.00251]}, "properties": {"source_sensor": "VIIRS (Suomi NPP)", "frp": 89.36, "confidence": "nominal", "brightness_ti4": 356.31, "brightness_ti5": 299.25, "acq_date": "2026-04-06", "acq_time": "0722", "satellite": "N", "daynight": "D", "scan": 0.55, "track": 0.43}}, {"type": "Feature", "geometry": {"type": "Point", "coordinates": [102.34754, 18.65691]}, "properties": {"source_sensor": "MODIS (Aqua/Terra)", "frp": 89.26, "confidence": 100, "brightness": 362.47, "bright_t31": 301.08, "acq_date": "2026-04-06", "acq_time": "1357", "satellite": "T", "daynight": "N", "scan": 1.0, "track": 1.0}}, {"type": "Feature", "geometry": {"type": "Point", "coordinates": [19.76896, 28.9097]}, "properties": {"source_sensor": "VIIRS (Suomi NPP)", "frp": 89.23, "confidence": "nominal", "brightness_ti4": 342.89, "brightness_ti5": 304.82, "acq_date": "2026-04-07", "acq_time": "1210", "satellite": "N", "daynight": "D", "scan": 0.49, "track": 0.4}}, {"type": "Feature", "geometry": {"type": "Point", "coordinates": [103.85717, 18.71049]}, "properties": {"source_sensor": "VIIRS (Suomi NPP)", "frp": 89.15, "confidence": "low", "brightness_ti4": 208.0, "brightness_ti5": 303.38, "acq_date": "2026-04-07", "acq_time": "0701", "satellite": "N", "daynight": "D", "scan": 0.36, "track": 0.58}}, {"type": "Feature", "geometry": {"type": "Point", "coordinates": [106.83387, 15.62051]}, "properties": {"source_sensor": "VIIRS (Suomi NPP)", "frp": 89.13, "confidence": "nominal", "brightness_ti4": 336.37, "brightness_ti5": 299.03, "acq_date": "2026-04-06", "acq_time": "0540", "satellite": "N", "daynight": "D", "scan": 0.33, "track": 0.56}}, {"type": "Feature", "geometry": {"type": "Point", "coordinates": [91.63177, 23.39705]}, "properties": {"source_sensor": "MODIS (Aqua/Terra)", "frp": 89.12, "confidence": 85, "brightness": 331.89, "bright_t31": 296.01, "acq_date": "2026-04-07", "acq_time": "0828", "satellite": "A", "daynight": "D", "scan": 2.3, "track": 1.47}}, {"type": "Feature", "geometry": {"type": "Point", "coordinates": [37.1218, 50.34857]}, "properties": {"source_sensor": "VIIRS (Suomi NPP)", "frp": 89.07, "confidence": "nominal", "brightness_ti4": 338.89, "brightness_ti5": 294.57, "acq_date": "2026-04-06", "acq_time": "1053", "satellite": "N", "daynight": "D", "scan": 0.4, "track": 0.45}}, {"type": "Feature", "geometry": {"type": "Point", "coordinates": [37.12753, 50.34904]}, "properties": {"source_sensor": "VIIRS (Suomi NPP)", "frp": 89.07, "confidence": "low", "brightness_ti4": 367.0, "brightness_ti5": 338.08, "acq_date": "2026-04-06", "acq_time": "1053", "satellite": "N", "daynight": "D", "scan": 0.4, "track": 0.45}}, {"type": "Feature", "geometry": {"type": "Point", "coordinates": [106.07207, 16.97792]}, "properties": {"source_sensor": "VIIRS (Suomi NPP)", "frp": 89.05, "confidence": "high", "brightness_ti4": 367.0, "brightness_ti5": 301.7, "acq_date": "2026-04-06", "acq_time": "0540", "satellite": "N", "daynight": "D", "scan": 0.35, "track": 0.57}}, {"type": "Feature", "geometry": {"type": "Point", "coordinates": [106.06898, 16.97729]}, "properties": {"source_sensor": "VIIRS (Suomi NPP)", "frp": 89.05, "confidence": "low", "brightness_ti4": 208.0, "brightness_ti5": 311.86, "acq_date": "2026-04-06", "acq_time": "0540", "satellite": "N", "daynight": "D", "scan": 0.35, "track": 0.57}}, {"type": "Feature", "geometry": {"type": "Point", "coordinates": [-96.59837, 38.55852]}, "properties": {"source_sensor": "VIIRS (Suomi NPP)", "frp": 88.97, "confidence": "nominal", "brightness_ti4": 333.7, "brightness_ti5": 298.18, "acq_date": "2026-04-06", "acq_time": "1917", "satellite": "N", "daynight": "D", "scan": 0.43, "track": 0.38}}, {"type": "Feature", "geometry": {"type": "Point", "coordinates": [101.52351, 20.35241]}, "properties": {"source_sensor": "MODIS (Aqua/Terra)", "frp": 88.93, "confidence": 99, "brightness": 358.86, "bright_t31": 302.59, "acq_date": "2026-04-07", "acq_time": "0826", "satellite": "A", "daynight": "D", "scan": 1.11, "track": 1.05}}, {"type": "Feature", "geometry": {"type": "Point", "coordinates": [48.125, 31.27089]}, "properties": {"source_sensor": "MODIS (Aqua/Terra)", "frp": 88.92, "confidence": 100, "brightness": 334.44, "bright_t31": 285.53, "acq_date": "2026-04-07", "acq_time": "0050", "satellite": "A", "daynight": "N", "scan": 1.79, "track": 1.31}}, {"type": "Feature", "geometry": {"type": "Point", "coordinates": [98.22994, 18.93126]}, "properties": {"source_sensor": "MODIS (Aqua/Terra)", "frp": 88.92, "confidence": 100, "brightness": 360.34, "bright_t31": 297.58, "acq_date": "2026-04-07", "acq_time": "0826", "satellite": "A", "daynight": "D", "scan": 1.06, "track": 1.03}}, {"type": "Feature", "geometry": {"type": "Point", "coordinates": [98.24632, 16.17357]}, "properties": {"source_sensor": "MODIS (Aqua/Terra)", "frp": 88.86, "confidence": 99, "brightness": 359.53, "bright_t31": 304.41, "acq_date": "2026-04-07", "acq_time": "0826", "satellite": "A", "daynight": "D", "scan": 1.13, "track": 1.06}}, {"type": "Feature", "geometry": {"type": "Point", "coordinates": [-3.75499, 12.86662]}, "properties": {"source_sensor": "MODIS (Aqua/Terra)", "frp": 88.84, "confidence": 73, "brightness": 333.79, "bright_t31": 315.01, "acq_date": "2026-04-06", "acq_time": "1601", "satellite": "A", "daynight": "D", "scan": 3.43, "track": 1.74}}, {"type": "Feature", "geometry": {"type": "Point", "coordinates": [-7.66439, 10.72646]}, "properties": {"source_sensor": "VIIRS (Suomi NPP)", "frp": 88.78, "confidence": "high", "brightness_ti4": 367.0, "brightness_ti5": 356.77, "acq_date": "2026-04-06", "acq_time": "1405", "satellite": "N", "daynight": "D", "scan": 0.43, "track": 0.38}}, {"type": "Feature", "geometry": {"type": "Point", "coordinates": [-7.66489, 10.72995]}, "properties": {"source_sensor": "VIIRS (Suomi NPP)", "frp": 88.78, "confidence": "nominal", "brightness_ti4": 353.23, "brightness_ti5": 322.92, "acq_date": "2026-04-06", "acq_time": "1405", "satellite": "N", "daynight": "D", "scan": 0.43, "track": 0.38}}, {"type": "Feature", "geometry": {"type": "Point", "coordinates": [103.86353, 18.70877]}, "properties": {"source_sensor": "VIIRS (Suomi NPP)", "frp": 88.75, "confidence": "nominal", "brightness_ti4": 348.9, "brightness_ti5": 300.7, "acq_date": "2026-04-07", "acq_time": "0701", "satellite": "N", "daynight": "D", "scan": 0.37, "track": 0.58}}, {"type": "Feature", "geometry": {"type": "Point", "coordinates": [103.85932, 18.71379]}, "properties": {"source_sensor": "VIIRS (Suomi NPP)", "frp": 88.75, "confidence": "high", "brightness_ti4": 367.0, "brightness_ti5": 299.1, "acq_date": "2026-04-07", "acq_time": "0701", "satellite": "N", "daynight": "D", "scan": 0.37, "track": 0.58}}, {"type": "Feature", "geometry": {"type": "Point", "coordinates": [97.89761, 23.73471]}, "properties": {"source_sensor": "MODIS (Aqua/Terra)", "frp": 88.72, "confidence": 75, "brightness": 318.39, "bright_t31": 296.03, "acq_date": "2026-04-06", "acq_time": "0752", "satellite": "A", "daynight": "D", "scan": 3.95, "track": 1.85}}, {"type": "Feature", "geometry": {"type": "Point", "coordinates": [101.8625, 21.61823]}, "properties": {"source_sensor": "VIIRS (Suomi NPP)", "frp": 88.69, "confidence": "nominal", "brightness_ti4": 340.72, "brightness_ti5": 295.12, "acq_date": "2026-04-07", "acq_time": "0703", "satellite": "N", "daynight": "D", "scan": 0.59, "track": 0.53}}, {"type": "Feature", "geometry": {"type": "Point", "coordinates": [148.47911, -34.59509]}, "properties": {"source_sensor": "VIIRS (Suomi NPP)", "frp": 88.67, "confidence": "nominal", "brightness_ti4": 326.82, "brightness_ti5": 295.01, "acq_date": "2026-04-07", "acq_time": "0325", "satellite": "N", "daynight": "D", "scan": 0.59, "track": 0.53}}, {"type": "Feature", "geometry": {"type": "Point", "coordinates": [-96.83472, 37.39739]}, "properties": {"source_sensor": "VIIRS (Suomi NPP)", "frp": 88.55, "confidence": "high", "brightness_ti4": 367.0, "brightness_ti5": 331.44, "acq_date": "2026-04-06", "acq_time": "1917", "satellite": "N", "daynight": "D", "scan": 0.45, "track": 0.39}}, {"type": "Feature", "geometry": {"type": "Point", "coordinates": [-96.82967, 37.39834]}, "properties": {"source_sensor": "VIIRS (Suomi NPP)", "frp": 88.55, "confidence": "low", "brightness_ti4": 367.0, "brightness_ti5": 331.94, "acq_date": "2026-04-06", "acq_time": "1917", "satellite": "N", "daynight": "D", "scan": 0.45, "track": 0.39}}, {"type": "Feature", "geometry": {"type": "Point", "coordinates": [-96.8307, 37.40186]}, "properties": {"source_sensor": "VIIRS (Suomi NPP)", "frp": 88.55, "confidence": "nominal", "brightness_ti4": 350.22, "brightness_ti5": 300.09, "acq_date": "2026-04-06", "acq_time": "1917", "satellite": "N", "daynight": "D", "scan": 0.45, "track": 0.39}}, {"type": "Feature", "geometry": {"type": "Point", "coordinates": [-96.83575, 37.40092]}, "properties": {"source_sensor": "VIIRS (Suomi NPP)", "frp": 88.55, "confidence": "nominal", "brightness_ti4": 349.2, "brightness_ti5": 302.69, "acq_date": "2026-04-06", "acq_time": "1917", "satellite": "N", "daynight": "D", "scan": 0.45, "track": 0.39}}, {"type": "Feature", "geometry": {"type": "Point", "coordinates": [106.81936, 15.62822]}, "properties": {"source_sensor": "VIIRS (Suomi NPP)", "frp": 88.52, "confidence": "high", "brightness_ti4": 367.0, "brightness_ti5": 296.86, "acq_date": "2026-04-06", "acq_time": "0540", "satellite": "N", "daynight": "D", "scan": 0.33, "track": 0.56}}, {"type": "Feature", "geometry": {"type": "Point", "coordinates": [106.81809, 15.63327]}, "properties": {"source_sensor": "VIIRS (Suomi NPP)", "frp": 88.52, "confidence": "high", "brightness_ti4": 367.0, "brightness_ti5": 306.34, "acq_date": "2026-04-06", "acq_time": "0540", "satellite": "N", "daynight": "D", "scan": 0.33, "track": 0.56}}, {"type": "Feature", "geometry": {"type": "Point", "coordinates": [106.81499, 15.63265]}, "properties": {"source_sensor": "VIIRS (Suomi NPP)", "frp": 88.52, "confidence": "low", "brightness_ti4": 208.0, "brightness_ti5": 303.64, "acq_date": "2026-04-06", "acq_time": "0540", "satellite": "N", "daynight": "D", "scan": 0.33, "track": 0.56}}, {"type": "Feature", "geometry": {"type": "Point", "coordinates": [-96.61551, 38.2269]}, "properties": {"source_sensor": "MODIS (Aqua/Terra)", "frp": 88.51, "confidence": 97, "brightness": 352.82, "bright_t31": 295.22, "acq_date": "2026-04-06", "acq_time": "2104", "satellite": "A", "daynight": "D", "scan": 1.25, "track": 1.11}}, {"type": "Feature", "geometry": {"type": "Point", "coordinates": [100.6778, 19.94033]}, "properties": {"source_sensor": "MODIS (Aqua/Terra)", "frp": 88.47, "confidence": 100, "brightness": 362.21, "bright_t31": 303.7, "acq_date": "2026-04-07", "acq_time": "0826", "satellite": "A", "daynight": "D", "scan": 1.03, "track": 1.02}}, {"type": "Feature", "geometry": {"type": "Point", "coordinates": [79.25991, 46.66573]}, "properties": {"source_sensor": "MODIS (Aqua/Terra)", "frp": 88.45, "confidence": 59, "brightness": 323.55, "bright_t31": 297.71, "acq_date": "2026-04-07", "acq_time": "1013", "satellite": "A", "daynight": "D", "scan": 3.28, "track": 1.71}}, {"type": "Feature", "geometry": {"type": "Point", "coordinates": [98.58754, 17.24503]}, "properties": {"source_sensor": "MODIS (Aqua/Terra)", "frp": 88.41, "confidence": 100, "brightness": 361.86, "bright_t31": 302.61, "acq_date": "2026-04-07", "acq_time": "0826", "satellite": "A", "daynight": "D", "scan": 1.07, "track": 1.03}}, {"type": "Feature", "geometry": {"type": "Point", "coordinates": [69.67619, 54.33997]}, "properties": {"source_sensor": "MODIS (Aqua/Terra)", "frp": 88.36, "confidence": 98, "brightness": 356.44, "bright_t31": 294.79, "acq_date": "2026-04-06", "acq_time": "0937", "satellite": "A", "daynight": "D", "scan": 1.12, "track": 1.05}}, {"type": "Feature", "geometry": {"type": "Point", "coordinates": [-5.71565, 42.97989]}, "properties": {"source_sensor": "MODIS (Aqua/Terra)", "frp": 88.35, "confidence": 100, "brightness": 354.01, "bright_t31": 278.01, "acq_date": "2026-04-06", "acq_time": "2036", "satellite": "T", "daynight": "N", "scan": 1.13, "track": 1.06}}, {"type": "Feature", "geometry": {"type": "Point", "coordinates": [54.24075, 23.27665]}, "properties": {"source_sensor": "MODIS (Aqua/Terra)", "frp": 88.35, "confidence": 78, "brightness": 309.69, "bright_t31": 286.89, "acq_date": "2026-04-06", "acq_time": "2314", "satellite": "A", "daynight": "N", "scan": 4.22, "track": 1.9}}, {"type": "Feature", "geometry": {"type": "Point", "coordinates": [116.66325, -30.70516]}, "properties": {"source_sensor": "MODIS (Aqua/Terra)", "frp": 88.34, "confidence": 92, "brightness": 341.57, "bright_t31": 298.32, "acq_date": "2026-04-07", "acq_time": "0813", "satellite": "A", "daynight": "D", "scan": 1.67, "track": 1.27}}, {"type": "Feature", "geometry": {"type": "Point", "coordinates": [98.99515, 22.51375]}, "properties": {"source_sensor": "VIIRS (Suomi NPP)", "frp": 88.26, "confidence": "nominal", "brightness_ti4": 350.3, "brightness_ti5": 295.45, "acq_date": "2026-04-06", "acq_time": "0542", "satellite": "N", "daynight": "D", "scan": 0.75, "track": 0.77}}, {"type": "Feature", "geometry": {"type": "Point", "coordinates": [-12.07998, 7.31727]}, "properties": {"source_sensor": "MODIS (Aqua/Terra)", "frp": 87.99, "confidence": 100, "brightness": 364.12, "bright_t31": 303.79, "acq_date": "2026-04-06", "acq_time": "1558", "satellite": "A", "daynight": "D", "scan": 1.02, "track": 1.01}}, {"type": "Feature", "geometry": {"type": "Point", "coordinates": [-97.55862, 38.98118]}, "properties": {"source_sensor": "VIIRS (Suomi NPP)", "frp": 87.89, "confidence": "nominal", "brightness_ti4": 341.76, "brightness_ti5": 314.69, "acq_date": "2026-04-06", "acq_time": "1917", "satellite": "N", "daynight": "D", "scan": 0.46, "track": 0.39}}, {"type": "Feature", "geometry": {"type": "Point", "coordinates": [53.28989, 23.53386]}, "properties": {"source_sensor": "MODIS (Aqua/Terra)", "frp": 87.88, "confidence": 100, "brightness": 347.61, "bright_t31": 291.26, "acq_date": "2026-04-06", "acq_time": "0013", "satellite": "A", "daynight": "N", "scan": 1.33, "track": 1.14}}, {"type": "Feature", "geometry": {"type": "Point", "coordinates": [101.04089, 20.01858]}, "properties": {"source_sensor": "MODIS (Aqua/Terra)", "frp": 87.82, "confidence": 79, "brightness": 326.17, "bright_t31": 297.82, "acq_date": "2026-04-06", "acq_time": "0750", "satellite": "A", "daynight": "D", "scan": 2.8, "track": 1.6}}, {"type": "Feature", "geometry": {"type": "Point", "coordinates": [101.56483, 20.89118]}, "properties": {"source_sensor": "MODIS (Aqua/Terra)", "frp": 87.77, "confidence": 83, "brightness": 330.25, "bright_t31": 297.8, "acq_date": "2026-04-06", "acq_time": "0750", "satellite": "A", "daynight": "D", "scan": 2.45, "track": 1.51}}, {"type": "Feature", "geometry": {"type": "Point", "coordinates": [104.11486, 19.0502]}, "properties": {"source_sensor": "VIIRS (Suomi NPP)", "frp": 87.74, "confidence": "nominal", "brightness_ti4": 332.62, "brightness_ti5": 298.17, "acq_date": "2026-04-06", "acq_time": "0540", "satellite": "N", "daynight": "D", "scan": 0.43, "track": 0.62}}, {"type": "Feature", "geometry": {"type": "Point", "coordinates": [102.21111, 19.44797]}, "properties": {"source_sensor": "MODIS (Aqua/Terra)", "frp": 87.73, "confidence": 79, "brightness": 330.9, "bright_t31": 295.21, "acq_date": "2026-04-06", "acq_time": "0750", "satellite": "A", "daynight": "D", "scan": 2.35, "track": 1.48}}, {"type": "Feature", "geometry": {"type": "Point", "coordinates": [103.30463, 18.73588]}, "properties": {"source_sensor": "MODIS (Aqua/Terra)", "frp": 87.73, "confidence": 95, "brightness": 350.69, "bright_t31": 301.55, "acq_date": "2026-04-07", "acq_time": "0826", "satellite": "A", "daynight": "D", "scan": 1.33, "track": 1.14}}, {"type": "Feature", "geometry": {"type": "Point", "coordinates": [100.80865, 19.93837]}, "properties": {"source_sensor": "VIIRS (Suomi NPP)", "frp": 87.72, "confidence": "nominal", "brightness_ti4": 355.93, "brightness_ti5": 295.05, "acq_date": "2026-04-06", "acq_time": "0542", "satellite": "N", "daynight": "D", "scan": 0.66, "track": 0.73}}, {"type": "Feature", "geometry": {"type": "Point", "coordinates": [100.81267, 19.94644]}, "properties": {"source_sensor": "VIIRS (Suomi NPP)", "frp": 87.72, "confidence": "high", "brightness_ti4": 367.0, "brightness_ti5": 295.63, "acq_date": "2026-04-06", "acq_time": "0542", "satellite": "N", "daynight": "D", "scan": 0.66, "track": 0.73}}, {"type": "Feature", "geometry": {"type": "Point", "coordinates": [100.80654, 19.94496]}, "properties": {"source_sensor": "VIIRS (Suomi NPP)", "frp": 87.72, "confidence": "nominal", "brightness_ti4": 343.94, "brightness_ti5": 299.31, "acq_date": "2026-04-06", "acq_time": "0542", "satellite": "N", "daynight": "D", "scan": 0.66, "track": 0.73}}, {"type": "Feature", "geometry": {"type": "Point", "coordinates": [104.60233, 18.20378]}, "properties": {"source_sensor": "VIIRS (Suomi NPP)", "frp": 87.71, "confidence": "nominal", "brightness_ti4": 353.91, "brightness_ti5": 301.08, "acq_date": "2026-04-07", "acq_time": "0701", "satellite": "N", "daynight": "D", "scan": 0.4, "track": 0.6}}, {"type": "Feature", "geometry": {"type": "Point", "coordinates": [-96.38969, 39.00032]}, "properties": {"source_sensor": "MODIS (Aqua/Terra)", "frp": 87.7, "confidence": 94, "brightness": 346.23, "bright_t31": 291.01, "acq_date": "2026-04-06", "acq_time": "1609", "satellite": "T", "daynight": "D", "scan": 1.48, "track": 1.2}}, {"type": "Feature", "geometry": {"type": "Point", "coordinates": [106.97514, 15.26397]}, "properties": {"source_sensor": "MODIS (Aqua/Terra)", "frp": 87.64, "confidence": 96, "brightness": 352.79, "bright_t31": 303.84, "acq_date": "2026-04-06", "acq_time": "0748", "satellite": "A", "daynight": "D", "scan": 1.28, "track": 1.12}}, {"type": "Feature", "geometry": {"type": "Point", "coordinates": [100.56818, 20.60244]}, "properties": {"source_sensor": "VIIRS (Suomi NPP)", "frp": 87.58, "confidence": "nominal", "brightness_ti4": 337.64, "brightness_ti5": 292.75, "acq_date": "2026-04-06", "acq_time": "0542", "satellite": "N", "daynight": "D", "scan": 0.66, "track": 0.73}}, {"type": "Feature", "geometry": {"type": "Point", "coordinates": [100.56242, 20.60101]}, "properties": {"source_sensor": "VIIRS (Suomi NPP)", "frp": 87.58, "confidence": "nominal", "brightness_ti4": 347.02, "brightness_ti5": 303.63, "acq_date": "2026-04-06", "acq_time": "0542", "satellite": "N", "daynight": "D", "scan": 0.66, "track": 0.73}}, {"type": "Feature", "geometry": {"type": "Point", "coordinates": [130.1656, 49.06842]}, "properties": {"source_sensor": "MODIS (Aqua/Terra)", "frp": 87.52, "confidence": 100, "brightness": 354.06, "bright_t31": 275.21, "acq_date": "2026-04-07", "acq_time": "1128", "satellite": "T", "daynight": "N", "scan": 1.1, "track": 1.05}}, {"type": "Feature", "geometry": {"type": "Point", "coordinates": [101.04349, 20.82153]}, "properties": {"source_sensor": "VIIRS (Suomi NPP)", "frp": 87.51, "confidence": "nominal", "brightness_ti4": 347.88, "brightness_ti5": 297.07, "acq_date": "2026-04-06", "acq_time": "0542", "satellite": "N", "daynight": "D", "scan": 0.61, "track": 0.71}}, {"type": "Feature", "geometry": {"type": "Point", "coordinates": [101.03859, 20.82033]}, "properties": {"source_sensor": "VIIRS (Suomi NPP)", "frp": 87.51, "confidence": "nominal", "brightness_ti4": 352.61, "brightness_ti5": 296.96, "acq_date": "2026-04-06", "acq_time": "0542", "satellite": "N", "daynight": "D", "scan": 0.61, "track": 0.71}}, {"type": "Feature", "geometry": {"type": "Point", "coordinates": [92.58559, 21.75965]}, "properties": {"source_sensor": "VIIRS (Suomi NPP)", "frp": 87.47, "confidence": "nominal", "brightness_ti4": 343.54, "brightness_ti5": 309.48, "acq_date": "2026-04-06", "acq_time": "0722", "satellite": "N", "daynight": "D", "scan": 0.48, "track": 0.4}}, {"type": "Feature", "geometry": {"type": "Point", "coordinates": [-96.41859, 38.90738]}, "properties": {"source_sensor": "MODIS (Aqua/Terra)", "frp": 87.44, "confidence": 93, "brightness": 344.13, "bright_t31": 290.19, "acq_date": "2026-04-06", "acq_time": "1609", "satellite": "T", "daynight": "D", "scan": 1.48, "track": 1.2}}, {"type": "Feature", "geometry": {"type": "Point", "coordinates": [-96.58521, 37.34129]}, "properties": {"source_sensor": "MODIS (Aqua/Terra)", "frp": 87.41, "confidence": 93, "brightness": 343.61, "bright_t31": 297.58, "acq_date": "2026-04-06", "acq_time": "1609", "satellite": "T", "daynight": "D", "scan": 1.57, "track": 1.23}}, {"type": "Feature", "geometry": {"type": "Point", "coordinates": [52.64288, 27.50732]}, "properties": {"source_sensor": "MODIS (Aqua/Terra)", "frp": 87.3, "confidence": 58, "brightness": 308.06, "bright_t31": 288.8, "acq_date": "2026-04-07", "acq_time": "0050", "satellite": "A", "daynight": "N", "scan": 4.57, "track": 1.96}}, {"type": "Feature", "geometry": {"type": "Point", "coordinates": [93.05402, 26.32829]}, "properties": {"source_sensor": "MODIS (Aqua/Terra)", "frp": 87.3, "confidence": 92, "brightness": 343.17, "bright_t31": 296.93, "acq_date": "2026-04-07", "acq_time": "0830", "satellite": "A", "daynight": "D", "scan": 1.58, "track": 1.24}}, {"type": "Feature", "geometry": {"type": "Point", "coordinates": [98.86317, 22.83101]}, "properties": {"source_sensor": "VIIRS (Suomi NPP)", "frp": 87.16, "confidence": "nominal", "brightness_ti4": 331.7, "brightness_ti5": 297.59, "acq_date": "2026-04-06", "acq_time": "0722", "satellite": "N", "daynight": "D", "scan": 0.39, "track": 0.6}}, {"type": "Feature", "geometry": {"type": "Point", "coordinates": [-14.29839, 14.21603]}, "properties": {"source_sensor": "MODIS (Aqua/Terra)", "frp": 87.14, "confidence": 100, "brightness": 366.74, "bright_t31": 324.97, "acq_date": "2026-04-06", "acq_time": "1603", "satellite": "A", "daynight": "D", "scan": 1.06, "track": 1.03}}, {"type": "Feature", "geometry": {"type": "Point", "coordinates": [108.61819, 41.2938]}, "properties": {"source_sensor": "MODIS (Aqua/Terra)", "frp": 87.12, "confidence": 75, "brightness": 318.72, "bright_t31": 293.38, "acq_date": "2026-04-06", "acq_time": "0300", "satellite": "T", "daynight": "D", "scan": 3.71, "track": 1.8}}, {"type": "Feature", "geometry": {"type": "Point", "coordinates": [98.35758, 16.95321]}, "properties": {"source_sensor": "VIIRS (Suomi NPP)", "frp": 87.09, "confidence": "nominal", "brightness_ti4": 354.44, "brightness_ti5": 306.92, "acq_date": "2026-04-06", "acq_time": "0722", "satellite": "N", "daynight": "D", "scan": 0.62, "track": 0.54}}, {"type": "Feature", "geometry": {"type": "Point", "coordinates": [98.35632, 16.95813]}, "properties": {"source_sensor": "VIIRS (Suomi NPP)", "frp": 87.09, "confidence": "nominal", "brightness_ti4": 342.34, "brightness_ti5": 310.17, "acq_date": "2026-04-06", "acq_time": "0722", "satellite": "N", "daynight": "D", "scan": 0.62, "track": 0.54}}, {"type": "Feature", "geometry": {"type": "Point", "coordinates": [98.1721, 18.62533]}, "properties": {"source_sensor": "MODIS (Aqua/Terra)", "frp": 87.06, "confidence": 99, "brightness": 359.82, "bright_t31": 300.69, "acq_date": "2026-04-07", "acq_time": "0826", "satellite": "A", "daynight": "D", "scan": 1.07, "track": 1.03}}, {"type": "Feature", "geometry": {"type": "Point", "coordinates": [92.9139, 25.35104]}, "properties": {"source_sensor": "VIIRS (Suomi NPP)", "frp": 87.01, "confidence": "nominal", "brightness_ti4": 346.44, "brightness_ti5": 291.23, "acq_date": "2026-04-06", "acq_time": "0724", "satellite": "N", "daynight": "D", "scan": 0.55, "track": 0.43}}, {"type": "Feature", "geometry": {"type": "Point", "coordinates": [77.58105, 23.70012]}, "properties": {"source_sensor": "MODIS (Aqua/Terra)", "frp": 87.01, "confidence": 96, "brightness": 353.16, "bright_t31": 307.0, "acq_date": "2026-04-07", "acq_time": "1006", "satellite": "A", "daynight": "D", "scan": 1.32, "track": 1.14}}, {"type": "Feature", "geometry": {"type": "Point", "coordinates": [106.22286, 17.25797]}, "properties": {"source_sensor": "VIIRS (Suomi NPP)", "frp": 86.98, "confidence": "high", "brightness_ti4": 367.0, "brightness_ti5": 292.12, "acq_date": "2026-04-06", "acq_time": "0540", "satellite": "N", "daynight": "D", "scan": 0.34, "track": 0.56}}, {"type": "Feature", "geometry": {"type": "Point", "coordinates": [-96.17163, 38.7192]}, "properties": {"source_sensor": "MODIS (Aqua/Terra)", "frp": 86.94, "confidence": 98, "brightness": 355.63, "bright_t31": 295.1, "acq_date": "2026-04-06", "acq_time": "2104", "satellite": "A", "daynight": "D", "scan": 1.17, "track": 1.08}}, {"type": "Feature", "geometry": {"type": "Point", "coordinates": [-72.99311, -39.76274]}, "properties": {"source_sensor": "MODIS (Aqua/Terra)", "frp": 86.93, "confidence": 99, "brightness": 359.41, "bright_t31": 292.71, "acq_date": "2026-04-06", "acq_time": "2042", "satellite": "A", "daynight": "D", "scan": 1.01, "track": 1.01}}, {"type": "Feature", "geometry": {"type": "Point", "coordinates": [-96.34018, 37.95565]}, "properties": {"source_sensor": "VIIRS (Suomi NPP)", "frp": 86.89, "confidence": "nominal", "brightness_ti4": 349.73, "brightness_ti5": 314.95, "acq_date": "2026-04-06", "acq_time": "1917", "satellite": "N", "daynight": "D", "scan": 0.43, "track": 0.38}}, {"type": "Feature", "geometry": {"type": "Point", "coordinates": [96.5985, 19.61568]}, "properties": {"source_sensor": "MODIS (Aqua/Terra)", "frp": 86.88, "confidence": 96, "brightness": 353.22, "bright_t31": 301.81, "acq_date": "2026-04-07", "acq_time": "0826", "satellite": "A", "daynight": "D", "scan": 1.24, "track": 1.11}}, {"type": "Feature", "geometry": {"type": "Point", "coordinates": [104.1721, 19.01784]}, "properties": {"source_sensor": "MODIS (Aqua/Terra)", "frp": 86.83, "confidence": 93, "brightness": 346.45, "bright_t31": 303.93, "acq_date": "2026-04-07", "acq_time": "0826", "satellite": "A", "daynight": "D", "scan": 1.53, "track": 1.22}}, {"type": "Feature", "geometry": {"type": "Point", "coordinates": [101.82301, 18.22812]}, "properties": {"source_sensor": "VIIRS (Suomi NPP)", "frp": 86.79, "confidence": "nominal", "brightness_ti4": 352.75, "brightness_ti5": 311.86, "acq_date": "2026-04-07", "acq_time": "0701", "satellite": "N", "daynight": "D", "scan": 0.53, "track": 0.5}}, {"type": "Feature", "geometry": {"type": "Point", "coordinates": [48.88966, 45.9827]}, "properties": {"source_sensor": "MODIS (Aqua/Terra)", "frp": 86.79, "confidence": 0, "brightness": 311.67, "bright_t31": 288.42, "acq_date": "2026-04-07", "acq_time": "0514", "satellite": "T", "daynight": "D", "scan": 4.57, "track": 1.96}}, {"type": "Feature", "geometry": {"type": "Point", "coordinates": [97.78884, 17.59288]}, "properties": {"source_sensor": "MODIS (Aqua/Terra)", "frp": 86.79, "confidence": 98, "brightness": 356.12, "bright_t31": 300.4, "acq_date": "2026-04-07", "acq_time": "0826", "satellite": "A", "daynight": "D", "scan": 1.14, "track": 1.06}}, {"type": "Feature", "geometry": {"type": "Point", "coordinates": [102.10159, 21.53351]}, "properties": {"source_sensor": "VIIRS (Suomi NPP)", "frp": 86.62, "confidence": "high", "brightness_ti4": 367.0, "brightness_ti5": 300.72, "acq_date": "2026-04-06", "acq_time": "0722", "satellite": "N", "daynight": "D", "scan": 0.61, "track": 0.71}}, {"type": "Feature", "geometry": {"type": "Point", "coordinates": [62.44966, 52.56817]}, "properties": {"source_sensor": "MODIS (Aqua/Terra)", "frp": 86.59, "confidence": 86, "brightness": 358.35, "bright_t31": 296.94, "acq_date": "2026-04-07", "acq_time": "1015", "satellite": "A", "daynight": "D", "scan": 1.05, "track": 1.02}}, {"type": "Feature", "geometry": {"type": "Point", "coordinates": [128.31114, -18.14612]}, "properties": {"source_sensor": "MODIS (Aqua/Terra)", "frp": 86.54, "confidence": 94, "brightness": 348.26, "bright_t31": 305.26, "acq_date": "2026-04-07", "acq_time": "0640", "satellite": "A", "daynight": "D", "scan": 1.5, "track": 1.21}}, {"type": "Feature", "geometry": {"type": "Point", "coordinates": [94.13573, 19.95383]}, "properties": {"source_sensor": "VIIRS (Suomi NPP)", "frp": 86.47, "confidence": "nominal", "brightness_ti4": 337.35, "brightness_ti5": 303.87, "acq_date": "2026-04-06", "acq_time": "0722", "satellite": "N", "daynight": "D", "scan": 0.55, "track": 0.43}}, {"type": "Feature", "geometry": {"type": "Point", "coordinates": [94.13057, 19.9532]}, "properties": {"source_sensor": "VIIRS (Suomi NPP)", "frp": 86.47, "confidence": "nominal", "brightness_ti4": 346.97, "brightness_ti5": 293.83, "acq_date": "2026-04-06", "acq_time": "0722", "satellite": "N", "daynight": "D", "scan": 0.55, "track": 0.43}}, {"type": "Feature", "geometry": {"type": "Point", "coordinates": [94.12953, 19.95709]}, "properties": {"source_sensor": "VIIRS (Suomi NPP)", "frp": 86.47, "confidence": "nominal", "brightness_ti4": 337.04, "brightness_ti5": 291.82, "acq_date": "2026-04-06", "acq_time": "0722", "satellite": "N", "daynight": "D", "scan": 0.55, "track": 0.43}}, {"type": "Feature", "geometry": {"type": "Point", "coordinates": [101.88195, 18.17321]}, "properties": {"source_sensor": "VIIRS (Suomi NPP)", "frp": 86.39, "confidence": "nominal", "brightness_ti4": 342.47, "brightness_ti5": 315.02, "acq_date": "2026-04-07", "acq_time": "0701", "satellite": "N", "daynight": "D", "scan": 0.54, "track": 0.5}}, {"type": "Feature", "geometry": {"type": "Point", "coordinates": [-62.97967, 9.17196]}, "properties": {"source_sensor": "VIIRS (Suomi NPP)", "frp": 86.37, "confidence": "low", "brightness_ti4": 355.7, "brightness_ti5": 304.42, "acq_date": "2026-04-06", "acq_time": "1728", "satellite": "N", "daynight": "D", "scan": 0.43, "track": 0.38}}, {"type": "Feature", "geometry": {"type": "Point", "coordinates": [-62.98361, 9.17132]}, "properties": {"source_sensor": "VIIRS (Suomi NPP)", "frp": 86.37, "confidence": "low", "brightness_ti4": 339.28, "brightness_ti5": 301.98, "acq_date": "2026-04-06", "acq_time": "1728", "satellite": "N", "daynight": "D", "scan": 0.43, "track": 0.38}}, {"type": "Feature", "geometry": {"type": "Point", "coordinates": [92.57049, 20.69001]}, "properties": {"source_sensor": "VIIRS (Suomi NPP)", "frp": 86.34, "confidence": "low", "brightness_ti4": 339.38, "brightness_ti5": 302.07, "acq_date": "2026-04-07", "acq_time": "0703", "satellite": "N", "daynight": "D", "scan": 0.4, "track": 0.37}}, {"type": "Feature", "geometry": {"type": "Point", "coordinates": [-96.74684, 37.2051]}, "properties": {"source_sensor": "MODIS (Aqua/Terra)", "frp": 86.33, "confidence": 96, "brightness": 350.05, "bright_t31": 292.35, "acq_date": "2026-04-06", "acq_time": "2104", "satellite": "A", "daynight": "D", "scan": 1.32, "track": 1.14}}, {"type": "Feature", "geometry": {"type": "Point", "coordinates": [-96.63509, 38.22352]}, "properties": {"source_sensor": "VIIRS (Suomi NPP)", "frp": 86.29, "confidence": "high", "brightness_ti4": 367.0, "brightness_ti5": 308.87, "acq_date": "2026-04-06", "acq_time": "1917", "satellite": "N", "daynight": "D", "scan": 0.43, "track": 0.38}}, {"type": "Feature", "geometry": {"type": "Point", "coordinates": [-96.78339, 38.3532]}, "properties": {"source_sensor": "MODIS (Aqua/Terra)", "frp": 86.29, "confidence": 94, "brightness": 346.33, "bright_t31": 296.04, "acq_date": "2026-04-06", "acq_time": "1609", "satellite": "T", "daynight": "D", "scan": 1.45, "track": 1.19}}, {"type": "Feature", "geometry": {"type": "Point", "coordinates": [-9.79029, 6.30105]}, "properties": {"source_sensor": "VIIRS (Suomi NPP)", "frp": 86.19, "confidence": "low", "brightness_ti4": 338.65, "brightness_ti5": 297.8, "acq_date": "2026-04-06", "acq_time": "1403", "satellite": "N", "daynight": "D", "scan": 0.39, "track": 0.36}}, {"type": "Feature", "geometry": {"type": "Point", "coordinates": [-9.7938, 6.30051]}, "properties": {"source_sensor": "VIIRS (Suomi NPP)", "frp": 86.19, "confidence": "low", "brightness_ti4": 338.0, "brightness_ti5": 310.0, "acq_date": "2026-04-06", "acq_time": "1403", "satellite": "N", "daynight": "D", "scan": 0.39, "track": 0.36}}, {"type": "Feature", "geometry": {"type": "Point", "coordinates": [97.8475, 17.47102]}, "properties": {"source_sensor": "MODIS (Aqua/Terra)", "frp": 86.11, "confidence": 98, "brightness": 357.66, "bright_t31": 305.88, "acq_date": "2026-04-07", "acq_time": "0826", "satellite": "A", "daynight": "D", "scan": 1.14, "track": 1.06}}, {"type": "Feature", "geometry": {"type": "Point", "coordinates": [53.28925, 23.53043]}, "properties": {"source_sensor": "VIIRS (Suomi NPP)", "frp": 86.09, "confidence": "low", "brightness_ti4": 356.28, "brightness_ti5": 305.15, "acq_date": "2026-04-06", "acq_time": "0907", "satellite": "N", "daynight": "D", "scan": 0.35, "track": 0.57}}, {"type": "Feature", "geometry": {"type": "Point", "coordinates": [130.18915, 49.0142]}, "properties": {"source_sensor": "VIIRS (Suomi NPP)", "frp": 86.06, "confidence": "nominal", "brightness_ti4": 340.42, "brightness_ti5": 290.76, "acq_date": "2026-04-07", "acq_time": "0529", "satellite": "N", "daynight": "D", "scan": 0.68, "track": 0.74}}, {"type": "Feature", "geometry": {"type": "Point", "coordinates": [130.17937, 49.01437]}, "properties": {"source_sensor": "VIIRS (Suomi NPP)", "frp": 86.06, "confidence": "low", "brightness_ti4": 356.33, "brightness_ti5": 285.49, "acq_date": "2026-04-07", "acq_time": "0529", "satellite": "N", "daynight": "D", "scan": 0.68, "track": 0.74}}, {"type": "Feature", "geometry": {"type": "Point", "coordinates": [130.18944, 49.02118]}, "properties": {"source_sensor": "VIIRS (Suomi NPP)", "frp": 86.06, "confidence": "nominal", "brightness_ti4": 356.16, "brightness_ti5": 312.35, "acq_date": "2026-04-07", "acq_time": "0529", "satellite": "N", "daynight": "D", "scan": 0.68, "track": 0.74}}, {"type": "Feature", "geometry": {"type": "Point", "coordinates": [130.17969, 49.02135]}, "properties": {"source_sensor": "VIIRS (Suomi NPP)", "frp": 86.06, "confidence": "nominal", "brightness_ti4": 332.2, "brightness_ti5": 286.55, "acq_date": "2026-04-07", "acq_time": "0529", "satellite": "N", "daynight": "D", "scan": 0.68, "track": 0.74}}, {"type": "Feature", "geometry": {"type": "Point", "coordinates": [96.95231, 18.32367]}, "properties": {"source_sensor": "VIIRS (Suomi NPP)", "frp": 86.05, "confidence": "nominal", "brightness_ti4": 339.82, "brightness_ti5": 301.41, "acq_date": "2026-04-07", "acq_time": "0701", "satellite": "N", "daynight": "D", "scan": 0.43, "track": 0.38}}, {"type": "Feature", "geometry": {"type": "Point", "coordinates": [90.59281, 25.72072]}, "properties": {"source_sensor": "VIIRS (Suomi NPP)", "frp": 86.02, "confidence": "low", "brightness_ti4": 285.51, "brightness_ti5": 322.43, "acq_date": "2026-04-06", "acq_time": "0724", "satellite": "N", "daynight": "D", "scan": 0.43, "track": 0.38}}, {"type": "Feature", "geometry": {"type": "Point", "coordinates": [131.0486, -17.89882]}, "properties": {"source_sensor": "VIIRS (Suomi NPP)", "frp": 85.99, "confidence": "nominal", "brightness_ti4": 343.92, "brightness_ti5": 310.33, "acq_date": "2026-04-06", "acq_time": "0529", "satellite": "N", "daynight": "D", "scan": 0.54, "track": 0.51}}, {"type": "Feature", "geometry": {"type": "Point", "coordinates": [131.0434, -17.89984]}, "properties": {"source_sensor": "VIIRS (Suomi NPP)", "frp": 85.99, "confidence": "nominal", "brightness_ti4": 347.11, "brightness_ti5": 298.45, "acq_date": "2026-04-06", "acq_time": "0529", "satellite": "N", "daynight": "D", "scan": 0.54, "track": 0.51}}, {"type": "Feature", "geometry": {"type": "Point", "coordinates": [131.04759, -17.89412]}, "properties": {"source_sensor": "VIIRS (Suomi NPP)", "frp": 85.99, "confidence": "nominal", "brightness_ti4": 346.11, "brightness_ti5": 296.61, "acq_date": "2026-04-06", "acq_time": "0529", "satellite": "N", "daynight": "D", "scan": 0.54, "track": 0.51}}, {"type": "Feature", "geometry": {"type": "Point", "coordinates": [102.08146, 18.80174]}, "properties": {"source_sensor": "VIIRS (Suomi NPP)", "frp": 85.96, "confidence": "nominal", "brightness_ti4": 344.22, "brightness_ti5": 298.77, "acq_date": "2026-04-07", "acq_time": "0701", "satellite": "N", "daynight": "D", "scan": 0.56, "track": 0.52}}, {"type": "Feature", "geometry": {"type": "Point", "coordinates": [102.07489, 18.80584]}, "properties": {"source_sensor": "VIIRS (Suomi NPP)", "frp": 85.96, "confidence": "nominal", "brightness_ti4": 330.45, "brightness_ti5": 298.05, "acq_date": "2026-04-07", "acq_time": "0701", "satellite": "N", "daynight": "D", "scan": 0.56, "track": 0.52}}, {"type": "Feature", "geometry": {"type": "Point", "coordinates": [102.93293, 20.36706]}, "properties": {"source_sensor": "VIIRS (Suomi NPP)", "frp": 85.91, "confidence": "high", "brightness_ti4": 367.0, "brightness_ti5": 298.53, "acq_date": "2026-04-06", "acq_time": "0542", "satellite": "N", "daynight": "D", "scan": 0.48, "track": 0.65}}, {"type": "Feature", "geometry": {"type": "Point", "coordinates": [102.93677, 20.37414]}, "properties": {"source_sensor": "VIIRS (Suomi NPP)", "frp": 85.91, "confidence": "nominal", "brightness_ti4": 352.48, "brightness_ti5": 294.98, "acq_date": "2026-04-06", "acq_time": "0542", "satellite": "N", "daynight": "D", "scan": 0.48, "track": 0.65}}, {"type": "Feature", "geometry": {"type": "Point", "coordinates": [102.93179, 20.37302]}, "properties": {"source_sensor": "VIIRS (Suomi NPP)", "frp": 85.91, "confidence": "nominal", "brightness_ti4": 342.4, "brightness_ti5": 306.72, "acq_date": "2026-04-06", "acq_time": "0542", "satellite": "N", "daynight": "D", "scan": 0.48, "track": 0.65}}, {"type": "Feature", "geometry": {"type": "Point", "coordinates": [-10.61384, 6.98743]}, "properties": {"source_sensor": "VIIRS (Suomi NPP)", "frp": 85.87, "confidence": "low", "brightness_ti4": 337.97, "brightness_ti5": 310.06, "acq_date": "2026-04-06", "acq_time": "1403", "satellite": "N", "daynight": "D", "scan": 0.4, "track": 0.37}}, {"type": "Feature", "geometry": {"type": "Point", "coordinates": [-12.76236, 8.11256]}, "properties": {"source_sensor": "MODIS (Aqua/Terra)", "frp": 85.83, "confidence": 100, "brightness": 360.51, "bright_t31": 302.36, "acq_date": "2026-04-06", "acq_time": "1558", "satellite": "A", "daynight": "D", "scan": 1.05, "track": 1.02}}, {"type": "Feature", "geometry": {"type": "Point", "coordinates": [97.30402, 22.76078]}, "properties": {"source_sensor": "MODIS (Aqua/Terra)", "frp": 85.69, "confidence": 28, "brightness": 319.48, "bright_t31": 298.36, "acq_date": "2026-04-06", "acq_time": "0752", "satellite": "A", "daynight": "D", "scan": 4.61, "track": 1.97}}, {"type": "Feature", "geometry": {"type": "Point", "coordinates": [105.01691, 18.3508]}, "properties": {"source_sensor": "VIIRS (Suomi NPP)", "frp": 85.64, "confidence": "high", "brightness_ti4": 367.0, "brightness_ti5": 315.17, "acq_date": "2026-04-07", "acq_time": "0701", "satellite": "N", "daynight": "D", "scan": 0.43, "track": 0.62}}, {"type": "Feature", "geometry": {"type": "Point", "coordinates": [105.01319, 18.35043]}, "properties": {"source_sensor": "VIIRS (Suomi NPP)", "frp": 85.64, "confidence": "low", "brightness_ti4": 208.0, "brightness_ti5": 308.54, "acq_date": "2026-04-07", "acq_time": "0701", "satellite": "N", "daynight": "D", "scan": 0.43, "track": 0.62}}, {"type": "Feature", "geometry": {"type": "Point", "coordinates": [102.66811, 17.41239]}, "properties": {"source_sensor": "MODIS (Aqua/Terra)", "frp": 85.6, "confidence": 85, "brightness": 336.09, "bright_t31": 306.99, "acq_date": "2026-04-06", "acq_time": "0748", "satellite": "A", "daynight": "D", "scan": 2.39, "track": 1.49}}, {"type": "Feature", "geometry": {"type": "Point", "coordinates": [106.40704, 16.50386]}, "properties": {"source_sensor": "VIIRS (Suomi NPP)", "frp": 85.59, "confidence": "nominal", "brightness_ti4": 331.76, "brightness_ti5": 298.81, "acq_date": "2026-04-06", "acq_time": "0540", "satellite": "N", "daynight": "D", "scan": 0.34, "track": 0.56}}, {"type": "Feature", "geometry": {"type": "Point", "coordinates": [48.96216, 31.21556]}, "properties": {"source_sensor": "VIIRS (Suomi NPP)", "frp": 85.59, "confidence": "high", "brightness_ti4": 367.0, "brightness_ti5": 294.93, "acq_date": "2026-04-06", "acq_time": "1047", "satellite": "N", "daynight": "D", "scan": 0.54, "track": 0.68}}, {"type": "Feature", "geometry": {"type": "Point", "coordinates": [48.11722, 45.53553]}, "properties": {"source_sensor": "VIIRS (Suomi NPP)", "frp": 85.58, "confidence": "low", "brightness_ti4": 262.96, "brightness_ti5": 305.04, "acq_date": "2026-04-07", "acq_time": "1034", "satellite": "N", "daynight": "D", "scan": 0.35, "track": 0.57}}, {"type": "Feature", "geometry": {"type": "Point", "coordinates": [102.27425, 22.03878]}, "properties": {"source_sensor": "VIIRS (Suomi NPP)", "frp": 85.55, "confidence": "low", "brightness_ti4": 297.33, "brightness_ti5": 306.27, "acq_date": "2026-04-07", "acq_time": "0703", "satellite": "N", "daynight": "D", "scan": 0.63, "track": 0.54}}, {"type": "Feature", "geometry": {"type": "Point", "coordinates": [-13.18896, 10.24456]}, "properties": {"source_sensor": "VIIRS (Suomi NPP)", "frp": 85.52, "confidence": "nominal", "brightness_ti4": 334.93, "brightness_ti5": 307.44, "acq_date": "2026-04-06", "acq_time": "1405", "satellite": "N", "daynight": "D", "scan": 0.47, "track": 0.39}}, {"type": "Feature", "geometry": {"type": "Point", "coordinates": [106.85663, 16.2756]}, "properties": {"source_sensor": "MODIS (Aqua/Terra)", "frp": 85.45, "confidence": 83, "brightness": 335.74, "bright_t31": 302.33, "acq_date": "2026-04-07", "acq_time": "0826", "satellite": "A", "daynight": "D", "scan": 2.22, "track": 1.44}}, {"type": "Feature", "geometry": {"type": "Point", "coordinates": [106.90012, 15.89437]}, "properties": {"source_sensor": "VIIRS (Suomi NPP)", "frp": 85.44, "confidence": "nominal", "brightness_ti4": 338.99, "brightness_ti5": 301.37, "acq_date": "2026-04-07", "acq_time": "0523", "satellite": "N", "daynight": "D", "scan": 0.66, "track": 0.73}}, {"type": "Feature", "geometry": {"type": "Point", "coordinates": [106.89428, 15.89307]}, "properties": {"source_sensor": "VIIRS (Suomi NPP)", "frp": 85.44, "confidence": "nominal", "brightness_ti4": 354.34, "brightness_ti5": 296.9, "acq_date": "2026-04-07", "acq_time": "0523", "satellite": "N", "daynight": "D", "scan": 0.66, "track": 0.73}}, {"type": "Feature", "geometry": {"type": "Point", "coordinates": [-13.16952, 10.28498]}, "properties": {"source_sensor": "VIIRS (Suomi NPP)", "frp": 85.35, "confidence": "high", "brightness_ti4": 367.0, "brightness_ti5": 314.43, "acq_date": "2026-04-06", "acq_time": "1405", "satellite": "N", "daynight": "D", "scan": 0.46, "track": 0.39}}, {"type": "Feature", "geometry": {"type": "Point", "coordinates": [147.81834, -26.97062]}, "properties": {"source_sensor": "MODIS (Aqua/Terra)", "frp": 85.33, "confidence": 82, "brightness": 311.3, "bright_t31": 290.28, "acq_date": "2026-04-06", "acq_time": "1204", "satellite": "T", "daynight": "N", "scan": 4.11, "track": 1.88}}, {"type": "Feature", "geometry": {"type": "Point", "coordinates": [92.96024, 21.20942]}, "properties": {"source_sensor": "VIIRS (Suomi NPP)", "frp": 85.31, "confidence": "nominal", "brightness_ti4": 356.53, "brightness_ti5": 306.5, "acq_date": "2026-04-06", "acq_time": "0722", "satellite": "N", "daynight": "D", "scan": 0.5, "track": 0.41}}, {"type": "Feature", "geometry": {"type": "Point", "coordinates": [92.95588, 21.20885]}, "properties": {"source_sensor": "VIIRS (Suomi NPP)", "frp": 85.31, "confidence": "nominal", "brightness_ti4": 355.36, "brightness_ti5": 309.98, "acq_date": "2026-04-06", "acq_time": "0722", "satellite": "N", "daynight": "D", "scan": 0.5, "track": 0.41}}, {"type": "Feature", "geometry": {"type": "Point", "coordinates": [93.8414, 19.80352]}, "properties": {"source_sensor": "VIIRS (Suomi NPP)", "frp": 85.29, "confidence": "nominal", "brightness_ti4": 344.43, "brightness_ti5": 300.9, "acq_date": "2026-04-07", "acq_time": "0703", "satellite": "N", "daynight": "D", "scan": 0.38, "track": 0.36}}, {"type": "Feature", "geometry": {"type": "Point", "coordinates": [93.83717, 19.80626]}, "properties": {"source_sensor": "VIIRS (Suomi NPP)", "frp": 85.29, "confidence": "nominal", "brightness_ti4": 331.96, "brightness_ti5": 301.07, "acq_date": "2026-04-07", "acq_time": "0703", "satellite": "N", "daynight": "D", "scan": 0.38, "track": 0.36}}, {"type": "Feature", "geometry": {"type": "Point", "coordinates": [8.18322, 45.87597]}, "properties": {"source_sensor": "VIIRS (Suomi NPP)", "frp": 85.17, "confidence": "nominal", "brightness_ti4": 345.39, "brightness_ti5": 310.62, "acq_date": "2026-04-06", "acq_time": "1234", "satellite": "N", "daynight": "D", "scan": 0.41, "track": 0.37}}, {"type": "Feature", "geometry": {"type": "Point", "coordinates": [102.91685, 12.29676]}, "properties": {"source_sensor": "VIIRS (Suomi NPP)", "frp": 85.17, "confidence": "nominal", "brightness_ti4": 346.54, "brightness_ti5": 305.8, "acq_date": "2026-04-07", "acq_time": "0701", "satellite": "N", "daynight": "D", "scan": 0.52, "track": 0.5}}, {"type": "Feature", "geometry": {"type": "Point", "coordinates": [97.65478, 17.81335]}, "properties": {"source_sensor": "VIIRS (Suomi NPP)", "frp": 85.12, "confidence": "nominal", "brightness_ti4": 342.34, "brightness_ti5": 302.06, "acq_date": "2026-04-06", "acq_time": "0722", "satellite": "N", "daynight": "D", "scan": 0.57, "track": 0.52}}, {"type": "Feature", "geometry": {"type": "Point", "coordinates": [102.37383, 20.72481]}, "properties": {"source_sensor": "VIIRS (Suomi NPP)", "frp": 85.03, "confidence": "high", "brightness_ti4": 367.0, "brightness_ti5": 296.42, "acq_date": "2026-04-06", "acq_time": "0542", "satellite": "N", "daynight": "D", "scan": 0.51, "track": 0.66}}, {"type": "Feature", "geometry": {"type": "Point", "coordinates": [102.37653, 20.73181]}, "properties": {"source_sensor": "VIIRS (Suomi NPP)", "frp": 85.03, "confidence": "high", "brightness_ti4": 367.0, "brightness_ti5": 298.41, "acq_date": "2026-04-06", "acq_time": "0542", "satellite": "N", "daynight": "D", "scan": 0.51, "track": 0.66}}, {"type": "Feature", "geometry": {"type": "Point", "coordinates": [53.62074, 23.83172]}, "properties": {"source_sensor": "MODIS (Aqua/Terra)", "frp": 85.02, "confidence": 100, "brightness": 356.41, "bright_t31": 293.83, "acq_date": "2026-04-06", "acq_time": "1715", "satellite": "T", "daynight": "N", "scan": 1.09, "track": 1.04}}, {"type": "Feature", "geometry": {"type": "Point", "coordinates": [92.33829, 22.37612]}, "properties": {"source_sensor": "VIIRS (Suomi NPP)", "frp": 84.98, "confidence": "nominal", "brightness_ti4": 346.75, "brightness_ti5": 305.42, "acq_date": "2026-04-06", "acq_time": "0722", "satellite": "N", "daynight": "D", "scan": 0.48, "track": 0.4}}, {"type": "Feature", "geometry": {"type": "Point", "coordinates": [92.33349, 22.37549]}, "properties": {"source_sensor": "VIIRS (Suomi NPP)", "frp": 84.98, "confidence": "nominal", "brightness_ti4": 349.17, "brightness_ti5": 303.22, "acq_date": "2026-04-06", "acq_time": "0722", "satellite": "N", "daynight": "D", "scan": 0.48, "track": 0.4}}, {"type": "Feature", "geometry": {"type": "Point", "coordinates": [101.85355, 18.1484]}, "properties": {"source_sensor": "MODIS (Aqua/Terra)", "frp": 84.88, "confidence": 81, "brightness": 330.5, "bright_t31": 302.35, "acq_date": "2026-04-06", "acq_time": "0748", "satellite": "A", "daynight": "D", "scan": 2.66, "track": 1.57}}, {"type": "Feature", "geometry": {"type": "Point", "coordinates": [37.65368, 50.21483]}, "properties": {"source_sensor": "MODIS (Aqua/Terra)", "frp": 84.72, "confidence": 81, "brightness": 322.15, "bright_t31": 289.11, "acq_date": "2026-04-06", "acq_time": "0752", "satellite": "T", "daynight": "D", "scan": 2.75, "track": 1.59}}, {"type": "Feature", "geometry": {"type": "Point", "coordinates": [101.82185, 21.02319]}, "properties": {"source_sensor": "VIIRS (Suomi NPP)", "frp": 84.69, "confidence": "high", "brightness_ti4": 367.0, "brightness_ti5": 299.19, "acq_date": "2026-04-06", "acq_time": "0542", "satellite": "N", "daynight": "D", "scan": 0.54, "track": 0.68}}, {"type": "Feature", "geometry": {"type": "Point", "coordinates": [-99.21999, 30.1903]}, "properties": {"source_sensor": "MODIS (Aqua/Terra)", "frp": 84.59, "confidence": 93, "brightness": 342.44, "bright_t31": 293.46, "acq_date": "2026-04-06", "acq_time": "1609", "satellite": "T", "daynight": "D", "scan": 1.51, "track": 1.21}}, {"type": "Feature", "geometry": {"type": "Point", "coordinates": [100.90437, 20.57044]}, "properties": {"source_sensor": "VIIRS (Suomi NPP)", "frp": 84.57, "confidence": "high", "brightness_ti4": 367.0, "brightness_ti5": 303.36, "acq_date": "2026-04-06", "acq_time": "0722", "satellite": "N", "daynight": "D", "scan": 0.5, "track": 0.66}}, {"type": "Feature", "geometry": {"type": "Point", "coordinates": [100.90353, 20.57657]}, "properties": {"source_sensor": "VIIRS (Suomi NPP)", "frp": 84.57, "confidence": "high", "brightness_ti4": 367.0, "brightness_ti5": 300.54, "acq_date": "2026-04-06", "acq_time": "0722", "satellite": "N", "daynight": "D", "scan": 0.5, "track": 0.66}}, {"type": "Feature", "geometry": {"type": "Point", "coordinates": [49.8778, 30.94411]}, "properties": {"source_sensor": "VIIRS (Suomi NPP)", "frp": 84.49, "confidence": "nominal", "brightness_ti4": 354.35, "brightness_ti5": 314.54, "acq_date": "2026-04-07", "acq_time": "1030", "satellite": "N", "daynight": "D", "scan": 0.63, "track": 0.54}}, {"type": "Feature", "geometry": {"type": "Point", "coordinates": [102.48656, 22.36568]}, "properties": {"source_sensor": "MODIS (Aqua/Terra)", "frp": 84.47, "confidence": 89, "brightness": 337.8, "bright_t31": 300.84, "acq_date": "2026-04-06", "acq_time": "0750", "satellite": "A", "daynight": "D", "scan": 1.94, "track": 1.36}}, {"type": "Feature", "geometry": {"type": "Point", "coordinates": [125.0871, 11.92056]}, "properties": {"source_sensor": "MODIS (Aqua/Terra)", "frp": 84.46, "confidence": 100, "brightness": 360.36, "bright_t31": 299.19, "acq_date": "2026-04-07", "acq_time": "0646", "satellite": "A", "daynight": "D", "scan": 1.02, "track": 1.01}}, {"type": "Feature", "geometry": {"type": "Point", "coordinates": [127.99528, -18.62939]}, "properties": {"source_sensor": "MODIS (Aqua/Terra)", "frp": 84.45, "confidence": 93, "brightness": 346.82, "bright_t31": 308.82, "acq_date": "2026-04-07", "acq_time": "0640", "satellite": "A", "daynight": "D", "scan": 1.6, "track": 1.25}}, {"type": "Feature", "geometry": {"type": "Point", "coordinates": [128.29022, -18.25173]}, "properties": {"source_sensor": "MODIS (Aqua/Terra)", "frp": 84.44, "confidence": 93, "brightness": 347.55, "bright_t31": 308.22, "acq_date": "2026-04-07", "acq_time": "0640", "satellite": "A", "daynight": "D", "scan": 1.51, "track": 1.21}}, {"type": "Feature", "geometry": {"type": "Point", "coordinates": [97.37946, 23.48563]}, "properties": {"source_sensor": "MODIS (Aqua/Terra)", "frp": 84.42, "confidence": 69, "brightness": 313.73, "bright_t31": 293.3, "acq_date": "2026-04-06", "acq_time": "0752", "satellite": "A", "daynight": "D", "scan": 4.38, "track": 1.93}}, {"type": "Feature", "geometry": {"type": "Point", "coordinates": [-72.07481, -38.2692]}, "properties": {"source_sensor": "MODIS (Aqua/Terra)", "frp": 84.41, "confidence": 98, "brightness": 355.88, "bright_t31": 295.17, "acq_date": "2026-04-06", "acq_time": "2042", "satellite": "A", "daynight": "D", "scan": 1.08, "track": 1.04}}, {"type": "Feature", "geometry": {"type": "Point", "coordinates": [-12.16174, 10.13031]}, "properties": {"source_sensor": "VIIRS (Suomi NPP)", "frp": 84.29, "confidence": "nominal", "brightness_ti4": 347.45, "brightness_ti5": 311.58, "acq_date": "2026-04-06", "acq_time": "1405", "satellite": "N", "daynight": "D", "scan": 0.42, "track": 0.38}}, {"type": "Feature", "geometry": {"type": "Point", "coordinates": [101.99606, 19.84552]}, "properties": {"source_sensor": "VIIRS (Suomi NPP)", "frp": 84.25, "confidence": "nominal", "brightness_ti4": 353.55, "brightness_ti5": 306.25, "acq_date": "2026-04-07", "acq_time": "0703", "satellite": "N", "daynight": "D", "scan": 0.57, "track": 0.52}}, {"type": "Feature", "geometry": {"type": "Point", "coordinates": [48.8531, 46.0985]}, "properties": {"source_sensor": "MODIS (Aqua/Terra)", "frp": 84.24, "confidence": 100, "brightness": 350.21, "bright_t31": 278.6, "acq_date": "2026-04-06", "acq_time": "1722", "satellite": "T", "daynight": "N", "scan": 1.16, "track": 1.07}}, {"type": "Feature", "geometry": {"type": "Point", "coordinates": [100.75377, 21.0728]}, "properties": {"source_sensor": "VIIRS (Suomi NPP)", "frp": 84.13, "confidence": "nominal", "brightness_ti4": 339.19, "brightness_ti5": 302.06, "acq_date": "2026-04-07", "acq_time": "0703", "satellite": "N", "daynight": "D", "scan": 0.49, "track": 0.49}}, {"type": "Feature", "geometry": {"type": "Point", "coordinates": [100.7584, 21.07331]}, "properties": {"source_sensor": "VIIRS (Suomi NPP)", "frp": 84.13, "confidence": "low", "brightness_ti4": 367.0, "brightness_ti5": 340.75, "acq_date": "2026-04-07", "acq_time": "0703", "satellite": "N", "daynight": "D", "scan": 0.49, "track": 0.49}}, {"type": "Feature", "geometry": {"type": "Point", "coordinates": [100.75811, 21.07786]}, "properties": {"source_sensor": "VIIRS (Suomi NPP)", "frp": 84.13, "confidence": "nominal", "brightness_ti4": 342.82, "brightness_ti5": 297.65, "acq_date": "2026-04-07", "acq_time": "0703", "satellite": "N", "daynight": "D", "scan": 0.49, "track": 0.49}}, {"type": "Feature", "geometry": {"type": "Point", "coordinates": [89.93296, 46.45465]}, "properties": {"source_sensor": "MODIS (Aqua/Terra)", "frp": 84.1, "confidence": 87, "brightness": 333.43, "bright_t31": 291.95, "acq_date": "2026-04-06", "acq_time": "0258", "satellite": "T", "daynight": "D", "scan": 1.97, "track": 1.37}}, {"type": "Feature", "geometry": {"type": "Point", "coordinates": [93.85177, 19.78504]}, "properties": {"source_sensor": "VIIRS (Suomi NPP)", "frp": 84.06, "confidence": "high", "brightness_ti4": 367.0, "brightness_ti5": 330.31, "acq_date": "2026-04-07", "acq_time": "0703", "satellite": "N", "daynight": "D", "scan": 0.38, "track": 0.36}}, {"type": "Feature", "geometry": {"type": "Point", "coordinates": [93.84811, 19.78448]}, "properties": {"source_sensor": "VIIRS (Suomi NPP)", "frp": 84.06, "confidence": "nominal", "brightness_ti4": 342.24, "brightness_ti5": 302.03, "acq_date": "2026-04-07", "acq_time": "0703", "satellite": "N", "daynight": "D", "scan": 0.38, "track": 0.36}}, {"type": "Feature", "geometry": {"type": "Point", "coordinates": [96.84198, 18.55289]}, "properties": {"source_sensor": "MODIS (Aqua/Terra)", "frp": 84.05, "confidence": 96, "brightness": 352.59, "bright_t31": 301.68, "acq_date": "2026-04-07", "acq_time": "0826", "satellite": "A", "daynight": "D", "scan": 1.24, "track": 1.11}}, {"type": "Feature", "geometry": {"type": "Point", "coordinates": [101.90502, 19.53598]}, "properties": {"source_sensor": "VIIRS (Suomi NPP)", "frp": 84.03, "confidence": "nominal", "brightness_ti4": 344.84, "brightness_ti5": 295.95, "acq_date": "2026-04-06", "acq_time": "0542", "satellite": "N", "daynight": "D", "scan": 0.58, "track": 0.69}}, {"type": "Feature", "geometry": {"type": "Point", "coordinates": [101.89631, 19.54065]}, "properties": {"source_sensor": "VIIRS (Suomi NPP)", "frp": 84.03, "confidence": "nominal", "brightness_ti4": 338.35, "brightness_ti5": 295.33, "acq_date": "2026-04-06", "acq_time": "0542", "satellite": "N", "daynight": "D", "scan": 0.58, "track": 0.69}}, {"type": "Feature", "geometry": {"type": "Point", "coordinates": [101.90327, 19.54228]}, "properties": {"source_sensor": "VIIRS (Suomi NPP)", "frp": 84.03, "confidence": "low", "brightness_ti4": 208.0, "brightness_ti5": 307.89, "acq_date": "2026-04-06", "acq_time": "0542", "satellite": "N", "daynight": "D", "scan": 0.58, "track": 0.69}}, {"type": "Feature", "geometry": {"type": "Point", "coordinates": [101.16599, 19.69186]}, "properties": {"source_sensor": "VIIRS (Suomi NPP)", "frp": 84.03, "confidence": "high", "brightness_ti4": 367.0, "brightness_ti5": 298.69, "acq_date": "2026-04-06", "acq_time": "0722", "satellite": "N", "daynight": "D", "scan": 0.51, "track": 0.66}}, {"type": "Feature", "geometry": {"type": "Point", "coordinates": [101.16161, 19.69147]}, "properties": {"source_sensor": "VIIRS (Suomi NPP)", "frp": 84.03, "confidence": "low", "brightness_ti4": 208.0, "brightness_ti5": 306.02, "acq_date": "2026-04-06", "acq_time": "0722", "satellite": "N", "daynight": "D", "scan": 0.51, "track": 0.66}}, {"type": "Feature", "geometry": {"type": "Point", "coordinates": [95.90326, 18.20658]}, "properties": {"source_sensor": "VIIRS (Suomi NPP)", "frp": 84.0, "confidence": "nominal", "brightness_ti4": 344.67, "brightness_ti5": 307.45, "acq_date": "2026-04-06", "acq_time": "0722", "satellite": "N", "daynight": "D", "scan": 0.45, "track": 0.47}}, {"type": "Feature", "geometry": {"type": "Point", "coordinates": [-97.06089, 38.30165]}, "properties": {"source_sensor": "MODIS (Aqua/Terra)", "frp": 83.97, "confidence": 95, "brightness": 349.93, "bright_t31": 297.06, "acq_date": "2026-04-06", "acq_time": "2104", "satellite": "A", "daynight": "D", "scan": 1.31, "track": 1.13}}, {"type": "Feature", "geometry": {"type": "Point", "coordinates": [102.29713, 20.07494]}, "properties": {"source_sensor": "VIIRS (Suomi NPP)", "frp": 83.8, "confidence": "high", "brightness_ti4": 367.0, "brightness_ti5": 299.7, "acq_date": "2026-04-06", "acq_time": "0542", "satellite": "N", "daynight": "D", "scan": 0.53, "track": 0.67}}, {"type": "Feature", "geometry": {"type": "Point", "coordinates": [-96.88065, 40.06711]}, "properties": {"source_sensor": "MODIS (Aqua/Terra)", "frp": 83.8, "confidence": 95, "brightness": 347.38, "bright_t31": 290.58, "acq_date": "2026-04-06", "acq_time": "1607", "satellite": "T", "daynight": "D", "scan": 1.33, "track": 1.14}}, {"type": "Feature", "geometry": {"type": "Point", "coordinates": [-71.98183, -38.40306]}, "properties": {"source_sensor": "MODIS (Aqua/Terra)", "frp": 83.73, "confidence": 98, "brightness": 354.82, "bright_t31": 292.28, "acq_date": "2026-04-06", "acq_time": "2042", "satellite": "A", "daynight": "D", "scan": 1.09, "track": 1.04}}, {"type": "Feature", "geometry": {"type": "Point", "coordinates": [101.5546, 20.52455]}, "properties": {"source_sensor": "VIIRS (Suomi NPP)", "frp": 83.71, "confidence": "high", "brightness_ti4": 367.0, "brightness_ti5": 301.01, "acq_date": "2026-04-06", "acq_time": "0542", "satellite": "N", "daynight": "D", "scan": 0.58, "track": 0.7}}, {"type": "Feature", "geometry": {"type": "Point", "coordinates": [101.54794, 20.52295]}, "properties": {"source_sensor": "VIIRS (Suomi NPP)", "frp": 83.71, "confidence": "nominal", "brightness_ti4": 343.07, "brightness_ti5": 294.95, "acq_date": "2026-04-06", "acq_time": "0542", "satellite": "N", "daynight": "D", "scan": 0.58, "track": 0.7}}, {"type": "Feature", "geometry": {"type": "Point", "coordinates": [-10.21283, 10.2257]}, "properties": {"source_sensor": "VIIRS (Suomi NPP)", "frp": 83.7, "confidence": "high", "brightness_ti4": 367.0, "brightness_ti5": 341.6, "acq_date": "2026-04-06", "acq_time": "1405", "satellite": "N", "daynight": "D", "scan": 0.38, "track": 0.36}}, {"type": "Feature", "geometry": {"type": "Point", "coordinates": [-11.45397, 15.47349]}, "properties": {"source_sensor": "MODIS (Aqua/Terra)", "frp": 83.67, "confidence": 100, "brightness": 364.43, "bright_t31": 320.22, "acq_date": "2026-04-06", "acq_time": "1603", "satellite": "A", "daynight": "D", "scan": 1.07, "track": 1.03}}, {"type": "Feature", "geometry": {"type": "Point", "coordinates": [101.03696, 21.11538]}, "properties": {"source_sensor": "MODIS (Aqua/Terra)", "frp": 83.66, "confidence": 99, "brightness": 357.95, "bright_t31": 300.16, "acq_date": "2026-04-07", "acq_time": "0828", "satellite": "A", "daynight": "D", "scan": 1.08, "track": 1.04}}, {"type": "Feature", "geometry": {"type": "Point", "coordinates": [103.33685, 20.80338]}, "properties": {"source_sensor": "MODIS (Aqua/Terra)", "frp": 83.63, "confidence": 94, "brightness": 346.89, "bright_t31": 297.6, "acq_date": "2026-04-07", "acq_time": "0828", "satellite": "A", "daynight": "D", "scan": 1.42, "track": 1.18}}, {"type": "Feature", "geometry": {"type": "Point", "coordinates": [103.50899, 18.92883]}, "properties": {"source_sensor": "VIIRS (Suomi NPP)", "frp": 83.61, "confidence": "high", "brightness_ti4": 367.0, "brightness_ti5": 295.81, "acq_date": "2026-04-06", "acq_time": "0722", "satellite": "N", "daynight": "D", "scan": 0.71, "track": 0.75}}, {"type": "Feature", "geometry": {"type": "Point", "coordinates": [-13.94267, 14.1952]}, "properties": {"source_sensor": "MODIS (Aqua/Terra)", "frp": 83.6, "confidence": 100, "brightness": 366.32, "bright_t31": 323.14, "acq_date": "2026-04-06", "acq_time": "1603", "satellite": "A", "daynight": "D", "scan": 1.04, "track": 1.02}}, {"type": "Feature", "geometry": {"type": "Point", "coordinates": [-14.19235, 13.05716]}, "properties": {"source_sensor": "MODIS (Aqua/Terra)", "frp": 83.48, "confidence": 100, "brightness": 363.92, "bright_t31": 324.16, "acq_date": "2026-04-06", "acq_time": "1601", "satellite": "A", "daynight": "D", "scan": 1.08, "track": 1.04}}, {"type": "Feature", "geometry": {"type": "Point", "coordinates": [-117.55379, 33.9832]}, "properties": {"source_sensor": "MODIS (Aqua/Terra)", "frp": 83.42, "confidence": 67, "brightness": 306.12, "bright_t31": 284.33, "acq_date": "2026-04-07", "acq_time": "1219", "satellite": "A", "daynight": "N", "scan": 4.31, "track": 1.92}}, {"type": "Feature", "geometry": {"type": "Point", "coordinates": [65.74184, 54.87573]}, "properties": {"source_sensor": "VIIRS (Suomi NPP)", "frp": 83.35, "confidence": "high", "brightness_ti4": 367.0, "brightness_ti5": 305.58, "acq_date": "2026-04-07", "acq_time": "0714", "satellite": "N", "daynight": "D", "scan": 0.35, "track": 0.56}}, {"type": "Feature", "geometry": {"type": "Point", "coordinates": [101.53829, 15.96193]}, "properties": {"source_sensor": "MODIS (Aqua/Terra)", "frp": 83.32, "confidence": 100, "brightness": 362.3, "bright_t31": 308.91, "acq_date": "2026-04-07", "acq_time": "0826", "satellite": "A", "daynight": "D", "scan": 1.03, "track": 1.02}}, {"type": "Feature", "geometry": {"type": "Point", "coordinates": [94.759, 17.29591]}, "properties": {"source_sensor": "VIIRS (Suomi NPP)", "frp": 83.22, "confidence": "nominal", "brightness_ti4": 341.86, "brightness_ti5": 302.59, "acq_date": "2026-04-07", "acq_time": "0701", "satellite": "N", "daynight": "D", "scan": 0.38, "track": 0.36}}, {"type": "Feature", "geometry": {"type": "Point", "coordinates": [103.64453, 18.84571]}, "properties": {"source_sensor": "VIIRS (Suomi NPP)", "frp": 83.22, "confidence": "high", "brightness_ti4": 367.0, "brightness_ti5": 303.46, "acq_date": "2026-04-07", "acq_time": "0701", "satellite": "N", "daynight": "D", "scan": 0.36, "track": 0.57}}, {"type": "Feature", "geometry": {"type": "Point", "coordinates": [101.60023, 20.42574]}, "properties": {"source_sensor": "VIIRS (Suomi NPP)", "frp": 83.19, "confidence": "nominal", "brightness_ti4": 343.06, "brightness_ti5": 307.04, "acq_date": "2026-04-07", "acq_time": "0703", "satellite": "N", "daynight": "D", "scan": 0.55, "track": 0.51}}, {"type": "Feature", "geometry": {"type": "Point", "coordinates": [48.2877, 30.75019]}, "properties": {"source_sensor": "VIIRS (Suomi NPP)", "frp": 83.18, "confidence": "high", "brightness_ti4": 367.0, "brightness_ti5": 301.79, "acq_date": "2026-04-06", "acq_time": "1047", "satellite": "N", "daynight": "D", "scan": 0.49, "track": 0.65}}, {"type": "Feature", "geometry": {"type": "Point", "coordinates": [48.28244, 30.7499]}, "properties": {"source_sensor": "VIIRS (Suomi NPP)", "frp": 83.18, "confidence": "low", "brightness_ti4": 208.0, "brightness_ti5": 316.56, "acq_date": "2026-04-06", "acq_time": "1047", "satellite": "N", "daynight": "D", "scan": 0.49, "track": 0.65}}, {"type": "Feature", "geometry": {"type": "Point", "coordinates": [103.34558, 18.80848]}, "properties": {"source_sensor": "MODIS (Aqua/Terra)", "frp": 83.01, "confidence": 86, "brightness": 335.47, "bright_t31": 298.48, "acq_date": "2026-04-06", "acq_time": "0748", "satellite": "A", "daynight": "D", "scan": 1.98, "track": 1.37}}, {"type": "Feature", "geometry": {"type": "Point", "coordinates": [-97.13139, 37.32838]}, "properties": {"source_sensor": "MODIS (Aqua/Terra)", "frp": 82.91, "confidence": 100, "brightness": 327.51, "bright_t31": 280.91, "acq_date": "2026-04-06", "acq_time": "0232", "satellite": "T", "daynight": "N", "scan": 2.01, "track": 1.38}}, {"type": "Feature", "geometry": {"type": "Point", "coordinates": [-12.91595, 9.82579]}, "properties": {"source_sensor": "VIIRS (Suomi NPP)", "frp": 82.9, "confidence": "high", "brightness_ti4": 367.0, "brightness_ti5": 332.47, "acq_date": "2026-04-06", "acq_time": "1405", "satellite": "N", "daynight": "D", "scan": 0.46, "track": 0.39}}, {"type": "Feature", "geometry": {"type": "Point", "coordinates": [-12.91669, 9.82937]}, "properties": {"source_sensor": "VIIRS (Suomi NPP)", "frp": 82.9, "confidence": "nominal", "brightness_ti4": 337.76, "brightness_ti5": 310.33, "acq_date": "2026-04-06", "acq_time": "1405", "satellite": "N", "daynight": "D", "scan": 0.46, "track": 0.39}}, {"type": "Feature", "geometry": {"type": "Point", "coordinates": [110.18317, 20.59003]}, "properties": {"source_sensor": "MODIS (Aqua/Terra)", "frp": 82.9, "confidence": 67, "brightness": 319.31, "bright_t31": 295.4, "acq_date": "2026-04-07", "acq_time": "0826", "satellite": "A", "daynight": "D", "scan": 4.64, "track": 1.97}}, {"type": "Feature", "geometry": {"type": "Point", "coordinates": [-12.94228, 10.75146]}, "properties": {"source_sensor": "VIIRS (Suomi NPP)", "frp": 82.73, "confidence": "low", "brightness_ti4": 351.36, "brightness_ti5": 336.76, "acq_date": "2026-04-06", "acq_time": "1405", "satellite": "N", "daynight": "D", "scan": 0.45, "track": 0.39}}, {"type": "Feature", "geometry": {"type": "Point", "coordinates": [-12.94288, 10.75502]}, "properties": {"source_sensor": "VIIRS (Suomi NPP)", "frp": 82.73, "confidence": "nominal", "brightness_ti4": 351.14, "brightness_ti5": 318.61, "acq_date": "2026-04-06", "acq_time": "1405", "satellite": "N", "daynight": "D", "scan": 0.45, "track": 0.39}}, {"type": "Feature", "geometry": {"type": "Point", "coordinates": [98.09267, 15.67648]}, "properties": {"source_sensor": "MODIS (Aqua/Terra)", "frp": 82.7, "confidence": 100, "brightness": 339.18, "bright_t31": 297.63, "acq_date": "2026-04-06", "acq_time": "1355", "satellite": "T", "daynight": "N", "scan": 1.65, "track": 1.26}}, {"type": "Feature", "geometry": {"type": "Point", "coordinates": [93.41663, 20.90011]}, "properties": {"source_sensor": "VIIRS (Suomi NPP)", "frp": 82.69, "confidence": "high", "brightness_ti4": 367.0, "brightness_ti5": 328.06, "acq_date": "2026-04-06", "acq_time": "0722", "satellite": "N", "daynight": "D", "scan": 0.52, "track": 0.41}}, {"type": "Feature", "geometry": {"type": "Point", "coordinates": [93.41184, 20.8995]}, "properties": {"source_sensor": "VIIRS (Suomi NPP)", "frp": 82.69, "confidence": "nominal", "brightness_ti4": 356.26, "brightness_ti5": 306.75, "acq_date": "2026-04-06", "acq_time": "0722", "satellite": "N", "daynight": "D", "scan": 0.52, "track": 0.41}}, {"type": "Feature", "geometry": {"type": "Point", "coordinates": [93.41608, 20.90394]}, "properties": {"source_sensor": "VIIRS (Suomi NPP)", "frp": 82.69, "confidence": "nominal", "brightness_ti4": 356.98, "brightness_ti5": 302.32, "acq_date": "2026-04-06", "acq_time": "0722", "satellite": "N", "daynight": "D", "scan": 0.52, "track": 0.41}}, {"type": "Feature", "geometry": {"type": "Point", "coordinates": [93.41125, 20.90332]}, "properties": {"source_sensor": "VIIRS (Suomi NPP)", "frp": 82.69, "confidence": "nominal", "brightness_ti4": 349.93, "brightness_ti5": 302.82, "acq_date": "2026-04-06", "acq_time": "0722", "satellite": "N", "daynight": "D", "scan": 0.52, "track": 0.41}}, {"type": "Feature", "geometry": {"type": "Point", "coordinates": [130.18254, 49.0093]}, "properties": {"source_sensor": "VIIRS (Suomi NPP)", "frp": 82.65, "confidence": "nominal", "brightness_ti4": 348.61, "brightness_ti5": 293.47, "acq_date": "2026-04-07", "acq_time": "0529", "satellite": "N", "daynight": "D", "scan": 0.68, "track": 0.74}}, {"type": "Feature", "geometry": {"type": "Point", "coordinates": [130.19231, 49.00917]}, "properties": {"source_sensor": "VIIRS (Suomi NPP)", "frp": 82.65, "confidence": "low", "brightness_ti4": 276.97, "brightness_ti5": 304.58, "acq_date": "2026-04-07", "acq_time": "0529", "satellite": "N", "daynight": "D", "scan": 0.68, "track": 0.74}}, {"type": "Feature", "geometry": {"type": "Point", "coordinates": [130.18289, 49.01628]}, "properties": {"source_sensor": "VIIRS (Suomi NPP)", "frp": 82.65, "confidence": "nominal", "brightness_ti4": 350.8, "brightness_ti5": 285.1, "acq_date": "2026-04-07", "acq_time": "0529", "satellite": "N", "daynight": "D", "scan": 0.68, "track": 0.74}}, {"type": "Feature", "geometry": {"type": "Point", "coordinates": [130.19266, 49.01615]}, "properties": {"source_sensor": "VIIRS (Suomi NPP)", "frp": 82.65, "confidence": "low", "brightness_ti4": 357.1, "brightness_ti5": 289.73, "acq_date": "2026-04-07", "acq_time": "0529", "satellite": "N", "daynight": "D", "scan": 0.68, "track": 0.74}}, {"type": "Feature", "geometry": {"type": "Point", "coordinates": [115.83324, -28.79131]}, "properties": {"source_sensor": "MODIS (Aqua/Terra)", "frp": 82.58, "confidence": 92, "brightness": 342.17, "bright_t31": 300.08, "acq_date": "2026-04-07", "acq_time": "0813", "satellite": "A", "daynight": "D", "scan": 1.62, "track": 1.25}}, {"type": "Feature", "geometry": {"type": "Point", "coordinates": [97.38703, 23.48596]}, "properties": {"source_sensor": "VIIRS (Suomi NPP)", "frp": 82.52, "confidence": "high", "brightness_ti4": 367.0, "brightness_ti5": 315.73, "acq_date": "2026-04-06", "acq_time": "0722", "satellite": "N", "daynight": "D", "scan": 0.32, "track": 0.55}}, {"type": "Feature", "geometry": {"type": "Point", "coordinates": [97.3905, 23.4863]}, "properties": {"source_sensor": "VIIRS (Suomi NPP)", "frp": 82.52, "confidence": "nominal", "brightness_ti4": 335.16, "brightness_ti5": 296.28, "acq_date": "2026-04-06", "acq_time": "0722", "satellite": "N", "daynight": "D", "scan": 0.32, "track": 0.55}}, {"type": "Feature", "geometry": {"type": "Point", "coordinates": [-96.42996, 38.89239]}, "properties": {"source_sensor": "MODIS (Aqua/Terra)", "frp": 82.47, "confidence": 93, "brightness": 342.75, "bright_t31": 289.43, "acq_date": "2026-04-06", "acq_time": "1609", "satellite": "T", "daynight": "D", "scan": 1.48, "track": 1.2}}, {"type": "Feature", "geometry": {"type": "Point", "coordinates": [101.93556, 22.32043]}, "properties": {"source_sensor": "MODIS (Aqua/Terra)", "frp": 82.47, "confidence": 96, "brightness": 352.33, "bright_t31": 302.07, "acq_date": "2026-04-07", "acq_time": "0828", "satellite": "A", "daynight": "D", "scan": 1.23, "track": 1.1}}, {"type": "Feature", "geometry": {"type": "Point", "coordinates": [103.01814, 18.40671]}, "properties": {"source_sensor": "MODIS (Aqua/Terra)", "frp": 82.46, "confidence": 81, "brightness": 334.94, "bright_t31": 296.75, "acq_date": "2026-04-06", "acq_time": "0748", "satellite": "A", "daynight": "D", "scan": 2.14, "track": 1.42}}, {"type": "Feature", "geometry": {"type": "Point", "coordinates": [101.77081, 16.36547]}, "properties": {"source_sensor": "MODIS (Aqua/Terra)", "frp": 82.45, "confidence": 75, "brightness": 309.98, "bright_t31": 294.61, "acq_date": "2026-04-06", "acq_time": "2000", "satellite": "A", "daynight": "N", "scan": 4.68, "track": 1.98}}, {"type": "Feature", "geometry": {"type": "Point", "coordinates": [101.94606, 20.03273]}, "properties": {"source_sensor": "VIIRS (Suomi NPP)", "frp": 82.36, "confidence": "nominal", "brightness_ti4": 336.17, "brightness_ti5": 294.22, "acq_date": "2026-04-06", "acq_time": "0542", "satellite": "N", "daynight": "D", "scan": 0.56, "track": 0.69}}, {"type": "Feature", "geometry": {"type": "Point", "coordinates": [101.95088, 20.03385]}, "properties": {"source_sensor": "VIIRS (Suomi NPP)", "frp": 82.36, "confidence": "low", "brightness_ti4": 208.0, "brightness_ti5": 303.77, "acq_date": "2026-04-06", "acq_time": "0542", "satellite": "N", "daynight": "D", "scan": 0.56, "track": 0.69}}, {"type": "Feature", "geometry": {"type": "Point", "coordinates": [101.95106, 20.04052]}, "properties": {"source_sensor": "VIIRS (Suomi NPP)", "frp": 82.36, "confidence": "nominal", "brightness_ti4": 343.78, "brightness_ti5": 294.05, "acq_date": "2026-04-06", "acq_time": "0542", "satellite": "N", "daynight": "D", "scan": 0.56, "track": 0.69}}, {"type": "Feature", "geometry": {"type": "Point", "coordinates": [104.1368, 10.63397]}, "properties": {"source_sensor": "VIIRS (Suomi NPP)", "frp": 82.36, "confidence": "high", "brightness_ti4": 367.0, "brightness_ti5": 303.26, "acq_date": "2026-04-06", "acq_time": "0720", "satellite": "N", "daynight": "D", "scan": 0.62, "track": 0.71}}, {"type": "Feature", "geometry": {"type": "Point", "coordinates": [104.13564, 10.64062]}, "properties": {"source_sensor": "VIIRS (Suomi NPP)", "frp": 82.36, "confidence": "high", "brightness_ti4": 367.0, "brightness_ti5": 297.78, "acq_date": "2026-04-06", "acq_time": "0720", "satellite": "N", "daynight": "D", "scan": 0.62, "track": 0.71}}, {"type": "Feature", "geometry": {"type": "Point", "coordinates": [-97.15685, 37.33587]}, "properties": {"source_sensor": "MODIS (Aqua/Terra)", "frp": 82.36, "confidence": 100, "brightness": 327.64, "bright_t31": 280.23, "acq_date": "2026-04-06", "acq_time": "0232", "satellite": "T", "daynight": "N", "scan": 2.02, "track": 1.38}}, {"type": "Feature", "geometry": {"type": "Point", "coordinates": [102.20545, 18.60464]}, "properties": {"source_sensor": "MODIS (Aqua/Terra)", "frp": 82.29, "confidence": 96, "brightness": 351.47, "bright_t31": 300.14, "acq_date": "2026-04-07", "acq_time": "0204", "satellite": "T", "daynight": "D", "scan": 1.25, "track": 1.11}}, {"type": "Feature", "geometry": {"type": "Point", "coordinates": [102.64299, 18.74821]}, "properties": {"source_sensor": "VIIRS (Suomi NPP)", "frp": 82.12, "confidence": "nominal", "brightness_ti4": 342.39, "brightness_ti5": 299.08, "acq_date": "2026-04-07", "acq_time": "0701", "satellite": "N", "daynight": "D", "scan": 0.61, "track": 0.53}}, {"type": "Feature", "geometry": {"type": "Point", "coordinates": [102.64243, 18.75318]}, "properties": {"source_sensor": "VIIRS (Suomi NPP)", "frp": 82.12, "confidence": "nominal", "brightness_ti4": 339.32, "brightness_ti5": 309.23, "acq_date": "2026-04-07", "acq_time": "0701", "satellite": "N", "daynight": "D", "scan": 0.61, "track": 0.53}}, {"type": "Feature", "geometry": {"type": "Point", "coordinates": [102.63683, 18.75255]}, "properties": {"source_sensor": "VIIRS (Suomi NPP)", "frp": 82.12, "confidence": "nominal", "brightness_ti4": 341.42, "brightness_ti5": 299.86, "acq_date": "2026-04-07", "acq_time": "0701", "satellite": "N", "daynight": "D", "scan": 0.61, "track": 0.53}}, {"type": "Feature", "geometry": {"type": "Point", "coordinates": [-94.00694, 42.4253]}, "properties": {"source_sensor": "MODIS (Aqua/Terra)", "frp": 82.12, "confidence": 0, "brightness": 357.38, "bright_t31": 269.37, "acq_date": "2026-04-06", "acq_time": "2104", "satellite": "A", "daynight": "D", "scan": 1.0, "track": 1.0}}, {"type": "Feature", "geometry": {"type": "Point", "coordinates": [98.35424, 22.75466]}, "properties": {"source_sensor": "VIIRS (Suomi NPP)", "frp": 82.07, "confidence": "high", "brightness_ti4": 367.0, "brightness_ti5": 309.52, "acq_date": "2026-04-06", "acq_time": "0722", "satellite": "N", "daynight": "D", "scan": 0.37, "track": 0.58}}, {"type": "Feature", "geometry": {"type": "Point", "coordinates": [98.35318, 22.75999]}, "properties": {"source_sensor": "VIIRS (Suomi NPP)", "frp": 82.07, "confidence": "high", "brightness_ti4": 367.0, "brightness_ti5": 301.71, "acq_date": "2026-04-06", "acq_time": "0722", "satellite": "N", "daynight": "D", "scan": 0.37, "track": 0.58}}, {"type": "Feature", "geometry": {"type": "Point", "coordinates": [100.4694, 20.69214]}, "properties": {"source_sensor": "VIIRS (Suomi NPP)", "frp": 82.05, "confidence": "high", "brightness_ti4": 367.0, "brightness_ti5": 296.79, "acq_date": "2026-04-06", "acq_time": "0542", "satellite": "N", "daynight": "D", "scan": 0.67, "track": 0.73}}, {"type": "Feature", "geometry": {"type": "Point", "coordinates": [101.97963, 18.15273]}, "properties": {"source_sensor": "VIIRS (Suomi NPP)", "frp": 82.01, "confidence": "high", "brightness_ti4": 367.0, "brightness_ti5": 306.38, "acq_date": "2026-04-06", "acq_time": "0722", "satellite": "N", "daynight": "D", "scan": 0.55, "track": 0.68}}, {"type": "Feature", "geometry": {"type": "Point", "coordinates": [101.97426, 18.15222]}, "properties": {"source_sensor": "VIIRS (Suomi NPP)", "frp": 82.01, "confidence": "nominal", "brightness_ti4": 338.8, "brightness_ti5": 299.05, "acq_date": "2026-04-06", "acq_time": "0722", "satellite": "N", "daynight": "D", "scan": 0.55, "track": 0.68}}, {"type": "Feature", "geometry": {"type": "Point", "coordinates": [77.22879, 43.65794]}, "properties": {"source_sensor": "MODIS (Aqua/Terra)", "frp": 82.01, "confidence": 95, "brightness": 348.09, "bright_t31": 297.27, "acq_date": "2026-04-06", "acq_time": "0436", "satellite": "T", "daynight": "D", "scan": 1.34, "track": 1.15}}, {"type": "Feature", "geometry": {"type": "Point", "coordinates": [93.97849, 19.63869]}, "properties": {"source_sensor": "VIIRS (Suomi NPP)", "frp": 81.98, "confidence": "low", "brightness_ti4": 330.87, "brightness_ti5": 302.46, "acq_date": "2026-04-07", "acq_time": "0703", "satellite": "N", "daynight": "D", "scan": 0.38, "track": 0.36}}, {"type": "Feature", "geometry": {"type": "Point", "coordinates": [93.98215, 19.63925]}, "properties": {"source_sensor": "VIIRS (Suomi NPP)", "frp": 81.98, "confidence": "low", "brightness_ti4": 367.0, "brightness_ti5": 331.33, "acq_date": "2026-04-07", "acq_time": "0703", "satellite": "N", "daynight": "D", "scan": 0.38, "track": 0.36}}, {"type": "Feature", "geometry": {"type": "Point", "coordinates": [-6.14651, 12.33653]}, "properties": {"source_sensor": "MODIS (Aqua/Terra)", "frp": 81.93, "confidence": 85, "brightness": 341.95, "bright_t31": 313.99, "acq_date": "2026-04-06", "acq_time": "1601", "satellite": "A", "daynight": "D", "scan": 2.16, "track": 1.43}}, {"type": "Feature", "geometry": {"type": "Point", "coordinates": [-95.84756, 38.03836]}, "properties": {"source_sensor": "MODIS (Aqua/Terra)", "frp": 81.92, "confidence": 97, "brightness": 352.47, "bright_t31": 292.51, "acq_date": "2026-04-06", "acq_time": "2104", "satellite": "A", "daynight": "D", "scan": 1.16, "track": 1.07}}, {"type": "Feature", "geometry": {"type": "Point", "coordinates": [106.07307, 16.97811]}, "properties": {"source_sensor": "VIIRS (Suomi NPP)", "frp": 81.9, "confidence": "high", "brightness_ti4": 367.0, "brightness_ti5": 297.12, "acq_date": "2026-04-06", "acq_time": "0540", "satellite": "N", "daynight": "D", "scan": 0.35, "track": 0.57}}, {"type": "Feature", "geometry": {"type": "Point", "coordinates": [106.06995, 16.97749]}, "properties": {"source_sensor": "VIIRS (Suomi NPP)", "frp": 81.9, "confidence": "low", "brightness_ti4": 281.0, "brightness_ti5": 315.74, "acq_date": "2026-04-06", "acq_time": "0540", "satellite": "N", "daynight": "D", "scan": 0.35, "track": 0.57}}, {"type": "Feature", "geometry": {"type": "Point", "coordinates": [94.44137, 24.83507]}, "properties": {"source_sensor": "VIIRS (Suomi NPP)", "frp": 81.9, "confidence": "nominal", "brightness_ti4": 336.99, "brightness_ti5": 299.4, "acq_date": "2026-04-06", "acq_time": "0724", "satellite": "N", "daynight": "D", "scan": 0.44, "track": 0.46}}, {"type": "Feature", "geometry": {"type": "Point", "coordinates": [94.43502, 24.83873]}, "properties": {"source_sensor": "VIIRS (Suomi NPP)", "frp": 81.9, "confidence": "nominal", "brightness_ti4": 348.62, "brightness_ti5": 305.43, "acq_date": "2026-04-06", "acq_time": "0724", "satellite": "N", "daynight": "D", "scan": 0.44, "track": 0.46}}, {"type": "Feature", "geometry": {"type": "Point", "coordinates": [-12.45736, 10.90994]}, "properties": {"source_sensor": "VIIRS (Suomi NPP)", "frp": 81.88, "confidence": "nominal", "brightness_ti4": 342.99, "brightness_ti5": 300.76, "acq_date": "2026-04-06", "acq_time": "1405", "satellite": "N", "daynight": "D", "scan": 0.43, "track": 0.38}}, {"type": "Feature", "geometry": {"type": "Point", "coordinates": [-12.45338, 10.91059]}, "properties": {"source_sensor": "VIIRS (Suomi NPP)", "frp": 81.88, "confidence": "low", "brightness_ti4": 367.0, "brightness_ti5": 341.72, "acq_date": "2026-04-06", "acq_time": "1405", "satellite": "N", "daynight": "D", "scan": 0.43, "track": 0.38}}, {"type": "Feature", "geometry": {"type": "Point", "coordinates": [-12.45794, 10.91342]}, "properties": {"source_sensor": "VIIRS (Suomi NPP)", "frp": 81.88, "confidence": "nominal", "brightness_ti4": 339.04, "brightness_ti5": 303.86, "acq_date": "2026-04-06", "acq_time": "1405", "satellite": "N", "daynight": "D", "scan": 0.43, "track": 0.38}}, {"type": "Feature", "geometry": {"type": "Point", "coordinates": [-12.45396, 10.91407]}, "properties": {"source_sensor": "VIIRS (Suomi NPP)", "frp": 81.88, "confidence": "low", "brightness_ti4": 367.0, "brightness_ti5": 328.99, "acq_date": "2026-04-06", "acq_time": "1405", "satellite": "N", "daynight": "D", "scan": 0.43, "track": 0.38}}, {"type": "Feature", "geometry": {"type": "Point", "coordinates": [98.58179, 23.1975]}, "properties": {"source_sensor": "VIIRS (Suomi NPP)", "frp": 81.72, "confidence": "nominal", "brightness_ti4": 347.55, "brightness_ti5": 274.68, "acq_date": "2026-04-07", "acq_time": "0703", "satellite": "N", "daynight": "D", "scan": 0.39, "track": 0.44}}, {"type": "Feature", "geometry": {"type": "Point", "coordinates": [98.57773, 23.19701]}, "properties": {"source_sensor": "VIIRS (Suomi NPP)", "frp": 81.72, "confidence": "nominal", "brightness_ti4": 350.8, "brightness_ti5": 283.01, "acq_date": "2026-04-07", "acq_time": "0703", "satellite": "N", "daynight": "D", "scan": 0.39, "track": 0.44}}, {"type": "Feature", "geometry": {"type": "Point", "coordinates": [98.58147, 23.20157]}, "properties": {"source_sensor": "VIIRS (Suomi NPP)", "frp": 81.72, "confidence": "nominal", "brightness_ti4": 356.83, "brightness_ti5": 279.01, "acq_date": "2026-04-07", "acq_time": "0703", "satellite": "N", "daynight": "D", "scan": 0.39, "track": 0.44}}, {"type": "Feature", "geometry": {"type": "Point", "coordinates": [105.37064, 17.85367]}, "properties": {"source_sensor": "VIIRS (Suomi NPP)", "frp": 81.64, "confidence": "high", "brightness_ti4": 367.0, "brightness_ti5": 298.54, "acq_date": "2026-04-07", "acq_time": "0523", "satellite": "N", "daynight": "D", "scan": 0.75, "track": 0.77}}, {"type": "Feature", "geometry": {"type": "Point", "coordinates": [-7.11298, 41.86909]}, "properties": {"source_sensor": "MODIS (Aqua/Terra)", "frp": 81.62, "confidence": 76, "brightness": 319.39, "bright_t31": 296.0, "acq_date": "2026-04-06", "acq_time": "1429", "satellite": "A", "daynight": "D", "scan": 3.32, "track": 1.72}}, {"type": "Feature", "geometry": {"type": "Point", "coordinates": [148.23894, -34.69312]}, "properties": {"source_sensor": "VIIRS (Suomi NPP)", "frp": 81.6, "confidence": "nominal", "brightness_ti4": 337.84, "brightness_ti5": 295.86, "acq_date": "2026-04-07", "acq_time": "0325", "satellite": "N", "daynight": "D", "scan": 0.61, "track": 0.54}}, {"type": "Feature", "geometry": {"type": "Point", "coordinates": [103.60797, 20.36697]}, "properties": {"source_sensor": "MODIS (Aqua/Terra)", "frp": 81.55, "confidence": 93, "brightness": 345.3, "bright_t31": 296.95, "acq_date": "2026-04-07", "acq_time": "0826", "satellite": "A", "daynight": "D", "scan": 1.46, "track": 1.2}}, {"type": "Feature", "geometry": {"type": "Point", "coordinates": [-96.57658, 37.06963]}, "properties": {"source_sensor": "MODIS (Aqua/Terra)", "frp": 81.49, "confidence": 96, "brightness": 350.05, "bright_t31": 298.34, "acq_date": "2026-04-06", "acq_time": "2101", "satellite": "A", "daynight": "D", "scan": 1.3, "track": 1.13}}, {"type": "Feature", "geometry": {"type": "Point", "coordinates": [108.41846, 13.55696]}, "properties": {"source_sensor": "MODIS (Aqua/Terra)", "frp": 81.45, "confidence": 99, "brightness": 359.21, "bright_t31": 316.15, "acq_date": "2026-04-06", "acq_time": "0746", "satellite": "A", "daynight": "D", "scan": 1.12, "track": 1.06}}, {"type": "Feature", "geometry": {"type": "Point", "coordinates": [-6.67718, 43.33983]}, "properties": {"source_sensor": "VIIRS (Suomi NPP)", "frp": 81.4, "confidence": "high", "brightness_ti4": 367.0, "brightness_ti5": 307.95, "acq_date": "2026-04-06", "acq_time": "1414", "satellite": "N", "daynight": "D", "scan": 0.36, "track": 0.58}}, {"type": "Feature", "geometry": {"type": "Point", "coordinates": [73.67248, 16.43713]}, "properties": {"source_sensor": "VIIRS (Suomi NPP)", "frp": 81.39, "confidence": "low", "brightness_ti4": 345.21, "brightness_ti5": 316.11, "acq_date": "2026-04-07", "acq_time": "0843", "satellite": "N", "daynight": "D", "scan": 0.51, "track": 0.41}}, {"type": "Feature", "geometry": {"type": "Point", "coordinates": [103.63996, 18.4948]}, "properties": {"source_sensor": "VIIRS (Suomi NPP)", "frp": 81.35, "confidence": "high", "brightness_ti4": 367.0, "brightness_ti5": 304.13, "acq_date": "2026-04-07", "acq_time": "0701", "satellite": "N", "daynight": "D", "scan": 0.35, "track": 0.57}}, {"type": "Feature", "geometry": {"type": "Point", "coordinates": [48.85714, 46.06906]}, "properties": {"source_sensor": "MODIS (Aqua/Terra)", "frp": 81.35, "confidence": 92, "brightness": 353.33, "bright_t31": 294.97, "acq_date": "2026-04-06", "acq_time": "1115", "satellite": "A", "daynight": "D", "scan": 1.16, "track": 1.07}}, {"type": "Feature", "geometry": {"type": "Point", "coordinates": [-102.70204, 18.99321]}, "properties": {"source_sensor": "MODIS (Aqua/Terra)", "frp": 81.26, "confidence": 94, "brightness": 348.53, "bright_t31": 304.18, "acq_date": "2026-04-06", "acq_time": "1613", "satellite": "T", "daynight": "D", "scan": 1.43, "track": 1.18}}, {"type": "Feature", "geometry": {"type": "Point", "coordinates": [-93.10631, 17.83933]}, "properties": {"source_sensor": "MODIS (Aqua/Terra)", "frp": 81.21, "confidence": 100, "brightness": 328.53, "bright_t31": 290.53, "acq_date": "2026-04-06", "acq_time": "1006", "satellite": "A", "daynight": "N", "scan": 2.15, "track": 1.43}}, {"type": "Feature", "geometry": {"type": "Point", "coordinates": [48.21344, 45.74888]}, "properties": {"source_sensor": "MODIS (Aqua/Terra)", "frp": 81.13, "confidence": 0, "brightness": 349.27, "bright_t31": 294.63, "acq_date": "2026-04-06", "acq_time": "1115", "satellite": "A", "daynight": "D", "scan": 1.24, "track": 1.11}}, {"type": "Feature", "geometry": {"type": "Point", "coordinates": [101.54757, 20.53097]}, "properties": {"source_sensor": "VIIRS (Suomi NPP)", "frp": 81.11, "confidence": "low", "brightness_ti4": 356.78, "brightness_ti5": 306.47, "acq_date": "2026-04-07", "acq_time": "0703", "satellite": "N", "daynight": "D", "scan": 0.55, "track": 0.51}}, {"type": "Feature", "geometry": {"type": "Point", "coordinates": [101.54671, 20.53566]}, "properties": {"source_sensor": "VIIRS (Suomi NPP)", "frp": 81.11, "confidence": "nominal", "brightness_ti4": 355.19, "brightness_ti5": 295.57, "acq_date": "2026-04-07", "acq_time": "0703", "satellite": "N", "daynight": "D", "scan": 0.55, "track": 0.51}}, {"type": "Feature", "geometry": {"type": "Point", "coordinates": [101.54195, 20.53514]}, "properties": {"source_sensor": "VIIRS (Suomi NPP)", "frp": 81.11, "confidence": "nominal", "brightness_ti4": 346.32, "brightness_ti5": 295.32, "acq_date": "2026-04-07", "acq_time": "0703", "satellite": "N", "daynight": "D", "scan": 0.55, "track": 0.51}}, {"type": "Feature", "geometry": {"type": "Point", "coordinates": [97.50396, 17.96947]}, "properties": {"source_sensor": "VIIRS (Suomi NPP)", "frp": 81.1, "confidence": "nominal", "brightness_ti4": 346.14, "brightness_ti5": 300.95, "acq_date": "2026-04-07", "acq_time": "0701", "satellite": "N", "daynight": "D", "scan": 0.45, "track": 0.39}}, {"type": "Feature", "geometry": {"type": "Point", "coordinates": [48.0563, 45.94104]}, "properties": {"source_sensor": "MODIS (Aqua/Terra)", "frp": 81.07, "confidence": 96, "brightness": 349.59, "bright_t31": 295.0, "acq_date": "2026-04-06", "acq_time": "1115", "satellite": "A", "daynight": "D", "scan": 1.25, "track": 1.11}}, {"type": "Feature", "geometry": {"type": "Point", "coordinates": [130.21587, 49.05762]}, "properties": {"source_sensor": "MODIS (Aqua/Terra)", "frp": 81.07, "confidence": 100, "brightness": 352.19, "bright_t31": 276.5, "acq_date": "2026-04-07", "acq_time": "1128", "satellite": "T", "daynight": "N", "scan": 1.1, "track": 1.05}}, {"type": "Feature", "geometry": {"type": "Point", "coordinates": [102.9828, 20.34408]}, "properties": {"source_sensor": "VIIRS (Suomi NPP)", "frp": 81.06, "confidence": "nominal", "brightness_ti4": 334.65, "brightness_ti5": 292.77, "acq_date": "2026-04-07", "acq_time": "0703", "satellite": "N", "daynight": "D", "scan": 0.34, "track": 0.56}}, {"type": "Feature", "geometry": {"type": "Point", "coordinates": [102.9822, 20.34925]}, "properties": {"source_sensor": "VIIRS (Suomi NPP)", "frp": 81.06, "confidence": "high", "brightness_ti4": 367.0, "brightness_ti5": 308.12, "acq_date": "2026-04-07", "acq_time": "0703", "satellite": "N", "daynight": "D", "scan": 0.34, "track": 0.56}}, {"type": "Feature", "geometry": {"type": "Point", "coordinates": [102.98566, 20.34961]}, "properties": {"source_sensor": "VIIRS (Suomi NPP)", "frp": 81.06, "confidence": "nominal", "brightness_ti4": 334.84, "brightness_ti5": 293.42, "acq_date": "2026-04-07", "acq_time": "0703", "satellite": "N", "daynight": "D", "scan": 0.34, "track": 0.56}}, {"type": "Feature", "geometry": {"type": "Point", "coordinates": [128.22047, -18.27514]}, "properties": {"source_sensor": "VIIRS (Suomi NPP)", "frp": 81.04, "confidence": "nominal", "brightness_ti4": 353.63, "brightness_ti5": 317.56, "acq_date": "2026-04-07", "acq_time": "0510", "satellite": "N", "daynight": "D", "scan": 0.38, "track": 0.36}}, {"type": "Feature", "geometry": {"type": "Point", "coordinates": [101.62284, 20.10461]}, "properties": {"source_sensor": "MODIS (Aqua/Terra)", "frp": 80.98, "confidence": 82, "brightness": 328.63, "bright_t31": 299.38, "acq_date": "2026-04-06", "acq_time": "0750", "satellite": "A", "daynight": "D", "scan": 2.52, "track": 1.53}}, {"type": "Feature", "geometry": {"type": "Point", "coordinates": [-6.51407, 43.0424]}, "properties": {"source_sensor": "MODIS (Aqua/Terra)", "frp": 80.96, "confidence": 100, "brightness": 348.7, "bright_t31": 280.35, "acq_date": "2026-04-06", "acq_time": "2036", "satellite": "T", "daynight": "N", "scan": 1.21, "track": 1.09}}, {"type": "Feature", "geometry": {"type": "Point", "coordinates": [102.23844, 20.694]}, "properties": {"source_sensor": "VIIRS (Suomi NPP)", "frp": 80.95, "confidence": "high", "brightness_ti4": 367.0, "brightness_ti5": 293.91, "acq_date": "2026-04-06", "acq_time": "0542", "satellite": "N", "daynight": "D", "scan": 0.52, "track": 0.67}}, {"type": "Feature", "geometry": {"type": "Point", "coordinates": [102.22859, 20.6982]}, "properties": {"source_sensor": "VIIRS (Suomi NPP)", "frp": 80.95, "confidence": "nominal", "brightness_ti4": 336.98, "brightness_ti5": 295.69, "acq_date": "2026-04-06", "acq_time": "0542", "satellite": "N", "daynight": "D", "scan": 0.52, "track": 0.67}}, {"type": "Feature", "geometry": {"type": "Point", "coordinates": [102.23507, 20.69967]}, "properties": {"source_sensor": "VIIRS (Suomi NPP)", "frp": 80.95, "confidence": "low", "brightness_ti4": 208.0, "brightness_ti5": 306.35, "acq_date": "2026-04-06", "acq_time": "0542", "satellite": "N", "daynight": "D", "scan": 0.52, "track": 0.67}}, {"type": "Feature", "geometry": {"type": "Point", "coordinates": [103.32987, 20.80967]}, "properties": {"source_sensor": "MODIS (Aqua/Terra)", "frp": 80.88, "confidence": 93, "brightness": 345.88, "bright_t31": 297.25, "acq_date": "2026-04-07", "acq_time": "0828", "satellite": "A", "daynight": "D", "scan": 1.42, "track": 1.18}}, {"type": "Feature", "geometry": {"type": "Point", "coordinates": [92.16674, 24.17481]}, "properties": {"source_sensor": "MODIS (Aqua/Terra)", "frp": 80.84, "confidence": 88, "brightness": 335.38, "bright_t31": 297.66, "acq_date": "2026-04-07", "acq_time": "0828", "satellite": "A", "daynight": "D", "scan": 2.02, "track": 1.39}}, {"type": "Feature", "geometry": {"type": "Point", "coordinates": [94.64472, 23.21549]}, "properties": {"source_sensor": "MODIS (Aqua/Terra)", "frp": 80.83, "confidence": 68, "brightness": 319.59, "bright_t31": 297.25, "acq_date": "2026-04-06", "acq_time": "0928", "satellite": "A", "daynight": "D", "scan": 4.64, "track": 1.97}}, {"type": "Feature", "geometry": {"type": "Point", "coordinates": [76.53407, 23.1699]}, "properties": {"source_sensor": "MODIS (Aqua/Terra)", "frp": 80.81, "confidence": 73, "brightness": 325.98, "bright_t31": 304.39, "acq_date": "2026-04-06", "acq_time": "0442", "satellite": "T", "daynight": "D", "scan": 3.62, "track": 1.78}}, {"type": "Feature", "geometry": {"type": "Point", "coordinates": [97.31464, 18.00916]}, "properties": {"source_sensor": "MODIS (Aqua/Terra)", "frp": 80.8, "confidence": 96, "brightness": 352.85, "bright_t31": 298.85, "acq_date": "2026-04-07", "acq_time": "0826", "satellite": "A", "daynight": "D", "scan": 1.19, "track": 1.09}}, {"type": "Feature", "geometry": {"type": "Point", "coordinates": [92.68529, 21.04606]}, "properties": {"source_sensor": "VIIRS (Suomi NPP)", "frp": 80.78, "confidence": "nominal", "brightness_ti4": 346.2, "brightness_ti5": 307.28, "acq_date": "2026-04-06", "acq_time": "0722", "satellite": "N", "daynight": "D", "scan": 0.48, "track": 0.4}}, {"type": "Feature", "geometry": {"type": "Point", "coordinates": [104.45187, 19.70814]}, "properties": {"source_sensor": "VIIRS (Suomi NPP)", "frp": 80.75, "confidence": "nominal", "brightness_ti4": 333.52, "brightness_ti5": 294.55, "acq_date": "2026-04-06", "acq_time": "0542", "satellite": "N", "daynight": "D", "scan": 0.4, "track": 0.6}}, {"type": "Feature", "geometry": {"type": "Point", "coordinates": [104.45506, 19.70883]}, "properties": {"source_sensor": "VIIRS (Suomi NPP)", "frp": 80.75, "confidence": "low", "brightness_ti4": 208.0, "brightness_ti5": 308.01, "acq_date": "2026-04-06", "acq_time": "0542", "satellite": "N", "daynight": "D", "scan": 0.4, "track": 0.6}}, {"type": "Feature", "geometry": {"type": "Point", "coordinates": [106.11981, 16.40124]}, "properties": {"source_sensor": "MODIS (Aqua/Terra)", "frp": 80.73, "confidence": 95, "brightness": 350.96, "bright_t31": 308.09, "acq_date": "2026-04-06", "acq_time": "0748", "satellite": "A", "daynight": "D", "scan": 1.39, "track": 1.17}}, {"type": "Feature", "geometry": {"type": "Point", "coordinates": [101.31612, 20.38832]}, "properties": {"source_sensor": "MODIS (Aqua/Terra)", "frp": 80.72, "confidence": 82, "brightness": 329.73, "bright_t31": 299.62, "acq_date": "2026-04-06", "acq_time": "0750", "satellite": "A", "daynight": "D", "scan": 2.62, "track": 1.55}}, {"type": "Feature", "geometry": {"type": "Point", "coordinates": [74.88094, 45.31173]}, "properties": {"source_sensor": "VIIRS (Suomi NPP)", "frp": 80.67, "confidence": "nominal", "brightness_ti4": 354.53, "brightness_ti5": 315.33, "acq_date": "2026-04-07", "acq_time": "0712", "satellite": "N", "daynight": "D", "scan": 0.6, "track": 0.53}}, {"type": "Feature", "geometry": {"type": "Point", "coordinates": [74.87846, 45.31638]}, "properties": {"source_sensor": "VIIRS (Suomi NPP)", "frp": 80.67, "confidence": "nominal", "brightness_ti4": 355.87, "brightness_ti5": 297.35, "acq_date": "2026-04-07", "acq_time": "0712", "satellite": "N", "daynight": "D", "scan": 0.6, "track": 0.53}}, {"type": "Feature", "geometry": {"type": "Point", "coordinates": [151.20926, -24.89084]}, "properties": {"source_sensor": "MODIS (Aqua/Terra)", "frp": 80.57, "confidence": 83, "brightness": 327.67, "bright_t31": 297.93, "acq_date": "2026-04-07", "acq_time": "0459", "satellite": "A", "daynight": "D", "scan": 2.51, "track": 1.52}}, {"type": "Feature", "geometry": {"type": "Point", "coordinates": [107.61352, 13.63742]}, "properties": {"source_sensor": "VIIRS (Suomi NPP)", "frp": 80.56, "confidence": "high", "brightness_ti4": 367.0, "brightness_ti5": 299.35, "acq_date": "2026-04-07", "acq_time": "0521", "satellite": "N", "daynight": "D", "scan": 0.66, "track": 0.73}}, {"type": "Feature", "geometry": {"type": "Point", "coordinates": [107.60733, 13.6361]}, "properties": {"source_sensor": "VIIRS (Suomi NPP)", "frp": 80.56, "confidence": "nominal", "brightness_ti4": 336.66, "brightness_ti5": 303.26, "acq_date": "2026-04-07", "acq_time": "0521", "satellite": "N", "daynight": "D", "scan": 0.66, "track": 0.73}}, {"type": "Feature", "geometry": {"type": "Point", "coordinates": [49.65697, 46.40417]}, "properties": {"source_sensor": "VIIRS (Suomi NPP)", "frp": 80.56, "confidence": "high", "brightness_ti4": 367.0, "brightness_ti5": 314.62, "acq_date": "2026-04-07", "acq_time": "1034", "satellite": "N", "daynight": "D", "scan": 0.42, "track": 0.61}}, {"type": "Feature", "geometry": {"type": "Point", "coordinates": [49.65134, 46.404]}, "properties": {"source_sensor": "VIIRS (Suomi NPP)", "frp": 80.56, "confidence": "low", "brightness_ti4": 367.0, "brightness_ti5": 362.11, "acq_date": "2026-04-07", "acq_time": "1034", "satellite": "N", "daynight": "D", "scan": 0.42, "track": 0.61}}, {"type": "Feature", "geometry": {"type": "Point", "coordinates": [49.65666, 46.4099]}, "properties": {"source_sensor": "VIIRS (Suomi NPP)", "frp": 80.56, "confidence": "high", "brightness_ti4": 367.0, "brightness_ti5": 343.98, "acq_date": "2026-04-07", "acq_time": "1034", "satellite": "N", "daynight": "D", "scan": 0.42, "track": 0.61}}, {"type": "Feature", "geometry": {"type": "Point", "coordinates": [49.65104, 46.40973]}, "properties": {"source_sensor": "VIIRS (Suomi NPP)", "frp": 80.56, "confidence": "nominal", "brightness_ti4": 341.37, "brightness_ti5": 303.47, "acq_date": "2026-04-07", "acq_time": "1034", "satellite": "N", "daynight": "D", "scan": 0.42, "track": 0.61}}, {"type": "Feature", "geometry": {"type": "Point", "coordinates": [24.71861, 10.46673]}, "properties": {"source_sensor": "MODIS (Aqua/Terra)", "frp": 80.54, "confidence": 98, "brightness": 357.28, "bright_t31": 315.95, "acq_date": "2026-04-07", "acq_time": "1323", "satellite": "A", "daynight": "D", "scan": 1.27, "track": 1.12}}, {"type": "Feature", "geometry": {"type": "Point", "coordinates": [102.51682, 21.33339]}, "properties": {"source_sensor": "VIIRS (Suomi NPP)", "frp": 80.51, "confidence": "high", "brightness_ti4": 367.0, "brightness_ti5": 300.51, "acq_date": "2026-04-06", "acq_time": "0542", "satellite": "N", "daynight": "D", "scan": 0.49, "track": 0.65}}, {"type": "Feature", "geometry": {"type": "Point", "coordinates": [102.51817, 21.33996]}, "properties": {"source_sensor": "VIIRS (Suomi NPP)", "frp": 80.51, "confidence": "nominal", "brightness_ti4": 343.72, "brightness_ti5": 294.15, "acq_date": "2026-04-06", "acq_time": "0542", "satellite": "N", "daynight": "D", "scan": 0.48, "track": 0.65}}, {"type": "Feature", "geometry": {"type": "Point", "coordinates": [106.23319, 16.34939]}, "properties": {"source_sensor": "VIIRS (Suomi NPP)", "frp": 80.5, "confidence": "high", "brightness_ti4": 367.0, "brightness_ti5": 302.31, "acq_date": "2026-04-06", "acq_time": "0540", "satellite": "N", "daynight": "D", "scan": 0.35, "track": 0.57}}, {"type": "Feature", "geometry": {"type": "Point", "coordinates": [102.25837, 20.60076]}, "properties": {"source_sensor": "VIIRS (Suomi NPP)", "frp": 80.5, "confidence": "nominal", "brightness_ti4": 340.11, "brightness_ti5": 294.21, "acq_date": "2026-04-06", "acq_time": "0722", "satellite": "N", "daynight": "D", "scan": 0.61, "track": 0.71}}, {"type": "Feature", "geometry": {"type": "Point", "coordinates": [106.5308, 16.46355]}, "properties": {"source_sensor": "VIIRS (Suomi NPP)", "frp": 80.48, "confidence": "nominal", "brightness_ti4": 346.0, "brightness_ti5": 302.04, "acq_date": "2026-04-06", "acq_time": "0540", "satellite": "N", "daynight": "D", "scan": 0.34, "track": 0.56}}, {"type": "Feature", "geometry": {"type": "Point", "coordinates": [95.48161, 19.16026]}, "properties": {"source_sensor": "MODIS (Aqua/Terra)", "frp": 80.48, "confidence": 94, "brightness": 349.18, "bright_t31": 306.69, "acq_date": "2026-04-07", "acq_time": "0826", "satellite": "A", "daynight": "D", "scan": 1.48, "track": 1.2}}, {"type": "Feature", "geometry": {"type": "Point", "coordinates": [134.08656, -20.27928]}, "properties": {"source_sensor": "MODIS (Aqua/Terra)", "frp": 80.47, "confidence": 100, "brightness": 360.07, "bright_t31": 308.43, "acq_date": "2026-04-07", "acq_time": "0640", "satellite": "A", "daynight": "D", "scan": 1.02, "track": 1.01}}, {"type": "Feature", "geometry": {"type": "Point", "coordinates": [96.60715, 19.35823]}, "properties": {"source_sensor": "MODIS (Aqua/Terra)", "frp": 80.46, "confidence": 95, "brightness": 350.66, "bright_t31": 297.83, "acq_date": "2026-04-07", "acq_time": "0826", "satellite": "A", "daynight": "D", "scan": 1.25, "track": 1.11}}, {"type": "Feature", "geometry": {"type": "Point", "coordinates": [98.12455, 18.50664]}, "properties": {"source_sensor": "MODIS (Aqua/Terra)", "frp": 80.43, "confidence": 98, "brightness": 356.96, "bright_t31": 300.76, "acq_date": "2026-04-07", "acq_time": "0826", "satellite": "A", "daynight": "D", "scan": 1.08, "track": 1.04}}, {"type": "Feature", "geometry": {"type": "Point", "coordinates": [94.23952, 24.29624]}, "properties": {"source_sensor": "VIIRS (Suomi NPP)", "frp": 80.38, "confidence": "nominal", "brightness_ti4": 352.75, "brightness_ti5": 305.84, "acq_date": "2026-04-06", "acq_time": "0724", "satellite": "N", "daynight": "D", "scan": 0.42, "track": 0.45}}, {"type": "Feature", "geometry": {"type": "Point", "coordinates": [2.75562, 9.1736]}, "properties": {"source_sensor": "MODIS (Aqua/Terra)", "frp": 80.35, "confidence": 43, "brightness": 321.69, "bright_t31": 293.49, "acq_date": "2026-04-06", "acq_time": "1422", "satellite": "A", "daynight": "D", "scan": 4.54, "track": 1.96}}, {"type": "Feature", "geometry": {"type": "Point", "coordinates": [98.09451, 18.52096]}, "properties": {"source_sensor": "MODIS (Aqua/Terra)", "frp": 80.35, "confidence": 98, "brightness": 357.38, "bright_t31": 291.06, "acq_date": "2026-04-07", "acq_time": "0826", "satellite": "A", "daynight": "D", "scan": 1.08, "track": 1.04}}, {"type": "Feature", "geometry": {"type": "Point", "coordinates": [102.1906, 20.70706]}, "properties": {"source_sensor": "VIIRS (Suomi NPP)", "frp": 80.34, "confidence": "nominal", "brightness_ti4": 347.89, "brightness_ti5": 298.19, "acq_date": "2026-04-07", "acq_time": "0703", "satellite": "N", "daynight": "D", "scan": 0.6, "track": 0.53}}, {"type": "Feature", "geometry": {"type": "Point", "coordinates": [-11.94772, 8.01938]}, "properties": {"source_sensor": "MODIS (Aqua/Terra)", "frp": 80.3, "confidence": 100, "brightness": 361.63, "bright_t31": 304.81, "acq_date": "2026-04-06", "acq_time": "1558", "satellite": "A", "daynight": "D", "scan": 1.01, "track": 1.0}}, {"type": "Feature", "geometry": {"type": "Point", "coordinates": [-7.09652, 41.86977]}, "properties": {"source_sensor": "VIIRS (Suomi NPP)", "frp": 80.25, "confidence": "nominal", "brightness_ti4": 331.36, "brightness_ti5": 294.67, "acq_date": "2026-04-06", "acq_time": "1234", "satellite": "N", "daynight": "D", "scan": 0.42, "track": 0.61}}, {"type": "Feature", "geometry": {"type": "Point", "coordinates": [-7.09894, 41.87525]}, "properties": {"source_sensor": "VIIRS (Suomi NPP)", "frp": 80.25, "confidence": "low", "brightness_ti4": 208.0, "brightness_ti5": 306.01, "acq_date": "2026-04-06", "acq_time": "1234", "satellite": "N", "daynight": "D", "scan": 0.42, "track": 0.61}}, {"type": "Feature", "geometry": {"type": "Point", "coordinates": [-96.96153, 37.87885]}, "properties": {"source_sensor": "MODIS (Aqua/Terra)", "frp": 80.25, "confidence": 93, "brightness": 343.31, "bright_t31": 296.15, "acq_date": "2026-04-06", "acq_time": "1609", "satellite": "T", "daynight": "D", "scan": 1.45, "track": 1.19}}, {"type": "Feature", "geometry": {"type": "Point", "coordinates": [-96.67435, 39.0985]}, "properties": {"source_sensor": "MODIS (Aqua/Terra)", "frp": 80.25, "confidence": 84, "brightness": 353.08, "bright_t31": 292.69, "acq_date": "2026-04-06", "acq_time": "2104", "satellite": "A", "daynight": "D", "scan": 1.22, "track": 1.1}}, {"type": "Feature", "geometry": {"type": "Point", "coordinates": [97.38326, 18.16097]}, "properties": {"source_sensor": "VIIRS (Suomi NPP)", "frp": 80.19, "confidence": "nominal", "brightness_ti4": 343.35, "brightness_ti5": 300.44, "acq_date": "2026-04-07", "acq_time": "0701", "satellite": "N", "daynight": "D", "scan": 0.45, "track": 0.39}}, {"type": "Feature", "geometry": {"type": "Point", "coordinates": [151.19196, -24.88826]}, "properties": {"source_sensor": "MODIS (Aqua/Terra)", "frp": 80.18, "confidence": 82, "brightness": 327.58, "bright_t31": 298.4, "acq_date": "2026-04-07", "acq_time": "0459", "satellite": "A", "daynight": "D", "scan": 2.52, "track": 1.53}}, {"type": "Feature", "geometry": {"type": "Point", "coordinates": [48.18656, 45.75237]}, "properties": {"source_sensor": "MODIS (Aqua/Terra)", "frp": 80.16, "confidence": 74, "brightness": 328.51, "bright_t31": 293.61, "acq_date": "2026-04-07", "acq_time": "0654", "satellite": "T", "daynight": "D", "scan": 2.29, "track": 1.47}}, {"type": "Feature", "geometry": {"type": "Point", "coordinates": [104.33048, 19.74961]}, "properties": {"source_sensor": "VIIRS (Suomi NPP)", "frp": 80.13, "confidence": "nominal", "brightness_ti4": 336.76, "brightness_ti5": 294.56, "acq_date": "2026-04-06", "acq_time": "0542", "satellite": "N", "daynight": "D", "scan": 0.4, "track": 0.6}}, {"type": "Feature", "geometry": {"type": "Point", "coordinates": [106.52285, 16.07523]}, "properties": {"source_sensor": "VIIRS (Suomi NPP)", "frp": 80.13, "confidence": "high", "brightness_ti4": 367.0, "brightness_ti5": 293.1, "acq_date": "2026-04-07", "acq_time": "0523", "satellite": "N", "daynight": "D", "scan": 0.69, "track": 0.74}}, {"type": "Feature", "geometry": {"type": "Point", "coordinates": [79.19865, 45.9748]}, "properties": {"source_sensor": "MODIS (Aqua/Terra)", "frp": 80.12, "confidence": 60, "brightness": 320.68, "bright_t31": 295.95, "acq_date": "2026-04-07", "acq_time": "1013", "satellite": "A", "daynight": "D", "scan": 3.21, "track": 1.7}}, {"type": "Feature", "geometry": {"type": "Point", "coordinates": [102.64317, 18.71223]}, "properties": {"source_sensor": "MODIS (Aqua/Terra)", "frp": 80.08, "confidence": 96, "brightness": 352.22, "bright_t31": 298.52, "acq_date": "2026-04-07", "acq_time": "0204", "satellite": "T", "daynight": "D", "scan": 1.19, "track": 1.08}}, {"type": "Feature", "geometry": {"type": "Point", "coordinates": [101.22389, 20.05945]}, "properties": {"source_sensor": "VIIRS (Suomi NPP)", "frp": 80.07, "confidence": "high", "brightness_ti4": 367.0, "brightness_ti5": 326.29, "acq_date": "2026-04-07", "acq_time": "0703", "satellite": "N", "daynight": "D", "scan": 0.51, "track": 0.5}}, {"type": "Feature", "geometry": {"type": "Point", "coordinates": [101.22948, 20.06008]}, "properties": {"source_sensor": "VIIRS (Suomi NPP)", "frp": 80.07, "confidence": "nominal", "brightness_ti4": 352.84, "brightness_ti5": 302.21, "acq_date": "2026-04-07", "acq_time": "0703", "satellite": "N", "daynight": "D", "scan": 0.51, "track": 0.5}}, {"type": "Feature", "geometry": {"type": "Point", "coordinates": [101.22261, 20.06397]}, "properties": {"source_sensor": "VIIRS (Suomi NPP)", "frp": 80.07, "confidence": "high", "brightness_ti4": 367.0, "brightness_ti5": 304.75, "acq_date": "2026-04-07", "acq_time": "0703", "satellite": "N", "daynight": "D", "scan": 0.51, "track": 0.5}}, {"type": "Feature", "geometry": {"type": "Point", "coordinates": [101.22814, 20.06459]}, "properties": {"source_sensor": "VIIRS (Suomi NPP)", "frp": 80.07, "confidence": "nominal", "brightness_ti4": 343.28, "brightness_ti5": 301.41, "acq_date": "2026-04-07", "acq_time": "0703", "satellite": "N", "daynight": "D", "scan": 0.51, "track": 0.5}}, {"type": "Feature", "geometry": {"type": "Point", "coordinates": [-13.09099, 11.13857]}, "properties": {"source_sensor": "VIIRS (Suomi NPP)", "frp": 80.03, "confidence": "high", "brightness_ti4": 367.0, "brightness_ti5": 336.09, "acq_date": "2026-04-06", "acq_time": "1405", "satellite": "N", "daynight": "D", "scan": 0.45, "track": 0.39}}, {"type": "Feature", "geometry": {"type": "Point", "coordinates": [-13.09524, 11.13787]}, "properties": {"source_sensor": "VIIRS (Suomi NPP)", "frp": 80.03, "confidence": "low", "brightness_ti4": 367.0, "brightness_ti5": 326.22, "acq_date": "2026-04-06", "acq_time": "1405", "satellite": "N", "daynight": "D", "scan": 0.45, "track": 0.39}}, {"type": "Feature", "geometry": {"type": "Point", "coordinates": [-13.09168, 11.14213]}, "properties": {"source_sensor": "VIIRS (Suomi NPP)", "frp": 80.03, "confidence": "low", "brightness_ti4": 351.17, "brightness_ti5": 326.58, "acq_date": "2026-04-06", "acq_time": "1405", "satellite": "N", "daynight": "D", "scan": 0.45, "track": 0.39}}, {"type": "Feature", "geometry": {"type": "Point", "coordinates": [115.85636, -29.07838]}, "properties": {"source_sensor": "MODIS (Aqua/Terra)", "frp": 79.97, "confidence": 79, "brightness": 340.77, "bright_t31": 296.28, "acq_date": "2026-04-07", "acq_time": "0813", "satellite": "A", "daynight": "D", "scan": 1.6, "track": 1.25}}, {"type": "Feature", "geometry": {"type": "Point", "coordinates": [101.05624, 19.97453]}, "properties": {"source_sensor": "MODIS (Aqua/Terra)", "frp": 79.97, "confidence": 98, "brightness": 357.07, "bright_t31": 302.15, "acq_date": "2026-04-07", "acq_time": "0826", "satellite": "A", "daynight": "D", "scan": 1.06, "track": 1.03}}, {"type": "Feature", "geometry": {"type": "Point", "coordinates": [107.05228, 13.91889]}, "properties": {"source_sensor": "MODIS (Aqua/Terra)", "frp": 79.93, "confidence": 95, "brightness": 350.54, "bright_t31": 306.33, "acq_date": "2026-04-06", "acq_time": "0748", "satellite": "A", "daynight": "D", "scan": 1.32, "track": 1.14}}, {"type": "Feature", "geometry": {"type": "Point", "coordinates": [-96.21869, 38.78619]}, "properties": {"source_sensor": "MODIS (Aqua/Terra)", "frp": 79.92, "confidence": 92, "brightness": 341.39, "bright_t31": 288.73, "acq_date": "2026-04-06", "acq_time": "1609", "satellite": "T", "daynight": "D", "scan": 1.53, "track": 1.22}}, {"type": "Feature", "geometry": {"type": "Point", "coordinates": [104.13091, 20.69651]}, "properties": {"source_sensor": "VIIRS (Suomi NPP)", "frp": 79.89, "confidence": "nominal", "brightness_ti4": 329.41, "brightness_ti5": 298.96, "acq_date": "2026-04-06", "acq_time": "0542", "satellite": "N", "daynight": "D", "scan": 0.4, "track": 0.6}}, {"type": "Feature", "geometry": {"type": "Point", "coordinates": [101.87109, 22.19519]}, "properties": {"source_sensor": "VIIRS (Suomi NPP)", "frp": 79.83, "confidence": "nominal", "brightness_ti4": 347.52, "brightness_ti5": 311.38, "acq_date": "2026-04-07", "acq_time": "0703", "satellite": "N", "daynight": "D", "scan": 0.6, "track": 0.53}}, {"type": "Feature", "geometry": {"type": "Point", "coordinates": [101.86401, 22.19444]}, "properties": {"source_sensor": "VIIRS (Suomi NPP)", "frp": 79.83, "confidence": "nominal", "brightness_ti4": 354.25, "brightness_ti5": 302.35, "acq_date": "2026-04-07", "acq_time": "0703", "satellite": "N", "daynight": "D", "scan": 0.6, "track": 0.53}}, {"type": "Feature", "geometry": {"type": "Point", "coordinates": [-5.47379, 43.30058]}, "properties": {"source_sensor": "MODIS (Aqua/Terra)", "frp": 79.81, "confidence": 84, "brightness": 327.09, "bright_t31": 295.64, "acq_date": "2026-04-06", "acq_time": "1429", "satellite": "A", "daynight": "D", "scan": 2.42, "track": 1.5}}, {"type": "Feature", "geometry": {"type": "Point", "coordinates": [-96.10576, 37.47772]}, "properties": {"source_sensor": "MODIS (Aqua/Terra)", "frp": 79.73, "confidence": 90, "brightness": 350.17, "bright_t31": 293.29, "acq_date": "2026-04-06", "acq_time": "2104", "satellite": "A", "daynight": "D", "scan": 1.22, "track": 1.1}}, {"type": "Feature", "geometry": {"type": "Point", "coordinates": [96.9649, 18.27711]}, "properties": {"source_sensor": "VIIRS (Suomi NPP)", "frp": 79.67, "confidence": "low", "brightness_ti4": 305.12, "brightness_ti5": 309.35, "acq_date": "2026-04-06", "acq_time": "0722", "satellite": "N", "daynight": "D", "scan": 0.52, "track": 0.5}}, {"type": "Feature", "geometry": {"type": "Point", "coordinates": [116.4638, -30.60592]}, "properties": {"source_sensor": "VIIRS (Suomi NPP)", "frp": 79.66, "confidence": "nominal", "brightness_ti4": 344.41, "brightness_ti5": 297.6, "acq_date": "2026-04-07", "acq_time": "0648", "satellite": "N", "daynight": "D", "scan": 0.35, "track": 0.56}}, {"type": "Feature", "geometry": {"type": "Point", "coordinates": [116.4622, -30.60076]}, "properties": {"source_sensor": "VIIRS (Suomi NPP)", "frp": 79.66, "confidence": "high", "brightness_ti4": 367.0, "brightness_ti5": 304.81, "acq_date": "2026-04-07", "acq_time": "0648", "satellite": "N", "daynight": "D", "scan": 0.35, "track": 0.56}}, {"type": "Feature", "geometry": {"type": "Point", "coordinates": [116.45856, -30.60164]}, "properties": {"source_sensor": "VIIRS (Suomi NPP)", "frp": 79.66, "confidence": "low", "brightness_ti4": 367.0, "brightness_ti5": 340.84, "acq_date": "2026-04-07", "acq_time": "0648", "satellite": "N", "daynight": "D", "scan": 0.34, "track": 0.56}}, {"type": "Feature", "geometry": {"type": "Point", "coordinates": [94.83783, 19.12007]}, "properties": {"source_sensor": "MODIS (Aqua/Terra)", "frp": 79.62, "confidence": 92, "brightness": 345.54, "bright_t31": 306.59, "acq_date": "2026-04-07", "acq_time": "0826", "satellite": "A", "daynight": "D", "scan": 1.64, "track": 1.26}}, {"type": "Feature", "geometry": {"type": "Point", "coordinates": [-12.97566, 11.80958]}, "properties": {"source_sensor": "MODIS (Aqua/Terra)", "frp": 79.6, "confidence": 84, "brightness": 333.68, "bright_t31": 305.28, "acq_date": "2026-04-07", "acq_time": "1019", "satellite": "T", "daynight": "D", "scan": 2.27, "track": 1.46}}, {"type": "Feature", "geometry": {"type": "Point", "coordinates": [104.53226, 18.47818]}, "properties": {"source_sensor": "MODIS (Aqua/Terra)", "frp": 79.59, "confidence": 91, "brightness": 343.78, "bright_t31": 305.94, "acq_date": "2026-04-07", "acq_time": "0826", "satellite": "A", "daynight": "D", "scan": 1.6, "track": 1.24}}, {"type": "Feature", "geometry": {"type": "Point", "coordinates": [-10.5814, 10.00922]}, "properties": {"source_sensor": "VIIRS (Suomi NPP)", "frp": 79.53, "confidence": "low", "brightness_ti4": 367.0, "brightness_ti5": 328.91, "acq_date": "2026-04-06", "acq_time": "1405", "satellite": "N", "daynight": "D", "scan": 0.39, "track": 0.36}}, {"type": "Feature", "geometry": {"type": "Point", "coordinates": [106.34303, 16.58231]}, "properties": {"source_sensor": "VIIRS (Suomi NPP)", "frp": 79.52, "confidence": "high", "brightness_ti4": 367.0, "brightness_ti5": 300.28, "acq_date": "2026-04-06", "acq_time": "0540", "satellite": "N", "daynight": "D", "scan": 0.34, "track": 0.56}}, {"type": "Feature", "geometry": {"type": "Point", "coordinates": [101.29758, 20.06773]}, "properties": {"source_sensor": "VIIRS (Suomi NPP)", "frp": 79.52, "confidence": "nominal", "brightness_ti4": 339.93, "brightness_ti5": 295.86, "acq_date": "2026-04-07", "acq_time": "0703", "satellite": "N", "daynight": "D", "scan": 0.52, "track": 0.5}}, {"type": "Feature", "geometry": {"type": "Point", "coordinates": [101.29182, 20.06708]}, "properties": {"source_sensor": "VIIRS (Suomi NPP)", "frp": 79.52, "confidence": "nominal", "brightness_ti4": 346.38, "brightness_ti5": 309.08, "acq_date": "2026-04-07", "acq_time": "0703", "satellite": "N", "daynight": "D", "scan": 0.52, "track": 0.5}}, {"type": "Feature", "geometry": {"type": "Point", "coordinates": [101.29647, 20.07229]}, "properties": {"source_sensor": "VIIRS (Suomi NPP)", "frp": 79.52, "confidence": "high", "brightness_ti4": 367.0, "brightness_ti5": 303.12, "acq_date": "2026-04-07", "acq_time": "0703", "satellite": "N", "daynight": "D", "scan": 0.52, "track": 0.5}}, {"type": "Feature", "geometry": {"type": "Point", "coordinates": [43.80208, 34.89574]}, "properties": {"source_sensor": "MODIS (Aqua/Terra)", "frp": 79.52, "confidence": 100, "brightness": 337.92, "bright_t31": 286.0, "acq_date": "2026-04-06", "acq_time": "1720", "satellite": "T", "daynight": "N", "scan": 1.53, "track": 1.22}}, {"type": "Feature", "geometry": {"type": "Point", "coordinates": [128.14517, -18.51295]}, "properties": {"source_sensor": "VIIRS (Suomi NPP)", "frp": 79.5, "confidence": "nominal", "brightness_ti4": 338.35, "brightness_ti5": 309.47, "acq_date": "2026-04-07", "acq_time": "0510", "satellite": "N", "daynight": "D", "scan": 0.38, "track": 0.36}}, {"type": "Feature", "geometry": {"type": "Point", "coordinates": [128.14825, -18.50906]}, "properties": {"source_sensor": "VIIRS (Suomi NPP)", "frp": 79.5, "confidence": "high", "brightness_ti4": 367.0, "brightness_ti5": 333.65, "acq_date": "2026-04-07", "acq_time": "0510", "satellite": "N", "daynight": "D", "scan": 0.38, "track": 0.36}}, {"type": "Feature", "geometry": {"type": "Point", "coordinates": [-9.48274, 6.43625]}, "properties": {"source_sensor": "VIIRS (Suomi NPP)", "frp": 79.47, "confidence": "nominal", "brightness_ti4": 341.93, "brightness_ti5": 303.63, "acq_date": "2026-04-06", "acq_time": "1403", "satellite": "N", "daynight": "D", "scan": 0.39, "track": 0.36}}, {"type": "Feature", "geometry": {"type": "Point", "coordinates": [-12.24459, 10.42382]}, "properties": {"source_sensor": "VIIRS (Suomi NPP)", "frp": 79.37, "confidence": "high", "brightness_ti4": 367.0, "brightness_ti5": 337.14, "acq_date": "2026-04-06", "acq_time": "1405", "satellite": "N", "daynight": "D", "scan": 0.42, "track": 0.38}}, {"type": "Feature", "geometry": {"type": "Point", "coordinates": [-12.24067, 10.42444]}, "properties": {"source_sensor": "VIIRS (Suomi NPP)", "frp": 79.37, "confidence": "nominal", "brightness_ti4": 350.15, "brightness_ti5": 312.58, "acq_date": "2026-04-06", "acq_time": "1405", "satellite": "N", "daynight": "D", "scan": 0.42, "track": 0.38}}, {"type": "Feature", "geometry": {"type": "Point", "coordinates": [-11.33001, 9.29448]}, "properties": {"source_sensor": "MODIS (Aqua/Terra)", "frp": 79.37, "confidence": 100, "brightness": 360.94, "bright_t31": 305.25, "acq_date": "2026-04-06", "acq_time": "1558", "satellite": "A", "daynight": "D", "scan": 1.0, "track": 1.0}}, {"type": "Feature", "geometry": {"type": "Point", "coordinates": [97.8325, 18.71151]}, "properties": {"source_sensor": "MODIS (Aqua/Terra)", "frp": 79.31, "confidence": 98, "brightness": 356.91, "bright_t31": 300.37, "acq_date": "2026-04-07", "acq_time": "0826", "satellite": "A", "daynight": "D", "scan": 1.1, "track": 1.05}}, {"type": "Feature", "geometry": {"type": "Point", "coordinates": [-11.49899, 9.36165]}, "properties": {"source_sensor": "MODIS (Aqua/Terra)", "frp": 79.27, "confidence": 100, "brightness": 360.7, "bright_t31": 306.94, "acq_date": "2026-04-06", "acq_time": "1558", "satellite": "A", "daynight": "D", "scan": 1.0, "track": 1.0}}, {"type": "Feature", "geometry": {"type": "Point", "coordinates": [96.96971, 18.27765]}, "properties": {"source_sensor": "VIIRS (Suomi NPP)", "frp": 79.23, "confidence": "nominal", "brightness_ti4": 341.75, "brightness_ti5": 299.93, "acq_date": "2026-04-06", "acq_time": "0722", "satellite": "N", "daynight": "D", "scan": 0.52, "track": 0.5}}, {"type": "Feature", "geometry": {"type": "Point", "coordinates": [101.94308, 16.32426]}, "properties": {"source_sensor": "MODIS (Aqua/Terra)", "frp": 79.23, "confidence": 100, "brightness": 360.07, "bright_t31": 311.9, "acq_date": "2026-04-07", "acq_time": "0826", "satellite": "A", "daynight": "D", "scan": 1.07, "track": 1.03}}, {"type": "Feature", "geometry": {"type": "Point", "coordinates": [95.439, 19.16378]}, "properties": {"source_sensor": "MODIS (Aqua/Terra)", "frp": 79.2, "confidence": 94, "brightness": 348.23, "bright_t31": 305.93, "acq_date": "2026-04-07", "acq_time": "0826", "satellite": "A", "daynight": "D", "scan": 1.49, "track": 1.2}}, {"type": "Feature", "geometry": {"type": "Point", "coordinates": [43.87009, 35.68103]}, "properties": {"source_sensor": "MODIS (Aqua/Terra)", "frp": 79.17, "confidence": 97, "brightness": 353.36, "bright_t31": 294.25, "acq_date": "2026-04-07", "acq_time": "1149", "satellite": "A", "daynight": "D", "scan": 1.1, "track": 1.05}}, {"type": "Feature", "geometry": {"type": "Point", "coordinates": [102.48374, 20.16952]}, "properties": {"source_sensor": "VIIRS (Suomi NPP)", "frp": 79.13, "confidence": "nominal", "brightness_ti4": 335.23, "brightness_ti5": 299.55, "acq_date": "2026-04-06", "acq_time": "0542", "satellite": "N", "daynight": "D", "scan": 0.52, "track": 0.66}}, {"type": "Feature", "geometry": {"type": "Point", "coordinates": [102.48328, 20.17582]}, "properties": {"source_sensor": "VIIRS (Suomi NPP)", "frp": 79.13, "confidence": "nominal", "brightness_ti4": 353.74, "brightness_ti5": 293.14, "acq_date": "2026-04-06", "acq_time": "0542", "satellite": "N", "daynight": "D", "scan": 0.52, "track": 0.66}}, {"type": "Feature", "geometry": {"type": "Point", "coordinates": [93.02777, 25.39701]}, "properties": {"source_sensor": "VIIRS (Suomi NPP)", "frp": 79.11, "confidence": "nominal", "brightness_ti4": 352.27, "brightness_ti5": 288.1, "acq_date": "2026-04-06", "acq_time": "0724", "satellite": "N", "daynight": "D", "scan": 0.56, "track": 0.43}}, {"type": "Feature", "geometry": {"type": "Point", "coordinates": [93.64178, 22.69602]}, "properties": {"source_sensor": "VIIRS (Suomi NPP)", "frp": 79.09, "confidence": "high", "brightness_ti4": 367.0, "brightness_ti5": 310.65, "acq_date": "2026-04-06", "acq_time": "0722", "satellite": "N", "daynight": "D", "scan": 0.56, "track": 0.43}}, {"type": "Feature", "geometry": {"type": "Point", "coordinates": [93.64034, 22.69988]}, "properties": {"source_sensor": "VIIRS (Suomi NPP)", "frp": 79.09, "confidence": "nominal", "brightness_ti4": 356.1, "brightness_ti5": 313.17, "acq_date": "2026-04-06", "acq_time": "0722", "satellite": "N", "daynight": "D", "scan": 0.56, "track": 0.43}}, {"type": "Feature", "geometry": {"type": "Point", "coordinates": [93.63491, 22.69924]}, "properties": {"source_sensor": "VIIRS (Suomi NPP)", "frp": 79.09, "confidence": "nominal", "brightness_ti4": 344.16, "brightness_ti5": 313.64, "acq_date": "2026-04-06", "acq_time": "0722", "satellite": "N", "daynight": "D", "scan": 0.56, "track": 0.43}}, {"type": "Feature", "geometry": {"type": "Point", "coordinates": [101.88018, 18.17136]}, "properties": {"source_sensor": "VIIRS (Suomi NPP)", "frp": 79.05, "confidence": "nominal", "brightness_ti4": 355.98, "brightness_ti5": 312.22, "acq_date": "2026-04-07", "acq_time": "0701", "satellite": "N", "daynight": "D", "scan": 0.53, "track": 0.5}}, {"type": "Feature", "geometry": {"type": "Point", "coordinates": [104.10179, 20.0613]}, "properties": {"source_sensor": "MODIS (Aqua/Terra)", "frp": 79.03, "confidence": 68, "brightness": 341.61, "bright_t31": 294.79, "acq_date": "2026-04-07", "acq_time": "0826", "satellite": "A", "daynight": "D", "scan": 1.57, "track": 1.23}}, {"type": "Feature", "geometry": {"type": "Point", "coordinates": [94.84705, 17.69849]}, "properties": {"source_sensor": "VIIRS (Suomi NPP)", "frp": 78.93, "confidence": "nominal", "brightness_ti4": 340.73, "brightness_ti5": 312.96, "acq_date": "2026-04-07", "acq_time": "0701", "satellite": "N", "daynight": "D", "scan": 0.38, "track": 0.36}}, {"type": "Feature", "geometry": {"type": "Point", "coordinates": [-15.69777, 12.69258]}, "properties": {"source_sensor": "MODIS (Aqua/Terra)", "frp": 78.93, "confidence": 96, "brightness": 354.38, "bright_t31": 316.93, "acq_date": "2026-04-06", "acq_time": "1601", "satellite": "A", "daynight": "D", "scan": 1.3, "track": 1.13}}, {"type": "Feature", "geometry": {"type": "Point", "coordinates": [101.60513, 20.43108]}, "properties": {"source_sensor": "VIIRS (Suomi NPP)", "frp": 78.91, "confidence": "nominal", "brightness_ti4": 342.31, "brightness_ti5": 296.26, "acq_date": "2026-04-07", "acq_time": "0703", "satellite": "N", "daynight": "D", "scan": 0.55, "track": 0.51}}, {"type": "Feature", "geometry": {"type": "Point", "coordinates": [-14.51755, 13.16444]}, "properties": {"source_sensor": "VIIRS (Suomi NPP)", "frp": 78.81, "confidence": "low", "brightness_ti4": 356.37, "brightness_ti5": 334.13, "acq_date": "2026-04-06", "acq_time": "1405", "satellite": "N", "daynight": "D", "scan": 0.5, "track": 0.41}}, {"type": "Feature", "geometry": {"type": "Point", "coordinates": [131.57028, -17.45977]}, "properties": {"source_sensor": "VIIRS (Suomi NPP)", "frp": 78.8, "confidence": "nominal", "brightness_ti4": 353.39, "brightness_ti5": 294.82, "acq_date": "2026-04-06", "acq_time": "0529", "satellite": "N", "daynight": "D", "scan": 0.6, "track": 0.53}}, {"type": "Feature", "geometry": {"type": "Point", "coordinates": [131.57494, -17.45373]}, "properties": {"source_sensor": "VIIRS (Suomi NPP)", "frp": 78.8, "confidence": "nominal", "brightness_ti4": 354.45, "brightness_ti5": 295.46, "acq_date": "2026-04-06", "acq_time": "0529", "satellite": "N", "daynight": "D", "scan": 0.6, "track": 0.53}}, {"type": "Feature", "geometry": {"type": "Point", "coordinates": [131.56924, -17.45488]}, "properties": {"source_sensor": "VIIRS (Suomi NPP)", "frp": 78.8, "confidence": "nominal", "brightness_ti4": 347.17, "brightness_ti5": 295.32, "acq_date": "2026-04-06", "acq_time": "0529", "satellite": "N", "daynight": "D", "scan": 0.6, "track": 0.53}}, {"type": "Feature", "geometry": {"type": "Point", "coordinates": [-12.55596, 7.86568]}, "properties": {"source_sensor": "MODIS (Aqua/Terra)", "frp": 78.71, "confidence": 99, "brightness": 359.5, "bright_t31": 299.09, "acq_date": "2026-04-06", "acq_time": "1558", "satellite": "A", "daynight": "D", "scan": 1.04, "track": 1.02}}, {"type": "Feature", "geometry": {"type": "Point", "coordinates": [101.80142, 22.23715]}, "properties": {"source_sensor": "MODIS (Aqua/Terra)", "frp": 78.68, "confidence": 85, "brightness": 331.35, "bright_t31": 300.56, "acq_date": "2026-04-06", "acq_time": "0750", "satellite": "A", "daynight": "D", "scan": 2.19, "track": 1.44}}, {"type": "Feature", "geometry": {"type": "Point", "coordinates": [96.82967, 19.32918]}, "properties": {"source_sensor": "VIIRS (Suomi NPP)", "frp": 78.66, "confidence": "nominal", "brightness_ti4": 346.8, "brightness_ti5": 300.41, "acq_date": "2026-04-06", "acq_time": "0722", "satellite": "N", "daynight": "D", "scan": 0.53, "track": 0.5}}, {"type": "Feature", "geometry": {"type": "Point", "coordinates": [103.211, 18.82591]}, "properties": {"source_sensor": "VIIRS (Suomi NPP)", "frp": 78.66, "confidence": "low", "brightness_ti4": 315.27, "brightness_ti5": 316.07, "acq_date": "2026-04-07", "acq_time": "0701", "satellite": "N", "daynight": "D", "scan": 0.33, "track": 0.56}}, {"type": "Feature", "geometry": {"type": "Point", "coordinates": [92.35793, 24.11171]}, "properties": {"source_sensor": "VIIRS (Suomi NPP)", "frp": 78.63, "confidence": "nominal", "brightness_ti4": 333.72, "brightness_ti5": 296.87, "acq_date": "2026-04-07", "acq_time": "0703", "satellite": "N", "daynight": "D", "scan": 0.39, "track": 0.36}}, {"type": "Feature", "geometry": {"type": "Point", "coordinates": [48.78649, 46.11587]}, "properties": {"source_sensor": "VIIRS (Suomi NPP)", "frp": 78.62, "confidence": "low", "brightness_ti4": 290.65, "brightness_ti5": 308.97, "acq_date": "2026-04-06", "acq_time": "1051", "satellite": "N", "daynight": "D", "scan": 0.64, "track": 0.72}}, {"type": "Feature", "geometry": {"type": "Point", "coordinates": [48.7866, 46.12267]}, "properties": {"source_sensor": "VIIRS (Suomi NPP)", "frp": 78.62, "confidence": "high", "brightness_ti4": 367.0, "brightness_ti5": 296.15, "acq_date": "2026-04-06", "acq_time": "1051", "satellite": "N", "daynight": "D", "scan": 0.64, "track": 0.72}}, {"type": "Feature", "geometry": {"type": "Point", "coordinates": [103.46981, 18.55198]}, "properties": {"source_sensor": "MODIS (Aqua/Terra)", "frp": 78.62, "confidence": 85, "brightness": 334.57, "bright_t31": 299.33, "acq_date": "2026-04-06", "acq_time": "0748", "satellite": "A", "daynight": "D", "scan": 1.96, "track": 1.37}}, {"type": "Feature", "geometry": {"type": "Point", "coordinates": [103.4392, 18.85534]}, "properties": {"source_sensor": "MODIS (Aqua/Terra)", "frp": 78.62, "confidence": 98, "brightness": 354.94, "bright_t31": 300.54, "acq_date": "2026-04-07", "acq_time": "0204", "satellite": "T", "daynight": "D", "scan": 1.09, "track": 1.04}}, {"type": "Feature", "geometry": {"type": "Point", "coordinates": [100.87331, 20.88098]}, "properties": {"source_sensor": "MODIS (Aqua/Terra)", "frp": 78.62, "confidence": 98, "brightness": 356.44, "bright_t31": 299.12, "acq_date": "2026-04-07", "acq_time": "0828", "satellite": "A", "daynight": "D", "scan": 1.06, "track": 1.03}}, {"type": "Feature", "geometry": {"type": "Point", "coordinates": [97.65224, 17.81207]}, "properties": {"source_sensor": "VIIRS (Suomi NPP)", "frp": 78.52, "confidence": "nominal", "brightness_ti4": 354.54, "brightness_ti5": 303.8, "acq_date": "2026-04-06", "acq_time": "0722", "satellite": "N", "daynight": "D", "scan": 0.57, "track": 0.52}}, {"type": "Feature", "geometry": {"type": "Point", "coordinates": [93.09421, 26.35788]}, "properties": {"source_sensor": "MODIS (Aqua/Terra)", "frp": 78.52, "confidence": 91, "brightness": 341.04, "bright_t31": 296.48, "acq_date": "2026-04-07", "acq_time": "0830", "satellite": "A", "daynight": "D", "scan": 1.57, "track": 1.23}}, {"type": "Feature", "geometry": {"type": "Point", "coordinates": [-91.00285, 13.98117]}, "properties": {"source_sensor": "MODIS (Aqua/Terra)", "frp": 78.5, "confidence": 100, "brightness": 324.98, "bright_t31": 289.66, "acq_date": "2026-04-06", "acq_time": "0224", "satellite": "T", "daynight": "N", "scan": 2.4, "track": 1.49}}, {"type": "Feature", "geometry": {"type": "Point", "coordinates": [102.91248, 12.28852]}, "properties": {"source_sensor": "MODIS (Aqua/Terra)", "frp": 78.44, "confidence": 98, "brightness": 356.57, "bright_t31": 307.72, "acq_date": "2026-04-07", "acq_time": "0824", "satellite": "A", "daynight": "D", "scan": 1.08, "track": 1.04}}, {"type": "Feature", "geometry": {"type": "Point", "coordinates": [106.3518, 16.81302]}, "properties": {"source_sensor": "VIIRS (Suomi NPP)", "frp": 78.42, "confidence": "high", "brightness_ti4": 367.0, "brightness_ti5": 303.68, "acq_date": "2026-04-06", "acq_time": "0540", "satellite": "N", "daynight": "D", "scan": 0.34, "track": 0.56}}, {"type": "Feature", "geometry": {"type": "Point", "coordinates": [62.66831, 52.1594]}, "properties": {"source_sensor": "MODIS (Aqua/Terra)", "frp": 78.42, "confidence": 73, "brightness": 318.41, "bright_t31": 286.33, "acq_date": "2026-04-06", "acq_time": "1115", "satellite": "A", "daynight": "D", "scan": 3.05, "track": 1.66}}, {"type": "Feature", "geometry": {"type": "Point", "coordinates": [48.87225, 46.13391]}, "properties": {"source_sensor": "VIIRS (Suomi NPP)", "frp": 78.41, "confidence": "high", "brightness_ti4": 367.0, "brightness_ti5": 295.87, "acq_date": "2026-04-07", "acq_time": "0852", "satellite": "N", "daynight": "D", "scan": 0.61, "track": 0.53}}, {"type": "Feature", "geometry": {"type": "Point", "coordinates": [48.86468, 46.1319]}, "properties": {"source_sensor": "VIIRS (Suomi NPP)", "frp": 78.41, "confidence": "nominal", "brightness_ti4": 352.45, "brightness_ti5": 297.48, "acq_date": "2026-04-07", "acq_time": "0852", "satellite": "N", "daynight": "D", "scan": 0.61, "track": 0.53}}, {"type": "Feature", "geometry": {"type": "Point", "coordinates": [48.86965, 46.13858]}, "properties": {"source_sensor": "VIIRS (Suomi NPP)", "frp": 78.41, "confidence": "high", "brightness_ti4": 367.0, "brightness_ti5": 331.92, "acq_date": "2026-04-07", "acq_time": "0852", "satellite": "N", "daynight": "D", "scan": 0.61, "track": 0.53}}, {"type": "Feature", "geometry": {"type": "Point", "coordinates": [48.86208, 46.13657]}, "properties": {"source_sensor": "VIIRS (Suomi NPP)", "frp": 78.41, "confidence": "high", "brightness_ti4": 367.0, "brightness_ti5": 296.21, "acq_date": "2026-04-07", "acq_time": "0852", "satellite": "N", "daynight": "D", "scan": 0.61, "track": 0.53}}, {"type": "Feature", "geometry": {"type": "Point", "coordinates": [78.19637, 22.73043]}, "properties": {"source_sensor": "MODIS (Aqua/Terra)", "frp": 78.36, "confidence": 87, "brightness": 340.38, "bright_t31": 301.21, "acq_date": "2026-04-06", "acq_time": "0928", "satellite": "A", "daynight": "D", "scan": 1.8, "track": 1.31}}, {"type": "Feature", "geometry": {"type": "Point", "coordinates": [-96.72758, 37.69616]}, "properties": {"source_sensor": "MODIS (Aqua/Terra)", "frp": 78.31, "confidence": 94, "brightness": 346.92, "bright_t31": 284.59, "acq_date": "2026-04-06", "acq_time": "2104", "satellite": "A", "daynight": "D", "scan": 1.29, "track": 1.13}}, {"type": "Feature", "geometry": {"type": "Point", "coordinates": [15.10207, 11.36221]}, "properties": {"source_sensor": "MODIS (Aqua/Terra)", "frp": 78.3, "confidence": 96, "brightness": 353.48, "bright_t31": 296.8, "acq_date": "2026-04-06", "acq_time": "1422", "satellite": "A", "daynight": "D", "scan": 1.2, "track": 1.09}}, {"type": "Feature", "geometry": {"type": "Point", "coordinates": [97.3704, 23.89754]}, "properties": {"source_sensor": "VIIRS (Suomi NPP)", "frp": 78.25, "confidence": "high", "brightness_ti4": 367.0, "brightness_ti5": 326.49, "acq_date": "2026-04-06", "acq_time": "0722", "satellite": "N", "daynight": "D", "scan": 0.33, "track": 0.55}}, {"type": "Feature", "geometry": {"type": "Point", "coordinates": [97.37378, 23.89786]}, "properties": {"source_sensor": "VIIRS (Suomi NPP)", "frp": 78.25, "confidence": "nominal", "brightness_ti4": 332.0, "brightness_ti5": 292.35, "acq_date": "2026-04-06", "acq_time": "0722", "satellite": "N", "daynight": "D", "scan": 0.33, "track": 0.55}}, {"type": "Feature", "geometry": {"type": "Point", "coordinates": [-12.31789, 9.91036]}, "properties": {"source_sensor": "VIIRS (Suomi NPP)", "frp": 78.24, "confidence": "high", "brightness_ti4": 367.0, "brightness_ti5": 328.75, "acq_date": "2026-04-06", "acq_time": "1405", "satellite": "N", "daynight": "D", "scan": 0.43, "track": 0.38}}, {"type": "Feature", "geometry": {"type": "Point", "coordinates": [100.73711, 21.03016]}, "properties": {"source_sensor": "MODIS (Aqua/Terra)", "frp": 78.21, "confidence": 80, "brightness": 325.45, "bright_t31": 297.01, "acq_date": "2026-04-06", "acq_time": "0750", "satellite": "A", "daynight": "D", "scan": 2.8, "track": 1.6}}, {"type": "Feature", "geometry": {"type": "Point", "coordinates": [92.98031, 21.17385]}, "properties": {"source_sensor": "VIIRS (Suomi NPP)", "frp": 78.07, "confidence": "nominal", "brightness_ti4": 357.25, "brightness_ti5": 297.89, "acq_date": "2026-04-06", "acq_time": "0722", "satellite": "N", "daynight": "D", "scan": 0.5, "track": 0.41}}, {"type": "Feature", "geometry": {"type": "Point", "coordinates": [92.97963, 21.17758]}, "properties": {"source_sensor": "VIIRS (Suomi NPP)", "frp": 78.07, "confidence": "nominal", "brightness_ti4": 342.96, "brightness_ti5": 307.96, "acq_date": "2026-04-06", "acq_time": "0722", "satellite": "N", "daynight": "D", "scan": 0.5, "track": 0.41}}, {"type": "Feature", "geometry": {"type": "Point", "coordinates": [131.37628, -17.80569]}, "properties": {"source_sensor": "VIIRS (Suomi NPP)", "frp": 78.01, "confidence": "high", "brightness_ti4": 367.0, "brightness_ti5": 304.71, "acq_date": "2026-04-06", "acq_time": "0529", "satellite": "N", "daynight": "D", "scan": 0.57, "track": 0.52}}, {"type": "Feature", "geometry": {"type": "Point", "coordinates": [131.3708, -17.80675]}, "properties": {"source_sensor": "VIIRS (Suomi NPP)", "frp": 78.01, "confidence": "nominal", "brightness_ti4": 337.28, "brightness_ti5": 303.22, "acq_date": "2026-04-06", "acq_time": "0529", "satellite": "N", "daynight": "D", "scan": 0.57, "track": 0.52}}, {"type": "Feature", "geometry": {"type": "Point", "coordinates": [131.37527, -17.80088]}, "properties": {"source_sensor": "VIIRS (Suomi NPP)", "frp": 78.01, "confidence": "high", "brightness_ti4": 367.0, "brightness_ti5": 303.73, "acq_date": "2026-04-06", "acq_time": "0529", "satellite": "N", "daynight": "D", "scan": 0.57, "track": 0.52}}, {"type": "Feature", "geometry": {"type": "Point", "coordinates": [131.36981, -17.80194]}, "properties": {"source_sensor": "VIIRS (Suomi NPP)", "frp": 78.01, "confidence": "low", "brightness_ti4": 367.0, "brightness_ti5": 327.22, "acq_date": "2026-04-06", "acq_time": "0529", "satellite": "N", "daynight": "D", "scan": 0.57, "track": 0.52}}, {"type": "Feature", "geometry": {"type": "Point", "coordinates": [97.37376, 23.47377]}, "properties": {"source_sensor": "MODIS (Aqua/Terra)", "frp": 77.99, "confidence": 67, "brightness": 312.96, "bright_t31": 292.16, "acq_date": "2026-04-06", "acq_time": "0752", "satellite": "A", "daynight": "D", "scan": 4.38, "track": 1.93}}, {"type": "Feature", "geometry": {"type": "Point", "coordinates": [-96.7154, 37.23182]}, "properties": {"source_sensor": "MODIS (Aqua/Terra)", "frp": 77.98, "confidence": 94, "brightness": 346.69, "bright_t31": 291.81, "acq_date": "2026-04-06", "acq_time": "2104", "satellite": "A", "daynight": "D", "scan": 1.31, "track": 1.14}}, {"type": "Feature", "geometry": {"type": "Point", "coordinates": [98.87326, 12.62228]}, "properties": {"source_sensor": "MODIS (Aqua/Terra)", "frp": 77.96, "confidence": 96, "brightness": 352.79, "bright_t31": 298.62, "acq_date": "2026-04-07", "acq_time": "0826", "satellite": "A", "daynight": "D", "scan": 1.15, "track": 1.07}}, {"type": "Feature", "geometry": {"type": "Point", "coordinates": [123.68437, 13.25799]}, "properties": {"source_sensor": "MODIS (Aqua/Terra)", "frp": 77.95, "confidence": 100, "brightness": 331.82, "bright_t31": 289.94, "acq_date": "2026-04-07", "acq_time": "1255", "satellite": "T", "daynight": "N", "scan": 1.86, "track": 1.33}}, {"type": "Feature", "geometry": {"type": "Point", "coordinates": [-96.61333, 38.26748]}, "properties": {"source_sensor": "MODIS (Aqua/Terra)", "frp": 77.94, "confidence": 96, "brightness": 350.2, "bright_t31": 297.07, "acq_date": "2026-04-06", "acq_time": "2104", "satellite": "A", "daynight": "D", "scan": 1.25, "track": 1.11}}, {"type": "Feature", "geometry": {"type": "Point", "coordinates": [102.14108, 20.79794]}, "properties": {"source_sensor": "MODIS (Aqua/Terra)", "frp": 77.94, "confidence": 82, "brightness": 346.08, "bright_t31": 290.85, "acq_date": "2026-04-07", "acq_time": "0204", "satellite": "T", "daynight": "D", "scan": 1.34, "track": 1.15}}, {"type": "Feature", "geometry": {"type": "Point", "coordinates": [-10.32343, 10.26568]}, "properties": {"source_sensor": "VIIRS (Suomi NPP)", "frp": 77.92, "confidence": "high", "brightness_ti4": 367.0, "brightness_ti5": 352.22, "acq_date": "2026-04-06", "acq_time": "1405", "satellite": "N", "daynight": "D", "scan": 0.39, "track": 0.36}}, {"type": "Feature", "geometry": {"type": "Point", "coordinates": [-10.32395, 10.269]}, "properties": {"source_sensor": "VIIRS (Suomi NPP)", "frp": 77.92, "confidence": "nominal", "brightness_ti4": 338.97, "brightness_ti5": 313.64, "acq_date": "2026-04-06", "acq_time": "1405", "satellite": "N", "daynight": "D", "scan": 0.39, "track": 0.36}}, {"type": "Feature", "geometry": {"type": "Point", "coordinates": [-14.18926, 13.05047]}, "properties": {"source_sensor": "MODIS (Aqua/Terra)", "frp": 77.9, "confidence": 90, "brightness": 344.22, "bright_t31": 310.19, "acq_date": "2026-04-06", "acq_time": "0941", "satellite": "T", "daynight": "D", "scan": 1.67, "track": 1.27}}, {"type": "Feature", "geometry": {"type": "Point", "coordinates": [104.46407, 19.71078]}, "properties": {"source_sensor": "VIIRS (Suomi NPP)", "frp": 77.89, "confidence": "high", "brightness_ti4": 367.0, "brightness_ti5": 300.17, "acq_date": "2026-04-06", "acq_time": "0542", "satellite": "N", "daynight": "D", "scan": 0.4, "track": 0.6}}, {"type": "Feature", "geometry": {"type": "Point", "coordinates": [104.46741, 19.7115]}, "properties": {"source_sensor": "VIIRS (Suomi NPP)", "frp": 77.89, "confidence": "nominal", "brightness_ti4": 338.07, "brightness_ti5": 288.25, "acq_date": "2026-04-06", "acq_time": "0542", "satellite": "N", "daynight": "D", "scan": 0.4, "track": 0.6}}, {"type": "Feature", "geometry": {"type": "Point", "coordinates": [100.75229, 21.05798]}, "properties": {"source_sensor": "MODIS (Aqua/Terra)", "frp": 77.81, "confidence": 98, "brightness": 356.99, "bright_t31": 305.41, "acq_date": "2026-04-07", "acq_time": "0828", "satellite": "A", "daynight": "D", "scan": 1.06, "track": 1.03}}, {"type": "Feature", "geometry": {"type": "Point", "coordinates": [98.59131, 23.34586]}, "properties": {"source_sensor": "VIIRS (Suomi NPP)", "frp": 77.71, "confidence": "high", "brightness_ti4": 367.0, "brightness_ti5": 291.67, "acq_date": "2026-04-06", "acq_time": "0542", "satellite": "N", "daynight": "D", "scan": 0.76, "track": 0.77}}, {"type": "Feature", "geometry": {"type": "Point", "coordinates": [97.40697, 18.20425]}, "properties": {"source_sensor": "VIIRS (Suomi NPP)", "frp": 77.68, "confidence": "nominal", "brightness_ti4": 341.8, "brightness_ti5": 315.82, "acq_date": "2026-04-07", "acq_time": "0701", "satellite": "N", "daynight": "D", "scan": 0.45, "track": 0.39}}, {"type": "Feature", "geometry": {"type": "Point", "coordinates": [-2.81233, 5.08074]}, "properties": {"source_sensor": "VIIRS (Suomi NPP)", "frp": 77.67, "confidence": "nominal", "brightness_ti4": 345.23, "brightness_ti5": 292.31, "acq_date": "2026-04-06", "acq_time": "1403", "satellite": "N", "daynight": "D", "scan": 0.45, "track": 0.47}}, {"type": "Feature", "geometry": {"type": "Point", "coordinates": [94.46281, 18.55783]}, "properties": {"source_sensor": "VIIRS (Suomi NPP)", "frp": 77.65, "confidence": "nominal", "brightness_ti4": 343.05, "brightness_ti5": 306.52, "acq_date": "2026-04-06", "acq_time": "0722", "satellite": "N", "daynight": "D", "scan": 0.56, "track": 0.43}}, {"type": "Feature", "geometry": {"type": "Point", "coordinates": [94.45781, 18.55718]}, "properties": {"source_sensor": "VIIRS (Suomi NPP)", "frp": 77.65, "confidence": "nominal", "brightness_ti4": 342.12, "brightness_ti5": 301.89, "acq_date": "2026-04-06", "acq_time": "0722", "satellite": "N", "daynight": "D", "scan": 0.56, "track": 0.43}}, {"type": "Feature", "geometry": {"type": "Point", "coordinates": [94.46244, 18.56181]}, "properties": {"source_sensor": "VIIRS (Suomi NPP)", "frp": 77.65, "confidence": "nominal", "brightness_ti4": 345.72, "brightness_ti5": 302.37, "acq_date": "2026-04-06", "acq_time": "0722", "satellite": "N", "daynight": "D", "scan": 0.56, "track": 0.43}}, {"type": "Feature", "geometry": {"type": "Point", "coordinates": [100.97443, 20.79126]}, "properties": {"source_sensor": "MODIS (Aqua/Terra)", "frp": 77.63, "confidence": 79, "brightness": 325.5, "bright_t31": 299.41, "acq_date": "2026-04-06", "acq_time": "0750", "satellite": "A", "daynight": "D", "scan": 2.73, "track": 1.58}}, {"type": "Feature", "geometry": {"type": "Point", "coordinates": [103.86398, 18.71122]}, "properties": {"source_sensor": "VIIRS (Suomi NPP)", "frp": 77.57, "confidence": "nominal", "brightness_ti4": 332.25, "brightness_ti5": 299.26, "acq_date": "2026-04-07", "acq_time": "0701", "satellite": "N", "daynight": "D", "scan": 0.37, "track": 0.58}}, {"type": "Feature", "geometry": {"type": "Point", "coordinates": [103.86058, 18.71085]}, "properties": {"source_sensor": "VIIRS (Suomi NPP)", "frp": 77.57, "confidence": "nominal", "brightness_ti4": 357.04, "brightness_ti5": 318.5, "acq_date": "2026-04-07", "acq_time": "0701", "satellite": "N", "daynight": "D", "scan": 0.37, "track": 0.58}}, {"type": "Feature", "geometry": {"type": "Point", "coordinates": [97.39825, 18.11689]}, "properties": {"source_sensor": "VIIRS (Suomi NPP)", "frp": 77.57, "confidence": "low", "brightness_ti4": 321.15, "brightness_ti5": 321.76, "acq_date": "2026-04-07", "acq_time": "0701", "satellite": "N", "daynight": "D", "scan": 0.45, "track": 0.39}}, {"type": "Feature", "geometry": {"type": "Point", "coordinates": [97.40172, 18.12101]}, "properties": {"source_sensor": "VIIRS (Suomi NPP)", "frp": 77.57, "confidence": "nominal", "brightness_ti4": 331.56, "brightness_ti5": 300.72, "acq_date": "2026-04-07", "acq_time": "0701", "satellite": "N", "daynight": "D", "scan": 0.45, "track": 0.39}}, {"type": "Feature", "geometry": {"type": "Point", "coordinates": [97.39774, 18.12046]}, "properties": {"source_sensor": "VIIRS (Suomi NPP)", "frp": 77.57, "confidence": "low", "brightness_ti4": 338.83, "brightness_ti5": 310.23, "acq_date": "2026-04-07", "acq_time": "0701", "satellite": "N", "daynight": "D", "scan": 0.45, "track": 0.39}}, {"type": "Feature", "geometry": {"type": "Point", "coordinates": [92.37532, 21.59439]}, "properties": {"source_sensor": "VIIRS (Suomi NPP)", "frp": 77.51, "confidence": "nominal", "brightness_ti4": 335.46, "brightness_ti5": 299.24, "acq_date": "2026-04-06", "acq_time": "0722", "satellite": "N", "daynight": "D", "scan": 0.47, "track": 0.4}}, {"type": "Feature", "geometry": {"type": "Point", "coordinates": [92.52573, 22.02607]}, "properties": {"source_sensor": "MODIS (Aqua/Terra)", "frp": 77.46, "confidence": 76, "brightness": 325.46, "bright_t31": 296.87, "acq_date": "2026-04-06", "acq_time": "0928", "satellite": "A", "daynight": "D", "scan": 3.09, "track": 1.67}}, {"type": "Feature", "geometry": {"type": "Point", "coordinates": [-94.94037, 32.354]}, "properties": {"source_sensor": "MODIS (Aqua/Terra)", "frp": 77.32, "confidence": 94, "brightness": 346.49, "bright_t31": 297.37, "acq_date": "2026-04-06", "acq_time": "2101", "satellite": "A", "daynight": "D", "scan": 1.3, "track": 1.13}}, {"type": "Feature", "geometry": {"type": "Point", "coordinates": [101.21962, 19.85845]}, "properties": {"source_sensor": "MODIS (Aqua/Terra)", "frp": 77.32, "confidence": 98, "brightness": 356.62, "bright_t31": 302.84, "acq_date": "2026-04-07", "acq_time": "0826", "satellite": "A", "daynight": "D", "scan": 1.07, "track": 1.03}}, {"type": "Feature", "geometry": {"type": "Point", "coordinates": [34.96672, 10.1651]}, "properties": {"source_sensor": "VIIRS (Suomi NPP)", "frp": 77.31, "confidence": "nominal", "brightness_ti4": 347.07, "brightness_ti5": 297.79, "acq_date": "2026-04-06", "acq_time": "1041", "satellite": "N", "daynight": "D", "scan": 0.44, "track": 0.46}}, {"type": "Feature", "geometry": {"type": "Point", "coordinates": [34.96601, 10.16935]}, "properties": {"source_sensor": "VIIRS (Suomi NPP)", "frp": 77.31, "confidence": "nominal", "brightness_ti4": 339.49, "brightness_ti5": 296.82, "acq_date": "2026-04-06", "acq_time": "1041", "satellite": "N", "daynight": "D", "scan": 0.44, "track": 0.46}}, {"type": "Feature", "geometry": {"type": "Point", "coordinates": [96.83901, 18.61488]}, "properties": {"source_sensor": "MODIS (Aqua/Terra)", "frp": 77.27, "confidence": 95, "brightness": 349.84, "bright_t31": 299.46, "acq_date": "2026-04-07", "acq_time": "0826", "satellite": "A", "daynight": "D", "scan": 1.24, "track": 1.11}}, {"type": "Feature", "geometry": {"type": "Point", "coordinates": [102.82798, 18.91422]}, "properties": {"source_sensor": "VIIRS (Suomi NPP)", "frp": 77.25, "confidence": "nominal", "brightness_ti4": 353.39, "brightness_ti5": 305.78, "acq_date": "2026-04-07", "acq_time": "0701", "satellite": "N", "daynight": "D", "scan": 0.63, "track": 0.54}}, {"type": "Feature", "geometry": {"type": "Point", "coordinates": [37.72924, 49.65813]}, "properties": {"source_sensor": "MODIS (Aqua/Terra)", "frp": 77.23, "confidence": 78, "brightness": 319.14, "bright_t31": 293.55, "acq_date": "2026-04-06", "acq_time": "1115", "satellite": "A", "daynight": "D", "scan": 3.13, "track": 1.68}}, {"type": "Feature", "geometry": {"type": "Point", "coordinates": [48.89817, 45.97849]}, "properties": {"source_sensor": "MODIS (Aqua/Terra)", "frp": 77.23, "confidence": 0, "brightness": 339.23, "bright_t31": 293.9, "acq_date": "2026-04-07", "acq_time": "1151", "satellite": "A", "daynight": "D", "scan": 1.54, "track": 1.22}}, {"type": "Feature", "geometry": {"type": "Point", "coordinates": [102.48849, 20.1706]}, "properties": {"source_sensor": "VIIRS (Suomi NPP)", "frp": 77.19, "confidence": "high", "brightness_ti4": 367.0, "brightness_ti5": 301.68, "acq_date": "2026-04-06", "acq_time": "0542", "satellite": "N", "daynight": "D", "scan": 0.52, "track": 0.66}}, {"type": "Feature", "geometry": {"type": "Point", "coordinates": [102.49276, 20.17158]}, "properties": {"source_sensor": "VIIRS (Suomi NPP)", "frp": 77.19, "confidence": "nominal", "brightness_ti4": 350.98, "brightness_ti5": 294.68, "acq_date": "2026-04-06", "acq_time": "0542", "satellite": "N", "daynight": "D", "scan": 0.51, "track": 0.66}}, {"type": "Feature", "geometry": {"type": "Point", "coordinates": [102.48768, 20.17682]}, "properties": {"source_sensor": "VIIRS (Suomi NPP)", "frp": 77.19, "confidence": "nominal", "brightness_ti4": 345.48, "brightness_ti5": 292.99, "acq_date": "2026-04-06", "acq_time": "0542", "satellite": "N", "daynight": "D", "scan": 0.52, "track": 0.66}}, {"type": "Feature", "geometry": {"type": "Point", "coordinates": [91.62723, 23.39616]}, "properties": {"source_sensor": "MODIS (Aqua/Terra)", "frp": 77.19, "confidence": 84, "brightness": 329.63, "bright_t31": 296.06, "acq_date": "2026-04-07", "acq_time": "0828", "satellite": "A", "daynight": "D", "scan": 2.3, "track": 1.47}}, {"type": "Feature", "geometry": {"type": "Point", "coordinates": [93.90377, 19.9354]}, "properties": {"source_sensor": "MODIS (Aqua/Terra)", "frp": 77.12, "confidence": 100, "brightness": 321.19, "bright_t31": 293.54, "acq_date": "2026-04-06", "acq_time": "1357", "satellite": "T", "daynight": "N", "scan": 2.83, "track": 1.61}}, {"type": "Feature", "geometry": {"type": "Point", "coordinates": [93.38136, 26.51699]}, "properties": {"source_sensor": "VIIRS (Suomi NPP)", "frp": 77.1, "confidence": "nominal", "brightness_ti4": 344.46, "brightness_ti5": 302.76, "acq_date": "2026-04-06", "acq_time": "0724", "satellite": "N", "daynight": "D", "scan": 0.4, "track": 0.44}}, {"type": "Feature", "geometry": {"type": "Point", "coordinates": [93.3806, 26.52108]}, "properties": {"source_sensor": "VIIRS (Suomi NPP)", "frp": 77.1, "confidence": "nominal", "brightness_ti4": 349.87, "brightness_ti5": 303.04, "acq_date": "2026-04-06", "acq_time": "0724", "satellite": "N", "daynight": "D", "scan": 0.4, "track": 0.44}}, {"type": "Feature", "geometry": {"type": "Point", "coordinates": [93.37656, 26.52063]}, "properties": {"source_sensor": "VIIRS (Suomi NPP)", "frp": 77.1, "confidence": "nominal", "brightness_ti4": 341.63, "brightness_ti5": 314.26, "acq_date": "2026-04-06", "acq_time": "0724", "satellite": "N", "daynight": "D", "scan": 0.4, "track": 0.44}}, {"type": "Feature", "geometry": {"type": "Point", "coordinates": [-72.67308, -37.082]}, "properties": {"source_sensor": "VIIRS (Suomi NPP)", "frp": 77.05, "confidence": "high", "brightness_ti4": 367.0, "brightness_ti5": 325.79, "acq_date": "2026-04-06", "acq_time": "1856", "satellite": "N", "daynight": "D", "scan": 0.4, "track": 0.37}}, {"type": "Feature", "geometry": {"type": "Point", "coordinates": [93.40813, 21.27763]}, "properties": {"source_sensor": "VIIRS (Suomi NPP)", "frp": 76.96, "confidence": "nominal", "brightness_ti4": 332.59, "brightness_ti5": 297.28, "acq_date": "2026-04-06", "acq_time": "0722", "satellite": "N", "daynight": "D", "scan": 0.52, "track": 0.42}}, {"type": "Feature", "geometry": {"type": "Point", "coordinates": [93.404, 21.27711]}, "properties": {"source_sensor": "VIIRS (Suomi NPP)", "frp": 76.96, "confidence": "low", "brightness_ti4": 296.53, "brightness_ti5": 315.92, "acq_date": "2026-04-06", "acq_time": "0722", "satellite": "N", "daynight": "D", "scan": 0.52, "track": 0.42}}, {"type": "Feature", "geometry": {"type": "Point", "coordinates": [102.71277, 20.32616]}, "properties": {"source_sensor": "MODIS (Aqua/Terra)", "frp": 76.88, "confidence": 85, "brightness": 332.57, "bright_t31": 298.42, "acq_date": "2026-04-06", "acq_time": "0750", "satellite": "A", "daynight": "D", "scan": 2.06, "track": 1.4}}, {"type": "Feature", "geometry": {"type": "Point", "coordinates": [88.28828, 47.09538]}, "properties": {"source_sensor": "MODIS (Aqua/Terra)", "frp": 76.81, "confidence": 72, "brightness": 315.35, "bright_t31": 283.4, "acq_date": "2026-04-06", "acq_time": "0434", "satellite": "T", "daynight": "D", "scan": 4.11, "track": 1.88}}, {"type": "Feature", "geometry": {"type": "Point", "coordinates": [129.00185, 50.60811]}, "properties": {"source_sensor": "MODIS (Aqua/Terra)", "frp": 76.8, "confidence": 83, "brightness": 324.07, "bright_t31": 275.27, "acq_date": "2026-04-07", "acq_time": "0518", "satellite": "A", "daynight": "D", "scan": 2.25, "track": 1.45}}, {"type": "Feature", "geometry": {"type": "Point", "coordinates": [-9.24483, 7.51365]}, "properties": {"source_sensor": "VIIRS (Suomi NPP)", "frp": 76.78, "confidence": "low", "brightness_ti4": 343.09, "brightness_ti5": 315.53, "acq_date": "2026-04-06", "acq_time": "1403", "satellite": "N", "daynight": "D", "scan": 0.38, "track": 0.36}}, {"type": "Feature", "geometry": {"type": "Point", "coordinates": [102.93503, 18.40531]}, "properties": {"source_sensor": "VIIRS (Suomi NPP)", "frp": 76.75, "confidence": "nominal", "brightness_ti4": 342.1, "brightness_ti5": 303.04, "acq_date": "2026-04-07", "acq_time": "0701", "satellite": "N", "daynight": "D", "scan": 0.63, "track": 0.54}}, {"type": "Feature", "geometry": {"type": "Point", "coordinates": [102.94104, 18.4111]}, "properties": {"source_sensor": "VIIRS (Suomi NPP)", "frp": 76.75, "confidence": "nominal", "brightness_ti4": 353.48, "brightness_ti5": 304.05, "acq_date": "2026-04-07", "acq_time": "0701", "satellite": "N", "daynight": "D", "scan": 0.63, "track": 0.54}}, {"type": "Feature", "geometry": {"type": "Point", "coordinates": [102.93467, 18.41037]}, "properties": {"source_sensor": "VIIRS (Suomi NPP)", "frp": 76.75, "confidence": "nominal", "brightness_ti4": 347.45, "brightness_ti5": 314.25, "acq_date": "2026-04-07", "acq_time": "0701", "satellite": "N", "daynight": "D", "scan": 0.63, "track": 0.54}}, {"type": "Feature", "geometry": {"type": "Point", "coordinates": [94.38152, 19.82505]}, "properties": {"source_sensor": "VIIRS (Suomi NPP)", "frp": 76.71, "confidence": "high", "brightness_ti4": 367.0, "brightness_ti5": 326.07, "acq_date": "2026-04-07", "acq_time": "0703", "satellite": "N", "daynight": "D", "scan": 0.38, "track": 0.36}}]}