{"type": "FeatureCollection", "metadata": {"source": "NOAA National Weather Service", "source_url": "https://api.weather.gov/alerts/active?status=actual&message_type=alert", "fetched_at": "2026-04-07T15:00:28.897913Z", "official_label": "NWS Active Weather Alerts (US)", "description": "Active weather alerts from the National Weather Service including watches, warnings, and advisories", "features_with_geometry": 11, "features_zone_based": 198, "total_alerts": 209}, "features": [{"type": "Feature", "geometry": {"type": "Polygon", "coordinates": [[[-85.83, 42.97], [-85.78, 42.95], [-85.72, 42.98], [-85.63, 42.97], [-85.74, 42.88], [-85.89, 42.91], [-85.83, 42.97]]]}, "properties": {"event": "Flood Warning", "severity": "Severe", "certainty": "Likely", "urgency": "Expected", "headline": "Flood Warning issued April 7 at 10:45AM EDT until April 9 at 11:00PM EDT by NWS Grand Rapids MI", "description": "...The National Weather Service in Grand Rapids MI has issued a\nFlood Warning for the following rivers in Michigan...\n\nGrand River at Grand Rapids affecting Kent County.\n\n* WHAT...Minor flooding is forecast.\n\n* WHERE...Grand River at Grand Rapids.\n\n* WHEN...From late tonight to late Thursday evening.\n\n* IMPACTS...At 18.0 feet, Expect minor flooding of basements in low\nlying areas in Grand Rapids. Moderate flooding of homes and\nstructures occurs upstream at Comstock Park and downstream in\nRobinso", "areaDesc": "Kent, MI", "effective": "2026-04-07T10:45:00-04:00", "expires": "2026-04-08T12:45:00-04:00", "senderName": "NWS Grand Rapids MI", "status": "Actual", "messageType": "Alert", "category": "Met", "source": "NOAA/NWS"}}, {"type": "Feature", "geometry": {"type": "Polygon", "coordinates": [[[-72.82, 43.25], [-72.82, 43.3], [-72.89, 43.3], [-73.01, 43.82], [-73.68, 44.06], [-73.59, 44.28], [-74.08, 44.37], [-74.58, 44.69], [-74.44, 44.76], [-73.62, 44.68], [-72.75, 44.75], [-72.18, 44.52], [-72.15, 43.9], [-72.2, 43.77], [-72.31, 43.7], [-72.34, 43.6], [-72.38, 43.57], [-72.43, 43.24], [-72.43, 43.23], [-72.69, 43.22], [-72.82, 43.25]]]}, "properties": {"event": "Special Weather Statement", "severity": "Moderate", "certainty": "Observed", "urgency": "Expected", "headline": "Special Weather Statement issued April 7 at 10:44AM EDT by NWS Burlington VT", "description": "At 1044 AM EDT, heavy snow was reported along a line extending from\nnear Brandon to near Hancock to near Londonderry. Movement was east\nat 45 mph.\n\nHAZARD...Visibility less than a half mile.\n\nSOURCE...Radar indicated.\n\nIMPACT...Low visibility will pose a hazard to motorists.\n\nLocations impacted include...\nEssex Junction, Barre, Westport Village, Chester, Montpelier,\nPlattsburgh International Airport, Port Henry, Burlington,\nKeeseville, Burlington International Airport, Woodstock, Middlebury,\nSou", "areaDesc": "Eastern Clinton; Southern Franklin; Western Clinton; Western Essex; Eastern Essex; Grand Isle; Western Franklin; Orleans; Western Chittenden; Lamoille; Caledonia; Washington; Western Addison; Orange; Western Rutland; Eastern Franklin; Eastern Chittenden; Eastern Addison; Eastern Rutland; Western Windsor; Eastern Windsor", "effective": "2026-04-07T10:44:00-04:00", "expires": "2026-04-07T11:30:00-04:00", "senderName": "NWS Burlington VT", "status": "Actual", "messageType": "Alert", "category": "Met", "source": "NOAA/NWS"}}, {"type": "Feature", "geometry": {"type": "Polygon", "coordinates": [[[-83.95, 43.38], [-83.66, 43.37], [-83.66, 43.29], [-83.95, 43.34], [-83.95, 43.38]]]}, "properties": {"event": "Flood Warning", "severity": "Severe", "certainty": "Observed", "urgency": "Immediate", "headline": "Flood Warning issued April 7 at 10:33AM EDT until April 8 at 3:12AM EDT by NWS Detroit/Pontiac MI", "description": "...The Flood Warning is extended for the following rivers in\nMichigan...\n\nKearsley Creek Near Davison affecting Genesee County.\n\nSaginaw River At Saginaw affecting Saginaw and Bay Counties.\n\n...The Flood Warning continues for the following rivers in\nMichigan...\n\nCass River At Frankenmuth affecting Saginaw County.\n\nShiawassee River At Owosso affecting Saginaw and Shiawassee\nCounties.\n\nFor the Kearsley Creek...including Davison...Minor flooding is\nforecast.\nFor the Cass River...including Cass City", "areaDesc": "Saginaw, MI", "effective": "2026-04-07T10:33:00-04:00", "expires": "2026-04-07T22:45:00-04:00", "senderName": "NWS Detroit/Pontiac MI", "status": "Actual", "messageType": "Alert", "category": "Met", "source": "NOAA/NWS"}}, {"type": "Feature", "geometry": {"type": "Polygon", "coordinates": [[[-83.64, 43.07], [-83.51, 43.01], [-83.51, 42.94], [-83.65, 43.03], [-83.64, 43.07]]]}, "properties": {"event": "Flood Warning", "severity": "Severe", "certainty": "Observed", "urgency": "Immediate", "headline": "Flood Warning issued April 7 at 10:33AM EDT until April 8 at 2:00PM EDT by NWS Detroit/Pontiac MI", "description": "...The Flood Warning is extended for the following rivers in\nMichigan...\n\nKearsley Creek Near Davison affecting Genesee County.\n\nSaginaw River At Saginaw affecting Saginaw and Bay Counties.\n\n...The Flood Warning continues for the following rivers in\nMichigan...\n\nCass River At Frankenmuth affecting Saginaw County.\n\nShiawassee River At Owosso affecting Saginaw and Shiawassee\nCounties.\n\nFor the Kearsley Creek...including Davison...Minor flooding is\nforecast.\nFor the Cass River...including Cass City", "areaDesc": "Genesee, MI", "effective": "2026-04-07T10:33:00-04:00", "expires": "2026-04-07T22:45:00-04:00", "senderName": "NWS Detroit/Pontiac MI", "status": "Actual", "messageType": "Alert", "category": "Met", "source": "NOAA/NWS"}}, {"type": "Feature", "geometry": {"type": "Polygon", "coordinates": [[[-84.23, 43.13], [-84.12, 43.13], [-84.13, 43.01], [-84, 42.97], [-84, 42.93], [-84.23, 42.98], [-84.23, 43.13]]]}, "properties": {"event": "Flood Warning", "severity": "Severe", "certainty": "Observed", "urgency": "Immediate", "headline": "Flood Warning issued April 7 at 10:33AM EDT until April 9 at 8:00PM EDT by NWS Detroit/Pontiac MI", "description": "...The Flood Warning is extended for the following rivers in\nMichigan...\n\nKearsley Creek Near Davison affecting Genesee County.\n\nSaginaw River At Saginaw affecting Saginaw and Bay Counties.\n\n...The Flood Warning continues for the following rivers in\nMichigan...\n\nCass River At Frankenmuth affecting Saginaw County.\n\nShiawassee River At Owosso affecting Saginaw and Shiawassee\nCounties.\n\nFor the Kearsley Creek...including Davison...Minor flooding is\nforecast.\nFor the Cass River...including Cass City", "areaDesc": "Saginaw, MI; Shiawassee, MI", "effective": "2026-04-07T10:33:00-04:00", "expires": "2026-04-07T22:45:00-04:00", "senderName": "NWS Detroit/Pontiac MI", "status": "Actual", "messageType": "Alert", "category": "Met", "source": "NOAA/NWS"}}, {"type": "Feature", "geometry": {"type": "Polygon", "coordinates": [[[-83.99, 43.41], [-83.87, 43.65], [-83.78, 43.63], [-83.89, 43.39], [-83.99, 43.41]]]}, "properties": {"event": "Flood Warning", "severity": "Severe", "certainty": "Observed", "urgency": "Immediate", "headline": "Flood Warning issued April 7 at 10:33AM EDT until April 9 at 11:36AM EDT by NWS Detroit/Pontiac MI", "description": "...The Flood Warning is extended for the following rivers in\nMichigan...\n\nKearsley Creek Near Davison affecting Genesee County.\n\nSaginaw River At Saginaw affecting Saginaw and Bay Counties.\n\n...The Flood Warning continues for the following rivers in\nMichigan...\n\nCass River At Frankenmuth affecting Saginaw County.\n\nShiawassee River At Owosso affecting Saginaw and Shiawassee\nCounties.\n\nFor the Kearsley Creek...including Davison...Minor flooding is\nforecast.\nFor the Cass River...including Cass City", "areaDesc": "Bay, MI; Saginaw, MI", "effective": "2026-04-07T10:33:00-04:00", "expires": "2026-04-07T22:45:00-04:00", "senderName": "NWS Detroit/Pontiac MI", "status": "Actual", "messageType": "Alert", "category": "Met", "source": "NOAA/NWS"}}, {"type": "Feature", "geometry": {"type": "Polygon", "coordinates": [[[-74.2, 44.31], [-74.59, 44.52], [-74.39, 44.73], [-73.74, 44.39], [-73.89, 44.29], [-74.2, 44.31]]]}, "properties": {"event": "Special Weather Statement", "severity": "Moderate", "certainty": "Observed", "urgency": "Expected", "headline": "Special Weather Statement issued April 7 at 10:16AM EDT by NWS Burlington VT", "description": "At 1016 AM EDT, heavy snow was reported over Adirondack Regional\nAirport, moving northeast at 20 mph.\n\nHAZARD...Visibility less than a quarter mile.\n\nSOURCE...Radar indicated.\n\nIMPACT...Very low visibility will pose a hazard to motorists.\n\nLocations impacted include...\nAdirondack Regional Airport, Saranac Lake, Lake Placid, Franklin,\nSanta Clara, Wilmington, Brighton, Duane, Waverly, St Armand,\nBrandon, Jay, North Elba, Harrietstown, Black Brook, Paul Smiths,\nDebar Mountain, Duane Center, Gabrie", "areaDesc": "Southeastern St. Lawrence; Southern Franklin; Western Clinton; Western Essex", "effective": "2026-04-07T10:16:00-04:00", "expires": "2026-04-07T11:00:00-04:00", "senderName": "NWS Burlington VT", "status": "Actual", "messageType": "Alert", "category": "Met", "source": "NOAA/NWS"}}, {"type": "Feature", "geometry": {"type": "Polygon", "coordinates": [[[-79.14, 26.84], [-79.12, 26.49], [-79.19, 26.07], [-79.75, 26.06], [-79.69, 26.44], [-79.63, 26.8], [-79.14, 26.84]]]}, "properties": {"event": "Special Marine Warning", "severity": "Severe", "certainty": "Likely", "urgency": "Immediate", "headline": "Special Marine Warning issued April 7 at 9:53AM EDT until April 7 at 11:00AM EDT by NWS Miami FL", "description": "SMWMFL\n\nThe National Weather Service in Miami has issued a\n\n* Special Marine Warning for...\nWaters from Deerfield Beach to Ocean Reef FL from 20 to 60 NM\nexcluding the territorial waters of Bahamas...\nWaters from Jupiter Inlet to Deerfield Beach FL from 20 to 60 NM...\n\n* Until 1100 AM EDT.\n\n* At 952 AM EDT, strong thunderstorms were located along a line\nextending from 31 nm east of Ocean Ridge to 35 nm east of Highland\nBeach to 25 nm east of Lauderdale-By-The-Sea, moving east at 15\nknots.\n\nHAZAR", "areaDesc": "Waters from Jupiter Inlet to Deerfield Beach FL from 20 to 60 NM; Waters from Deerfield Beach to Ocean Reef FL from 20 to 60 NM excluding the territorial waters of Bahamas", "effective": "2026-04-07T09:53:00-04:00", "expires": "2026-04-07T11:00:00-04:00", "senderName": "NWS Miami FL", "status": "Actual", "messageType": "Alert", "category": "Met", "source": "NOAA/NWS"}}, {"type": "Feature", "geometry": {"type": "Polygon", "coordinates": [[[-65.74, 18.18], [-65.75, 18.19], [-65.76, 18.19], [-65.76, 18.2], [-65.77, 18.2], [-65.78, 18.2], [-65.79, 18.21], [-65.79, 18.25], [-65.78, 18.24], [-65.77, 18.22], [-65.74, 18.2], [-65.73, 18.19], [-65.72, 18.18], [-65.73, 18.18], [-65.74, 18.18]]]}, "properties": {"event": "Flood Warning", "severity": "Severe", "certainty": "Likely", "urgency": "Expected", "headline": "Flood Warning issued April 7 at 7:05AM AST until April 7 at 1:00PM AST by NWS San Juan PR", "description": "* WHAT...Flooding caused by excessive rainfall is expected.\n\n* WHERE...Along Rio Blanco in Naguabo.\n\n* WHEN...Until 100 PM AST.\n\n* IMPACTS...Streams continue to rise due to excess runoff from\nearlier rainfall. Low-water crossings are inundated with water and\nmay not be passable.\n\n* ADDITIONAL DETAILS...\n- At 702 AM AST, USGS gauge reports indicated that Rio Blanco\nis in minor flood stage. Flooding is ongoing in the warned\narea. Between 1 and 2 inches of rain have fallen.\n- Additional rainfall am", "areaDesc": "Naguabo, PR", "effective": "2026-04-07T07:05:00-04:00", "expires": "2026-04-07T13:00:00-04:00", "senderName": "NWS San Juan PR", "status": "Actual", "messageType": "Alert", "category": "Met", "source": "NOAA/NWS"}}, {"type": "Feature", "geometry": {"type": "Polygon", "coordinates": [[[-88.29, 42.38], [-88.18, 42.34], [-88.13, 42.23], [-88.27, 41.94], [-88.38, 41.95], [-88.3, 42.19], [-88.29, 42.38]]]}, "properties": {"event": "Flood Warning", "severity": "Severe", "certainty": "Likely", "urgency": "Expected", "headline": "Flood Warning issued April 6 at 8:26PM CDT until April 11 at 7:00PM CDT by NWS Chicago IL", "description": "...The National Weather Service in Chicago IL has issued a Flood\nWarning for the following rivers in Illinois...\n\nFox River at Algonquin Lock & Dam tailwater affecting McHenry,\nLake IL and Kane Counties.\n\n* WHAT...Minor flooding is forecast.\n\n* WHERE...Fox River from Johnsburg downstream to Red Gate Road in\nSt. Charles, including the Algonquin Lock & Dam tailwater gauge.\n\n* WHEN...From Tuesday afternoon to Saturday evening.\n\n* IMPACTS...At 9.5 feet, Fox River Drive threatened in East Dundee.\nBoa", "areaDesc": "Kane, IL; Lake, IL; McHenry, IL", "effective": "2026-04-06T20:26:00-05:00", "expires": "2026-04-07T14:30:00-05:00", "senderName": "NWS Chicago IL", "status": "Actual", "messageType": "Alert", "category": "Met", "source": "NOAA/NWS"}}, {"type": "Feature", "geometry": {"type": "Polygon", "coordinates": [[[-87.97, 42.24], [-87.88, 42.24], [-87.84, 42.12], [-87.94, 42.12], [-87.97, 42.24]]]}, "properties": {"event": "Flood Warning", "severity": "Severe", "certainty": "Likely", "urgency": "Expected", "headline": "Flood Warning issued April 6 at 8:23PM CDT until April 10 at 1:00PM CDT by NWS Chicago IL", "description": "...The National Weather Service in Chicago IL has issued a Flood\nWarning for the following rivers in Illinois...\n\nDes Plaines River at Lincolnshire affecting Cook and Lake IL\nCounties.\n\nFor the Des Plaines River...including Russell, Gurnee,\nLincolnshire...Minor flooding is forecast.\n\n* WHAT...Minor flooding is forecast.\n\n* WHERE...Des Plaines River from Townline Road in Libertyville\ndownstream to Palatine Road in Prospect Heights, including the\nLincolnshire gauge.\n\n* WHEN...From Tuesday afternoo", "areaDesc": "Cook, IL; Lake, IL", "effective": "2026-04-06T20:23:00-05:00", "expires": "2026-04-07T14:30:00-05:00", "senderName": "NWS Chicago IL", "status": "Actual", "messageType": "Alert", "category": "Met", "source": "NOAA/NWS"}}, {"type": "Feature", "geometry": null, "properties": {"event": "Gale Watch", "severity": "Moderate", "certainty": "Possible", "urgency": "Future", "headline": "Gale Watch issued April 7 at 10:53AM EDT until April 9 at 5:00AM EDT by NWS Gaylord MI", "description": "* WHAT...Highest gusts up to 40 kts from the south and highest\nwaves around 11 feet possible.\n\n* WHERE...Portions of Lake Michigan.\n\n* WHEN...From Wednesday evening through late Wednesday night.\n\n* IMPACTS...Strong winds can cause hazardous highest waves which\ncould capsize or damage vessels and reduce visibility.", "areaDesc": "Grand Traverse Bay south of a line Grand Traverse Light to Norwood MI; Seul Choix Point to 5NM West of Mackinac Bridge; Norwood MI to 5NM West of Mackinac Bridge including Little Traverse Bay; Sleeping Bear Point to Grand Traverse Light MI; Point Betsie to Sleeping Bear Point MI; Manistee to Point Betsie MI", "effective": "2026-04-07T10:53:00-04:00", "expires": "2026-04-07T20:30:00-04:00", "senderName": "NWS Gaylord MI", "status": "Actual", "messageType": "Alert", "category": "Met", "source": "NOAA/NWS"}}, {"type": "Feature", "geometry": null, "properties": {"event": "Small Craft Advisory", "severity": "Minor", "certainty": "Likely", "urgency": "Expected", "headline": "Small Craft Advisory issued April 7 at 7:50AM PDT until April 8 at 3:00AM PDT by NWS Los Angeles/Oxnard CA", "description": "* WHAT...Hazardous sea conditions.\n\n* WHERE...East Santa Barbara Channel from Pt. Conception to Pt.\nMugu CA including Santa Cruz Island.\n\n* WHEN...From 2 PM this afternoon to 3 AM PDT Wednesday.\n\n* IMPACTS...Conditions will be hazardous to small craft.\n\n* ADDITIONAL DETAILS...See the Coastal Waters Forecast (CWFLOX)\nfor more.", "areaDesc": "East Santa Barbara Channel from Pt. Conception to Pt. Mugu CA including Santa Cruz Island", "effective": "2026-04-07T07:50:00-07:00", "expires": "2026-04-07T16:00:00-07:00", "senderName": "NWS Los Angeles/Oxnard CA", "status": "Actual", "messageType": "Alert", "category": "Met", "source": "NOAA/NWS"}}, {"type": "Feature", "geometry": null, "properties": {"event": "Small Craft Advisory", "severity": "Minor", "certainty": "Likely", "urgency": "Expected", "headline": "Small Craft Advisory issued April 7 at 7:50AM PDT until April 8 at 3:00AM PDT by NWS Los Angeles/Oxnard CA", "description": "* WHAT...Hazardous sea conditions.\n\n* WHERE...Point Piedras Blancas to Point Sal westward out to 10\nNM.\n\n* WHEN...From 1 PM this afternoon to 3 AM PDT Wednesday.\n\n* IMPACTS...Conditions will be hazardous to small craft.\n\n* ADDITIONAL DETAILS...See the Coastal Waters Forecast (CWFLOX)\nfor more.", "areaDesc": "Point Piedras Blancas to Point Sal westward out to 10 NM", "effective": "2026-04-07T07:50:00-07:00", "expires": "2026-04-07T16:00:00-07:00", "senderName": "NWS Los Angeles/Oxnard CA", "status": "Actual", "messageType": "Alert", "category": "Met", "source": "NOAA/NWS"}}, {"type": "Feature", "geometry": null, "properties": {"event": "Freeze Warning", "severity": "Moderate", "certainty": "Likely", "urgency": "Expected", "headline": "Freeze Warning issued April 7 at 10:14AM EDT until April 8 at 9:00AM EDT by NWS Baltimore MD/Washington DC", "description": "* WHAT...Sub-freezing temperatures as low as 30 expected.\n\n* WHERE...In DC, District of Columbia. In Maryland, Anne Arundel,\nCentral and Southeast Howard, Central and Southeast Montgomery,\nPrince Georges, Southern Baltimore, and Charles Counties. In\nVirginia, King George and Fairfax Counties, and Arlington/Falls\nChurch/Alexandria.\n\n* WHEN...From midnight tonight to 9 AM EDT Wednesday.\n\n* IMPACTS...Frost and freeze conditions could kill crops, other\nsensitive vegetation and possibly damage unprot", "areaDesc": "District of Columbia; Southern Baltimore; Prince Georges; Anne Arundel; Charles; Central and Southeast Montgomery; Central and Southeast Howard; Fairfax; Arlington/Falls Church/Alexandria; King George", "effective": "2026-04-07T10:14:00-04:00", "expires": "2026-04-07T18:15:00-04:00", "senderName": "NWS Baltimore MD/Washington DC", "status": "Actual", "messageType": "Alert", "category": "Met", "source": "NOAA/NWS"}}, {"type": "Feature", "geometry": null, "properties": {"event": "Freeze Warning", "severity": "Moderate", "certainty": "Likely", "urgency": "Expected", "headline": "Freeze Warning issued April 7 at 10:14AM EDT until April 8 at 9:00AM EDT by NWS Baltimore MD/Washington DC", "description": "* WHAT...For the Freeze Warning, sub-freezing temperatures as low as\n27 expected. For the Freeze Watch, sub-freezing temperatures as\nlow as 30 possible.\n\n* WHERE...Portions of central, north central, northeast, and\nnorthern Maryland, central, northern, northwest, and western\nVirginia, and panhandle West Virginia.\n\n* WHEN...For the Freeze Warning, from midnight tonight to 9 AM EDT\nWednesday. For the Freeze Watch, from late Wednesday night through\nThursday morning.\n\n* IMPACTS...Frost and freeze co", "areaDesc": "Washington; Frederick; Carroll; Northern Baltimore; Cecil; Northwest Montgomery; Northwest Howard; Northwest Harford; Southeast Harford; Augusta; Rockingham; Shenandoah; Frederick; Page; Warren; Clarke; Nelson; Albemarle; Greene; Madison; Rappahannock; Orange; Culpeper; Stafford; Spotsylvania; Northern Fauquier; Southern Fauquier; Western Loudoun; Eastern Loudoun; Northwest Prince William; Central and Southeast Prince William/Manassas/Manassas Park; Morgan; Berkeley; Jefferson", "effective": "2026-04-07T10:14:00-04:00", "expires": "2026-04-07T18:15:00-04:00", "senderName": "NWS Baltimore MD/Washington DC", "status": "Actual", "messageType": "Alert", "category": "Met", "source": "NOAA/NWS"}}, {"type": "Feature", "geometry": null, "properties": {"event": "Freeze Watch", "severity": "Severe", "certainty": "Possible", "urgency": "Future", "headline": "Freeze Watch issued April 7 at 10:14AM EDT until April 9 at 9:00AM EDT by NWS Baltimore MD/Washington DC", "description": "* WHAT...For the Freeze Warning, sub-freezing temperatures as low as\n27 expected. For the Freeze Watch, sub-freezing temperatures as\nlow as 30 possible.\n\n* WHERE...Portions of central, north central, northeast, and\nnorthern Maryland, central, northern, northwest, and western\nVirginia, and panhandle West Virginia.\n\n* WHEN...For the Freeze Warning, from midnight tonight to 9 AM EDT\nWednesday. For the Freeze Watch, from late Wednesday night through\nThursday morning.\n\n* IMPACTS...Frost and freeze co", "areaDesc": "Washington; Frederick; Carroll; Northern Baltimore; Cecil; Northwest Montgomery; Northwest Howard; Northwest Harford; Southeast Harford; Augusta; Rockingham; Shenandoah; Frederick; Page; Warren; Clarke; Nelson; Albemarle; Greene; Madison; Rappahannock; Orange; Culpeper; Stafford; Spotsylvania; Northern Fauquier; Southern Fauquier; Western Loudoun; Eastern Loudoun; Northwest Prince William; Central and Southeast Prince William/Manassas/Manassas Park; Morgan; Berkeley; Jefferson", "effective": "2026-04-07T10:14:00-04:00", "expires": "2026-04-07T18:15:00-04:00", "senderName": "NWS Baltimore MD/Washington DC", "status": "Actual", "messageType": "Alert", "category": "Met", "source": "NOAA/NWS"}}, {"type": "Feature", "geometry": null, "properties": {"event": "Red Flag Warning", "severity": "Severe", "certainty": "Likely", "urgency": "Expected", "headline": "Red Flag Warning issued April 7 at 10:02AM EDT until April 7 at 8:00PM EDT by NWS Tallahassee FL", "description": "The National Weather Service in Tallahassee has issued a Red Flag\nWarning, which is in effect until 7 PM CDT this evening.\n\n* AFFECTED AREA...Florida fire weather zone 007.\n\n* WIND...Northeast 15 to 20 mph, with gusts of 25 to 30 mph.\n\n* HUMIDITY...As low as 22 to 28 percent.\n\n* IMPACTS...Any fires that develop will likely spread rapidly.\nOutdoor burning is discouraged.", "areaDesc": "North Walton", "effective": "2026-04-07T10:02:00-04:00", "expires": "2026-04-07T20:00:00-04:00", "senderName": "NWS Tallahassee FL", "status": "Actual", "messageType": "Alert", "category": "Met", "source": "NOAA/NWS"}}, {"type": "Feature", "geometry": null, "properties": {"event": "Winter Weather Advisory", "severity": "Minor", "certainty": "Observed", "urgency": "Past", "headline": "The Winter Weather Advisory has been cancelled.", "description": "The Winter Weather Advisory has been cancelled and is no longer in effect.", "areaDesc": "Worth; Harrison; Mercer; Putnam; Sullivan", "effective": "2026-04-07T09:00:00-05:00", "expires": "2026-04-07T09:16:00-05:00", "senderName": "NWS Kansas City/Pleasant Hill MO", "status": "Actual", "messageType": "Alert", "category": "Met", "source": "NOAA/NWS"}}, {"type": "Feature", "geometry": null, "properties": {"event": "Red Flag Warning", "severity": "Severe", "certainty": "Likely", "urgency": "Expected", "headline": "Red Flag Warning issued April 7 at 8:58AM CDT until April 7 at 7:00PM CDT by NWS Mobile AL", "description": "...CRITICAL FIRE WEATHER CONDITIONS POSSIBLE TODAY...\n\nThe National Weather Service in Mobile has issued a Red Flag\nWarning, which is in effect from noon today to 7 PM CDT this\nevening.\n\n* AFFECTED AREA...Fire Weather Zones 201, 202, 203, 204, 205 and\n206.\n\n* WINDS...Northeast 10 to 15 mph with gusts up to 25 mph.\n\n* RELATIVE HUMIDITY...As low as 21 percent.\n\n* IMPACTS...Any fire that develops will catch and spread\nquickly. Outdoor burning is not recommended.", "areaDesc": "Escambia Inland; Escambia Coastal; Santa Rosa Inland; Santa Rosa Coastal; Okaloosa Inland; Okaloosa Coastal", "effective": "2026-04-07T08:58:00-05:00", "expires": "2026-04-07T19:00:00-05:00", "senderName": "NWS Mobile AL", "status": "Actual", "messageType": "Alert", "category": "Met", "source": "NOAA/NWS"}}, {"type": "Feature", "geometry": null, "properties": {"event": "Special Weather Statement", "severity": "Moderate", "certainty": "Observed", "urgency": "Expected", "headline": "Special Weather Statement issued April 7 at 8:53AM EDT by NWS Albany NY", "description": "A band of moderate to locally heavy snow is tracking into Hudson\nValley, Helderbergs, and northern Catskills, and should continue\ntracking eastwards over the next couple of hours. Brief reductions\nin visibility along with a quick coating of snow on roadways,\nespecially at higher elevations, could lead to hazardous travel\nconditions this morning. Travelers are urged to use caution if\ndriving in this band of snow.", "areaDesc": "Northern Berkshire; Northern Saratoga; Northern Warren; Northern Washington; Schoharie; Western Schenectady; Eastern Schenectady; Southern Saratoga; Western Albany; Eastern Albany; Western Rensselaer; Eastern Rensselaer; Southeast Warren; Southern Washington; Bennington; Western Windham; Eastern Windham", "effective": "2026-04-07T08:53:00-04:00", "expires": "2026-04-07T11:00:00-04:00", "senderName": "NWS Albany NY", "status": "Actual", "messageType": "Alert", "category": "Met", "source": "NOAA/NWS"}}, {"type": "Feature", "geometry": null, "properties": {"event": "Special Weather Statement", "severity": "Moderate", "certainty": "Observed", "urgency": "Expected", "headline": "Special Weather Statement issued April 7 at 8:42AM EDT by NWS Mount Holly NJ", "description": "There is an elevated risk for fire spread today for the Eastern\nShore of Maryland and Delaware. Minimum relative humidity values\nwill drop to around 25 percent this afternoon. This will be\naccompanied by northwesterly winds 15 to 20 mph with gusts 25 to\n35 mph. These conditions, along with the continued drying of fine\nfuels, could support the rapid spread of any fires that ignite,\nwhich could quickly become difficult to control. Conditions\nimprove this evening as the wind diminishes and the rela", "areaDesc": "New Castle; Kent; Inland Sussex; Delaware Beaches; Kent; Queen Anne's; Talbot; Caroline", "effective": "2026-04-07T08:42:00-04:00", "expires": "2026-04-07T19:00:00-04:00", "senderName": "NWS Mount Holly NJ", "status": "Actual", "messageType": "Alert", "category": "Met", "source": "NOAA/NWS"}}, {"type": "Feature", "geometry": null, "properties": {"event": "Special Weather Statement", "severity": "Moderate", "certainty": "Observed", "urgency": "Expected", "headline": "Special Weather Statement issued April 7 at 8:42AM EDT by NWS Wakefield VA", "description": "The combination of low relative humidity values in the 20 to 25\npercent range, dry fuels, and NW winds gusting up to 20-25 mph\nwill result in an increased risk for the rapid spread of wildfires\nthrough early this evening across much of central and eastern\nVirginia, including the Richmond Metro area and the peninsulas of\neastern Virginia.\n\nResidents are urged to exercise caution handling any potential\nignition source, including machinery, cigarettes, and matches. Be\nsure top properly discard all ", "areaDesc": "Fluvanna; Prince Edward; Cumberland; Goochland; Caroline; Nottoway; Amelia; Powhatan; Westmoreland; Richmond; Northumberland; Lancaster; Dinwiddie; Prince George; Charles City; New Kent; Gloucester; Middlesex; Mathews; James City; Western Louisa; Eastern Louisa; Western Hanover; Eastern Hanover; Western Chesterfield; Eastern Chesterfield (Including Col. Heights); Western Henrico (Including the City of Richmond); Eastern Henrico; Western King William; Eastern King William; Western King and Queen; Eastern King and Queen; Western Essex; Eastern Essex; York", "effective": "2026-04-07T08:42:00-04:00", "expires": "2026-04-07T20:00:00-04:00", "senderName": "NWS Wakefield VA", "status": "Actual", "messageType": "Alert", "category": "Met", "source": "NOAA/NWS"}}, {"type": "Feature", "geometry": null, "properties": {"event": "Special Weather Statement", "severity": "Moderate", "certainty": "Observed", "urgency": "Expected", "headline": "Special Weather Statement issued April 7 at 8:42AM EDT by NWS Wakefield VA", "description": "The combination of low relative humidity values in the 20 to 25\npercent range, dry fuels, and NW winds gusting up to 20-25 mph\nwill result in an increased risk for the rapid spread of wildfires\nthrough early this evening across the Lower Eastern Shore of\nMaryland.\n\nResidents are urged to exercise caution handling any potential\nignition source, including machinery, cigarettes, and matches. Be\nsure top properly discard all smoking materials. Any dry grasses\nand tree litter that ignite will have th", "areaDesc": "Dorchester; Wicomico; Somerset; Inland Worcester; Maryland Beaches", "effective": "2026-04-07T08:42:00-04:00", "expires": "2026-04-07T20:00:00-04:00", "senderName": "NWS Wakefield VA", "status": "Actual", "messageType": "Alert", "category": "Met", "source": "NOAA/NWS"}}, {"type": "Feature", "geometry": null, "properties": {"event": "Special Weather Statement", "severity": "Moderate", "certainty": "Observed", "urgency": "Expected", "headline": "Special Weather Statement issued April 7 at 8:37AM EDT by NWS Baltimore MD/Washington DC", "description": "The combination of drying 10 hour fuels, minimum relative\nhumidity around 15 to 30 percent, and northwesterly wind gusts\naround 20 to 35 mph will lead to an increased risk for the rapid\nspread of wildfires today, especially in the afternoon to early\nevening.\n\nResidents and visitors are urged to properly dispose of cigarette\nbutts, matches, and any other flammable items in appropriate\ncontainers. Additionally, exercise caution if operating any\nequipment that could create sparks and keep vehicles ", "areaDesc": "District of Columbia; Washington; Frederick; Carroll; Northern Baltimore; Cecil; Southern Baltimore; Prince Georges; Anne Arundel; Charles; St. Marys; Calvert; Extreme Western Allegany; Central and Eastern Allegany; Northwest Montgomery; Central and Southeast Montgomery; Northwest Howard; Central and Southeast Howard; Northwest Harford; Southeast Harford; Augusta; Rockingham; Shenandoah; Frederick; Page; Warren; Clarke; Nelson; Albemarle; Greene; Madison; Rappahannock; Orange; Culpeper; Fairfax; Arlington/Falls Church/Alexandria; Stafford; Spotsylvania; King George; Northern Fauquier; Southern Fauquier; Western Highland; Eastern Highland; Western Loudoun; Eastern Loudoun; Northern Virginia Blue Ridge; Central Virginia Blue Ridge; Northwest Prince William; Central and Southeast Prince William/Manassas/Manassas Park; Hampshire; Morgan; Berkeley; Jefferson; Hardy; Eastern Grant; Western Mineral; Eastern Mineral; Western Pendleton; Eastern Pendleton", "effective": "2026-04-07T08:37:00-04:00", "expires": "2026-04-07T19:00:00-04:00", "senderName": "NWS Baltimore MD/Washington DC", "status": "Actual", "messageType": "Alert", "category": "Met", "source": "NOAA/NWS"}}, {"type": "Feature", "geometry": null, "properties": {"event": "Small Craft Advisory", "severity": "Minor", "certainty": "Likely", "urgency": "Expected", "headline": "Small Craft Advisory issued April 7 at 4:10AM AKDT until April 8 at 5:00AM AKDT by NWS Juneau AK", "description": "Southeast Alaska Coastal Waters from Dixon Entrance to\nCape Suckling out 100 NM\n\nWind forecasts reflect the predominant speed and direction\nexpected. Seas forecasts represent the average of the highest\none-third of the combined windwave and swell height.\n\n.TODAY...SW wind 10 kt. Seas 8 ft subsiding to 6 ft.\n.TONIGHT...SE wind 10 kt. Seas 5 ft building to 8 ft late. Rain\nlate.\n.WED...SW wind 15 kt. Seas 9 ft.\n.WED NIGHT...SW wind 10 kt. Seas 7 ft. SW swell. Rain.\n.THU...S wind 10 kt. Seas 6 ft.\n.", "areaDesc": "Cape Fairweather to Icy Cape from 15 to 80 NM", "effective": "2026-04-07T04:10:00-08:00", "expires": "2026-04-07T22:15:00-08:00", "senderName": "NWS Juneau AK", "status": "Actual", "messageType": "Alert", "category": "Met", "source": "NOAA/NWS"}}, {"type": "Feature", "geometry": null, "properties": {"event": "Small Craft Advisory", "severity": "Minor", "certainty": "Likely", "urgency": "Expected", "headline": "Small Craft Advisory issued April 7 at 4:10AM AKDT until April 8 at 5:00AM AKDT by NWS Juneau AK", "description": "Southeast Alaska Coastal Waters from Dixon Entrance to\nCape Suckling out 100 NM\n\nWind forecasts reflect the predominant speed and direction\nexpected. Seas forecasts represent the average of the highest\none-third of the combined windwave and swell height.\n\n.TODAY...W wind 10 kt becoming SE. Seas 5 ft.\n.TONIGHT...E wind 20 kt. Seas 5 ft building to 9 ft late. Rain\nwith snow late.\n.WED...E wind 25 kt. Seas 9 ft. Rain.\n.WED NIGHT...E wind 15 kt. Seas 7 ft. SW swell. Rain.\n.THU...E wind 15 kt. Seas 6", "areaDesc": "Icy Cape to Cape Suckling out to 15 NM", "effective": "2026-04-07T04:10:00-08:00", "expires": "2026-04-07T22:15:00-08:00", "senderName": "NWS Juneau AK", "status": "Actual", "messageType": "Alert", "category": "Met", "source": "NOAA/NWS"}}, {"type": "Feature", "geometry": null, "properties": {"event": "Small Craft Advisory", "severity": "Minor", "certainty": "Likely", "urgency": "Expected", "headline": "Small Craft Advisory issued April 7 at 4:10AM AKDT until April 8 at 5:00AM AKDT by NWS Juneau AK", "description": "Southeast Alaska Coastal Waters from Dixon Entrance to\nCape Suckling out 100 NM\n\nWind forecasts reflect the predominant speed and direction\nexpected. Seas forecasts represent the average of the highest\none-third of the combined windwave and swell height.\n\n.TODAY...S wind 15 kt. Seas 6 ft.\n.TONIGHT...SE wind 20 kt. Seas building to 8 ft. Rain late.\n.WED...S wind 20 kt. Seas 9 ft. Rain.\n.WED NIGHT...S wind 15 kt. Seas 7 ft. SW swell. Rain.\n.THU...E wind 15 kt. Seas 6 ft.\n.FRI...NW wind 10 kt. Seas", "areaDesc": "Icy Cape to Cape Suckling from 15 to 80 NM", "effective": "2026-04-07T04:10:00-08:00", "expires": "2026-04-07T22:15:00-08:00", "senderName": "NWS Juneau AK", "status": "Actual", "messageType": "Alert", "category": "Met", "source": "NOAA/NWS"}}, {"type": "Feature", "geometry": null, "properties": {"event": "Gale Warning", "severity": "Moderate", "certainty": "Likely", "urgency": "Expected", "headline": "Gale Warning issued April 7 at 8:03AM EDT until April 9 at 11:00AM EDT by NWS Grand Rapids MI", "description": "* WHAT...South gales 35 to 40 knots and waves 6 to 9 feet.\n\n* WHERE...Holland to Manistee.\n\n* WHEN...From 11 AM Wednesday to 11 AM EDT Thursday.\n\n* IMPACTS...Strong winds will cause hazardous waves which could\ncapsize or damage vessels and reduce visibility.", "areaDesc": "Holland to Grand Haven MI; Grand Haven to Whitehall MI; Whitehall to Pentwater MI; Pentwater to Manistee MI", "effective": "2026-04-07T08:03:00-04:00", "expires": "2026-04-07T16:15:00-04:00", "senderName": "NWS Grand Rapids MI", "status": "Actual", "messageType": "Alert", "category": "Met", "source": "NOAA/NWS"}}, {"type": "Feature", "geometry": null, "properties": {"event": "Special Weather Statement", "severity": "Moderate", "certainty": "Observed", "urgency": "Expected", "headline": "Special Weather Statement issued April 7 at 7:58AM EDT by NWS Blacksburg VA", "description": "The combination of dry fine fuels, relative humidities of 17-21\npercent and north to northwest winds near 10 mph will lead to an\nincreased risk for the rapid spread of wildfires today.\n\nResidents and visitors are urged to properly dispose of cigarette\nbutts, matches, and any other flammable items in appropriate\ncontainers. Additionally exercise caution if operating any\nequipment that could create sparks and keep vehicles off of dry\ngrass. Most dry grasses, dead leaves, and other tree litter coul", "areaDesc": "Craig; Alleghany; Bath; Roanoke; Botetourt; Rockbridge; Patrick; Franklin; Bedford; Amherst; Henry; Pittsylvania; Campbell; Appomattox; Buckingham; Halifax; Charlotte", "effective": "2026-04-07T07:58:00-04:00", "expires": "2026-04-07T19:00:00-04:00", "senderName": "NWS Blacksburg VA", "status": "Actual", "messageType": "Alert", "category": "Met", "source": "NOAA/NWS"}}, {"type": "Feature", "geometry": null, "properties": {"event": "Blowing Dust Advisory", "severity": "Moderate", "certainty": "Likely", "urgency": "Expected", "headline": "Blowing Dust Advisory issued April 7 at 4:50AM PDT until April 7 at 12:00PM PDT by NWS Spokane WA", "description": "* WHAT...Visibility down to between a quarter and one mile in\nblowing dust.\n\n* WHERE...Ephrata, Moses Lake and Warden.\n\n* WHEN...Until noon PDT today.\n\n* IMPACTS...Hazardous driving conditions due to reduced visibility.\n\n* ADDITIONAL DETAILS...Highest concentration of blowing dust will be\nwithin the area of George, Ephrata, and Warden. This will include\nthe stretch of Interstate 90 between George and Moses Lake.", "areaDesc": "Moses Lake Area", "effective": "2026-04-07T04:50:00-07:00", "expires": "2026-04-07T12:00:00-07:00", "senderName": "NWS Spokane WA", "status": "Actual", "messageType": "Alert", "category": "Met", "source": "NOAA/NWS"}}, {"type": "Feature", "geometry": null, "properties": {"event": "Small Craft Advisory", "severity": "Minor", "certainty": "Likely", "urgency": "Expected", "headline": "Small Craft Advisory issued April 7 at 3:19AM AKDT until April 8 at 5:00PM AKDT by NWS Anchorage AK", "description": "Coastal Waters Forecast for Southwest Alaska+Bristol Bay+The\nAlaska Peninsula Waters and the Aleutian Islands up to 100 nm out.\n\nWind forecasts reflect the predominant speed and direction\nexpected. Sea forecasts represent an average of the highest\none-third of the combined wind wave and swell height.\n\n.TODAY...NW wind 25 kt. Seas 9 ft.\n.TONIGHT...NW wind 25 kt diminishing to 15 kt after midnight. Seas\n9 ft.\n.WED...W wind 15 kt becoming S 25 kt in the afternoon. Seas 7 ft.\n.WED NIGHT...S wind 30 ", "areaDesc": "Seguam to Adak Bering Side from 15 to 85 NM", "effective": "2026-04-07T03:19:00-08:00", "expires": "2026-04-07T16:00:00-08:00", "senderName": "NWS Anchorage AK", "status": "Actual", "messageType": "Alert", "category": "Met", "source": "NOAA/NWS"}}, {"type": "Feature", "geometry": null, "properties": {"event": "Small Craft Advisory", "severity": "Minor", "certainty": "Likely", "urgency": "Expected", "headline": "Small Craft Advisory issued April 7 at 3:19AM AKDT until April 8 at 5:00PM AKDT by NWS Anchorage AK", "description": "Coastal Waters Forecast for Southwest Alaska+Bristol Bay+The\nAlaska Peninsula Waters and the Aleutian Islands up to 100 nm out.\n\nWind forecasts reflect the predominant speed and direction\nexpected. Sea forecasts represent an average of the highest\none-third of the combined wind wave and swell height.\n\n.TODAY...S wind 30 kt. Seas 14 ft. Rain.\n.TONIGHT...SW wind 20 kt. Seas 12 ft.\n.WED...SW wind 15 kt. Seas 9 ft.\n.WED NIGHT...Variable wind 10 kt. Seas 7 ft.\n.THU...Variable wind 10 kt. Seas 5 ft.\n.", "areaDesc": "Castle Cape to Cape Tolstoi from 15 to 100 NM", "effective": "2026-04-07T03:19:00-08:00", "expires": "2026-04-07T16:00:00-08:00", "senderName": "NWS Anchorage AK", "status": "Actual", "messageType": "Alert", "category": "Met", "source": "NOAA/NWS"}}, {"type": "Feature", "geometry": null, "properties": {"event": "Small Craft Advisory", "severity": "Minor", "certainty": "Likely", "urgency": "Expected", "headline": "Small Craft Advisory issued April 7 at 3:19AM AKDT until April 8 at 5:00PM AKDT by NWS Anchorage AK", "description": "Coastal Waters Forecast for Southwest Alaska+Bristol Bay+The\nAlaska Peninsula Waters and the Aleutian Islands up to 100 nm out.\n\nWind forecasts reflect the predominant speed and direction\nexpected. Sea forecasts represent an average of the highest\none-third of the combined wind wave and swell height.\n\n.TODAY...SW wind 25 kt. Seas 12 ft.\n.TONIGHT...W wind 20 kt. Seas 10 ft.\n.WED...NW wind 15 kt. Seas 8 ft.\n.WED NIGHT...Variable wind 10 kt. Seas 6 ft.\n.THU THROUGH FRI...SW wind 20 kt. Seas 7 ft.\n.", "areaDesc": "Cape Sarichef to Nikoski Pacific Side from 15 to 85 NM", "effective": "2026-04-07T03:19:00-08:00", "expires": "2026-04-07T16:00:00-08:00", "senderName": "NWS Anchorage AK", "status": "Actual", "messageType": "Alert", "category": "Met", "source": "NOAA/NWS"}}, {"type": "Feature", "geometry": null, "properties": {"event": "Small Craft Advisory", "severity": "Minor", "certainty": "Likely", "urgency": "Expected", "headline": "Small Craft Advisory issued April 7 at 3:19AM AKDT until April 8 at 5:00PM AKDT by NWS Anchorage AK", "description": "Coastal Waters Forecast for Southwest Alaska+Bristol Bay+The\nAlaska Peninsula Waters and the Aleutian Islands up to 100 nm out.\n\nWind forecasts reflect the predominant speed and direction\nexpected. Sea forecasts represent an average of the highest\none-third of the combined wind wave and swell height.\n\n.TODAY...SW wind 25 kt. Seas 15 ft.\n.TONIGHT...S wind 25 kt. Seas 12 ft.\n.WED...SW wind 20 kt. Seas 10 ft.\n.WED NIGHT...Variable wind 10 kt. Seas 8 ft.\n.THU...NW wind 15 kt. Seas 5 ft.\n.FRI THROUGH", "areaDesc": "Sitkinak to Castle Cape from 15 to 100 NM", "effective": "2026-04-07T03:19:00-08:00", "expires": "2026-04-07T16:00:00-08:00", "senderName": "NWS Anchorage AK", "status": "Actual", "messageType": "Alert", "category": "Met", "source": "NOAA/NWS"}}, {"type": "Feature", "geometry": null, "properties": {"event": "Small Craft Advisory", "severity": "Minor", "certainty": "Likely", "urgency": "Expected", "headline": "Small Craft Advisory issued April 7 at 3:19AM AKDT until April 8 at 5:00PM AKDT by NWS Anchorage AK", "description": "Coastal Waters Forecast for Southwest Alaska+Bristol Bay+The\nAlaska Peninsula Waters and the Aleutian Islands up to 100 nm out.\n\nWind forecasts reflect the predominant speed and direction\nexpected. Sea forecasts represent an average of the highest\none-third of the combined wind wave and swell height.\n\n.TODAY...W wind 25 kt. Seas 7 ft.\n.TONIGHT...NW wind 25 kt diminishing to 15 kt after midnight. Seas\n7 ft.\n.WED...W wind 15 kt becoming S 25 kt in the afternoon. Seas 6 ft.\n.WED NIGHT...S wind 25 k", "areaDesc": "Seguam to Adak Bering Side out to 15 NM", "effective": "2026-04-07T03:19:00-08:00", "expires": "2026-04-07T16:00:00-08:00", "senderName": "NWS Anchorage AK", "status": "Actual", "messageType": "Alert", "category": "Met", "source": "NOAA/NWS"}}, {"type": "Feature", "geometry": null, "properties": {"event": "Small Craft Advisory", "severity": "Minor", "certainty": "Likely", "urgency": "Expected", "headline": "Small Craft Advisory issued April 7 at 3:19AM AKDT until April 8 at 5:00AM AKDT by NWS Anchorage AK", "description": "Coastal Waters Forecast for Southwest Alaska+Bristol Bay+The\nAlaska Peninsula Waters and the Aleutian Islands up to 100 nm out.\n\nWind forecasts reflect the predominant speed and direction\nexpected. Sea forecasts represent an average of the highest\none-third of the combined wind wave and swell height.\n\n.TODAY...W wind 20 kt. Seas 10 ft.\n.TONIGHT...NW wind 20 kt. Seas 9 ft.\n.WED...NW wind 15 kt. Seas 7 ft.\n.WED NIGHT...SW wind 25 kt. Seas 5 ft.\n.THU...SW wind 25 kt. Seas 7 ft.\n.FRI...SW wind 15 kt", "areaDesc": "Nikolski to Seguam Pacfic Side out to 15 NM", "effective": "2026-04-07T03:19:00-08:00", "expires": "2026-04-07T16:00:00-08:00", "senderName": "NWS Anchorage AK", "status": "Actual", "messageType": "Alert", "category": "Met", "source": "NOAA/NWS"}}, {"type": "Feature", "geometry": null, "properties": {"event": "Small Craft Advisory", "severity": "Minor", "certainty": "Likely", "urgency": "Expected", "headline": "Small Craft Advisory issued April 7 at 3:19AM AKDT until April 8 at 5:00AM AKDT by NWS Anchorage AK", "description": "Coastal Waters Forecast for Southwest Alaska+Bristol Bay+The\nAlaska Peninsula Waters and the Aleutian Islands up to 100 nm out.\n\nWind forecasts reflect the predominant speed and direction\nexpected. Sea forecasts represent an average of the highest\none-third of the combined wind wave and swell height.\n\n.TODAY...SW wind 25 kt. Seas 10 ft.\n.TONIGHT...W wind 20 kt. Seas 9 ft.\n.WED...NW wind 20 kt. Seas 7 ft.\n.WED NIGHT...W wind 15 kt. Seas 5 ft.\n.THU THROUGH FRI...SW wind 20 kt. Seas 5 ft.\n.SAT...W ", "areaDesc": "Cape Sarichef to Nikoski Pacific Side out to 15 NM", "effective": "2026-04-07T03:19:00-08:00", "expires": "2026-04-07T16:00:00-08:00", "senderName": "NWS Anchorage AK", "status": "Actual", "messageType": "Alert", "category": "Met", "source": "NOAA/NWS"}}, {"type": "Feature", "geometry": null, "properties": {"event": "Small Craft Advisory", "severity": "Minor", "certainty": "Likely", "urgency": "Expected", "headline": "Small Craft Advisory issued April 7 at 3:19AM AKDT until April 8 at 5:00AM AKDT by NWS Anchorage AK", "description": "Coastal Waters Forecast for Southwest Alaska+Bristol Bay+The\nAlaska Peninsula Waters and the Aleutian Islands up to 100 nm out.\n\nWind forecasts reflect the predominant speed and direction\nexpected. Sea forecasts represent an average of the highest\none-third of the combined wind wave and swell height.\n\n.TODAY...W wind 30 kt. Seas 12 ft.\n.TONIGHT...NW wind 25 kt diminishing to 15 kt after midnight. Seas\n11 ft.\n.WED...SW wind 20 kt. Seas 7 ft.\n.WED NIGHT...S wind 25 kt. Seas 10 ft.\n.THU...W wind 25", "areaDesc": "Seguam to Adak Pacific Side from 15 to 75 NM", "effective": "2026-04-07T03:19:00-08:00", "expires": "2026-04-07T16:00:00-08:00", "senderName": "NWS Anchorage AK", "status": "Actual", "messageType": "Alert", "category": "Met", "source": "NOAA/NWS"}}, {"type": "Feature", "geometry": null, "properties": {"event": "Small Craft Advisory", "severity": "Minor", "certainty": "Likely", "urgency": "Expected", "headline": "Small Craft Advisory issued April 7 at 3:19AM AKDT until April 8 at 5:00PM AKDT by NWS Anchorage AK", "description": "Coastal Waters Forecast for Southwest Alaska+Bristol Bay+The\nAlaska Peninsula Waters and the Aleutian Islands up to 100 nm out.\n\nWind forecasts reflect the predominant speed and direction\nexpected. Sea forecasts represent an average of the highest\none-third of the combined wind wave and swell height.\n\n.TODAY...W wind 25 kt. Seas 11 ft.\n.TONIGHT...NW wind 20 kt. Seas 10 ft.\n.WED...NW wind 15 kt. Seas 8 ft.\n.WED NIGHT...SW wind 20 kt. Seas 7 ft.\n.THU...SW wind 25 kt. Seas 8 ft.\n.FRI...SW wind 15 k", "areaDesc": "Nikolski to Seguam Pacific Side from 15 to 75 NM", "effective": "2026-04-07T03:19:00-08:00", "expires": "2026-04-07T16:00:00-08:00", "senderName": "NWS Anchorage AK", "status": "Actual", "messageType": "Alert", "category": "Met", "source": "NOAA/NWS"}}, {"type": "Feature", "geometry": null, "properties": {"event": "Gale Warning", "severity": "Moderate", "certainty": "Likely", "urgency": "Expected", "headline": "Gale Warning issued April 7 at 3:19AM AKDT until April 8 at 5:00PM AKDT by NWS Anchorage AK", "description": "Coastal Waters Forecast for Southwest Alaska+Bristol Bay+The\nAlaska Peninsula Waters and the Aleutian Islands up to 100 nm out.\n\nWind forecasts reflect the predominant speed and direction\nexpected. Sea forecasts represent an average of the highest\none-third of the combined wind wave and swell height.\n\n.TODAY...NW wind 30 kt becoming W 20 kt in the afternoon. Seas\n12 ft.\n.TONIGHT...S wind 35 kt increasing to 45 kt after midnight. Seas\n9 ft building to 16 ft after midnight. Rain.\n.WED...S wind 40 ", "areaDesc": "Kiska to Attu Pacific Side", "effective": "2026-04-07T03:19:00-08:00", "expires": "2026-04-07T16:00:00-08:00", "senderName": "NWS Anchorage AK", "status": "Actual", "messageType": "Alert", "category": "Met", "source": "NOAA/NWS"}}, {"type": "Feature", "geometry": null, "properties": {"event": "Gale Warning", "severity": "Moderate", "certainty": "Likely", "urgency": "Expected", "headline": "Gale Warning issued April 7 at 3:19AM AKDT until April 8 at 5:00PM AKDT by NWS Anchorage AK", "description": "Coastal Waters Forecast for Southwest Alaska+Bristol Bay+The\nAlaska Peninsula Waters and the Aleutian Islands up to 100 nm out.\n\nWind forecasts reflect the predominant speed and direction\nexpected. Sea forecasts represent an average of the highest\none-third of the combined wind wave and swell height.\n\n.TODAY...NE wind 25 kt. Seas in ice free waters 6 ft. Freezing\nspray.\n.TONIGHT...N wind 25 kt. Seas in ice free waters 5 ft.\n.WED...E of Saint Matthew Island, N wind 15 kt becoming SE in the\naftern", "areaDesc": "Saint Matthew Island Waters", "effective": "2026-04-07T03:19:00-08:00", "expires": "2026-04-07T16:00:00-08:00", "senderName": "NWS Anchorage AK", "status": "Actual", "messageType": "Alert", "category": "Met", "source": "NOAA/NWS"}}, {"type": "Feature", "geometry": null, "properties": {"event": "Gale Warning", "severity": "Moderate", "certainty": "Likely", "urgency": "Expected", "headline": "Gale Warning issued April 7 at 3:19AM AKDT until April 8 at 5:00PM AKDT by NWS Anchorage AK", "description": "Coastal Waters Forecast for Southwest Alaska+Bristol Bay+The\nAlaska Peninsula Waters and the Aleutian Islands up to 100 nm out.\n\nWind forecasts reflect the predominant speed and direction\nexpected. Sea forecasts represent an average of the highest\none-third of the combined wind wave and swell height.\n\n.TODAY...NW wind 30 kt. Seas 12 ft.\n.TONIGHT...S wind 30 kt increasing to 45 kt after midnight. Seas\n8 ft building to 13 ft after midnight. Rain.\n.WED...S wind 40 kt. Seas 17 ft. Rain.\n.WED NIGHT..", "areaDesc": "Kiska to Attu Bering Side", "effective": "2026-04-07T03:19:00-08:00", "expires": "2026-04-07T16:00:00-08:00", "senderName": "NWS Anchorage AK", "status": "Actual", "messageType": "Alert", "category": "Met", "source": "NOAA/NWS"}}, {"type": "Feature", "geometry": null, "properties": {"event": "Gale Warning", "severity": "Moderate", "certainty": "Likely", "urgency": "Expected", "headline": "Gale Warning issued April 7 at 3:19AM AKDT until April 8 at 5:00PM AKDT by NWS Anchorage AK", "description": "Coastal Waters Forecast for Southwest Alaska+Bristol Bay+The\nAlaska Peninsula Waters and the Aleutian Islands up to 100 nm out.\n\nWind forecasts reflect the predominant speed and direction\nexpected. Sea forecasts represent an average of the highest\none-third of the combined wind wave and swell height.\n\n.TODAY...NW wind 30 kt. Seas 13 ft.\n.TONIGHT...NW wind 20 kt. Seas 10 ft.\n.WED...S wind 35 kt. Seas 12 ft. Rain.\n.WED NIGHT...SW wind 30 kt. Seas 14 ft.\n.THU THROUGH FRI...SW wind 30 kt. Seas 13 ft", "areaDesc": "Adak to Kiska Pacific Side", "effective": "2026-04-07T03:19:00-08:00", "expires": "2026-04-07T16:00:00-08:00", "senderName": "NWS Anchorage AK", "status": "Actual", "messageType": "Alert", "category": "Met", "source": "NOAA/NWS"}}, {"type": "Feature", "geometry": null, "properties": {"event": "Gale Warning", "severity": "Moderate", "certainty": "Likely", "urgency": "Expected", "headline": "Gale Warning issued April 7 at 3:19AM AKDT until April 8 at 5:00PM AKDT by NWS Anchorage AK", "description": "Coastal Waters Forecast for Southwest Alaska+Bristol Bay+The\nAlaska Peninsula Waters and the Aleutian Islands up to 100 nm out.\n\nWind forecasts reflect the predominant speed and direction\nexpected. Sea forecasts represent an average of the highest\none-third of the combined wind wave and swell height.\n\n.TODAY...NW wind 30 kt. Seas 10 ft.\n.TONIGHT...NW wind 20 kt. Seas 9 ft.\n.WED...S wind 30 kt increasing to 40 kt in the afternoon. Seas\n12 ft. Rain.\n.WED NIGHT...SW wind 30 kt. Seas 13 ft.\n.THU THR", "areaDesc": "Adak to Kiska Bering Side", "effective": "2026-04-07T03:19:00-08:00", "expires": "2026-04-07T16:00:00-08:00", "senderName": "NWS Anchorage AK", "status": "Actual", "messageType": "Alert", "category": "Met", "source": "NOAA/NWS"}}, {"type": "Feature", "geometry": null, "properties": {"event": "Small Craft Advisory", "severity": "Minor", "certainty": "Likely", "urgency": "Expected", "headline": "Small Craft Advisory issued April 7 at 3:19AM AKDT until April 8 at 5:00PM AKDT by NWS Anchorage AK", "description": "Coastal Waters Forecast for Southwest Alaska+Bristol Bay+The\nAlaska Peninsula Waters and the Aleutian Islands up to 100 nm out.\n\nWind forecasts reflect the predominant speed and direction\nexpected. Sea forecasts represent an average of the highest\none-third of the combined wind wave and swell height.\n\n.TODAY...S wind 30 kt. Seas 13 ft.\n.TONIGHT...SW wind 25 kt. Seas 11 ft.\n.WED...W wind 15 kt. Seas 8 ft.\n.WED NIGHT...Variable wind 10 kt. Seas 7 ft.\n.THU THROUGH SAT...SW wind 15 kt. Seas 5 ft.", "areaDesc": "Cape Tolstoi to Cape Sarichef from 15 to 100 NM", "effective": "2026-04-07T03:19:00-08:00", "expires": "2026-04-07T16:00:00-08:00", "senderName": "NWS Anchorage AK", "status": "Actual", "messageType": "Alert", "category": "Met", "source": "NOAA/NWS"}}, {"type": "Feature", "geometry": null, "properties": {"event": "Small Craft Advisory", "severity": "Minor", "certainty": "Likely", "urgency": "Expected", "headline": "Small Craft Advisory issued April 7 at 3:19AM AKDT until April 8 at 5:00AM AKDT by NWS Anchorage AK", "description": "Coastal Waters Forecast for Southwest Alaska+Bristol Bay+The\nAlaska Peninsula Waters and the Aleutian Islands up to 100 nm out.\n\nWind forecasts reflect the predominant speed and direction\nexpected. Sea forecasts represent an average of the highest\none-third of the combined wind wave and swell height.\n\n.TODAY...W wind 20 kt. Seas 7 ft.\n.TONIGHT...NW wind 20 kt. Seas 8 ft.\n.WED...NW wind 15 kt. Seas 7 ft.\n.WED NIGHT...S wind 25 kt. Seas 6 ft.\n.THU...SW wind 25 kt. Seas 8 ft.\n.FRI...SW wind 15 kt. ", "areaDesc": "Nikolski to Seguam Bering Side from 15 to 85 NM", "effective": "2026-04-07T03:19:00-08:00", "expires": "2026-04-07T16:00:00-08:00", "senderName": "NWS Anchorage AK", "status": "Actual", "messageType": "Alert", "category": "Met", "source": "NOAA/NWS"}}, {"type": "Feature", "geometry": null, "properties": {"event": "Small Craft Advisory", "severity": "Minor", "certainty": "Likely", "urgency": "Expected", "headline": "Small Craft Advisory issued April 7 at 3:19AM AKDT until April 8 at 5:00AM AKDT by NWS Anchorage AK", "description": "Coastal Waters Forecast for Southwest Alaska+Bristol Bay+The\nAlaska Peninsula Waters and the Aleutian Islands up to 100 nm out.\n\nWind forecasts reflect the predominant speed and direction\nexpected. Sea forecasts represent an average of the highest\none-third of the combined wind wave and swell height.\n\n.TODAY...W wind 25 kt. Seas 9 ft.\n.TONIGHT...NW wind 25 kt. Seas 8 ft.\n.WED...SW wind 20 kt. Seas 5 ft.\n.WED NIGHT...S wind 25 kt. Seas 8 ft.\n.THU...W wind 25 kt. Seas 8 ft.\n.FRI...SW wind 15 kt. S", "areaDesc": "Seguam to Adak Pacific Side out to 15 NM", "effective": "2026-04-07T03:19:00-08:00", "expires": "2026-04-07T16:00:00-08:00", "senderName": "NWS Anchorage AK", "status": "Actual", "messageType": "Alert", "category": "Met", "source": "NOAA/NWS"}}, {"type": "Feature", "geometry": null, "properties": {"event": "Small Craft Advisory", "severity": "Minor", "certainty": "Likely", "urgency": "Expected", "headline": "Small Craft Advisory issued April 7 at 3:19AM AKDT until April 8 at 5:00AM AKDT by NWS Anchorage AK", "description": "Coastal Waters Forecast for Southwest Alaska+Bristol Bay+The\nAlaska Peninsula Waters and the Aleutian Islands up to 100 nm out.\n\nWind forecasts reflect the predominant speed and direction\nexpected. Sea forecasts represent an average of the highest\none-third of the combined wind wave and swell height.\n\n.TODAY...S wind 25 kt. Seas 9 ft.\n.TONIGHT...SW wind 20 kt. Seas 9 ft.\n.WED...NW wind 15 kt. Seas 6 ft.\n.WED NIGHT...Variable wind 10 kt. Seas 4 ft.\n.THU THROUGH FRI...SW wind 15 kt. Seas 4 ft.\n.SA", "areaDesc": "Cape Tolstoi to Cape Sarichef out to 15 NM", "effective": "2026-04-07T03:19:00-08:00", "expires": "2026-04-07T16:00:00-08:00", "senderName": "NWS Anchorage AK", "status": "Actual", "messageType": "Alert", "category": "Met", "source": "NOAA/NWS"}}, {"type": "Feature", "geometry": null, "properties": {"event": "Small Craft Advisory", "severity": "Minor", "certainty": "Likely", "urgency": "Expected", "headline": "Small Craft Advisory issued April 7 at 3:19AM AKDT until April 8 at 5:00AM AKDT by NWS Anchorage AK", "description": "Coastal Waters Forecast for Southwest Alaska+Bristol Bay+The\nAlaska Peninsula Waters and the Aleutian Islands up to 100 nm out.\n\nWind forecasts reflect the predominant speed and direction\nexpected. Sea forecasts represent an average of the highest\none-third of the combined wind wave and swell height.\n\n.TODAY...S wind 25 kt. Seas 8 ft. Rain.\n.TONIGHT...SW wind 20 kt. Seas 8 ft.\n.WED...SW wind 15 kt. Seas 5 ft.\n.WED NIGHT...Variable wind 10 kt. Seas 4 ft.\n.THU THROUGH FRI...Variable wind 10 kt. Se", "areaDesc": "Castle Cape to Cape Tolstoi out to 15 NM", "effective": "2026-04-07T03:19:00-08:00", "expires": "2026-04-07T16:00:00-08:00", "senderName": "NWS Anchorage AK", "status": "Actual", "messageType": "Alert", "category": "Met", "source": "NOAA/NWS"}}, {"type": "Feature", "geometry": null, "properties": {"event": "Small Craft Advisory", "severity": "Minor", "certainty": "Likely", "urgency": "Expected", "headline": "Small Craft Advisory issued April 7 at 3:19AM AKDT until April 8 at 5:00AM AKDT by NWS Anchorage AK", "description": "Coastal Waters Forecast for Southwest Alaska+Bristol Bay+The\nAlaska Peninsula Waters and the Aleutian Islands up to 100 nm out.\n\nWind forecasts reflect the predominant speed and direction\nexpected. Sea forecasts represent an average of the highest\none-third of the combined wind wave and swell height.\n\n.TODAY...S wind 25 kt. Seas 9 ft. Rain and snow.\n.TONIGHT...S wind 20 kt. Seas 9 ft.\n.WED...SW wind 15 kt. Seas 7 ft.\n.WED NIGHT...Variable wind 10 kt. Seas 5 ft.\n.THU...NW wind 15 kt. Seas 3 ft.\n.", "areaDesc": "Sitkinak to Castle Cape out to 15 NM", "effective": "2026-04-07T03:19:00-08:00", "expires": "2026-04-07T16:00:00-08:00", "senderName": "NWS Anchorage AK", "status": "Actual", "messageType": "Alert", "category": "Met", "source": "NOAA/NWS"}}, {"type": "Feature", "geometry": null, "properties": {"event": "Special Weather Statement", "severity": "Moderate", "certainty": "Observed", "urgency": "Expected", "headline": "Special Weather Statement issued April 7 at 7:18AM EDT by NWS Charleston SC", "description": "Northeast winds today will gust around 20 to 25 mph, with\nrelative humidity values dropping to 25 to 30% across locations\naway from the immediate coastline. This combination along with extremely\ndry fuels will result in an elevated risk for wildfires.", "areaDesc": "Jenkins; Screven; Candler; Bulloch; Effingham; Tattnall; Evans; Inland Bryan; Inland Chatham; Long; Inland Liberty; Inland McIntosh; Allendale; Hampton; Inland Colleton; Dorchester; Inland Berkeley; Inland Jasper", "effective": "2026-04-07T07:18:00-04:00", "expires": "2026-04-07T19:00:00-04:00", "senderName": "NWS Charleston SC", "status": "Actual", "messageType": "Alert", "category": "Met", "source": "NOAA/NWS"}}, {"type": "Feature", "geometry": null, "properties": {"event": "Gale Warning", "severity": "Moderate", "certainty": "Likely", "urgency": "Expected", "headline": "Gale Warning issued April 7 at 3:17AM AKDT until April 8 at 5:00PM AKDT by NWS Anchorage AK", "description": "Offshore Waters Forecast for the Bering Sea\n\nWind forecasts reflect the predominant speed and direction\nexpected. Sea forecasts represent an average of the highest\none-third of the combined wind wave and swell height.\n\n.TODAY...NW wind 15 to 30 kt. Seas 7 to 12 ft.\n.TONIGHT...NE wind up to 20 kt becoming SE 25 to 40 kt after\nmidnight. Seas 5 to 9 ft. Rain.\n.WED...S wind 30 to 45 kt. Seas 10 to 18 ft. Rain.\n.WED NIGHT...SW wind 25 to 35 kt. Seas 14 to 20 ft.\n.THU THROUGH FRI...SW wind 20 to 35 kt", "areaDesc": "Bering Sea Offshore  West of 180 and East of the International Date Line", "effective": "2026-04-07T03:17:00-08:00", "expires": "2026-04-07T17:00:00-08:00", "senderName": "NWS Anchorage AK", "status": "Actual", "messageType": "Alert", "category": "Met", "source": "NOAA/NWS"}}, {"type": "Feature", "geometry": null, "properties": {"event": "Gale Warning", "severity": "Moderate", "certainty": "Likely", "urgency": "Expected", "headline": "Gale Warning issued April 7 at 3:17AM AKDT until April 8 at 5:00PM AKDT by NWS Anchorage AK", "description": "Offshore Waters Forecast for the Bering Sea\n\nWind forecasts reflect the predominant speed and direction\nexpected. Sea forecasts represent an average of the highest\none-third of the combined wind wave and swell height.\n\n.TODAY...N wind 10 to 25 kt. Seas 3 to 7 ft.\n.TONIGHT...N wind 10 to 25 kt. Seas 3 to 7 ft.\n.WED...E wind 10 to 25 kt becoming S 20 to 35 kt in the afternoon.\nSeas 3 to 8 ft. Rain.\n.WED NIGHT...S wind 20 to 35 kt. Seas 6 to 11 ft.\n.THU THROUGH FRI...S wind 20 to 35 kt. Seas 5 to 1", "areaDesc": "Bering Sea Offshore 171W to 180 and North of 56N", "effective": "2026-04-07T03:17:00-08:00", "expires": "2026-04-07T17:00:00-08:00", "senderName": "NWS Anchorage AK", "status": "Actual", "messageType": "Alert", "category": "Met", "source": "NOAA/NWS"}}, {"type": "Feature", "geometry": null, "properties": {"event": "Small Craft Advisory", "severity": "Minor", "certainty": "Likely", "urgency": "Expected", "headline": "Small Craft Advisory issued April 7 at 3:16AM AKDT until April 7 at 5:00PM AKDT by NWS Anchorage AK", "description": "Coastal Waters Forecast for the Northern Gulf of Alaska Coast\nup to 100 nm out including Kodiak Island and Cook Inlet.\n\nWind forecasts reflect the predominant speed and direction\nexpected. Sea forecasts represent an average of the highest\none-third of the combined wind wave and swell height.\n\n.TODAY...NE wind 25 kt. Seas 5 ft. Snow and rain.\n.TONIGHT...N wind 20 kt. Seas 4 ft. Rain and snow.\n.WED...NE wind 15 kt diminishing to 10 kt in the afternoon. Seas\n3 ft. Rain showers and snow showers.\n.WE", "areaDesc": "Cook Inlet Kalgin Island to Point Bede", "effective": "2026-04-07T03:16:00-08:00", "expires": "2026-04-07T16:15:00-08:00", "senderName": "NWS Anchorage AK", "status": "Actual", "messageType": "Alert", "category": "Met", "source": "NOAA/NWS"}}, {"type": "Feature", "geometry": null, "properties": {"event": "Small Craft Advisory", "severity": "Minor", "certainty": "Likely", "urgency": "Expected", "headline": "Small Craft Advisory issued April 7 at 3:16AM AKDT until April 8 at 5:00PM AKDT by NWS Anchorage AK", "description": "Coastal Waters Forecast for the Northern Gulf of Alaska Coast\nup to 100 nm out including Kodiak Island and Cook Inlet.\n\nWind forecasts reflect the predominant speed and direction\nexpected. Sea forecasts represent an average of the highest\none-third of the combined wind wave and swell height.\n\n.TODAY...SE wind 25 kt. Seas 10 ft. Rain and snow.\n.TONIGHT...S wind 20 kt. Seas 9 ft. Rain.\n.WED...SW wind 20 kt. Seas 9 ft.\n.WED NIGHT...NW wind 15 kt. Seas 6 ft.\n.THU THROUGH FRI...NW wind 20 kt. Seas 5 ", "areaDesc": "Gore Point to Marmot Island from 15 to 80 NM", "effective": "2026-04-07T03:16:00-08:00", "expires": "2026-04-07T16:15:00-08:00", "senderName": "NWS Anchorage AK", "status": "Actual", "messageType": "Alert", "category": "Met", "source": "NOAA/NWS"}}, {"type": "Feature", "geometry": null, "properties": {"event": "Small Craft Advisory", "severity": "Minor", "certainty": "Likely", "urgency": "Expected", "headline": "Small Craft Advisory issued April 7 at 3:16AM AKDT until April 8 at 5:00PM AKDT by NWS Anchorage AK", "description": "Coastal Waters Forecast for the Northern Gulf of Alaska Coast\nup to 100 nm out including Kodiak Island and Cook Inlet.\n\nWind forecasts reflect the predominant speed and direction\nexpected. Sea forecasts represent an average of the highest\none-third of the combined wind wave and swell height.\n\n.TODAY...S wind 25 kt. Seas 12 ft. Rain.\n.TONIGHT...S wind 20 kt. Seas 10 ft.\n.WED...SW wind 20 kt. Seas 9 ft.\n.WED NIGHT...NW wind 15 kt. Seas 6 ft.\n.THU...NW wind 20 kt. Seas 4 ft.\n.FRI THROUGH SAT...W wi", "areaDesc": "Marmot Island to Sitkinak out to 15 NM", "effective": "2026-04-07T03:16:00-08:00", "expires": "2026-04-07T16:15:00-08:00", "senderName": "NWS Anchorage AK", "status": "Actual", "messageType": "Alert", "category": "Met", "source": "NOAA/NWS"}}, {"type": "Feature", "geometry": null, "properties": {"event": "Small Craft Advisory", "severity": "Minor", "certainty": "Likely", "urgency": "Expected", "headline": "Small Craft Advisory issued April 7 at 3:16AM AKDT until April 8 at 5:00AM AKDT by NWS Anchorage AK", "description": "Coastal Waters Forecast for the Northern Gulf of Alaska Coast\nup to 100 nm out including Kodiak Island and Cook Inlet.\n\nWind forecasts reflect the predominant speed and direction\nexpected. Sea forecasts represent an average of the highest\none-third of the combined wind wave and swell height.\n\n.TODAY...E wind 20 kt. Seas 5 ft. Rain and snow.\n.TONIGHT...E wind 25 kt. Seas 8 ft. Rain.\n.WED...E wind 20 kt. Seas 6 ft. Rain.\n.WED NIGHT...NE wind 20 kt. Seas 6 ft.\n.THU...NW wind 20 kt. Seas 5 ft.\n.FRI.", "areaDesc": "Cape Cleare to Gore Point out to 15 NM", "effective": "2026-04-07T03:16:00-08:00", "expires": "2026-04-07T16:15:00-08:00", "senderName": "NWS Anchorage AK", "status": "Actual", "messageType": "Alert", "category": "Met", "source": "NOAA/NWS"}}, {"type": "Feature", "geometry": null, "properties": {"event": "Small Craft Advisory", "severity": "Minor", "certainty": "Likely", "urgency": "Expected", "headline": "Small Craft Advisory issued April 7 at 3:16AM AKDT until April 7 at 5:00PM AKDT by NWS Anchorage AK", "description": "Coastal Waters Forecast for the Northern Gulf of Alaska Coast\nup to 100 nm out including Kodiak Island and Cook Inlet.\n\nWind forecasts reflect the predominant speed and direction\nexpected. Sea forecasts represent an average of the highest\none-third of the combined wind wave and swell height.\n\n.TODAY...SE wind 25 kt becoming S 15 kt in the afternoon. Seas 7\nft subsiding to 3 ft in the afternoon.\n.TONIGHT...S wind 15 kt. Seas 2 ft.\n.WED...S wind 10 kt. Seas 1 ft.\n.WED NIGHT...NW wind 10 kt. Seas 1", "areaDesc": "Chiniak Bay", "effective": "2026-04-07T03:16:00-08:00", "expires": "2026-04-07T16:15:00-08:00", "senderName": "NWS Anchorage AK", "status": "Actual", "messageType": "Alert", "category": "Met", "source": "NOAA/NWS"}}, {"type": "Feature", "geometry": null, "properties": {"event": "Small Craft Advisory", "severity": "Minor", "certainty": "Likely", "urgency": "Expected", "headline": "Small Craft Advisory issued April 7 at 3:16AM AKDT until April 8 at 5:00AM AKDT by NWS Anchorage AK", "description": "Coastal Waters Forecast for the Northern Gulf of Alaska Coast\nup to 100 nm out including Kodiak Island and Cook Inlet.\n\nWind forecasts reflect the predominant speed and direction\nexpected. Sea forecasts represent an average of the highest\none-third of the combined wind wave and swell height.\n\n.TODAY...E wind 30 kt. Seas 8 ft. Rain and snow.\n.TONIGHT...E wind 30 kt. Seas 8 ft. Rain and snow.\n.WED...S wind 20 kt. Seas 4 ft.\n.WED NIGHT...NW wind 15 kt. Seas 3 ft.\n.THU THROUGH FRI...W wind 15 kt. Se", "areaDesc": "West of Barren Islands Including Kamishak Bay", "effective": "2026-04-07T03:16:00-08:00", "expires": "2026-04-07T16:15:00-08:00", "senderName": "NWS Anchorage AK", "status": "Actual", "messageType": "Alert", "category": "Met", "source": "NOAA/NWS"}}, {"type": "Feature", "geometry": null, "properties": {"event": "Small Craft Advisory", "severity": "Minor", "certainty": "Likely", "urgency": "Expected", "headline": "Small Craft Advisory issued April 7 at 3:16AM AKDT until April 8 at 5:00AM AKDT by NWS Anchorage AK", "description": "Coastal Waters Forecast for the Northern Gulf of Alaska Coast\nup to 100 nm out including Kodiak Island and Cook Inlet.\n\nWind forecasts reflect the predominant speed and direction\nexpected. Sea forecasts represent an average of the highest\none-third of the combined wind wave and swell height.\n\n.TODAY...SE wind 25 kt. Seas 7 ft. Rain and snow.\n.TONIGHT...SE wind 30 kt. Seas 7 ft. Rain.\n.WED...S wind 15 kt. Seas 5 ft.\n.WED NIGHT...N wind 15 kt. Seas 4 ft.\n.THU...NW wind 20 kt. Seas 4 ft.\n.FRI THROU", "areaDesc": "Barren Islands East", "effective": "2026-04-07T03:16:00-08:00", "expires": "2026-04-07T16:15:00-08:00", "senderName": "NWS Anchorage AK", "status": "Actual", "messageType": "Alert", "category": "Met", "source": "NOAA/NWS"}}, {"type": "Feature", "geometry": null, "properties": {"event": "Small Craft Advisory", "severity": "Minor", "certainty": "Likely", "urgency": "Expected", "headline": "Small Craft Advisory issued April 7 at 3:16AM AKDT until April 8 at 5:00PM AKDT by NWS Anchorage AK", "description": "Coastal Waters Forecast for the Northern Gulf of Alaska Coast\nup to 100 nm out including Kodiak Island and Cook Inlet.\n\nWind forecasts reflect the predominant speed and direction\nexpected. Sea forecasts represent an average of the highest\none-third of the combined wind wave and swell height.\n\n.TODAY...SE wind 20 kt. Seas 8 ft. Rain and snow.\n.TONIGHT...SE wind 20 kt. Seas 9 ft. Rain.\n.WED...S wind 15 kt. Seas 9 ft. Rain.\n.WED NIGHT...E wind 20 kt. Seas 6 ft.\n.THU...N wind 20 kt. Seas 6 ft.\n.FRI ", "areaDesc": "Cape Cleare to Gore Point from 15 to 75 NM", "effective": "2026-04-07T03:16:00-08:00", "expires": "2026-04-07T16:15:00-08:00", "senderName": "NWS Anchorage AK", "status": "Actual", "messageType": "Alert", "category": "Met", "source": "NOAA/NWS"}}, {"type": "Feature", "geometry": null, "properties": {"event": "Small Craft Advisory", "severity": "Minor", "certainty": "Likely", "urgency": "Expected", "headline": "Small Craft Advisory issued April 7 at 3:16AM AKDT until April 7 at 5:00PM AKDT by NWS Anchorage AK", "description": "Coastal Waters Forecast for the Northern Gulf of Alaska Coast\nup to 100 nm out including Kodiak Island and Cook Inlet.\n\nWind forecasts reflect the predominant speed and direction\nexpected. Sea forecasts represent an average of the highest\none-third of the combined wind wave and swell height.\n\n.TODAY...SE wind 25 kt diminishing to 15 kt in the afternoon. Seas\n7 ft subsiding to 3 ft in the afternoon. Rain.\n.TONIGHT...SE wind 15 kt. Seas 3 ft.\n.WED...SW wind 10 kt in the morning becoming variable l", "areaDesc": "Marmot Bay", "effective": "2026-04-07T03:16:00-08:00", "expires": "2026-04-07T16:15:00-08:00", "senderName": "NWS Anchorage AK", "status": "Actual", "messageType": "Alert", "category": "Met", "source": "NOAA/NWS"}}, {"type": "Feature", "geometry": null, "properties": {"event": "Small Craft Advisory", "severity": "Minor", "certainty": "Likely", "urgency": "Expected", "headline": "Small Craft Advisory issued April 7 at 3:16AM AKDT until April 8 at 5:00PM AKDT by NWS Anchorage AK", "description": "Coastal Waters Forecast for the Northern Gulf of Alaska Coast\nup to 100 nm out including Kodiak Island and Cook Inlet.\n\nWind forecasts reflect the predominant speed and direction\nexpected. Sea forecasts represent an average of the highest\none-third of the combined wind wave and swell height.\n\n.TODAY...SE wind 15 kt. Seas 4 ft. Rain and snow.\n.TONIGHT...E wind 25 kt. Seas 8 ft. Rain and snow.\n.WED...SE wind 25 kt diminishing to 15 kt in the afternoon. Seas\n7 ft. Rain.\n.WED NIGHT...E wind 20 kt. S", "areaDesc": "Gravel Point to Cape Cleare out to 15 NM", "effective": "2026-04-07T03:16:00-08:00", "expires": "2026-04-07T16:15:00-08:00", "senderName": "NWS Anchorage AK", "status": "Actual", "messageType": "Alert", "category": "Met", "source": "NOAA/NWS"}}, {"type": "Feature", "geometry": null, "properties": {"event": "Small Craft Advisory", "severity": "Minor", "certainty": "Likely", "urgency": "Expected", "headline": "Small Craft Advisory issued April 7 at 3:16AM AKDT until April 8 at 5:00PM AKDT by NWS Anchorage AK", "description": "Coastal Waters Forecast for the Northern Gulf of Alaska Coast\nup to 100 nm out including Kodiak Island and Cook Inlet.\n\nWind forecasts reflect the predominant speed and direction\nexpected. Sea forecasts represent an average of the highest\none-third of the combined wind wave and swell height.\n\n.TODAY...S wind 25 kt. Seas 14 ft.\n.TONIGHT...S wind 20 kt. Seas 12 ft.\n.WED...SW wind 20 kt. Seas 10 ft.\n.WED NIGHT...Variable wind 10 kt. Seas 7 ft.\n.THU...NW wind 25 kt. Seas 6 ft.\n.FRI THROUGH SAT...W w", "areaDesc": "Marmot Island To Sitkinak from 15 to 85 NM", "effective": "2026-04-07T03:16:00-08:00", "expires": "2026-04-07T16:15:00-08:00", "senderName": "NWS Anchorage AK", "status": "Actual", "messageType": "Alert", "category": "Met", "source": "NOAA/NWS"}}, {"type": "Feature", "geometry": null, "properties": {"event": "Small Craft Advisory", "severity": "Minor", "certainty": "Likely", "urgency": "Expected", "headline": "Small Craft Advisory issued April 7 at 3:16AM AKDT until April 8 at 5:00PM AKDT by NWS Anchorage AK", "description": "Coastal Waters Forecast for the Northern Gulf of Alaska Coast\nup to 100 nm out including Kodiak Island and Cook Inlet.\n\nWind forecasts reflect the predominant speed and direction\nexpected. Sea forecasts represent an average of the highest\none-third of the combined wind wave and swell height.\n\n.TODAY...S wind 20 kt. Seas 6 ft.\n.TONIGHT...SE wind 20 kt. Seas 10 ft. Rain.\n.WED...S wind 15 kt. Seas 10 ft. Rain showers.\n.WED NIGHT...Variable wind 10 kt. Seas 7 ft.\n.THU...NE wind 20 kt. Seas 6 ft.\n.FR", "areaDesc": "Cape Suckling to Cape Cleare from 15 to 75 NM", "effective": "2026-04-07T03:16:00-08:00", "expires": "2026-04-07T16:15:00-08:00", "senderName": "NWS Anchorage AK", "status": "Actual", "messageType": "Alert", "category": "Met", "source": "NOAA/NWS"}}, {"type": "Feature", "geometry": null, "properties": {"event": "Small Craft Advisory", "severity": "Minor", "certainty": "Likely", "urgency": "Expected", "headline": "Small Craft Advisory issued April 7 at 3:16AM AKDT until April 8 at 5:00PM AKDT by NWS Anchorage AK", "description": "Coastal Waters Forecast for the Northern Gulf of Alaska Coast\nup to 100 nm out including Kodiak Island and Cook Inlet.\n\nWind forecasts reflect the predominant speed and direction\nexpected. Sea forecasts represent an average of the highest\none-third of the combined wind wave and swell height.\n\n.TODAY...SE wind 15 kt. Seas 4 ft. Snow and rain.\n.TONIGHT...E wind 25 kt. Seas 9 ft. Rain and snow.\n.WED...E wind 25 kt. Seas 9 ft. Widespread rain showers.\n.WED NIGHT...E wind 20 kt. Seas 6 ft.\n.THU...NE ", "areaDesc": "Cape Suckling to Gravel Point out to 15 NM", "effective": "2026-04-07T03:16:00-08:00", "expires": "2026-04-07T16:15:00-08:00", "senderName": "NWS Anchorage AK", "status": "Actual", "messageType": "Alert", "category": "Met", "source": "NOAA/NWS"}}, {"type": "Feature", "geometry": null, "properties": {"event": "Special Weather Statement", "severity": "Moderate", "certainty": "Observed", "urgency": "Expected", "headline": "Special Weather Statement issued April 7 at 5:13AM MDT by NWS Cheyenne WY", "description": "Patchy fog is ongoing across Highway 287 and portions of Interstate\n80 this morning, between mile markers 320 and 350. Visibility\nbelow a quarter mile is possible in the heavier patches. Fog\nexpected to dissipate shortly after sunrise this morning.", "areaDesc": "South Laramie Range; South Laramie Range Foothills", "effective": "2026-04-07T05:13:00-06:00", "expires": "2026-04-07T10:00:00-06:00", "senderName": "NWS Cheyenne WY", "status": "Actual", "messageType": "Alert", "category": "Met", "source": "NOAA/NWS"}}, {"type": "Feature", "geometry": null, "properties": {"event": "Beach Hazards Statement", "severity": "Moderate", "certainty": "Likely", "urgency": "Expected", "headline": "Beach Hazards Statement issued April 7 at 6:05AM EDT until April 7 at 8:00PM EDT by NWS Newport/Morehead City NC", "description": "* WHAT...Dangerous rip currents.\n\n* WHERE...The beaches north of Cape Hatteras.\n\n* WHEN...Through this evening.\n\n* IMPACTS...Rip currents can sweep even the best swimmers away\nfrom shore into deeper water.\n\n* ADDITIONAL DETAILS...The most likely time for strong rip\ncurrents to occur is a couple of hours either side of low tide,\nwhich will occur around 5:20 PM.", "areaDesc": "Hatteras Island", "effective": "2026-04-07T06:05:00-04:00", "expires": "2026-04-07T18:15:00-04:00", "senderName": "NWS Newport/Morehead City NC", "status": "Actual", "messageType": "Alert", "category": "Met", "source": "NOAA/NWS"}}, {"type": "Feature", "geometry": null, "properties": {"event": "Small Craft Advisory", "severity": "Minor", "certainty": "Likely", "urgency": "Expected", "headline": "Small Craft Advisory issued April 7 at 5:31AM EDT until April 8 at 8:00AM EDT by NWS Baltimore MD/Washington DC", "description": "* WHAT...Northwest winds 10 to 20 kt with gusts up to 25 kt\nexpected today. Northeast winds 10 to 15 kt with gusts up to 20\nkt expected tonight.\n\n* WHERE...Chesapeake Bay from Sandy Point MD to Smith Point VA,\nTidal Potomac from Cobb Island MD to Smith Point VA, Eastern\nBay, Choptank River to Cambridge MD and the Little Choptank\nRiver, Patuxent River to Broomes Island MD, and Tangier Sound\nand the inland waters surrounding Bloodsworth Island.\n\n* WHEN...Until 8 AM EDT Wednesday.\n\n* IMPACTS...Cond", "areaDesc": "Chesapeake Bay from Sandy Point to North Beach MD; Chesapeake Bay from North Beach to Drum Point MD; Chesapeake Bay from Drum Point MD to Smith Point VA; Tidal Potomac from Cobb Island MD to Smith Point VA; Eastern Bay; Choptank River to Cambridge MD and the Little Choptank River; Patuxent River to Broomes Island MD; Tangier Sound and the inland waters surrounding Bloodsworth Island", "effective": "2026-04-07T05:31:00-04:00", "expires": "2026-04-07T13:45:00-04:00", "senderName": "NWS Baltimore MD/Washington DC", "status": "Actual", "messageType": "Alert", "category": "Met", "source": "NOAA/NWS"}}, {"type": "Feature", "geometry": null, "properties": {"event": "Small Craft Advisory", "severity": "Minor", "certainty": "Likely", "urgency": "Expected", "headline": "Small Craft Advisory issued April 7 at 5:31AM EDT until April 8 at 12:00AM EDT by NWS Baltimore MD/Washington DC", "description": "* WHAT...Northwest winds 10 to 20 kt with gusts up to 25 kt\nexpected.\n\n* WHERE...Tidal Potomac River from Key Bridge to Cobb Island MD,\nChesapeake Bay north of Sandy Point MD, Patapsco River\nincluding Baltimore Harbor, and Chester River to Queenstown MD.\n\n* WHEN...Until midnight EDT tonight.\n\n* IMPACTS...Conditions will be hazardous to small craft.", "areaDesc": "Chesapeake Bay north of Pooles Island MD; Chesapeake Bay from Pooles Island to Sandy Point MD; Tidal Potomac from Key Bridge to Indian Head MD; Tidal Potomac from Indian Head to Cobb Island MD; Patapsco River including Baltimore Harbor; Chester River to Queenstown MD", "effective": "2026-04-07T05:31:00-04:00", "expires": "2026-04-07T13:45:00-04:00", "senderName": "NWS Baltimore MD/Washington DC", "status": "Actual", "messageType": "Alert", "category": "Met", "source": "NOAA/NWS"}}, {"type": "Feature", "geometry": null, "properties": {"event": "High Wind Watch", "severity": "Severe", "certainty": "Possible", "urgency": "Future", "headline": "High Wind Watch issued April 7 at 2:52AM MDT until April 8 at 3:00PM MDT by NWS Cheyenne WY", "description": "* WHAT...West winds 25 to 35 mph with gusts up to 60 mph possible.\n\n* WHERE...North Snowy Range Foothills including Arlington and Elk\nMountain along Interstate 80.\n\n* WHEN...From late tonight through Wednesday afternoon.\n\n* IMPACTS...Mainly to transportation. Strong cross winds will be\nhazardous to light weight or high profile vehicles, including\ncampers and tractor trailers.", "areaDesc": "North Snowy Range Foothills", "effective": "2026-04-07T02:52:00-06:00", "expires": "2026-04-07T18:00:00-06:00", "senderName": "NWS Cheyenne WY", "status": "Actual", "messageType": "Alert", "category": "Met", "source": "NOAA/NWS"}}, {"type": "Feature", "geometry": null, "properties": {"event": "Red Flag Warning", "severity": "Severe", "certainty": "Likely", "urgency": "Expected", "headline": "Red Flag Warning issued April 7 at 2:36AM MDT until April 7 at 8:00PM MDT by NWS Cheyenne WY", "description": "The National Weather Service in Cheyenne has issued a Red Flag\nWarning, which is in effect from noon today to 8 PM MDT this\nevening.\n\n* AFFECTED AREA...417, 418, 432, and 433.\n\n* WIND...Westerly winds 15 to 25 mph gusting up to 35 mph.\n\n* HUMIDITY...13 to 18 percent.\n\n* HIGHEST THREAT...is located along and just east of the Laramie\nRange where dry thunderstorms are favored to develop.\n\n* IMPACTS...any fires that develop will likely spread rapidly.\nOutdoor burning is not recommended.\n\n* ADDITIONA", "areaDesc": "Niobrara/Lower Elevations of Converse/Thunder Basin National Grassland; Middle North Platte River Basin/Niobrara and Converse High Plains; Bordeaux/Chugwater/Wheatland; Goshen/Middle-Lower North Platte River Basin", "effective": "2026-04-07T02:36:00-06:00", "expires": "2026-04-07T18:00:00-06:00", "senderName": "NWS Cheyenne WY", "status": "Actual", "messageType": "Alert", "category": "Met", "source": "NOAA/NWS"}}, {"type": "Feature", "geometry": null, "properties": {"event": "Lake Wind Advisory", "severity": "Moderate", "certainty": "Likely", "urgency": "Expected", "headline": "Lake Wind Advisory issued April 7 at 2:35AM MDT until April 8 at 9:00PM MDT by NWS Glasgow MT", "description": "* WHAT...Northwest winds 25 to 35 mph with gusts up to 50 mph\nexpected.\n\n* WHERE...Fort Peck Lake\n\n* WHEN...From noon today to 9 PM MDT Wednesday.\n\n* IMPACTS...Strong winds and rough waves on area lakes will create\nhazardous conditions for small craft.\n\n* ADDITIONAL DETAILS...Waves up to 5 feet are expected over Fort\nPeck Lake this afternoon, tonight and Wednesday.", "areaDesc": "Central and Southeast Phillips; Central and Southern Valley; Petroleum; Garfield; McCone", "effective": "2026-04-07T02:35:00-06:00", "expires": "2026-04-07T16:00:00-06:00", "senderName": "NWS Glasgow MT", "status": "Actual", "messageType": "Alert", "category": "Met", "source": "NOAA/NWS"}}, {"type": "Feature", "geometry": null, "properties": {"event": "Gale Watch", "severity": "Moderate", "certainty": "Possible", "urgency": "Future", "headline": "Gale Watch issued April 7 at 3:33AM CDT until April 8 at 11:00PM CDT by NWS Green Bay WI", "description": "* WHAT...South winds 20 to 30 kts with gusts to 35 to 40 kts and\nwaves 9 to 14 ft possible.\n\n* WHERE...Lake Michigan nearshore waters from Washington Island\nto Sturgeon Bay.\n\n* WHEN...From Wednesday morning through Wednesday evening.\n\n* IMPACTS...Strong winds can cause hazardous waves which could\ncapsize or damage vessels and reduce visibility.", "areaDesc": "Rock Island Passage to Sturgeon Bay WI", "effective": "2026-04-07T03:33:00-05:00", "expires": "2026-04-07T11:45:00-05:00", "senderName": "NWS Green Bay WI", "status": "Actual", "messageType": "Alert", "category": "Met", "source": "NOAA/NWS"}}, {"type": "Feature", "geometry": null, "properties": {"event": "Gale Watch", "severity": "Moderate", "certainty": "Possible", "urgency": "Future", "headline": "Gale Watch issued April 7 at 3:33AM CDT until April 8 at 11:00PM CDT by NWS Green Bay WI", "description": "* WHAT...South winds 20 to 30 kts with gusts to around 35 kts and\nwaves 8 to 13 ft possible.\n\n* WHERE...Lake Michigan nearshore waters from Sturgeon Bay to\nSheboygan.\n\n* WHEN...From Wednesday morning through Wednesday evening.\n\n* IMPACTS...Strong winds can cause hazardous waves which could\ncapsize or damage vessels and reduce visibility.", "areaDesc": "Sturgeon Bay to Two Rivers WI; Two Rivers to Sheboygan WI", "effective": "2026-04-07T03:33:00-05:00", "expires": "2026-04-07T11:45:00-05:00", "senderName": "NWS Green Bay WI", "status": "Actual", "messageType": "Alert", "category": "Met", "source": "NOAA/NWS"}}, {"type": "Feature", "geometry": null, "properties": {"event": "Frost Advisory", "severity": "Minor", "certainty": "Likely", "urgency": "Expected", "headline": "Frost Advisory issued April 7 at 12:58AM PDT until April 8 at 9:00AM PDT by NWS Portland OR", "description": "* WHAT...Temperatures as low as 33 to 36 degrees will result in\nfrost formation.\n\n* WHERE...Willapa Hills and Adjacent River Valleys of Pacific and\nWahkiakum Counties, Lower Columbia River and Cowlitz River\nValleys, North Oregon Coast Range Lowlands, North Oregon Coast\nRange, Upper Hood River Valley, North Clark County Lowlands, and\nSouth Washington Cascade Foothills.\n\n* WHEN...From 11 PM this evening to 9 AM PDT Wednesday.\n\n* IMPACTS...Frost could harm sensitive outdoor vegetation. Sensitive\nou", "areaDesc": "North Oregon Coast Range Lowlands; North Oregon Coast Range; Lower Columbia River; Upper Hood River Valley; Willapa and Wahkiakum Lowlands; Willapa Hills; Cowlitz County Lowlands; North Clark County Lowlands; South Washington Cascade Foothills", "effective": "2026-04-07T00:58:00-07:00", "expires": "2026-04-08T09:00:00-07:00", "senderName": "NWS Portland OR", "status": "Actual", "messageType": "Alert", "category": "Met", "source": "NOAA/NWS"}}, {"type": "Feature", "geometry": null, "properties": {"event": "Frost Advisory", "severity": "Minor", "certainty": "Likely", "urgency": "Expected", "headline": "Frost Advisory issued April 7 at 12:48AM PDT until April 8 at 9:00AM PDT by NWS Seattle WA", "description": "* WHAT...Temperatures as low as 32 to 36 will result in frost\nformation.\n\n* WHERE...Middle Chehalis River Valley, Foothills and Valleys of\nThurston and Lewis Counties, Lowlands of Lewis and Southern\nThurston Counties, Olympia and Southern Puget Sound, and Willapa\nand Black Hills.\n\n* WHEN...From 11 PM this evening to 9 AM PDT Wednesday.\n\n* IMPACTS...Frost could harm sensitive outdoor vegetation. Sensitive\noutdoor plants may be killed if left uncovered.", "areaDesc": "Foothills and Valleys of Thurston and Lewis Counties; Olympia and Southern Puget Sound; Lowlands of Lewis and Southern Thurston Counties; Middle Chehalis River Valley; Willapa and Black Hills", "effective": "2026-04-07T00:48:00-07:00", "expires": "2026-04-07T09:00:00-07:00", "senderName": "NWS Seattle WA", "status": "Actual", "messageType": "Alert", "category": "Met", "source": "NOAA/NWS"}}, {"type": "Feature", "geometry": null, "properties": {"event": "Small Craft Advisory", "severity": "Minor", "certainty": "Likely", "urgency": "Expected", "headline": "Small Craft Advisory issued April 7 at 3:08AM EDT until April 8 at 5:00AM EDT by NWS Upton NY", "description": "* WHAT...Northwest winds 15 to 20 kt with gusts up to 30 kt. Seas\n3 to 5 feet expected.\n\n* WHERE...Sandy Hook NJ to Montauk Point NY out 20 nm.\n\n* WHEN...From 11 AM this morning to 5 AM EDT Wednesday.\n\n* IMPACTS...Conditions will be hazardous to small craft.", "areaDesc": "Moriches Inlet NY to Montauk Point NY out 20 nm; Fire Island Inlet NY to Moriches Inlet NY out 20 nm; Sandy Hook NJ to Fire Island Inlet NY out 20 nm", "effective": "2026-04-07T03:08:00-04:00", "expires": "2026-04-07T17:45:00-04:00", "senderName": "NWS Upton NY", "status": "Actual", "messageType": "Alert", "category": "Met", "source": "NOAA/NWS"}}, {"type": "Feature", "geometry": null, "properties": {"event": "Small Craft Advisory", "severity": "Minor", "certainty": "Likely", "urgency": "Expected", "headline": "Small Craft Advisory issued April 7 at 3:08AM EDT until April 8 at 2:00AM EDT by NWS Upton NY", "description": "* WHAT...Northwest winds 15 to 20 kt with gusts up to 30 kt. Seas\n2 to 4 feet for central and eastern Long Island Sound.\n\n* WHERE...Long Island Sound, New York Harbor, Peconic and\nGardiners Bays, and South Shore Bays from Jones Inlet through\nShinnecock Bay.\n\n* WHEN...From 11 AM this morning to 2 AM EDT Wednesday.\n\n* IMPACTS...Conditions will be hazardous to small craft.", "areaDesc": "Long Island Sound East of New Haven CT/Port Jefferson NY to the Mouth of the Connecticut River; Long Island Sound East of the Mouth of the Connecticut River; Long Island Sound West of New Haven CT/Port Jefferson NY; New York Harbor; Peconic and Gardiners Bays; South Shore Bays from Jones Inlet through Shinnecock Bay", "effective": "2026-04-07T03:08:00-04:00", "expires": "2026-04-07T17:45:00-04:00", "senderName": "NWS Upton NY", "status": "Actual", "messageType": "Alert", "category": "Met", "source": "NOAA/NWS"}}, {"type": "Feature", "geometry": null, "properties": {"event": "Red Flag Warning", "severity": "Severe", "certainty": "Likely", "urgency": "Expected", "headline": "Red Flag Warning issued April 7 at 2:59AM EDT until April 7 at 8:00PM EDT by NWS Peachtree City GA", "description": "The National Weather Service in Peachtree City has issued a Red\nFlag Warning for low relative humidity and gusty winds, which is\nin effect from 11 AM this morning to 8 PM EDT this evening.\n\n* Affected Area...South-Central Georgia including Crisp, Wilcox,\nDodge, Telfair, and Wheeler Counties.\n\n* Timing...Between 11 AM and 8 PM today.\n\n* Winds...East-Northeast at 12 to 15 mph with gusts up to 25 mph.\n\n* Relative Humidity...22 to 25 percent.\n\n* Temperatures...66 to 76 degrees.\n\n* Impacts...With ele", "areaDesc": "Crisp; Wilcox; Dodge; Telfair; Wheeler", "effective": "2026-04-07T02:59:00-04:00", "expires": "2026-04-07T20:00:00-04:00", "senderName": "NWS Peachtree City GA", "status": "Actual", "messageType": "Alert", "category": "Met", "source": "NOAA/NWS"}}, {"type": "Feature", "geometry": null, "properties": {"event": "Special Weather Statement", "severity": "Moderate", "certainty": "Observed", "urgency": "Expected", "headline": "Special Weather Statement issued April 7 at 2:59AM EDT by NWS Peachtree City GA", "description": "Relative Humidities of 25 percent or less can be expected for 4\nor more hours this afternoon into the evening. Winds will be\neast-northeast at 8 to 12 MPH with wind gusts up to 20 MPH.\n\nWith dry fuels, high fire danger conditions can be expected.\n\nPlease refer to your local burn permitting authorities\nwhether you may burn outdoors.  If you do burn outside,\nuse extreme caution.", "areaDesc": "Pickens; Dawson; Bartow; Cherokee; Forsyth; Hall; Banks; Jackson; Madison; Polk; Paulding; Cobb; North Fulton; Gwinnett; Barrow; Clarke; Oconee; Oglethorpe; Wilkes; Haralson; Carroll; Douglas; South Fulton; DeKalb; Rockdale; Walton; Newton; Morgan; Greene; Taliaferro; Heard; Coweta; Fayette; Clayton; Spalding; Henry; Butts; Jasper; Putnam; Hancock; Warren; Troup; Meriwether; Pike; Upson; Lamar; Monroe; Jones; Baldwin; Washington; Glascock; Jefferson; Harris; Talbot; Taylor; Crawford; Bibb; Twiggs; Wilkinson; Johnson; Emanuel; Muscogee; Chattahoochee; Marion; Schley; Macon; Peach; Houston; Bleckley; Laurens; Treutlen; Stewart; Webster; Sumter; Dooly; Pulaski; Montgomery; Toombs", "effective": "2026-04-07T02:59:00-04:00", "expires": "2026-04-07T20:00:00-04:00", "senderName": "NWS Peachtree City GA", "status": "Actual", "messageType": "Alert", "category": "Met", "source": "NOAA/NWS"}}, {"type": "Feature", "geometry": null, "properties": {"event": "Red Flag Warning", "severity": "Severe", "certainty": "Likely", "urgency": "Expected", "headline": "Red Flag Warning issued April 7 at 12:47AM MDT until April 7 at 9:00PM MDT by NWS Riverton WY", "description": "The National Weather Service in Riverton has issued a Red Flag\nWarning, which is in effect from noon today to 9 PM MDT this\nevening.\n\n* IMPACTS: Low Humidities and Strong Gusty Winds could cause\nerratic fire behavior.\n\n* AFFECTED AREA:\nIn Central WY Fire Zones...280...283...289.\nIn North Central WY Fire Zone....281.\n\n* COUNTIES AFFECTED:\nIn Central WY...Fremont...Natrona.\nIn North Central WY...Johnson.\nIn Southwest WY...Sweetwater.\n\n* WIND: West 20 to 30 mph with gusts up to 40 to 50 mph.\n\n* HUM", "areaDesc": "Natrona County/Casper BLM; Johnson County/Casper BLM; Upper Wind River Basin/Wind River Basin; Granite/Green/Ferris/Rattlesnake Mountains", "effective": "2026-04-07T00:47:00-06:00", "expires": "2026-04-07T21:00:00-06:00", "senderName": "NWS Riverton WY", "status": "Actual", "messageType": "Alert", "category": "Met", "source": "NOAA/NWS"}}, {"type": "Feature", "geometry": null, "properties": {"event": "Special Weather Statement", "severity": "Moderate", "certainty": "Observed", "urgency": "Expected", "headline": "Special Weather Statement issued April 7 at 2:33AM EDT by NWS Columbia SC", "description": "A dry air mass will settle into the area today with low relative\nhumidity expected during this afternoon, generally between 25 to\n30 percent. With breezy winds ahead of an approaching cold front,\ncombined with dry fuels as determined by forestry partners, an\nelevated fire weather threat will be in place across the Midlands\nand CSRA today. Outdoor fires will have the potential to spread\nquickly, increasing the danger of wildfires.", "areaDesc": "Lincoln; McDuffie; Columbia; Richmond; Burke; Chesterfield; McCormick; Newberry; Fairfield; Kershaw; Edgefield; Saluda; Lexington; Richland; Lee; Aiken; Sumter; Barnwell; Calhoun; Clarendon; Bamberg; Northern Lancaster; Southern Lancaster; Northwestern Orangeburg; Central Orangeburg; Southeastern Orangeburg", "effective": "2026-04-07T02:33:00-04:00", "expires": "2026-04-07T20:00:00-04:00", "senderName": "NWS Columbia SC", "status": "Actual", "messageType": "Alert", "category": "Met", "source": "NOAA/NWS"}}, {"type": "Feature", "geometry": null, "properties": {"event": "Special Weather Statement", "severity": "Moderate", "certainty": "Observed", "urgency": "Expected", "headline": "Special Weather Statement issued April 7 at 2:32AM EDT by NWS Wilmington NC", "description": "The combination of dry fuels, low relative humidity, and gusty\nwinds will lead to increased fire danger today. Relative humidity\nvalues will drop to 25 to 30 percent, accompanied by northeast winds\nof 10 to 15 mph with gusts to 20 mph.", "areaDesc": "Marlboro; Darlington; Dillon; Florence; Marion; Williamsburg; Inland Georgetown; Central Horry; Northern Horry", "effective": "2026-04-07T02:32:00-04:00", "expires": "2026-04-07T19:00:00-04:00", "senderName": "NWS Wilmington NC", "status": "Actual", "messageType": "Alert", "category": "Met", "source": "NOAA/NWS"}}, {"type": "Feature", "geometry": null, "properties": {"event": "Small Craft Advisory", "severity": "Minor", "certainty": "Likely", "urgency": "Expected", "headline": "Small Craft Advisory issued April 7 at 2:28AM EDT until April 8 at 9:00AM EDT by NWS Caribou ME", "description": "* WHAT...North winds 15 to 25 kt with gusts up to 30 kt expected.\n\n* WHERE...Coastal Waters from Eastport, ME to Schoodic Point, ME\nout 25 NM and Coastal Waters from Schoodic Point, ME to\nStonington, ME out 25 NM.\n\n* WHEN...From 11 PM this evening to 9 AM EDT Wednesday.\n\n* IMPACTS...Conditions will be hazardous to small craft.", "areaDesc": "Coastal Waters from Eastport, ME to Schoodic Point, ME out 25 NM; Coastal Waters from Schoodic Point, ME to Stonington, ME out 25 NM", "effective": "2026-04-07T02:28:00-04:00", "expires": "2026-04-07T10:30:00-04:00", "senderName": "NWS Caribou ME", "status": "Actual", "messageType": "Alert", "category": "Met", "source": "NOAA/NWS"}}, {"type": "Feature", "geometry": null, "properties": {"event": "Small Craft Advisory", "severity": "Minor", "certainty": "Likely", "urgency": "Expected", "headline": "Small Craft Advisory issued April 7 at 2:25AM EDT until April 8 at 2:00AM EDT by NWS Mount Holly NJ", "description": "* WHAT...Northwest winds 10 to 20 kt with gusts up to 30 kt and\nchoppy waters expected.\n\n* WHERE...Delaware Bay waters north of East Point NJ to\nSlaughter Beach DE and Delaware Bay waters south of East Point\nNJ to Slaughter Beach DE.\n\n* WHEN...From 9 AM this morning to 2 AM EDT Wednesday.\n\n* IMPACTS...Conditions will be hazardous to small craft.", "areaDesc": "Delaware Bay waters north of East Point NJ to Slaughter Beach DE; Delaware Bay waters south of East Point NJ to Slaughter Beach DE", "effective": "2026-04-07T02:25:00-04:00", "expires": "2026-04-07T17:00:00-04:00", "senderName": "NWS Mount Holly NJ", "status": "Actual", "messageType": "Alert", "category": "Met", "source": "NOAA/NWS"}}, {"type": "Feature", "geometry": null, "properties": {"event": "Small Craft Advisory", "severity": "Minor", "certainty": "Likely", "urgency": "Expected", "headline": "Small Craft Advisory issued April 7 at 2:25AM EDT until April 8 at 6:00AM EDT by NWS Mount Holly NJ", "description": "* WHAT...Northwest winds 15 to 20 kt with gusts up to 30 kt and\nseas 3 to 5 ft expected.\n\n* WHERE...Portions of Atlantic coastal waters.\n\n* WHEN...From 11 AM this morning to 6 AM EDT Wednesday.\n\n* IMPACTS...Conditions will be hazardous to small craft.", "areaDesc": "Coastal waters from Sandy Hook to Manasquan Inlet NJ out 20 nm; Coastal waters from Manasquan Inlet to Little Egg Inlet NJ out 20 nm; Coastal waters from Little Egg Inlet to Great Egg Inlet NJ out 20 nm; Coastal waters from Great Egg Inlet to Cape May NJ out 20 nm; Coastal waters from Cape May NJ to Cape Henlopen DE out 20 nm; Coastal waters from Cape Henlopen to Fenwick Island DE out 20 nm", "effective": "2026-04-07T02:25:00-04:00", "expires": "2026-04-07T17:00:00-04:00", "senderName": "NWS Mount Holly NJ", "status": "Actual", "messageType": "Alert", "category": "Met", "source": "NOAA/NWS"}}, {"type": "Feature", "geometry": null, "properties": {"event": "Small Craft Advisory", "severity": "Minor", "certainty": "Likely", "urgency": "Expected", "headline": "Small Craft Advisory issued April 7 at 1:24AM CDT until April 9 at 7:00AM CDT by NWS New Orleans LA", "description": "* WHAT...East winds 15 to 20 kt with gusts up to 25 kt expected.\n\n* WHERE...Lake Pontchartrain and Lake Maurepas, Mississippi\nSound and Lake Borgne.\n\n* WHEN...From 1 AM Wednesday to 7 AM CDT Thursday.\n\n* IMPACTS...Conditions will be hazardous to small craft.", "areaDesc": "Lake Pontchartrain and Lake Maurepas; Mississippi Sound; Lake Borgne", "effective": "2026-04-07T01:24:00-05:00", "expires": "2026-04-07T19:00:00-05:00", "senderName": "NWS New Orleans LA", "status": "Actual", "messageType": "Alert", "category": "Met", "source": "NOAA/NWS"}}, {"type": "Feature", "geometry": null, "properties": {"event": "Gale Warning", "severity": "Moderate", "certainty": "Likely", "urgency": "Expected", "headline": "Gale Warning issued April 7 at 2:21AM EDT until April 9 at 4:00AM EDT by NWS Melbourne FL", "description": "* WHAT...For the Small Craft Advisory, north winds 15 to 25 knots\nwith gusts up to 30 knots and seas 4 to 6 feet expected. For\nthe Gale Warning, northeast winds 20 to 30 knots with gusts up\nto 40 knots and seas 11 to 16 feet expected.\n\n* WHERE...Sebastian Inlet to Jupiter Inlet 0-20 nm and Sebastian\nInlet to Jupiter Inlet 20-60 nm.\n\n* WHEN...For the Small Craft Advisory, from 4 PM this afternoon\nto 8 PM EDT this evening. For the Gale Warning, from 8 PM this\nevening to 4 AM EDT Thursday.\n\n* IMPAC", "areaDesc": "Sebastian Inlet to Jupiter Inlet 0-20 nm; Sebastian Inlet to Jupiter Inlet 20-60 nm", "effective": "2026-04-07T02:21:00-04:00", "expires": "2026-04-08T14:30:00-04:00", "senderName": "NWS Melbourne FL", "status": "Actual", "messageType": "Alert", "category": "Met", "source": "NOAA/NWS"}}, {"type": "Feature", "geometry": null, "properties": {"event": "Gale Warning", "severity": "Moderate", "certainty": "Likely", "urgency": "Expected", "headline": "Gale Warning issued April 7 at 2:20AM EDT until April 9 at 6:00AM EDT by NWS Wilmington NC", "description": "* WHAT...Northeast winds 20 to 30 kt with gusts up to 40 kt and\nseas 7 to 10 ft expected.\n\n* WHERE...Southeast North Carolina and Northeast South Carolina\ncoastal waters.\n\n* WHEN...From midnight tonight to 6 AM EDT Thursday.\n\n* IMPACTS...Strong winds will cause hazardous seas which could\ncapsize or damage vessels and reduce visibility.", "areaDesc": "Coastal waters from Surf City to Cape Fear NC out 20 nm; Coastal waters from Cape Fear NC to Little River Inlet SC out 20 nm; Coastal waters from Little River Inlet to Murrells Inlet SC out 20 nm; Coastal waters from Murrells Inlet to South Santee River SC out 20 nm", "effective": "2026-04-07T02:20:00-04:00", "expires": "2026-04-07T15:00:00-04:00", "senderName": "NWS Wilmington NC", "status": "Actual", "messageType": "Alert", "category": "Met", "source": "NOAA/NWS"}}, {"type": "Feature", "geometry": null, "properties": {"event": "Freeze Warning", "severity": "Moderate", "certainty": "Likely", "urgency": "Expected", "headline": "Freeze Warning issued April 7 at 2:19AM EDT until April 8 at 9:00AM EDT by NWS Mount Holly NJ", "description": "* WHAT...Sub-freezing temperatures as low as 30 degrees expected.\n\n* WHERE...Atlantic Coastal Cape May, Coastal Atlantic, and Coastal\nOcean Counties.\n\n* WHEN...From midnight tonight to 9 AM EDT Wednesday.\n\n* IMPACTS...Frost and freeze conditions could kill crops, other\nsensitive vegetation and possibly damage unprotected outdoor\nplumbing.", "areaDesc": "Atlantic Coastal Cape May; Coastal Atlantic; Coastal Ocean", "effective": "2026-04-07T02:19:00-04:00", "expires": "2026-04-07T16:00:00-04:00", "senderName": "NWS Mount Holly NJ", "status": "Actual", "messageType": "Alert", "category": "Met", "source": "NOAA/NWS"}}, {"type": "Feature", "geometry": null, "properties": {"event": "Freeze Warning", "severity": "Moderate", "certainty": "Likely", "urgency": "Expected", "headline": "Freeze Warning issued April 7 at 2:19AM EDT until April 8 at 9:00AM EDT by NWS Mount Holly NJ", "description": "* WHAT...For the Freeze Warning, sub-freezing temperatures with lows\nbetween 25 and 30 degrees expected. For the Freeze Watch,\nsub-freezing temperatures with lows between 25 and 31 degrees and\nfrost development possible.\n\n* WHERE...Portions of northern Delaware and central and southern New\nJersey.\n\n* WHEN...For the Freeze Warning, from midnight tonight to 9 AM EDT\nWednesday. For the Freeze Watch, from Wednesday evening through\nThursday morning.\n\n* IMPACTS...Frost and freeze conditions could kill", "areaDesc": "New Castle; Western Monmouth; Eastern Monmouth; Mercer; Salem; Gloucester; Camden; Northwestern Burlington; Ocean; Cumberland; Atlantic; Cape May; Southeastern Burlington", "effective": "2026-04-07T02:19:00-04:00", "expires": "2026-04-07T16:00:00-04:00", "senderName": "NWS Mount Holly NJ", "status": "Actual", "messageType": "Alert", "category": "Met", "source": "NOAA/NWS"}}, {"type": "Feature", "geometry": null, "properties": {"event": "Freeze Warning", "severity": "Moderate", "certainty": "Likely", "urgency": "Expected", "headline": "Freeze Warning issued April 7 at 2:19AM EDT until April 8 at 9:00AM EDT by NWS Mount Holly NJ", "description": "* WHAT...For the Freeze Warning, sub-freezing temperatures with lows\nbetween 28 and 31 degrees expected. For the Freeze Watch,\nsub-freezing temperatures with lows between 29 and 31 degrees and\nfrost development possible.\n\n* WHERE...In Delaware, Kent and Inland Sussex Counties. In Maryland,\nCaroline, Kent MD, Queen Annes, and Talbot Counties.\n\n* WHEN...For the Freeze Warning, from 2 AM to 9 AM EDT Wednesday.\nFor the Freeze Watch, from Wednesday evening through Thursday\nmorning.\n\n* IMPACTS...Frost", "areaDesc": "Kent; Inland Sussex; Kent; Queen Anne's; Talbot; Caroline", "effective": "2026-04-07T02:19:00-04:00", "expires": "2026-04-07T16:00:00-04:00", "senderName": "NWS Mount Holly NJ", "status": "Actual", "messageType": "Alert", "category": "Met", "source": "NOAA/NWS"}}, {"type": "Feature", "geometry": null, "properties": {"event": "Freeze Warning", "severity": "Moderate", "certainty": "Likely", "urgency": "Expected", "headline": "Freeze Warning issued April 7 at 2:19AM EDT until April 8 at 9:00AM EDT by NWS Mount Holly NJ", "description": "* WHAT...For the Freeze Warning, sub-freezing temperatures with lows\nbetween 25 and 30 degrees expected. For the Freeze Watch,\nsub-freezing temperatures with lows between 27 and 31 degrees and\nfrost development possible.\n\n* WHERE...Berks, Delaware, Eastern Chester, Eastern Montgomery,\nLower Bucks, Philadelphia, Western Chester, and Western Montgomery\nCounties.\n\n* WHEN...For the Freeze Warning, from midnight tonight to 9 AM EDT\nWednesday. For the Freeze Watch, from Wednesday evening through\nThurs", "areaDesc": "Berks; Delaware; Philadelphia; Western Chester; Eastern Chester; Western Montgomery; Eastern Montgomery; Lower Bucks", "effective": "2026-04-07T02:19:00-04:00", "expires": "2026-04-07T16:00:00-04:00", "senderName": "NWS Mount Holly NJ", "status": "Actual", "messageType": "Alert", "category": "Met", "source": "NOAA/NWS"}}, {"type": "Feature", "geometry": null, "properties": {"event": "Freeze Watch", "severity": "Severe", "certainty": "Possible", "urgency": "Future", "headline": "Freeze Watch issued April 7 at 2:19AM EDT until April 9 at 9:00AM EDT by NWS Mount Holly NJ", "description": "* WHAT...For the Freeze Warning, sub-freezing temperatures with lows\nbetween 28 and 31 degrees expected. For the Freeze Watch,\nsub-freezing temperatures with lows between 29 and 31 degrees and\nfrost development possible.\n\n* WHERE...In Delaware, Kent and Inland Sussex Counties. In Maryland,\nCaroline, Kent MD, Queen Annes, and Talbot Counties.\n\n* WHEN...For the Freeze Warning, from 2 AM to 9 AM EDT Wednesday.\nFor the Freeze Watch, from Wednesday evening through Thursday\nmorning.\n\n* IMPACTS...Frost", "areaDesc": "Kent; Inland Sussex; Kent; Queen Anne's; Talbot; Caroline", "effective": "2026-04-07T02:19:00-04:00", "expires": "2026-04-07T16:00:00-04:00", "senderName": "NWS Mount Holly NJ", "status": "Actual", "messageType": "Alert", "category": "Met", "source": "NOAA/NWS"}}, {"type": "Feature", "geometry": null, "properties": {"event": "Freeze Watch", "severity": "Severe", "certainty": "Possible", "urgency": "Future", "headline": "Freeze Watch issued April 7 at 2:19AM EDT until April 9 at 9:00AM EDT by NWS Mount Holly NJ", "description": "* WHAT...For the Freeze Warning, sub-freezing temperatures with lows\nbetween 25 and 30 degrees expected. For the Freeze Watch,\nsub-freezing temperatures with lows between 27 and 31 degrees and\nfrost development possible.\n\n* WHERE...Berks, Delaware, Eastern Chester, Eastern Montgomery,\nLower Bucks, Philadelphia, Western Chester, and Western Montgomery\nCounties.\n\n* WHEN...For the Freeze Warning, from midnight tonight to 9 AM EDT\nWednesday. For the Freeze Watch, from Wednesday evening through\nThurs", "areaDesc": "Berks; Delaware; Philadelphia; Western Chester; Eastern Chester; Western Montgomery; Eastern Montgomery; Lower Bucks", "effective": "2026-04-07T02:19:00-04:00", "expires": "2026-04-07T16:00:00-04:00", "senderName": "NWS Mount Holly NJ", "status": "Actual", "messageType": "Alert", "category": "Met", "source": "NOAA/NWS"}}, {"type": "Feature", "geometry": null, "properties": {"event": "Freeze Watch", "severity": "Severe", "certainty": "Possible", "urgency": "Future", "headline": "Freeze Watch issued April 7 at 2:19AM EDT until April 9 at 9:00AM EDT by NWS Mount Holly NJ", "description": "* WHAT...For the Freeze Warning, sub-freezing temperatures with lows\nbetween 25 and 30 degrees expected. For the Freeze Watch,\nsub-freezing temperatures with lows between 25 and 31 degrees and\nfrost development possible.\n\n* WHERE...Portions of northern Delaware and central and southern New\nJersey.\n\n* WHEN...For the Freeze Warning, from midnight tonight to 9 AM EDT\nWednesday. For the Freeze Watch, from Wednesday evening through\nThursday morning.\n\n* IMPACTS...Frost and freeze conditions could kill", "areaDesc": "New Castle; Western Monmouth; Eastern Monmouth; Mercer; Salem; Gloucester; Camden; Northwestern Burlington; Ocean; Cumberland; Atlantic; Cape May; Southeastern Burlington", "effective": "2026-04-07T02:19:00-04:00", "expires": "2026-04-07T16:00:00-04:00", "senderName": "NWS Mount Holly NJ", "status": "Actual", "messageType": "Alert", "category": "Met", "source": "NOAA/NWS"}}, {"type": "Feature", "geometry": null, "properties": {"event": "High Surf Advisory", "severity": "Minor", "certainty": "Likely", "urgency": "Expected", "headline": "High Surf Advisory issued April 7 at 2:16AM EDT until April 9 at 8:00PM EDT by NWS Melbourne FL", "description": "* WHAT...For the High Rip Current Risk, dangerous rip currents.\nFor the High Surf Advisory, large breaking waves of 8 to 12\nfeet expected in the surf zone.\n\n* WHERE...Coastal Indian River, Mainland Southern Brevard and\nSouthern Brevard Barrier Islands Counties.\n\n* WHEN...For the High Rip Current Risk, through late Friday\nnight. For the High Surf Advisory, from 5 PM this afternoon to\n8 PM EDT Thursday.\n\n* IMPACTS...Dangerous swimming and surfing conditions and\nlocalized beach erosion. Rip current", "areaDesc": "Coastal Indian River; Mainland Southern Brevard; Southern Brevard Barrier Islands", "effective": "2026-04-07T02:16:00-04:00", "expires": "2026-04-09T20:00:00-04:00", "senderName": "NWS Melbourne FL", "status": "Actual", "messageType": "Alert", "category": "Met", "source": "NOAA/NWS"}}, {"type": "Feature", "geometry": null, "properties": {"event": "High Surf Advisory", "severity": "Minor", "certainty": "Likely", "urgency": "Expected", "headline": "High Surf Advisory issued April 7 at 2:16AM EDT until April 9 at 8:00PM EDT by NWS Melbourne FL", "description": "* WHAT...For the High Rip Current Risk, dangerous rip currents.\nFor the High Surf Advisory, large breaking waves of 9 to 12\nfeet expected in the surf zone.\n\n* WHERE...Mainland Northern Brevard and Northern Brevard Barrier\nIslands Counties.\n\n* WHEN...For the High Rip Current Risk, through late Friday\nnight. For the High Surf Advisory, from noon today to 8 PM EDT\nThursday.\n\n* IMPACTS...Dangerous swimming and surfing conditions and\nlocalized beach erosion. Rip currents can sweep even the best\nswimm", "areaDesc": "Mainland Northern Brevard; Northern Brevard Barrier Islands", "effective": "2026-04-07T02:16:00-04:00", "expires": "2026-04-09T20:00:00-04:00", "senderName": "NWS Melbourne FL", "status": "Actual", "messageType": "Alert", "category": "Met", "source": "NOAA/NWS"}}, {"type": "Feature", "geometry": null, "properties": {"event": "High Surf Advisory", "severity": "Minor", "certainty": "Likely", "urgency": "Expected", "headline": "High Surf Advisory issued April 7 at 2:16AM EDT until April 9 at 8:00PM EDT by NWS Melbourne FL", "description": "* WHAT...For the High Rip Current Risk, dangerous rip currents.\nFor the High Surf Advisory, large breaking waves of 8 to 12\nfeet expected in the surf zone.\n\n* WHERE...Coastal Saint Lucie and Coastal Martin Counties.\n\n* WHEN...For the High Rip Current Risk, through late Friday\nnight. For the High Surf Advisory, from 10 PM this evening to\n8 PM EDT Thursday.\n\n* IMPACTS...Dangerous swimming and surfing conditions and\nlocalized beach erosion. Rip currents can sweep even the best\nswimmers away from sh", "areaDesc": "Coastal St. Lucie; Coastal Martin", "effective": "2026-04-07T02:16:00-04:00", "expires": "2026-04-09T20:00:00-04:00", "senderName": "NWS Melbourne FL", "status": "Actual", "messageType": "Alert", "category": "Met", "source": "NOAA/NWS"}}, {"type": "Feature", "geometry": null, "properties": {"event": "Freeze Watch", "severity": "Severe", "certainty": "Possible", "urgency": "Future", "headline": "Freeze Watch issued April 7 at 2:12AM EDT until April 8 at 10:00AM EDT by NWS Upton NY", "description": "* WHAT...Sub-freezing temperatures as low as 31 possible.\n\n* WHERE...In New Jersey, Eastern Essex, Eastern Union, and Hudson\nCounties. In New York, Bronx, Northern Nassau, Richmond (Staten\nIsland), and Southern Nassau Counties.\n\n* WHEN...From late tonight through Wednesday morning.\n\n* IMPACTS...Frost and freeze conditions could kill sensitive\nvegetation.", "areaDesc": "Hudson; Eastern Essex; Eastern Union; Bronx; Richmond (Staten Is.); Northern Nassau; Southern Nassau", "effective": "2026-04-07T02:12:00-04:00", "expires": "2026-04-08T02:30:00-04:00", "senderName": "NWS Upton NY", "status": "Actual", "messageType": "Alert", "category": "Met", "source": "NOAA/NWS"}}, {"type": "Feature", "geometry": null, "properties": {"event": "Small Craft Advisory", "severity": "Minor", "certainty": "Likely", "urgency": "Expected", "headline": "Small Craft Advisory issued April 7 at 2:00AM EDT until April 8 at 8:00AM EDT by NWS Gray ME", "description": "* WHAT...North winds 10 to 20 kt with gusts up to 30 kt and seas\n2 to 4 ft expected.\n\n* WHERE...Coastal Waters from Stonington, ME to Port Clyde, ME\nout 25 NM, Penobscot Bay, Coastal Waters from Port Clyde, ME\nto Cape Elizabeth, ME out 25 NM, Casco Bay and Coastal Waters\nfrom Cape Elizabeth, ME to Merrimack River, MA out 25 NM.\n\n* WHEN...From 8 PM this evening to 8 AM EDT Wednesday.\n\n* IMPACTS...Conditions will be hazardous to small craft.", "areaDesc": "Coastal Waters from Stonington, ME to Port Clyde, ME out 25 NM; Penobscot Bay; Coastal Waters from Port Clyde, ME to Cape Elizabeth, ME out 25 NM; Casco Bay; Coastal Waters from Cape Elizabeth, ME to Merrimack River, MA out 25 NM", "effective": "2026-04-07T02:00:00-04:00", "expires": "2026-04-07T16:00:00-04:00", "senderName": "NWS Gray ME", "status": "Actual", "messageType": "Alert", "category": "Met", "source": "NOAA/NWS"}}, {"type": "Feature", "geometry": null, "properties": {"event": "Freeze Warning", "severity": "Moderate", "certainty": "Likely", "urgency": "Expected", "headline": "Freeze Warning issued April 7 at 2:00AM EDT until April 8 at 9:00AM EDT by NWS Wakefield VA", "description": "* WHAT...Temperatures as low as 28 to 32 expected.\n\n* WHERE...Cumberland, Eastern Louisa, Fluvanna, Goochland, Powhatan,\nWestern Hanover, Western Louisa, and Caroline Counties.\n\n* WHEN...From 2 AM to 9 AM EDT Wednesday.\n\n* IMPACTS...Frost and freeze conditions could kill crops, other\nsensitive vegetation and possibly damage unprotected outdoor\nplumbing.", "areaDesc": "Fluvanna; Cumberland; Goochland; Caroline; Powhatan; Western Louisa; Eastern Louisa; Western Hanover", "effective": "2026-04-07T02:00:00-04:00", "expires": "2026-04-07T14:00:00-04:00", "senderName": "NWS Wakefield VA", "status": "Actual", "messageType": "Alert", "category": "Met", "source": "NOAA/NWS"}}, {"type": "Feature", "geometry": null, "properties": {"event": "Freeze Warning", "severity": "Moderate", "certainty": "Likely", "urgency": "Expected", "headline": "Freeze Warning issued April 7 at 2:00AM EDT until April 8 at 9:00AM EDT by NWS Wakefield VA", "description": "* WHAT...Temperatures as low as 30 to 32 expected.\n\n* WHERE...Dorchester, Inland Worcester, Somerset, and Wicomico\nCounties.\n\n* WHEN...From 2 AM to 9 AM EDT Wednesday.\n\n* IMPACTS...Frost and freeze conditions could kill crops, other\nsensitive vegetation and possibly damage unprotected outdoor\nplumbing.", "areaDesc": "Dorchester; Wicomico; Somerset; Inland Worcester", "effective": "2026-04-07T02:00:00-04:00", "expires": "2026-04-07T14:00:00-04:00", "senderName": "NWS Wakefield VA", "status": "Actual", "messageType": "Alert", "category": "Met", "source": "NOAA/NWS"}}, {"type": "Feature", "geometry": null, "properties": {"event": "Freeze Warning", "severity": "Moderate", "certainty": "Likely", "urgency": "Expected", "headline": "Freeze Warning issued April 7 at 2:00AM EDT until April 8 at 9:00AM EDT by NWS Wakefield VA", "description": "* WHAT...Temperatures as low as 30 to 32 expected.\n\n* WHERE...Amelia and Prince Edward Counties.\n\n* WHEN...From 2 AM to 9 AM EDT Wednesday.\n\n* IMPACTS...Frost and freeze conditions could kill crops, other\nsensitive vegetation and possibly damage unprotected outdoor\nplumbing.", "areaDesc": "Prince Edward; Amelia", "effective": "2026-04-07T02:00:00-04:00", "expires": "2026-04-07T14:00:00-04:00", "senderName": "NWS Wakefield VA", "status": "Actual", "messageType": "Alert", "category": "Met", "source": "NOAA/NWS"}}, {"type": "Feature", "geometry": null, "properties": {"event": "Flood Watch", "severity": "Severe", "certainty": "Possible", "urgency": "Future", "headline": "Flood Watch issued April 7 at 1:58AM EDT until April 7 at 8:00PM EDT by NWS Melbourne FL", "description": "* WHAT...Flooding caused by excessive rainfall continues to be\npossible.\n\n* WHERE...A portion of east central Florida, including the following\ncounties, Indian River, Martin, Saint Lucie.\n\n* WHEN...Through this evening.\n\n* IMPACTS...Excessive runoff may result in flooding of rivers,\ncreeks, streams, and other low-lying and flood-prone locations.\n\n* ADDITIONAL DETAILS...\n- Slow-moving bands of rain are forecast to increase over the\nwatch area today in response to weak low pressure developing\nalon", "areaDesc": "Coastal Indian River; Coastal St. Lucie; Coastal Martin; Inland Indian River; Inland St. Lucie; Inland Martin", "effective": "2026-04-07T01:58:00-04:00", "expires": "2026-04-07T20:00:00-04:00", "senderName": "NWS Melbourne FL", "status": "Actual", "messageType": "Alert", "category": "Met", "source": "NOAA/NWS"}}, {"type": "Feature", "geometry": null, "properties": {"event": "Red Flag Warning", "severity": "Severe", "certainty": "Likely", "urgency": "Expected", "headline": "Red Flag Warning issued April 7 at 1:52AM EDT until April 7 at 8:00PM EDT by NWS Jacksonville FL", "description": "...CRITICAL FIRE WEATHER CONDITIONS POSSIBLE ACROSS INLAND\nPORTIONS OF SOUTHEAST GA ON TUESDAY...\n\nThe National Weather Service in Jacksonville has issued a Red\nFlag Warning for low humidity, strong winds and critically dry\nfuels, which is in effect from noon today to 8 PM EDT this\nevening. The Fire Weather Watch is no longer in effect.\n\n* AFFECTED AREA...In Georgia, Coffee, Jeff Davis, Bacon, Appling\nand Atkinson.\n\n* TIMING...During the afternoon hours Tuesday 12 PM to 8 PM.\n\n* WINDS...Northeas", "areaDesc": "Coffee; Jeff Davis; Bacon; Appling; Atkinson", "effective": "2026-04-07T01:52:00-04:00", "expires": "2026-04-07T20:00:00-04:00", "senderName": "NWS Jacksonville FL", "status": "Actual", "messageType": "Alert", "category": "Met", "source": "NOAA/NWS"}}, {"type": "Feature", "geometry": null, "properties": {"event": "Freeze Warning", "severity": "Moderate", "certainty": "Likely", "urgency": "Expected", "headline": "Freeze Warning issued April 7 at 1:47AM EDT until April 8 at 9:00AM EDT by NWS State College PA", "description": "* WHAT...For the Freeze Warning, sub-freezing temperatures as low as\n24 expected. For the Freeze Watch, sub-freezing temperatures as\nlow as 30 possible.\n\n* WHERE...Fulton, Huntingdon, Juniata, Mifflin, Montour,\nNorthumberland, Perry, Snyder, and Union Counties.\n\n* WHEN...For the Freeze Warning, from midnight tonight to 9 AM EDT\nWednesday. For the Freeze Watch, from late Wednesday night through\nThursday morning.\n\n* IMPACTS...Frost and freeze conditions could kill crops, other\nsensitive vegetation", "areaDesc": "Huntingdon; Mifflin; Juniata; Fulton; Union; Snyder; Montour; Northumberland; Perry", "effective": "2026-04-07T01:47:00-04:00", "expires": "2026-04-07T16:00:00-04:00", "senderName": "NWS State College PA", "status": "Actual", "messageType": "Alert", "category": "Met", "source": "NOAA/NWS"}}, {"type": "Feature", "geometry": null, "properties": {"event": "Freeze Watch", "severity": "Severe", "certainty": "Possible", "urgency": "Future", "headline": "Freeze Watch issued April 7 at 1:47AM EDT until April 9 at 9:00AM EDT by NWS State College PA", "description": "* WHAT...For the Freeze Warning, sub-freezing temperatures as low as\n24 expected. For the Freeze Watch, sub-freezing temperatures as\nlow as 30 possible.\n\n* WHERE...Fulton, Huntingdon, Juniata, Mifflin, Montour,\nNorthumberland, Perry, Snyder, and Union Counties.\n\n* WHEN...For the Freeze Warning, from midnight tonight to 9 AM EDT\nWednesday. For the Freeze Watch, from late Wednesday night through\nThursday morning.\n\n* IMPACTS...Frost and freeze conditions could kill crops, other\nsensitive vegetation", "areaDesc": "Huntingdon; Mifflin; Juniata; Fulton; Union; Snyder; Montour; Northumberland; Perry", "effective": "2026-04-07T01:47:00-04:00", "expires": "2026-04-07T16:00:00-04:00", "senderName": "NWS State College PA", "status": "Actual", "messageType": "Alert", "category": "Met", "source": "NOAA/NWS"}}, {"type": "Feature", "geometry": null, "properties": {"event": "Freeze Warning", "severity": "Moderate", "certainty": "Likely", "urgency": "Expected", "headline": "Freeze Warning issued April 7 at 1:47AM EDT until April 8 at 9:00AM EDT by NWS State College PA", "description": "* WHAT...For the Freeze Warning, sub-freezing temperatures as low as\n25 expected. For the Freeze Watch, sub-freezing temperatures as\nlow as 30 possible.\n\n* WHERE...Adams, Cumberland, Dauphin, Franklin, Lancaster, Lebanon,\nand York Counties.\n\n* WHEN...For the Freeze Warning, from midnight tonight to 9 AM EDT\nWednesday. For the Freeze Watch, from late Wednesday night through\nThursday morning.\n\n* IMPACTS...Frost and freeze conditions could kill crops, other\nsensitive vegetation and possibly damage ", "areaDesc": "Franklin; Dauphin; Lebanon; Cumberland; Adams; York; Lancaster", "effective": "2026-04-07T01:47:00-04:00", "expires": "2026-04-07T16:00:00-04:00", "senderName": "NWS State College PA", "status": "Actual", "messageType": "Alert", "category": "Met", "source": "NOAA/NWS"}}, {"type": "Feature", "geometry": null, "properties": {"event": "Freeze Watch", "severity": "Severe", "certainty": "Possible", "urgency": "Future", "headline": "Freeze Watch issued April 7 at 1:47AM EDT until April 9 at 9:00AM EDT by NWS State College PA", "description": "* WHAT...For the Freeze Warning, sub-freezing temperatures as low as\n25 expected. For the Freeze Watch, sub-freezing temperatures as\nlow as 30 possible.\n\n* WHERE...Adams, Cumberland, Dauphin, Franklin, Lancaster, Lebanon,\nand York Counties.\n\n* WHEN...For the Freeze Warning, from midnight tonight to 9 AM EDT\nWednesday. For the Freeze Watch, from late Wednesday night through\nThursday morning.\n\n* IMPACTS...Frost and freeze conditions could kill crops, other\nsensitive vegetation and possibly damage ", "areaDesc": "Franklin; Dauphin; Lebanon; Cumberland; Adams; York; Lancaster", "effective": "2026-04-07T01:47:00-04:00", "expires": "2026-04-07T16:00:00-04:00", "senderName": "NWS State College PA", "status": "Actual", "messageType": "Alert", "category": "Met", "source": "NOAA/NWS"}}, {"type": "Feature", "geometry": null, "properties": {"event": "Gale Warning", "severity": "Moderate", "certainty": "Likely", "urgency": "Expected", "headline": "Gale Warning issued April 7 at 1:27AM EDT until April 9 at 12:00AM EDT by NWS Newport/Morehead City NC", "description": "* WHAT...Northeast winds 20 to 30 kt with gusts up to 40 kt and\nseas 7 to 10 ft expected.\n\n* WHERE...The coastal waters from Ocracoke Inlet to Surf City.\n\n* WHEN...From 7 PM this evening to midnight EDT Wednesday night.\n\n* IMPACTS...Strong winds will cause hazardous seas which could\ncapsize or damage vessels and reduce visibility.", "areaDesc": "S of Ocracoke Inlet NC to Cape Lookout NC out to 20 nm; S of Cape Lookout NC to Surf City NC out to 20 nm", "effective": "2026-04-07T01:27:00-04:00", "expires": "2026-04-07T13:30:00-04:00", "senderName": "NWS Newport/Morehead City NC", "status": "Actual", "messageType": "Alert", "category": "Met", "source": "NOAA/NWS"}}, {"type": "Feature", "geometry": null, "properties": {"event": "Small Craft Advisory", "severity": "Minor", "certainty": "Likely", "urgency": "Expected", "headline": "Small Craft Advisory issued April 7 at 1:27AM EDT until April 9 at 2:00PM EDT by NWS Newport/Morehead City NC", "description": "* WHAT...Northeast winds 15 to 25 kt with gusts up to 30 kt and\nrough waters expected.\n\n* WHERE...Neuse and Bay Rivers.\n\n* WHEN...From 7 PM this evening to 2 PM EDT Thursday.\n\n* IMPACTS...Conditions will be hazardous to small craft.", "areaDesc": "Neuse and Bay Rivers", "effective": "2026-04-07T01:27:00-04:00", "expires": "2026-04-07T13:30:00-04:00", "senderName": "NWS Newport/Morehead City NC", "status": "Actual", "messageType": "Alert", "category": "Met", "source": "NOAA/NWS"}}, {"type": "Feature", "geometry": null, "properties": {"event": "Gale Warning", "severity": "Moderate", "certainty": "Likely", "urgency": "Expected", "headline": "Gale Warning issued April 7 at 1:27AM EDT until April 8 at 4:00PM EDT by NWS Newport/Morehead City NC", "description": "* WHAT...Northeast winds 25 to 30 kt with gusts up to 40 kt and\nseas 7 to 10 ft expected.\n\n* WHERE...The coastal waters from Oregon Inlet to Ocracoke Inlet.\n\n* WHEN...From 7 PM this evening to 4 PM EDT Wednesday.\n\n* IMPACTS...Strong winds will cause hazardous seas which could\ncapsize or damage vessels and reduce visibility.", "areaDesc": "S of Oregon Inlet NC to Cape Hatteras NC out to 20 nm; S of Cape Hatteras NC to Ocracoke Inlet NC out to 20 nm", "effective": "2026-04-07T01:27:00-04:00", "expires": "2026-04-07T13:30:00-04:00", "senderName": "NWS Newport/Morehead City NC", "status": "Actual", "messageType": "Alert", "category": "Met", "source": "NOAA/NWS"}}, {"type": "Feature", "geometry": null, "properties": {"event": "Gale Warning", "severity": "Moderate", "certainty": "Likely", "urgency": "Expected", "headline": "Gale Warning issued April 7 at 1:27AM EDT until April 8 at 3:00PM EDT by NWS Newport/Morehead City NC", "description": "* WHAT...Northeast winds 20 to 30 kt with gusts up to 35 kt and\nvery rough waters expected.\n\n* WHERE...Pamlico Sound.\n\n* WHEN...From 9 PM this evening to 3 PM EDT Wednesday.\n\n* IMPACTS...Strong winds will cause hazardous seas which could\ncapsize or damage vessels and reduce visibility.", "areaDesc": "Pamlico Sound", "effective": "2026-04-07T01:27:00-04:00", "expires": "2026-04-07T13:30:00-04:00", "senderName": "NWS Newport/Morehead City NC", "status": "Actual", "messageType": "Alert", "category": "Met", "source": "NOAA/NWS"}}, {"type": "Feature", "geometry": null, "properties": {"event": "Gale Watch", "severity": "Minor", "certainty": "Observed", "urgency": "Past", "headline": "The Gale Watch has been cancelled.", "description": "The Gale Watch has been cancelled and is no longer in effect.", "areaDesc": "Coastal waters from Okaloosa-Walton County Line to Mexico Beach out 20 NM", "effective": "2026-04-07T01:24:00-04:00", "expires": "2026-04-07T01:39:31-04:00", "senderName": "NWS Tallahassee FL", "status": "Actual", "messageType": "Alert", "category": "Met", "source": "NOAA/NWS"}}, {"type": "Feature", "geometry": null, "properties": {"event": "Gale Watch", "severity": "Moderate", "certainty": "Observed", "urgency": "Past", "headline": "The Gale Watch has been replaced. Please see the latest information from NWS Tallahassee FL on this developing situation.", "description": "The Gale Watch has been replaced. Please see the latest information from NWS Tallahassee FL on this developing situation.", "areaDesc": "Apalachee Bay or Coastal Waters From Keaton Beach to Ochlockonee River Fl out to 20 Nm; Coastal Waters from Mexico Beach to Apalachicola out 20 NM; Coastal Waters From  Ochlockonee River to Apalachicola FL out to 20 Nm; Coastal waters from  Suwannee River to Keaton Beach out 20 NM; Waters from Okaloosa-Walton County Line to Mexico Beach from 20 to 60 NM; Waters from Mexico Beach to Apalachicola FL from 20 to 60 NM; Waters from Suwannee River to Apalachicola FL from 20 to 60 NM", "effective": "2026-04-07T01:24:00-04:00", "expires": "2026-04-07T01:39:31-04:00", "senderName": "NWS Tallahassee FL", "status": "Actual", "messageType": "Alert", "category": "Met", "source": "NOAA/NWS"}}, {"type": "Feature", "geometry": null, "properties": {"event": "Fire Weather Watch", "severity": "Minor", "certainty": "Observed", "urgency": "Past", "headline": "The Fire Weather Watch has been cancelled.", "description": "The Fire Weather Watch has been cancelled and is no longer in effect.", "areaDesc": "Inland Wakulla; Lowndes; Lanier", "effective": "2026-04-07T01:12:00-04:00", "expires": "2026-04-07T01:27:42-04:00", "senderName": "NWS Tallahassee FL", "status": "Actual", "messageType": "Alert", "category": "Met", "source": "NOAA/NWS"}}, {"type": "Feature", "geometry": null, "properties": {"event": "Fire Weather Watch", "severity": "Severe", "certainty": "Observed", "urgency": "Past", "headline": "The Fire Weather Watch has been replaced. Please see the latest information from NWS Tallahassee FL on this developing situation.", "description": "The Fire Weather Watch has been replaced. Please see the latest information from NWS Tallahassee FL on this developing situation.", "areaDesc": "Central Walton; Holmes; Washington; Jackson; Inland Bay; Calhoun; Inland Gulf; Gadsden; Leon; Coastal Bay; Northern Liberty; Southern Liberty; Dougherty; Worth; Turner; Tift; Ben Hill; Irwin; Miller; Baker; Mitchell; Colquitt; Cook; Berrien; Seminole; Decatur; Grady; Thomas; Brooks", "effective": "2026-04-07T01:12:00-04:00", "expires": "2026-04-07T01:27:42-04:00", "senderName": "NWS Tallahassee FL", "status": "Actual", "messageType": "Alert", "category": "Met", "source": "NOAA/NWS"}}, {"type": "Feature", "geometry": null, "properties": {"event": "Rip Current Statement", "severity": "Moderate", "certainty": "Likely", "urgency": "Expected", "headline": "Rip Current Statement issued April 7 at 1:02AM EDT until April 10 at 5:00AM EDT by NWS Tallahassee FL", "description": "* WHAT...Dangerous rip currents expected.\n\n* WHERE...Franklin County Beaches.\n\n* WHEN...From 7 AM EDT this morning through late Thursday night.\n\n* IMPACTS...Rip currents can sweep even the best swimmers away\nfrom shore into deeper water.", "areaDesc": "Coastal Franklin", "effective": "2026-04-07T01:02:00-04:00", "expires": "2026-04-08T05:00:00-04:00", "senderName": "NWS Tallahassee FL", "status": "Actual", "messageType": "Alert", "category": "Met", "source": "NOAA/NWS"}}, {"type": "Feature", "geometry": null, "properties": {"event": "Special Weather Statement", "severity": "Moderate", "certainty": "Observed", "urgency": "Expected", "headline": "Special Weather Statement issued April 6 at 8:55PM AKDT by NWS Fairbanks AK", "description": "A more active pattern brings snow and rain showers to much of the\nWest Coast and Western Interior late Monday which linger into\nWednesday. 1 to 3 inches of snow possible. Some areas may see\nperiods of mist and fog. Rain is most likely in the Lower Yukon\nand Upper Kuskokwim Valleys.\n\nA brief break is expected late Wednesday into early Thursday\nahead of another round of showery weather late Thursday into the\nweekend.", "areaDesc": "Southern Seward Peninsula Coast; Interior Seward Peninsula; Eastern Norton Sound and Nulato Hills; Yukon Delta Coast; Lower Yukon River; Lower Koyukuk Valley; Middle Yukon Valley; Lower Yukon and Innoko Valleys; Upper Kuskokwim Valley", "effective": "2026-04-06T20:55:00-08:00", "expires": "2026-04-07T22:00:00-08:00", "senderName": "NWS Fairbanks AK", "status": "Actual", "messageType": "Alert", "category": "Met", "source": "NOAA/NWS"}}, {"type": "Feature", "geometry": null, "properties": {"event": "Wind Advisory", "severity": "Moderate", "certainty": "Likely", "urgency": "Expected", "headline": "Wind Advisory issued April 7 at 12:53AM EDT until April 7 at 8:00PM EDT by NWS Jacksonville FL", "description": "* WHAT...Northeast winds 20 to 30 mph with gusts up to 40 to 45 mph\nexpected.\n\n* WHERE...Eastern Clay, Eastern Putnam, Inland Flagler, Northern\nInland St. Johns, South Central Duval, Southern Inland St. Johns,\nand Western St. Johns Counties.\n\n* WHEN...From 6 AM this morning to 8 PM EDT this evening.\n\n* IMPACTS...Gusty winds will blow around unsecured objects. Tree\nlimbs could be blown down and a few power outages may result.", "areaDesc": "Inland Flagler; Eastern Clay; Eastern Putnam; South Central Duval; Northern Inland St. Johns; Southern Inland St. Johns; Western St. Johns", "effective": "2026-04-07T00:53:00-04:00", "expires": "2026-04-07T17:00:00-04:00", "senderName": "NWS Jacksonville FL", "status": "Actual", "messageType": "Alert", "category": "Met", "source": "NOAA/NWS"}}, {"type": "Feature", "geometry": null, "properties": {"event": "Small Craft Advisory", "severity": "Minor", "certainty": "Likely", "urgency": "Expected", "headline": "Small Craft Advisory issued April 6 at 11:22PM CDT until April 9 at 7:00AM CDT by NWS Lake Charles LA", "description": "* WHAT...Seas 3 to 5 ft expected..\n\n* WHERE...Coastal waters from Lower Atchafalaya River to\nIntracoastal City LA out 20 NM.\n\n* WHEN...From 7 AM Wednesday to 7 AM CDT Thursday.\n\n* IMPACTS...Conditions will be hazardous to small craft.\n\n* ADDITIONAL DETAILS...A prolonged period of moderate easterly\nwinds will build seas and keep them elevated through the\nmidweek.", "areaDesc": "Coastal waters from Lower Atchafalaya River to Intracoastal City LA out 20 NM", "effective": "2026-04-06T23:22:00-05:00", "expires": "2026-04-07T13:00:00-05:00", "senderName": "NWS Lake Charles LA", "status": "Actual", "messageType": "Alert", "category": "Met", "source": "NOAA/NWS"}}, {"type": "Feature", "geometry": null, "properties": {"event": "Small Craft Advisory", "severity": "Minor", "certainty": "Likely", "urgency": "Expected", "headline": "Small Craft Advisory issued April 7 at 12:19AM EDT until April 9 at 8:00AM EDT by NWS Miami FL", "description": "* WHAT...Northeast winds 15 to 25 kt with gusts up to 30 kt and\nrough lake waters expected.\n\n* WHERE...Lake Okeechobee.\n\n* WHEN...From 8 PM Tuesday to 8 AM EDT Thursday.\n\n* IMPACTS...Conditions will be hazardous to small craft.", "areaDesc": "Lake Okeechobee", "effective": "2026-04-07T00:19:00-04:00", "expires": "2026-04-07T16:00:00-04:00", "senderName": "NWS Miami FL", "status": "Actual", "messageType": "Alert", "category": "Met", "source": "NOAA/NWS"}}, {"type": "Feature", "geometry": null, "properties": {"event": "Small Craft Advisory", "severity": "Minor", "certainty": "Likely", "urgency": "Expected", "headline": "Small Craft Advisory issued April 7 at 12:19AM EDT until April 9 at 8:00AM EDT by NWS Miami FL", "description": "* WHAT...Northeast winds 20 to 25 kt with gusts up to 30 kt and\nseas 2 to 5 ft expected.\n\n* WHERE...Coastal waters from Chokoloskee to Bonita Beach FL out\n20 NM, Coastal waters from East Cape Sable to Chokoloskee FL\nout 20 NM and Waters from Chokoloskee to Bonita Beach FL from\n20 to 60 NM.\n\n* WHEN...From 8 PM Tuesday to 8 AM EDT Thursday.\n\n* IMPACTS...Conditions will be hazardous to small craft.", "areaDesc": "Coastal waters from Chokoloskee to Bonita Beach FL out 20 NM; Coastal waters from East Cape Sable to Chokoloskee FL out 20 NM; Waters from Chokoloskee to Bonita Beach FL from 20 to 60 NM", "effective": "2026-04-07T00:19:00-04:00", "expires": "2026-04-07T16:00:00-04:00", "senderName": "NWS Miami FL", "status": "Actual", "messageType": "Alert", "category": "Met", "source": "NOAA/NWS"}}, {"type": "Feature", "geometry": null, "properties": {"event": "Small Craft Advisory", "severity": "Minor", "certainty": "Likely", "urgency": "Expected", "headline": "Small Craft Advisory issued April 7 at 2:12PM ChST until April 8 at 3:00PM ChST by NWS Tiyan GU", "description": "* WHAT...Southeast winds 10 to 20 with gusts to 25 kt. Seas 8 to 10\nfeet.\n\n* WHERE...Pohnpei Coastal Waters.\n\n* WHEN...Until 3 PM ChST Wednesday.\n\n* IMPACTS...Conditions will be hazardous to small craft.\n\n* ADDITIONAL DETAILS...The combination of a trade surge north of the\narea and a developing system along the Near-Equatorial Trough south\nand west of the region will generate hazardous seas to small craft\nthrough Wednesday afternoon.", "areaDesc": "Pohnpei Coastal Waters", "effective": "2026-04-07T14:12:00+10:00", "expires": "2026-04-08T04:15:00+10:00", "senderName": "NWS Tiyan GU", "status": "Actual", "messageType": "Alert", "category": "Met", "source": "NOAA/NWS"}}, {"type": "Feature", "geometry": null, "properties": {"event": "Flood Watch", "severity": "Severe", "certainty": "Possible", "urgency": "Future", "headline": "Flood Watch issued April 6 at 11:50PM EDT until April 7 at 10:00PM EDT by NWS Miami FL", "description": "* WHAT...Flooding caused by excessive rainfall is possible.\n\n* WHERE...A portion of southeast Florida, including the following\nareas, Coastal Broward County, Coastal Miami Dade County, Coastal\nPalm Beach County, Metro Broward County, Metro Palm Beach County\nand Metropolitan Miami Dade.\n\n* WHEN...Through Tuesday evening.\n\n* IMPACTS...Excessive runoff may result in flooding of urban and\npoor drainage locations.\n\n* ADDITIONAL DETAILS...\n- Multiple rounds of heavy rainfall is expected today. Area-\nw", "areaDesc": "Metro Palm Beach County; Metro Broward County; Metropolitan Miami Dade; Coastal Palm Beach County; Coastal Broward County; Coastal Miami Dade County", "effective": "2026-04-06T23:50:00-04:00", "expires": "2026-04-07T22:00:00-04:00", "senderName": "NWS Miami FL", "status": "Actual", "messageType": "Alert", "category": "Met", "source": "NOAA/NWS"}}, {"type": "Feature", "geometry": null, "properties": {"event": "Small Craft Advisory", "severity": "Minor", "certainty": "Likely", "urgency": "Expected", "headline": "Small Craft Advisory issued April 6 at 6:46PM AKDT until April 7 at 5:00PM AKDT by NWS Juneau AK", "description": "Southeast Alaska Coastal Waters from Dixon Entrance to\nCape Suckling out 100 NM\n\nWind forecasts reflect the predominant speed and direction\nexpected. Seas forecasts represent the average of the highest\none-third of the combined windwave and swell height.\n\n.TONIGHT...W wind 25 kt diminishing to 20 kt late. Seas 12 ft.\n.TUE...W wind 15 kt. Seas 7 ft.\n.TUE NIGHT...SW wind 15 kt. Seas 7 ft.\n.WED...SW wind 15 kt. Seas 9 ft.\n.WED NIGHT...SW wind 15 kt. Seas 8 ft. W swell. Rain.\n.THU...SW wind 15 kt. S", "areaDesc": "Cape Edgecumbe to Cape Spencer from 15 to 80 NM", "effective": "2026-04-06T18:46:00-08:00", "expires": "2026-04-07T13:00:00-08:00", "senderName": "NWS Juneau AK", "status": "Actual", "messageType": "Alert", "category": "Met", "source": "NOAA/NWS"}}, {"type": "Feature", "geometry": null, "properties": {"event": "Small Craft Advisory", "severity": "Minor", "certainty": "Likely", "urgency": "Expected", "headline": "Small Craft Advisory issued April 6 at 6:46PM AKDT until April 7 at 5:00PM AKDT by NWS Juneau AK", "description": "Southeast Alaska Coastal Waters from Dixon Entrance to\nCape Suckling out 100 NM\n\nWind forecasts reflect the predominant speed and direction\nexpected. Seas forecasts represent the average of the highest\none-third of the combined windwave and swell height.\n\n.TONIGHT...W wind 25 kt diminishing to 20 kt late. Seas 11 ft.\n.TUE...W wind 20 kt diminishing to 15 kt in the afternoon.\nSeas 7 ft.\n.TUE NIGHT...SW wind 10 kt increasing to 15 kt late. Seas\n7 ft.\n.WED...SW wind 15 kt. Seas 9 ft.\n.WED NIGHT...S", "areaDesc": "Cape Spencer to Cape Fairweather from 15 to 85 NM", "effective": "2026-04-06T18:46:00-08:00", "expires": "2026-04-07T13:00:00-08:00", "senderName": "NWS Juneau AK", "status": "Actual", "messageType": "Alert", "category": "Met", "source": "NOAA/NWS"}}, {"type": "Feature", "geometry": null, "properties": {"event": "Small Craft Advisory", "severity": "Minor", "certainty": "Likely", "urgency": "Expected", "headline": "Small Craft Advisory issued April 6 at 4:06PM AKDT until April 7 at 5:00PM AKDT by NWS Juneau AK", "description": "Southeast Alaska Coastal Waters from Dixon Entrance to\nCape Suckling out 100 NM\n\nWind forecasts reflect the predominant speed and direction\nexpected. Seas forecasts represent the average of the highest\none-third of the combined windwave and swell height.\n\n.TONIGHT...W wind 25 kt diminishing to 20 kt late. Seas 12 ft.\n.TUE...W wind 15 kt. Seas 7 ft.\n.TUE NIGHT...SW wind 15 kt. Seas 7 ft.\n.WED...SW wind 15 kt. Seas 9 ft.\n.WED NIGHT...SW wind 15 kt. Seas 8 ft. W swell. Rain.\n.THU...SW wind 15 kt. S", "areaDesc": "Cape Edgecumbe to Cape Spencer from 15 to 80 NM", "effective": "2026-04-06T16:06:00-08:00", "expires": "2026-04-07T10:15:00-08:00", "senderName": "NWS Juneau AK", "status": "Actual", "messageType": "Alert", "category": "Met", "source": "NOAA/NWS"}}, {"type": "Feature", "geometry": null, "properties": {"event": "Small Craft Advisory", "severity": "Minor", "certainty": "Likely", "urgency": "Expected", "headline": "Small Craft Advisory issued April 6 at 4:06PM AKDT until April 7 at 5:00PM AKDT by NWS Juneau AK", "description": "Southeast Alaska Coastal Waters from Dixon Entrance to\nCape Suckling out 100 NM\n\nWind forecasts reflect the predominant speed and direction\nexpected. Seas forecasts represent the average of the highest\none-third of the combined windwave and swell height.\n\n.TONIGHT...NW wind 25 kt. Seas 15 ft.\n.TUE...NW wind 20 kt diminishing to 15 kt in the afternoon.\nSeas 9 ft.\n.TUE NIGHT...NW wind 15 kt. Seas 7 ft.\n.WED...W wind 15 kt. Seas 7 ft. W swell.\n.WED NIGHT...W wind 15 kt. Seas 7 ft. W swell.\n.THU...W", "areaDesc": "Dixon Entrance to Cape Decision out to 15 NM", "effective": "2026-04-06T16:06:00-08:00", "expires": "2026-04-07T10:15:00-08:00", "senderName": "NWS Juneau AK", "status": "Actual", "messageType": "Alert", "category": "Met", "source": "NOAA/NWS"}}, {"type": "Feature", "geometry": null, "properties": {"event": "Small Craft Advisory", "severity": "Minor", "certainty": "Likely", "urgency": "Expected", "headline": "Small Craft Advisory issued April 6 at 4:06PM AKDT until April 7 at 5:00PM AKDT by NWS Juneau AK", "description": "Southeast Alaska Coastal Waters from Dixon Entrance to\nCape Suckling out 100 NM\n\nWind forecasts reflect the predominant speed and direction\nexpected. Seas forecasts represent the average of the highest\none-third of the combined windwave and swell height.\n\n.TONIGHT...NW wind 30 kt. Seas 13 ft.\n.TUE...NW wind 25 kt diminishing to 20 kt in the afternoon.\nSeas 8 ft.\n.TUE NIGHT...W wind 10 kt increasing to 15 kt late. Seas\n6 ft.\n.WED...W wind 10 kt. Seas 8 ft. W swell.\n.WED NIGHT...W wind 10 kt. Seas", "areaDesc": "Cape Decision to Cape Edgecumbe out to 15 NM", "effective": "2026-04-06T16:06:00-08:00", "expires": "2026-04-07T10:15:00-08:00", "senderName": "NWS Juneau AK", "status": "Actual", "messageType": "Alert", "category": "Met", "source": "NOAA/NWS"}}, {"type": "Feature", "geometry": null, "properties": {"event": "Small Craft Advisory", "severity": "Minor", "certainty": "Likely", "urgency": "Expected", "headline": "Small Craft Advisory issued April 6 at 4:06PM AKDT until April 7 at 5:00PM AKDT by NWS Juneau AK", "description": "Southeast Alaska Coastal Waters from Dixon Entrance to\nCape Suckling out 100 NM\n\nWind forecasts reflect the predominant speed and direction\nexpected. Seas forecasts represent the average of the highest\none-third of the combined windwave and swell height.\n\n.TONIGHT...NW wind 25 kt. Seas 13 ft.\n.TUE...NW wind 20 kt becoming W 15 kt in the afternoon. Seas\n8 ft.\n.TUE NIGHT...W wind 15 kt. Seas 6 ft.\n.WED...W wind 15 kt. Seas 8 ft. W swell.\n.WED NIGHT...W wind 15 kt. Seas 8 ft. W swell.\n.THU...SW win", "areaDesc": "Cape Decision to Cape Edgecumbe from 15 to 80 NM", "effective": "2026-04-06T16:06:00-08:00", "expires": "2026-04-07T10:15:00-08:00", "senderName": "NWS Juneau AK", "status": "Actual", "messageType": "Alert", "category": "Met", "source": "NOAA/NWS"}}, {"type": "Feature", "geometry": null, "properties": {"event": "Small Craft Advisory", "severity": "Minor", "certainty": "Likely", "urgency": "Expected", "headline": "Small Craft Advisory issued April 6 at 4:06PM AKDT until April 7 at 5:00PM AKDT by NWS Juneau AK", "description": "Southeast Alaska Coastal Waters from Dixon Entrance to\nCape Suckling out 100 NM\n\nWind forecasts reflect the predominant speed and direction\nexpected. Seas forecasts represent the average of the highest\none-third of the combined windwave and swell height.\n\n.TONIGHT...NW wind 25 kt. Seas 15 ft.\n.TUE...NW wind 20 kt diminishing to 15 kt in the afternoon.\nSeas 8 ft.\n.TUE NIGHT...W wind 15 kt. Seas 7 ft.\n.WED...W wind 15 kt. Seas 8 ft.\n.WED NIGHT...W wind 15 kt. Seas 8 ft.\n.THU...W wind 15 kt. Seas 6", "areaDesc": "Dixon Entrance to Cape Decision from 15 to 90 NM", "effective": "2026-04-06T16:06:00-08:00", "expires": "2026-04-07T10:15:00-08:00", "senderName": "NWS Juneau AK", "status": "Actual", "messageType": "Alert", "category": "Met", "source": "NOAA/NWS"}}, {"type": "Feature", "geometry": null, "properties": {"event": "Small Craft Advisory", "severity": "Minor", "certainty": "Likely", "urgency": "Expected", "headline": "Small Craft Advisory issued April 6 at 4:06PM AKDT until April 7 at 5:00PM AKDT by NWS Juneau AK", "description": "Southeast Alaska Coastal Waters from Dixon Entrance to\nCape Suckling out 100 NM\n\nWind forecasts reflect the predominant speed and direction\nexpected. Seas forecasts represent the average of the highest\none-third of the combined windwave and swell height.\n\n.TONIGHT...W wind 25 kt diminishing to 20 kt late. Seas 11 ft.\n.TUE...W wind 20 kt diminishing to 15 kt in the afternoon.\nSeas 7 ft.\n.TUE NIGHT...SW wind 10 kt increasing to 15 kt late. Seas\n7 ft.\n.WED...SW wind 15 kt. Seas 9 ft.\n.WED NIGHT...S", "areaDesc": "Cape Spencer to Cape Fairweather from 15 to 85 NM", "effective": "2026-04-06T16:06:00-08:00", "expires": "2026-04-07T10:15:00-08:00", "senderName": "NWS Juneau AK", "status": "Actual", "messageType": "Alert", "category": "Met", "source": "NOAA/NWS"}}, {"type": "Feature", "geometry": null, "properties": {"event": "Brisk Wind Advisory", "severity": "Minor", "certainty": "Likely", "urgency": "Expected", "headline": "Brisk Wind Advisory issued April 6 at 3:49PM AKDT until April 7 at 5:00PM AKDT by NWS Fairbanks AK", "description": "Northwestern Alaska Coastal Waters out 100 NM\n\nWind forecasts reflect the predominant speed and direction\nexpected. Sea forecasts represent the average of the highest one-\nthird of the combined wind-wave and swell height.\n\n.TONIGHT...E winds 25 kt. Blowing snow. Vsby 1 NM or less.\n.TUE...NE winds 25 kt. Blowing snow. Vsby 1 NM or less.\n.TUE NIGHT...N winds 20 kt.\n.WED...N winds 15 kt.\n.WED NIGHT...SE winds 15 kt.\n.THU...S winds 25 kt. Blowing snow. Rain. Vsby 1 NM or less.\n.THU NIGHT...S winds 2", "areaDesc": "Etolin Strait to Kwemeluk Pass from 15 to 90 NM", "effective": "2026-04-06T15:49:00-08:00", "expires": "2026-04-07T06:00:00-08:00", "senderName": "NWS Fairbanks AK", "status": "Actual", "messageType": "Alert", "category": "Met", "source": "NOAA/NWS"}}, {"type": "Feature", "geometry": null, "properties": {"event": "Brisk Wind Advisory", "severity": "Minor", "certainty": "Likely", "urgency": "Expected", "headline": "Brisk Wind Advisory issued April 6 at 3:49PM AKDT until April 7 at 5:00PM AKDT by NWS Fairbanks AK", "description": "Northwestern Alaska Coastal Waters out 100 NM\n\nWind forecasts reflect the predominant speed and direction\nexpected. Sea forecasts represent the average of the highest one-\nthird of the combined wind-wave and swell height.\n\n.TONIGHT...E winds 25 kt. Blowing snow. Vsby 1 NM or less.\n.TUE...NE winds 25 kt. Blowing snow. Vsby 1 NM or less.\n.TUE NIGHT...N winds 20 kt. Blowing snow.\n.WED...SE winds 15 kt.\n.WED NIGHT...SE winds 30 kt. Blowing snow. Vsby 1 NM or less.\n.THU...S winds 30 kt. Rain and snow", "areaDesc": "Southwest of Saint Lawrence Island from 15 to 100 NM", "effective": "2026-04-06T15:49:00-08:00", "expires": "2026-04-07T06:00:00-08:00", "senderName": "NWS Fairbanks AK", "status": "Actual", "messageType": "Alert", "category": "Met", "source": "NOAA/NWS"}}, {"type": "Feature", "geometry": null, "properties": {"event": "Gale Warning", "severity": "Moderate", "certainty": "Likely", "urgency": "Expected", "headline": "Gale Warning issued April 6 at 3:26PM AKDT until April 8 at 5:00AM AKDT by NWS Anchorage AK", "description": "Offshore Waters Forecast for the Bering Sea\n\nWind forecasts reflect the predominant speed and direction\nexpected. Sea forecasts represent an average of the highest\none-third of the combined wind wave and swell height.\n\n.TONIGHT...NW wind 15 to 30 kt. Seas 7 to 12 ft.\n.TUE...NW wind 15 to 30 kt. Seas 7 to 12 ft.\n.TUE NIGHT...N wind up to 20 kt becoming S 25 to 40 kt\nafter midnight. Seas 5 to 9 ft. Rain.\n.WED...S wind 25 to 40 kt. Seas 9 to 17 ft.\n.WED NIGHT...SW wind 25 to 35 kt. Seas 14 to 19 ft", "areaDesc": "Bering Sea Offshore  West of 180 and East of the International Date Line", "effective": "2026-04-06T15:26:00-08:00", "expires": "2026-04-07T06:15:00-08:00", "senderName": "NWS Anchorage AK", "status": "Actual", "messageType": "Alert", "category": "Met", "source": "NOAA/NWS"}}, {"type": "Feature", "geometry": null, "properties": {"event": "Small Craft Advisory", "severity": "Minor", "certainty": "Likely", "urgency": "Expected", "headline": "Small Craft Advisory issued April 6 at 3:25PM AKDT until April 8 at 5:00AM AKDT by NWS Anchorage AK", "description": "Coastal Waters Forecast for Southwest Alaska+Bristol Bay+The\nAlaska Peninsula Waters and the Aleutian Islands up to 100 nm out.\n\nWind forecasts reflect the predominant speed and direction\nexpected. Sea forecasts represent an average of the highest\none-third of the combined wind wave and swell height.\n\n.TONIGHT...S wind 30 kt. Seas 15 ft. Rain.\n.TUE...SW wind 25 kt. Seas 15 ft.\n.TUE NIGHT...S wind 25 kt. Seas 12 ft.\n.WED...SW wind 15 kt. Seas 9 ft.\n.WED NIGHT...Variable wind 10 kt. Seas 8 ft.\n.TH", "areaDesc": "Sitkinak to Castle Cape from 15 to 100 NM", "effective": "2026-04-06T15:25:00-08:00", "expires": "2026-04-07T04:15:00-08:00", "senderName": "NWS Anchorage AK", "status": "Actual", "messageType": "Alert", "category": "Met", "source": "NOAA/NWS"}}, {"type": "Feature", "geometry": null, "properties": {"event": "Gale Warning", "severity": "Moderate", "certainty": "Likely", "urgency": "Expected", "headline": "Gale Warning issued April 6 at 3:25PM AKDT until April 8 at 5:00AM AKDT by NWS Anchorage AK", "description": "Coastal Waters Forecast for Southwest Alaska+Bristol Bay+The\nAlaska Peninsula Waters and the Aleutian Islands up to 100 nm out.\n\nWind forecasts reflect the predominant speed and direction\nexpected. Sea forecasts represent an average of the highest\none-third of the combined wind wave and swell height.\n\n.TONIGHT...NW wind 30 kt. Seas 12 ft.\n.TUE...NW wind 30 kt. Seas 12 ft.\n.TUE NIGHT...S wind 30 kt increasing to 45 kt after midnight.\nSeas 8 ft building to 13 ft after midnight. Rain.\n.WED...S wind", "areaDesc": "Kiska to Attu Bering Side", "effective": "2026-04-06T15:25:00-08:00", "expires": "2026-04-07T04:15:00-08:00", "senderName": "NWS Anchorage AK", "status": "Actual", "messageType": "Alert", "category": "Met", "source": "NOAA/NWS"}}, {"type": "Feature", "geometry": null, "properties": {"event": "Small Craft Advisory", "severity": "Minor", "certainty": "Likely", "urgency": "Expected", "headline": "Small Craft Advisory issued April 6 at 3:25PM AKDT until April 8 at 5:00AM AKDT by NWS Anchorage AK", "description": "Coastal Waters Forecast for Southwest Alaska+Bristol Bay+The\nAlaska Peninsula Waters and the Aleutian Islands up to 100 nm out.\n\nWind forecasts reflect the predominant speed and direction\nexpected. Sea forecasts represent an average of the highest\none-third of the combined wind wave and swell height.\n\n.TONIGHT...SW wind 25 kt. Seas 12 ft. Rain.\n.TUE...W wind 25 kt. Seas 11 ft.\n.TUE NIGHT...NW wind 20 kt. Seas 10 ft.\n.WED...NW wind 20 kt. Seas 8 ft.\n.WED NIGHT...SW wind 20 kt. Seas 7 ft.\n.THU...S", "areaDesc": "Nikolski to Seguam Pacific Side from 15 to 75 NM", "effective": "2026-04-06T15:25:00-08:00", "expires": "2026-04-07T04:15:00-08:00", "senderName": "NWS Anchorage AK", "status": "Actual", "messageType": "Alert", "category": "Met", "source": "NOAA/NWS"}}, {"type": "Feature", "geometry": null, "properties": {"event": "Small Craft Advisory", "severity": "Minor", "certainty": "Likely", "urgency": "Expected", "headline": "Small Craft Advisory issued April 6 at 3:25PM AKDT until April 8 at 5:00AM AKDT by NWS Anchorage AK", "description": "Coastal Waters Forecast for Southwest Alaska+Bristol Bay+The\nAlaska Peninsula Waters and the Aleutian Islands up to 100 nm out.\n\nWind forecasts reflect the predominant speed and direction\nexpected. Sea forecasts represent an average of the highest\none-third of the combined wind wave and swell height.\n\n.TONIGHT...SW wind 25 kt. Seas 10 ft. Rain.\n.TUE...SW wind 25 kt. Seas 10 ft.\n.TUE NIGHT...W wind 20 kt. Seas 9 ft.\n.WED...NW wind 20 kt. Seas 7 ft.\n.WED NIGHT...W wind 15 kt. Seas 5 ft.\n.THU...SW ", "areaDesc": "Cape Sarichef to Nikoski Pacific Side out to 15 NM", "effective": "2026-04-06T15:25:00-08:00", "expires": "2026-04-07T04:15:00-08:00", "senderName": "NWS Anchorage AK", "status": "Actual", "messageType": "Alert", "category": "Met", "source": "NOAA/NWS"}}, {"type": "Feature", "geometry": null, "properties": {"event": "Gale Warning", "severity": "Moderate", "certainty": "Likely", "urgency": "Expected", "headline": "Gale Warning issued April 6 at 3:25PM AKDT until April 8 at 5:00AM AKDT by NWS Anchorage AK", "description": "Coastal Waters Forecast for Southwest Alaska+Bristol Bay+The\nAlaska Peninsula Waters and the Aleutian Islands up to 100 nm out.\n\nWind forecasts reflect the predominant speed and direction\nexpected. Sea forecasts represent an average of the highest\none-third of the combined wind wave and swell height.\n\n.TONIGHT...NW wind 30 kt. Seas 14 ft.\n.TUE...NW wind 30 kt becoming W 20 kt in the afternoon.\nSeas 12 ft.\n.TUE NIGHT...S wind 35 kt increasing to 45 kt after midnight.\nSeas 9 ft building to 15 ft a", "areaDesc": "Kiska to Attu Pacific Side", "effective": "2026-04-06T15:25:00-08:00", "expires": "2026-04-07T04:15:00-08:00", "senderName": "NWS Anchorage AK", "status": "Actual", "messageType": "Alert", "category": "Met", "source": "NOAA/NWS"}}, {"type": "Feature", "geometry": null, "properties": {"event": "Small Craft Advisory", "severity": "Minor", "certainty": "Likely", "urgency": "Expected", "headline": "Small Craft Advisory issued April 6 at 3:25PM AKDT until April 8 at 5:00AM AKDT by NWS Anchorage AK", "description": "Coastal Waters Forecast for Southwest Alaska+Bristol Bay+The\nAlaska Peninsula Waters and the Aleutian Islands up to 100 nm out.\n\nWind forecasts reflect the predominant speed and direction\nexpected. Sea forecasts represent an average of the highest\none-third of the combined wind wave and swell height.\n\n.TONIGHT...SW wind 30 kt. Seas 12 ft. Rain.\n.TUE...SW wind 25 kt. Seas 12 ft.\n.TUE NIGHT...W wind 20 kt. Seas 10 ft.\n.WED AND WED NIGHT...NW wind 15 kt. Seas 7 ft.\n.THU...SW wind 20 kt. Seas 7 ft.\n", "areaDesc": "Cape Sarichef to Nikoski Pacific Side from 15 to 85 NM", "effective": "2026-04-06T15:25:00-08:00", "expires": "2026-04-07T04:15:00-08:00", "senderName": "NWS Anchorage AK", "status": "Actual", "messageType": "Alert", "category": "Met", "source": "NOAA/NWS"}}, {"type": "Feature", "geometry": null, "properties": {"event": "Small Craft Advisory", "severity": "Minor", "certainty": "Likely", "urgency": "Expected", "headline": "Small Craft Advisory issued April 6 at 3:25PM AKDT until April 8 at 5:00AM AKDT by NWS Anchorage AK", "description": "Coastal Waters Forecast for Southwest Alaska+Bristol Bay+The\nAlaska Peninsula Waters and the Aleutian Islands up to 100 nm out.\n\nWind forecasts reflect the predominant speed and direction\nexpected. Sea forecasts represent an average of the highest\none-third of the combined wind wave and swell height.\n\n.TONIGHT...W wind 30 kt. Seas 10 ft.\n.TUE...NW wind 30 kt. Seas 10 ft.\n.TUE NIGHT...NW wind 20 kt. Seas 9 ft.\n.WED...S wind 35 kt. Seas 12 ft.\n.WED NIGHT...SW wind 30 kt. Seas 13 ft.\n.THU THROUGH S", "areaDesc": "Adak to Kiska Bering Side", "effective": "2026-04-06T15:25:00-08:00", "expires": "2026-04-07T04:15:00-08:00", "senderName": "NWS Anchorage AK", "status": "Actual", "messageType": "Alert", "category": "Met", "source": "NOAA/NWS"}}, {"type": "Feature", "geometry": null, "properties": {"event": "Small Craft Advisory", "severity": "Minor", "certainty": "Likely", "urgency": "Expected", "headline": "Small Craft Advisory issued April 6 at 3:25PM AKDT until April 8 at 5:00AM AKDT by NWS Anchorage AK", "description": "Coastal Waters Forecast for Southwest Alaska+Bristol Bay+The\nAlaska Peninsula Waters and the Aleutian Islands up to 100 nm out.\n\nWind forecasts reflect the predominant speed and direction\nexpected. Sea forecasts represent an average of the highest\none-third of the combined wind wave and swell height.\n\n.TONIGHT...SW wind 20 kt. Seas 6 ft. Rain.\n.TUE...W wind 20 kt. Seas 7 ft.\n.TUE NIGHT...NW wind 20 kt. Seas 8 ft.\n.WED...NW wind 15 kt. Seas 8 ft.\n.WED NIGHT...S wind 25 kt. Seas 6 ft.\n.THU...SW wi", "areaDesc": "Nikolski to Seguam Bering Side from 15 to 85 NM", "effective": "2026-04-06T15:25:00-08:00", "expires": "2026-04-07T04:15:00-08:00", "senderName": "NWS Anchorage AK", "status": "Actual", "messageType": "Alert", "category": "Met", "source": "NOAA/NWS"}}, {"type": "Feature", "geometry": null, "properties": {"event": "Small Craft Advisory", "severity": "Minor", "certainty": "Likely", "urgency": "Expected", "headline": "Small Craft Advisory issued April 6 at 3:25PM AKDT until April 8 at 5:00AM AKDT by NWS Anchorage AK", "description": "Coastal Waters Forecast for Southwest Alaska+Bristol Bay+The\nAlaska Peninsula Waters and the Aleutian Islands up to 100 nm out.\n\nWind forecasts reflect the predominant speed and direction\nexpected. Sea forecasts represent an average of the highest\none-third of the combined wind wave and swell height.\n\n.TONIGHT...W wind 30 kt. Seas 14 ft.\n.TUE...NW wind 30 kt. Seas 13 ft.\n.TUE NIGHT...NW wind 20 kt. Seas 10 ft.\n.WED AND WED NIGHT...SW wind 30 kt. Seas 13 ft.\n.THU THROUGH SAT...SW wind 25 kt. Seas", "areaDesc": "Adak to Kiska Pacific Side", "effective": "2026-04-06T15:25:00-08:00", "expires": "2026-04-07T04:15:00-08:00", "senderName": "NWS Anchorage AK", "status": "Actual", "messageType": "Alert", "category": "Met", "source": "NOAA/NWS"}}, {"type": "Feature", "geometry": null, "properties": {"event": "Small Craft Advisory", "severity": "Minor", "certainty": "Likely", "urgency": "Expected", "headline": "Small Craft Advisory issued April 6 at 3:25PM AKDT until April 8 at 5:00AM AKDT by NWS Anchorage AK", "description": "Coastal Waters Forecast for Southwest Alaska+Bristol Bay+The\nAlaska Peninsula Waters and the Aleutian Islands up to 100 nm out.\n\nWind forecasts reflect the predominant speed and direction\nexpected. Sea forecasts represent an average of the highest\none-third of the combined wind wave and swell height.\n\n.TONIGHT...W wind 25 kt. Seas 6 ft. Rain.\n.TUE AND TUE NIGHT...NW wind 25 kt. Seas 9 ft.\n.WED...SW wind 25 kt. Seas 8 ft.\n.WED NIGHT...S wind 30 kt. Seas 9 ft.\n.THU...W wind 25 kt. Seas 8 ft.\n.FRI.", "areaDesc": "Seguam to Adak Bering Side from 15 to 85 NM", "effective": "2026-04-06T15:25:00-08:00", "expires": "2026-04-07T04:15:00-08:00", "senderName": "NWS Anchorage AK", "status": "Actual", "messageType": "Alert", "category": "Met", "source": "NOAA/NWS"}}, {"type": "Feature", "geometry": null, "properties": {"event": "Small Craft Advisory", "severity": "Minor", "certainty": "Likely", "urgency": "Expected", "headline": "Small Craft Advisory issued April 6 at 3:25PM AKDT until April 8 at 5:00AM AKDT by NWS Anchorage AK", "description": "Coastal Waters Forecast for Southwest Alaska+Bristol Bay+The\nAlaska Peninsula Waters and the Aleutian Islands up to 100 nm out.\n\nWind forecasts reflect the predominant speed and direction\nexpected. Sea forecasts represent an average of the highest\none-third of the combined wind wave and swell height.\n\n.TONIGHT...SW wind 25 kt. Seas 10 ft. Rain.\n.TUE...W wind 20 kt. Seas 10 ft.\n.TUE NIGHT...NW wind 20 kt. Seas 9 ft.\n.WED...NW wind 20 kt. Seas 7 ft.\n.WED NIGHT...SW wind 25 kt. Seas 5 ft.\n.THU...SW", "areaDesc": "Nikolski to Seguam Pacfic Side out to 15 NM", "effective": "2026-04-06T15:25:00-08:00", "expires": "2026-04-07T04:15:00-08:00", "senderName": "NWS Anchorage AK", "status": "Actual", "messageType": "Alert", "category": "Met", "source": "NOAA/NWS"}}, {"type": "Feature", "geometry": null, "properties": {"event": "Small Craft Advisory", "severity": "Minor", "certainty": "Likely", "urgency": "Expected", "headline": "Small Craft Advisory issued April 6 at 3:25PM AKDT until April 8 at 5:00AM AKDT by NWS Anchorage AK", "description": "Coastal Waters Forecast for Southwest Alaska+Bristol Bay+The\nAlaska Peninsula Waters and the Aleutian Islands up to 100 nm out.\n\nWind forecasts reflect the predominant speed and direction\nexpected. Sea forecasts represent an average of the highest\none-third of the combined wind wave and swell height.\n\n.TONIGHT...E wind 30 kt. Seas in ice free waters 10 ft.\nFreezing spray.\n.TUE...NE wind 25 kt. Seas in ice free waters 7 ft.\nFreezing spray.\n.TUE NIGHT...N wind 25 kt. Seas in ice free waters 6 ft.\n", "areaDesc": "Saint Matthew Island Waters", "effective": "2026-04-06T15:25:00-08:00", "expires": "2026-04-07T04:15:00-08:00", "senderName": "NWS Anchorage AK", "status": "Actual", "messageType": "Alert", "category": "Met", "source": "NOAA/NWS"}}, {"type": "Feature", "geometry": null, "properties": {"event": "Small Craft Advisory", "severity": "Minor", "certainty": "Likely", "urgency": "Expected", "headline": "Small Craft Advisory issued April 6 at 3:25PM AKDT until April 8 at 5:00AM AKDT by NWS Anchorage AK", "description": "Coastal Waters Forecast for Southwest Alaska+Bristol Bay+The\nAlaska Peninsula Waters and the Aleutian Islands up to 100 nm out.\n\nWind forecasts reflect the predominant speed and direction\nexpected. Sea forecasts represent an average of the highest\none-third of the combined wind wave and swell height.\n\n.TONIGHT...SE wind 30 kt becoming S 20 kt after midnight.\nSeas 8 ft. Rain.\n.TUE...S wind 25 kt. Seas 8 ft. Rain.\n.TUE NIGHT...SW wind 20 kt. Seas 8 ft.\n.WED...Variable wind 10 kt. Seas 5 ft.\n.WED N", "areaDesc": "Castle Cape to Cape Tolstoi out to 15 NM", "effective": "2026-04-06T15:25:00-08:00", "expires": "2026-04-07T04:15:00-08:00", "senderName": "NWS Anchorage AK", "status": "Actual", "messageType": "Alert", "category": "Met", "source": "NOAA/NWS"}}, {"type": "Feature", "geometry": null, "properties": {"event": "Small Craft Advisory", "severity": "Minor", "certainty": "Likely", "urgency": "Expected", "headline": "Small Craft Advisory issued April 6 at 3:25PM AKDT until April 8 at 5:00AM AKDT by NWS Anchorage AK", "description": "Coastal Waters Forecast for Southwest Alaska+Bristol Bay+The\nAlaska Peninsula Waters and the Aleutian Islands up to 100 nm out.\n\nWind forecasts reflect the predominant speed and direction\nexpected. Sea forecasts represent an average of the highest\none-third of the combined wind wave and swell height.\n\n.TONIGHT...S wind 25 kt. Seas 10 ft. Rain.\n.TUE...S wind 25 kt. Seas 9 ft.\n.TUE NIGHT...SW wind 20 kt. Seas 9 ft.\n.WED AND WED NIGHT...Variable wind 10 kt. Seas 5 ft.\n.THU...SW wind 15 kt. Seas 4 f", "areaDesc": "Cape Tolstoi to Cape Sarichef out to 15 NM", "effective": "2026-04-06T15:25:00-08:00", "expires": "2026-04-07T04:15:00-08:00", "senderName": "NWS Anchorage AK", "status": "Actual", "messageType": "Alert", "category": "Met", "source": "NOAA/NWS"}}, {"type": "Feature", "geometry": null, "properties": {"event": "Small Craft Advisory", "severity": "Minor", "certainty": "Likely", "urgency": "Expected", "headline": "Small Craft Advisory issued April 6 at 3:25PM AKDT until April 8 at 5:00AM AKDT by NWS Anchorage AK", "description": "Coastal Waters Forecast for Southwest Alaska+Bristol Bay+The\nAlaska Peninsula Waters and the Aleutian Islands up to 100 nm out.\n\nWind forecasts reflect the predominant speed and direction\nexpected. Sea forecasts represent an average of the highest\none-third of the combined wind wave and swell height.\n\n.TONIGHT...SW wind 25 kt. Seas 5 ft. Rain.\n.TUE...W wind 25 kt. Seas 7 ft.\n.TUE NIGHT...NW wind 25 kt. Seas 7 ft.\n.WED AND WED NIGHT...S wind 25 kt. Seas 6 ft.\n.THU...W wind 25 kt. Seas 6 ft.\n.FRI ", "areaDesc": "Seguam to Adak Bering Side out to 15 NM", "effective": "2026-04-06T15:25:00-08:00", "expires": "2026-04-07T04:15:00-08:00", "senderName": "NWS Anchorage AK", "status": "Actual", "messageType": "Alert", "category": "Met", "source": "NOAA/NWS"}}, {"type": "Feature", "geometry": null, "properties": {"event": "Small Craft Advisory", "severity": "Minor", "certainty": "Likely", "urgency": "Expected", "headline": "Small Craft Advisory issued April 6 at 3:25PM AKDT until April 8 at 5:00AM AKDT by NWS Anchorage AK", "description": "Coastal Waters Forecast for Southwest Alaska+Bristol Bay+The\nAlaska Peninsula Waters and the Aleutian Islands up to 100 nm out.\n\nWind forecasts reflect the predominant speed and direction\nexpected. Sea forecasts represent an average of the highest\none-third of the combined wind wave and swell height.\n\n.TONIGHT...S wind 30 kt. Seas 15 ft. Rain.\n.TUE...S wind 30 kt. Seas 14 ft. Rain.\n.TUE NIGHT...SW wind 20 kt. Seas 12 ft.\n.WED...SW wind 15 kt. Seas 9 ft.\n.WED NIGHT...Variable wind 10 kt. Seas 7 f", "areaDesc": "Castle Cape to Cape Tolstoi from 15 to 100 NM", "effective": "2026-04-06T15:25:00-08:00", "expires": "2026-04-07T04:15:00-08:00", "senderName": "NWS Anchorage AK", "status": "Actual", "messageType": "Alert", "category": "Met", "source": "NOAA/NWS"}}, {"type": "Feature", "geometry": null, "properties": {"event": "Small Craft Advisory", "severity": "Minor", "certainty": "Likely", "urgency": "Expected", "headline": "Small Craft Advisory issued April 6 at 3:25PM AKDT until April 8 at 5:00AM AKDT by NWS Anchorage AK", "description": "Coastal Waters Forecast for Southwest Alaska+Bristol Bay+The\nAlaska Peninsula Waters and the Aleutian Islands up to 100 nm out.\n\nWind forecasts reflect the predominant speed and direction\nexpected. Sea forecasts represent an average of the highest\none-third of the combined wind wave and swell height.\n\n.TONIGHT...SW wind 25 kt. Seas 9 ft.\n.TUE...W wind 25 kt. Seas 9 ft.\n.TUE NIGHT...NW wind 25 kt. Seas 8 ft.\n.WED...SW wind 20 kt. Seas 6 ft.\n.WED NIGHT...S wind 25 kt. Seas 8 ft.\n.THU...W wind 25 k", "areaDesc": "Seguam to Adak Pacific Side out to 15 NM", "effective": "2026-04-06T15:25:00-08:00", "expires": "2026-04-07T04:15:00-08:00", "senderName": "NWS Anchorage AK", "status": "Actual", "messageType": "Alert", "category": "Met", "source": "NOAA/NWS"}}, {"type": "Feature", "geometry": null, "properties": {"event": "Small Craft Advisory", "severity": "Minor", "certainty": "Likely", "urgency": "Expected", "headline": "Small Craft Advisory issued April 6 at 3:25PM AKDT until April 8 at 5:00AM AKDT by NWS Anchorage AK", "description": "Coastal Waters Forecast for Southwest Alaska+Bristol Bay+The\nAlaska Peninsula Waters and the Aleutian Islands up to 100 nm out.\n\nWind forecasts reflect the predominant speed and direction\nexpected. Sea forecasts represent an average of the highest\none-third of the combined wind wave and swell height.\n\n.TONIGHT...W wind 30 kt. Seas 12 ft.\n.TUE...W wind 30 kt. Seas 12 ft.\n.TUE NIGHT...NW wind 25 kt. Seas 11 ft.\n.WED...W wind 20 kt. Seas 8 ft.\n.WED NIGHT...S wind 25 kt. Seas 10 ft.\n.THU...W wind 25", "areaDesc": "Seguam to Adak Pacific Side from 15 to 75 NM", "effective": "2026-04-06T15:25:00-08:00", "expires": "2026-04-07T04:15:00-08:00", "senderName": "NWS Anchorage AK", "status": "Actual", "messageType": "Alert", "category": "Met", "source": "NOAA/NWS"}}, {"type": "Feature", "geometry": null, "properties": {"event": "Small Craft Advisory", "severity": "Minor", "certainty": "Likely", "urgency": "Expected", "headline": "Small Craft Advisory issued April 6 at 3:25PM AKDT until April 8 at 5:00AM AKDT by NWS Anchorage AK", "description": "Coastal Waters Forecast for Southwest Alaska+Bristol Bay+The\nAlaska Peninsula Waters and the Aleutian Islands up to 100 nm out.\n\nWind forecasts reflect the predominant speed and direction\nexpected. Sea forecasts represent an average of the highest\none-third of the combined wind wave and swell height.\n\n.TONIGHT...SE wind 30 kt. Seas 9 ft. Rain.\n.TUE...S wind 25 kt. Seas 9 ft. Rain.\n.TUE NIGHT...S wind 20 kt. Seas 8 ft.\n.WED...SW wind 15 kt. Seas 6 ft.\n.WED NIGHT...Variable wind 10 kt. Seas 5 ft.\n", "areaDesc": "Sitkinak to Castle Cape out to 15 NM", "effective": "2026-04-06T15:25:00-08:00", "expires": "2026-04-07T04:15:00-08:00", "senderName": "NWS Anchorage AK", "status": "Actual", "messageType": "Alert", "category": "Met", "source": "NOAA/NWS"}}, {"type": "Feature", "geometry": null, "properties": {"event": "Small Craft Advisory", "severity": "Minor", "certainty": "Likely", "urgency": "Expected", "headline": "Small Craft Advisory issued April 6 at 3:25PM AKDT until April 8 at 5:00AM AKDT by NWS Anchorage AK", "description": "Coastal Waters Forecast for Southwest Alaska+Bristol Bay+The\nAlaska Peninsula Waters and the Aleutian Islands up to 100 nm out.\n\nWind forecasts reflect the predominant speed and direction\nexpected. Sea forecasts represent an average of the highest\none-third of the combined wind wave and swell height.\n\n.TONIGHT...S wind 30 kt. Seas 14 ft. Rain.\n.TUE...S wind 30 kt. Seas 13 ft.\n.TUE NIGHT...SW wind 20 kt. Seas 11 ft.\n.WED...W wind 15 kt. Seas 9 ft.\n.WED NIGHT...Variable wind 10 kt. Seas 7 ft.\n.THU", "areaDesc": "Cape Tolstoi to Cape Sarichef from 15 to 100 NM", "effective": "2026-04-06T15:25:00-08:00", "expires": "2026-04-07T04:15:00-08:00", "senderName": "NWS Anchorage AK", "status": "Actual", "messageType": "Alert", "category": "Met", "source": "NOAA/NWS"}}, {"type": "Feature", "geometry": null, "properties": {"event": "Small Craft Advisory", "severity": "Minor", "certainty": "Likely", "urgency": "Expected", "headline": "Small Craft Advisory issued April 6 at 3:24PM AKDT until April 8 at 5:00AM AKDT by NWS Anchorage AK", "description": "Coastal Waters Forecast for the Northern Gulf of Alaska Coast\nup to 100 nm out including Kodiak Island and Cook Inlet.\n\nWind forecasts reflect the predominant speed and direction\nexpected. Sea forecasts represent an average of the highest\none-third of the combined wind wave and swell height.\n\n.TONIGHT...S wind 30 kt. Seas 6 ft building to 11 ft after\nmidnight.\nRain.\n.TUE...S wind 25 kt. Seas 14 ft. Rain.\n.TUE NIGHT...S wind 20 kt. Seas 11 ft.\n.WED...SW wind 15 kt. Seas 9 ft.\n.WED NIGHT...Variabl", "areaDesc": "Marmot Island To Sitkinak from 15 to 85 NM", "effective": "2026-04-06T15:24:00-08:00", "expires": "2026-04-07T04:45:00-08:00", "senderName": "NWS Anchorage AK", "status": "Actual", "messageType": "Alert", "category": "Met", "source": "NOAA/NWS"}}, {"type": "Feature", "geometry": null, "properties": {"event": "Small Craft Advisory", "severity": "Minor", "certainty": "Likely", "urgency": "Expected", "headline": "Small Craft Advisory issued April 6 at 3:24PM AKDT until April 8 at 5:00AM AKDT by NWS Anchorage AK", "description": "Coastal Waters Forecast for the Northern Gulf of Alaska Coast\nup to 100 nm out including Kodiak Island and Cook Inlet.\n\nWind forecasts reflect the predominant speed and direction\nexpected. Sea forecasts represent an average of the highest\none-third of the combined wind wave and swell height.\n\n.TONIGHT...SW wind 20 kt. Seas 6 ft.\n.TUE...SE wind 15 kt. Seas 4 ft. Rain and snow.\n.TUE NIGHT...E wind 25 kt. Seas 8 ft. Rain.\n.WED...SE wind 20 kt. Seas 7 ft.\n.WED NIGHT...SE wind 15 kt. Seas 6 ft.\n.THU.", "areaDesc": "Gravel Point to Cape Cleare out to 15 NM", "effective": "2026-04-06T15:24:00-08:00", "expires": "2026-04-07T04:45:00-08:00", "senderName": "NWS Anchorage AK", "status": "Actual", "messageType": "Alert", "category": "Met", "source": "NOAA/NWS"}}, {"type": "Feature", "geometry": null, "properties": {"event": "Small Craft Advisory", "severity": "Minor", "certainty": "Likely", "urgency": "Expected", "headline": "Small Craft Advisory issued April 6 at 3:24PM AKDT until April 8 at 5:00AM AKDT by NWS Anchorage AK", "description": "Coastal Waters Forecast for the Northern Gulf of Alaska Coast\nup to 100 nm out including Kodiak Island and Cook Inlet.\n\nWind forecasts reflect the predominant speed and direction\nexpected. Sea forecasts represent an average of the highest\none-third of the combined wind wave and swell height.\n\n.TONIGHT...S wind 20 kt. Seas 5 ft. Rain.\n.TUE...SE wind 25 kt. Seas 6 ft. Rain.\n.TUE NIGHT...SE wind 30 kt diminishing to 20 kt after midnight.\nSeas\n6 ft. Rain.\n.WED...S wind 15 kt. Seas 5 ft.\n.WED NIGHT..", "areaDesc": "Barren Islands East", "effective": "2026-04-06T15:24:00-08:00", "expires": "2026-04-07T04:45:00-08:00", "senderName": "NWS Anchorage AK", "status": "Actual", "messageType": "Alert", "category": "Met", "source": "NOAA/NWS"}}, {"type": "Feature", "geometry": null, "properties": {"event": "Small Craft Advisory", "severity": "Minor", "certainty": "Likely", "urgency": "Expected", "headline": "Small Craft Advisory issued April 6 at 3:24PM AKDT until April 8 at 5:00AM AKDT by NWS Anchorage AK", "description": "Coastal Waters Forecast for the Northern Gulf of Alaska Coast\nup to 100 nm out including Kodiak Island and Cook Inlet.\n\nWind forecasts reflect the predominant speed and direction\nexpected. Sea forecasts represent an average of the highest\none-third of the combined wind wave and swell height.\n\n.TONIGHT...SW wind 25 kt diminishing to 15 kt after midnight. Seas\n7 ft.\n.TUE...SE wind 20 kt. Seas 7 ft. Rain.\n.TUE NIGHT...SE wind 20 kt. Seas 9 ft. Rain.\n.WED...S wind 15 kt. Seas 8 ft.\n.WED NIGHT...Vari", "areaDesc": "Cape Cleare to Gore Point from 15 to 75 NM", "effective": "2026-04-06T15:24:00-08:00", "expires": "2026-04-07T04:45:00-08:00", "senderName": "NWS Anchorage AK", "status": "Actual", "messageType": "Alert", "category": "Met", "source": "NOAA/NWS"}}, {"type": "Feature", "geometry": null, "properties": {"event": "Small Craft Advisory", "severity": "Minor", "certainty": "Likely", "urgency": "Expected", "headline": "Small Craft Advisory issued April 6 at 3:24PM AKDT until April 8 at 5:00AM AKDT by NWS Anchorage AK", "description": "Coastal Waters Forecast for the Northern Gulf of Alaska Coast\nup to 100 nm out including Kodiak Island and Cook Inlet.\n\nWind forecasts reflect the predominant speed and direction\nexpected. Sea forecasts represent an average of the highest\none-third of the combined wind wave and swell height.\n\n.TONIGHT...W wind 20 kt. Seas 6 ft. Rain and snow.\n.TUE...E wind 20 kt. Seas 5 ft. Rain and snow.\n.TUE NIGHT...E wind 25 kt. Seas 7 ft. Rain.\n.WED...E wind 15 kt. Seas 5 ft.\n.WED NIGHT...Variable wind 10 kt", "areaDesc": "Cape Cleare to Gore Point out to 15 NM", "effective": "2026-04-06T15:24:00-08:00", "expires": "2026-04-07T04:45:00-08:00", "senderName": "NWS Anchorage AK", "status": "Actual", "messageType": "Alert", "category": "Met", "source": "NOAA/NWS"}}, {"type": "Feature", "geometry": null, "properties": {"event": "Small Craft Advisory", "severity": "Minor", "certainty": "Likely", "urgency": "Expected", "headline": "Small Craft Advisory issued April 6 at 3:24PM AKDT until April 8 at 5:00AM AKDT by NWS Anchorage AK", "description": "Coastal Waters Forecast for the Northern Gulf of Alaska Coast\nup to 100 nm out including Kodiak Island and Cook Inlet.\n\nWind forecasts reflect the predominant speed and direction\nexpected. Sea forecasts represent an average of the highest\none-third of the combined wind wave and swell height.\n\n.TONIGHT...SW wind 20 kt. Seas 5 ft. Rain.\n.TUE...SE wind 20 kt. Seas 10 ft. Rain.\n.TUE NIGHT...S wind 20 kt. Seas 10 ft. Rain.\n.WED...SW wind 15 kt. Seas 8 ft.\n.WED NIGHT...Variable wind 10 kt. Seas 7 ft.\n", "areaDesc": "Gore Point to Marmot Island from 15 to 80 NM", "effective": "2026-04-06T15:24:00-08:00", "expires": "2026-04-07T04:45:00-08:00", "senderName": "NWS Anchorage AK", "status": "Actual", "messageType": "Alert", "category": "Met", "source": "NOAA/NWS"}}, {"type": "Feature", "geometry": null, "properties": {"event": "Small Craft Advisory", "severity": "Minor", "certainty": "Likely", "urgency": "Expected", "headline": "Small Craft Advisory issued April 6 at 3:24PM AKDT until April 8 at 5:00AM AKDT by NWS Anchorage AK", "description": "Coastal Waters Forecast for the Northern Gulf of Alaska Coast\nup to 100 nm out including Kodiak Island and Cook Inlet.\n\nWind forecasts reflect the predominant speed and direction\nexpected. Sea forecasts represent an average of the highest\none-third of the combined wind wave and swell height.\n\n.TONIGHT...W wind 20 kt. Seas 7 ft.\n.TUE...SE wind 15 kt. Seas 4 ft. Rain and snow.\n.TUE NIGHT...E wind 25 kt. Seas 8 ft. Rain and snow.\n.WED...E wind 20 kt. Seas 8 ft.\n.WED NIGHT...E wind 15 kt. Seas 6 ft.", "areaDesc": "Cape Suckling to Gravel Point out to 15 NM", "effective": "2026-04-06T15:24:00-08:00", "expires": "2026-04-07T04:45:00-08:00", "senderName": "NWS Anchorage AK", "status": "Actual", "messageType": "Alert", "category": "Met", "source": "NOAA/NWS"}}, {"type": "Feature", "geometry": null, "properties": {"event": "Small Craft Advisory", "severity": "Minor", "certainty": "Likely", "urgency": "Expected", "headline": "Small Craft Advisory issued April 6 at 3:24PM AKDT until April 8 at 5:00AM AKDT by NWS Anchorage AK", "description": "Coastal Waters Forecast for the Northern Gulf of Alaska Coast\nup to 100 nm out including Kodiak Island and Cook Inlet.\n\nWind forecasts reflect the predominant speed and direction\nexpected. Sea forecasts represent an average of the highest\none-third of the combined wind wave and swell height.\n\n.TONIGHT...S wind 25 kt. Seas 7 ft. Rain.\n.TUE...S wind 25 kt. Seas 11 ft. Rain.\n.TUE NIGHT...S wind 20 kt. Seas 10 ft.\n.WED...SW wind 15 kt. Seas 8 ft.\n.WED NIGHT...Variable wind 10 kt. Seas 7 ft.\n.THU...N", "areaDesc": "Marmot Island to Sitkinak out to 15 NM", "effective": "2026-04-06T15:24:00-08:00", "expires": "2026-04-07T04:45:00-08:00", "senderName": "NWS Anchorage AK", "status": "Actual", "messageType": "Alert", "category": "Met", "source": "NOAA/NWS"}}, {"type": "Feature", "geometry": null, "properties": {"event": "Small Craft Advisory", "severity": "Minor", "certainty": "Likely", "urgency": "Expected", "headline": "Small Craft Advisory issued April 6 at 3:24PM AKDT until April 8 at 5:00AM AKDT by NWS Anchorage AK", "description": "Coastal Waters Forecast for the Northern Gulf of Alaska Coast\nup to 100 nm out including Kodiak Island and Cook Inlet.\n\nWind forecasts reflect the predominant speed and direction\nexpected. Sea forecasts represent an average of the highest\none-third of the combined wind wave and swell height.\n\n.TONIGHT...W wind 25 kt becoming SW 15 kt after midnight. Seas 8\nft.\n.TUE...SE wind 20 kt. Seas 6 ft. Rain and snow.\n.TUE NIGHT...SE wind 20 kt. Seas 9 ft. Rain.\n.WED AND WED NIGHT...Variable wind 10 kt. Se", "areaDesc": "Cape Suckling to Cape Cleare from 15 to 75 NM", "effective": "2026-04-06T15:24:00-08:00", "expires": "2026-04-07T04:45:00-08:00", "senderName": "NWS Anchorage AK", "status": "Actual", "messageType": "Alert", "category": "Met", "source": "NOAA/NWS"}}, {"type": "Feature", "geometry": null, "properties": {"event": "Small Craft Advisory", "severity": "Minor", "certainty": "Likely", "urgency": "Expected", "headline": "Small Craft Advisory issued April 6 at 3:24PM AKDT until April 8 at 5:00AM AKDT by NWS Anchorage AK", "description": "Coastal Waters Forecast for the Northern Gulf of Alaska Coast\nup to 100 nm out including Kodiak Island and Cook Inlet.\n\nWind forecasts reflect the predominant speed and direction\nexpected. Sea forecasts represent an average of the highest\none-third of the combined wind wave and swell height.\n\n.TONIGHT...SE wind 20 kt. Seas 5 ft. Rain and snow.\n.TUE...E wind 25 kt. Seas 7 ft. Rain and snow.\n.TUE NIGHT...E wind 30 kt becoming SE 20 kt after midnight. Seas\n7 ft. Rain.\n.WED...S wind 15 kt. Seas 3 ft", "areaDesc": "West of Barren Islands Including Kamishak Bay", "effective": "2026-04-06T15:24:00-08:00", "expires": "2026-04-07T04:45:00-08:00", "senderName": "NWS Anchorage AK", "status": "Actual", "messageType": "Alert", "category": "Met", "source": "NOAA/NWS"}}, {"type": "Feature", "geometry": null, "properties": {"event": "Small Craft Advisory", "severity": "Minor", "certainty": "Likely", "urgency": "Expected", "headline": "Small Craft Advisory issued April 6 at 1:29PM AKDT until April 7 at 5:00PM AKDT by NWS Juneau AK", "description": "Southeast Alaska Coastal Waters from Dixon Entrance to\nCape Suckling out 100 NM\n\nWind forecasts reflect the predominant speed and direction\nexpected. Seas forecasts represent the average of the highest\none-third of the combined windwave and swell height.\n\n.TONIGHT...NW wind 25 kt. Seas 11 ft.\n.TUE...W wind 20 kt. Seas 8 ft.\n.TUE NIGHT...W wind 15 kt. Seas 5 ft.\n.WED...S wind 10 kt. Seas 8 ft. W swell.\n.WED NIGHT...SE wind 10 kt. Seas 7 ft. W swell. Rain.\n.THU...SE wind 10 kt. Seas 6 ft.\n.FRI...N", "areaDesc": "Cape Spencer to Cape Fairweather out to 15 NM", "effective": "2026-04-06T13:29:00-08:00", "expires": "2026-04-07T07:30:00-08:00", "senderName": "NWS Juneau AK", "status": "Actual", "messageType": "Alert", "category": "Met", "source": "NOAA/NWS"}}, {"type": "Feature", "geometry": null, "properties": {"event": "Small Craft Advisory", "severity": "Minor", "certainty": "Likely", "urgency": "Expected", "headline": "Small Craft Advisory issued April 6 at 1:29PM AKDT until April 7 at 5:00PM AKDT by NWS Juneau AK", "description": "Southeast Alaska Inside Waters from Dixon Entrance to Skagway\n\nWind forecasts reflect the predominant speed and direction\nexpected. Sea forecasts represent the average of the highest\none-third of the combined windwave and swell height.\n\n.TONIGHT...W wind 25 kt diminishing to 20 kt late. Seas 11 ft.\n.TUE...W wind 20 kt. Seas 7 ft.\n.TUE NIGHT...W wind 15 kt diminishing to 10 kt late. Seas\n5 ft. Rain.\n.WED...SW wind 10 kt. Seas 7 ft. W swell. Rain.\n.WED NIGHT...SW wind 10 kt. Seas 7 ft. W swell. Pa", "areaDesc": "Cross Sound", "effective": "2026-04-06T13:29:00-08:00", "expires": "2026-04-07T06:45:00-08:00", "senderName": "NWS Juneau AK", "status": "Actual", "messageType": "Alert", "category": "Met", "source": "NOAA/NWS"}}, {"type": "Feature", "geometry": null, "properties": {"event": "Small Craft Advisory", "severity": "Minor", "certainty": "Likely", "urgency": "Expected", "headline": "Small Craft Advisory issued April 6 at 1:29PM AKDT until April 7 at 5:00PM AKDT by NWS Juneau AK", "description": "Southeast Alaska Coastal Waters from Dixon Entrance to\nCape Suckling out 100 NM\n\nWind forecasts reflect the predominant speed and direction\nexpected. Seas forecasts represent the average of the highest\none-third of the combined windwave and swell height.\n\n.TONIGHT...NW wind 25 kt. Seas 15 ft.\n.TUE...NW wind 20 kt diminishing to 15 kt in the afternoon.\nSeas 8 ft.\n.TUE NIGHT...W wind 15 kt. Seas 7 ft.\n.WED...W wind 15 kt. Seas 8 ft.\n.WED NIGHT...W wind 15 kt. Seas 8 ft.\n.THU...W wind 15 kt. Seas 6", "areaDesc": "Dixon Entrance to Cape Decision from 15 to 90 NM", "effective": "2026-04-06T13:29:00-08:00", "expires": "2026-04-07T07:30:00-08:00", "senderName": "NWS Juneau AK", "status": "Actual", "messageType": "Alert", "category": "Met", "source": "NOAA/NWS"}}, {"type": "Feature", "geometry": null, "properties": {"event": "Small Craft Advisory", "severity": "Minor", "certainty": "Likely", "urgency": "Expected", "headline": "Small Craft Advisory issued April 6 at 1:29PM AKDT until April 7 at 5:00PM AKDT by NWS Juneau AK", "description": "Southeast Alaska Coastal Waters from Dixon Entrance to\nCape Suckling out 100 NM\n\nWind forecasts reflect the predominant speed and direction\nexpected. Seas forecasts represent the average of the highest\none-third of the combined windwave and swell height.\n\n.TONIGHT...W wind 25 kt diminishing to 20 kt late. Seas 11 ft.\n.TUE...W wind 20 kt diminishing to 15 kt in the afternoon.\nSeas 7 ft.\n.TUE NIGHT...SW wind 10 kt increasing to 15 kt late. Seas\n7 ft.\n.WED...SW wind 15 kt. Seas 9 ft.\n.WED NIGHT...S", "areaDesc": "Cape Spencer to Cape Fairweather from 15 to 85 NM", "effective": "2026-04-06T13:29:00-08:00", "expires": "2026-04-07T07:30:00-08:00", "senderName": "NWS Juneau AK", "status": "Actual", "messageType": "Alert", "category": "Met", "source": "NOAA/NWS"}}, {"type": "Feature", "geometry": null, "properties": {"event": "Small Craft Advisory", "severity": "Minor", "certainty": "Likely", "urgency": "Expected", "headline": "Small Craft Advisory issued April 6 at 1:29PM AKDT until April 7 at 5:00PM AKDT by NWS Juneau AK", "description": "Southeast Alaska Coastal Waters from Dixon Entrance to\nCape Suckling out 100 NM\n\nWind forecasts reflect the predominant speed and direction\nexpected. Seas forecasts represent the average of the highest\none-third of the combined windwave and swell height.\n\n.TONIGHT...NW wind 30 kt. Seas 13 ft.\n.TUE...NW wind 25 kt diminishing to 20 kt in the afternoon.\nSeas 8 ft.\n.TUE NIGHT...W wind 10 kt increasing to 15 kt late. Seas\n6 ft.\n.WED...W wind 10 kt. Seas 8 ft. W swell.\n.WED NIGHT...W wind 10 kt. Seas", "areaDesc": "Cape Decision to Cape Edgecumbe out to 15 NM", "effective": "2026-04-06T13:29:00-08:00", "expires": "2026-04-07T07:30:00-08:00", "senderName": "NWS Juneau AK", "status": "Actual", "messageType": "Alert", "category": "Met", "source": "NOAA/NWS"}}, {"type": "Feature", "geometry": null, "properties": {"event": "Small Craft Advisory", "severity": "Minor", "certainty": "Likely", "urgency": "Expected", "headline": "Small Craft Advisory issued April 6 at 1:29PM AKDT until April 7 at 5:00PM AKDT by NWS Juneau AK", "description": "Southeast Alaska Coastal Waters from Dixon Entrance to\nCape Suckling out 100 NM\n\nWind forecasts reflect the predominant speed and direction\nexpected. Seas forecasts represent the average of the highest\none-third of the combined windwave and swell height.\n\n.TONIGHT...NW wind 25 kt. Seas 13 ft.\n.TUE...NW wind 20 kt becoming W 15 kt in the afternoon. Seas\n8 ft.\n.TUE NIGHT...W wind 15 kt. Seas 6 ft.\n.WED...W wind 15 kt. Seas 8 ft. W swell.\n.WED NIGHT...W wind 15 kt. Seas 8 ft. W swell.\n.THU...SW win", "areaDesc": "Cape Decision to Cape Edgecumbe from 15 to 80 NM", "effective": "2026-04-06T13:29:00-08:00", "expires": "2026-04-07T07:30:00-08:00", "senderName": "NWS Juneau AK", "status": "Actual", "messageType": "Alert", "category": "Met", "source": "NOAA/NWS"}}, {"type": "Feature", "geometry": null, "properties": {"event": "Small Craft Advisory", "severity": "Minor", "certainty": "Likely", "urgency": "Expected", "headline": "Small Craft Advisory issued April 6 at 1:29PM AKDT until April 7 at 5:00PM AKDT by NWS Juneau AK", "description": "Southeast Alaska Coastal Waters from Dixon Entrance to\nCape Suckling out 100 NM\n\nWind forecasts reflect the predominant speed and direction\nexpected. Seas forecasts represent the average of the highest\none-third of the combined windwave and swell height.\n\n.TONIGHT...W wind 25 kt. Seas 11 ft.\n.TUE...W wind 20 kt diminishing to 15 kt in the afternoon.\nSeas 7 ft.\n.TUE NIGHT...W wind 10 kt becoming SW 15 kt late. Seas 5 ft.\n.WED...SW wind 10 kt. Seas 8 ft.\n.WED NIGHT...SW wind 10 kt. Seas 8 ft. Patc", "areaDesc": "Cape Edgecumbe to Cape Spencer out to 15 NM", "effective": "2026-04-06T13:29:00-08:00", "expires": "2026-04-07T07:30:00-08:00", "senderName": "NWS Juneau AK", "status": "Actual", "messageType": "Alert", "category": "Met", "source": "NOAA/NWS"}}, {"type": "Feature", "geometry": null, "properties": {"event": "Small Craft Advisory", "severity": "Minor", "certainty": "Likely", "urgency": "Expected", "headline": "Small Craft Advisory issued April 6 at 1:29PM AKDT until April 7 at 5:00PM AKDT by NWS Juneau AK", "description": "Southeast Alaska Coastal Waters from Dixon Entrance to\nCape Suckling out 100 NM\n\nWind forecasts reflect the predominant speed and direction\nexpected. Seas forecasts represent the average of the highest\none-third of the combined windwave and swell height.\n\n.TONIGHT...NW wind 25 kt. Seas 15 ft.\n.TUE...NW wind 20 kt diminishing to 15 kt in the afternoon.\nSeas 9 ft.\n.TUE NIGHT...NW wind 15 kt. Seas 7 ft.\n.WED...W wind 15 kt. Seas 7 ft. W swell.\n.WED NIGHT...W wind 15 kt. Seas 7 ft. W swell.\n.THU...W", "areaDesc": "Dixon Entrance to Cape Decision out to 15 NM", "effective": "2026-04-06T13:29:00-08:00", "expires": "2026-04-07T07:30:00-08:00", "senderName": "NWS Juneau AK", "status": "Actual", "messageType": "Alert", "category": "Met", "source": "NOAA/NWS"}}, {"type": "Feature", "geometry": null, "properties": {"event": "Small Craft Advisory", "severity": "Minor", "certainty": "Likely", "urgency": "Expected", "headline": "Small Craft Advisory issued April 6 at 1:29PM AKDT until April 7 at 5:00PM AKDT by NWS Juneau AK", "description": "Southeast Alaska Coastal Waters from Dixon Entrance to\nCape Suckling out 100 NM\n\nWind forecasts reflect the predominant speed and direction\nexpected. Seas forecasts represent the average of the highest\none-third of the combined windwave and swell height.\n\n.TONIGHT...W wind 25 kt diminishing to 20 kt late. Seas 12 ft.\n.TUE...W wind 15 kt. Seas 7 ft.\n.TUE NIGHT...SW wind 15 kt. Seas 7 ft.\n.WED...SW wind 15 kt. Seas 9 ft.\n.WED NIGHT...SW wind 15 kt. Seas 8 ft. W swell. Rain.\n.THU...SW wind 15 kt. S", "areaDesc": "Cape Edgecumbe to Cape Spencer from 15 to 80 NM", "effective": "2026-04-06T13:29:00-08:00", "expires": "2026-04-07T07:30:00-08:00", "senderName": "NWS Juneau AK", "status": "Actual", "messageType": "Alert", "category": "Met", "source": "NOAA/NWS"}}, {"type": "Feature", "geometry": null, "properties": {"event": "Wind Advisory", "severity": "Moderate", "certainty": "Likely", "urgency": "Expected", "headline": "Wind Advisory issued April 6 at 10:40AM MDT until April 7 at 9:00PM MDT by NWS Missoula MT", "description": "* WHAT...West winds 20 to 30 mph with gusts up to 50 mph expected.\nIsolated stronger gusts approaching 60 mph are possible. The\nstrongest wind gusts are expected to be along I-90 from Deerlodge\nto Butte and Montana 1 from Georgetown Lake to Anaconda.\n\n* WHERE...Bitterroot/Sapphire Mountains and Butte/Blackfoot Region.\n\n* WHEN...From 9 AM to 9 PM MDT Tuesday.\n\n* IMPACTS...Gusty winds will blow around unsecured objects. Tree\nlimbs could be blown down and a few power outages may result.", "areaDesc": "Bitterroot/Sapphire Mountains; Butte/Blackfoot Region", "effective": "2026-04-06T10:40:00-06:00", "expires": "2026-04-07T10:45:00-06:00", "senderName": "NWS Missoula MT", "status": "Actual", "messageType": "Alert", "category": "Met", "source": "NOAA/NWS"}}, {"type": "Feature", "geometry": null, "properties": {"event": "Wind Advisory", "severity": "Moderate", "certainty": "Likely", "urgency": "Expected", "headline": "Wind Advisory issued April 6 at 10:40AM MDT until April 7 at 9:00PM MDT by NWS Missoula MT", "description": "* WHAT...West winds 20 to 30 mph with gusts up to 50 mph expected.\nIsolated stronger gusts approaching 60 mph are possible.\n\n* WHERE...Flathead/Mission Valleys, Kootenai/Cabinet Region, and\nLower Clark Fork Region.\n\n* WHEN...From 9 AM to 9 PM MDT Tuesday.\n\n* IMPACTS...Gusty winds will blow around unsecured objects. Tree\nlimbs could be blown down and a few power outages may result.\n\n* ADDITIONAL DETAILS...Anyone with plans on recreating on area\nlakes, especially Flathead Lake should plan on chopp", "areaDesc": "Kootenai/Cabinet Region; Flathead/Mission Valleys; Lower Clark Fork Region", "effective": "2026-04-06T10:40:00-06:00", "expires": "2026-04-07T10:45:00-06:00", "senderName": "NWS Missoula MT", "status": "Actual", "messageType": "Alert", "category": "Met", "source": "NOAA/NWS"}}, {"type": "Feature", "geometry": null, "properties": {"event": "Wind Advisory", "severity": "Moderate", "certainty": "Likely", "urgency": "Expected", "headline": "Wind Advisory issued April 6 at 10:40AM MDT until April 7 at 9:00PM MDT by NWS Missoula MT", "description": "* WHAT...West winds 20 to 30 mph with gusts up to 50 mph expected.\nIsolated stronger gusts approaching 60 mph are possible. The\nstrongest wind gusts are expected in the Bitterroot Valley.\n\n* WHERE...Missoula/Bitterroot Valleys.\n\n* WHEN...From 9 AM to 9 PM MDT Tuesday.\n\n* IMPACTS...Gusty winds will blow around unsecured objects. Tree\nlimbs could be blown down and a few power outages may result.", "areaDesc": "Missoula/Bitterroot Valleys", "effective": "2026-04-06T10:40:00-06:00", "expires": "2026-04-07T10:45:00-06:00", "senderName": "NWS Missoula MT", "status": "Actual", "messageType": "Alert", "category": "Met", "source": "NOAA/NWS"}}, {"type": "Feature", "geometry": null, "properties": {"event": "Wind Advisory", "severity": "Moderate", "certainty": "Likely", "urgency": "Expected", "headline": "Wind Advisory issued April 6 at 10:40AM MDT until April 7 at 9:00PM MDT by NWS Missoula MT", "description": "* WHAT...West winds 20 to 30 mph with gusts up to 50 mph expected.\nIsolated stronger gusts approaching 60 mph are possible.\n\n* WHERE...West Glacier Region and Potomac/Seeley Lake Region.\n\n* WHEN...From 9 AM to 9 PM MDT Tuesday.\n\n* IMPACTS...Gusty winds will blow around unsecured objects. Tree\nlimbs could be blown down and a few power outages may result.", "areaDesc": "West Glacier Region; Potomac/Seeley Lake Region", "effective": "2026-04-06T10:40:00-06:00", "expires": "2026-04-07T10:45:00-06:00", "senderName": "NWS Missoula MT", "status": "Actual", "messageType": "Alert", "category": "Met", "source": "NOAA/NWS"}}, {"type": "Feature", "geometry": null, "properties": {"event": "Wind Advisory", "severity": "Moderate", "certainty": "Likely", "urgency": "Expected", "headline": "Wind Advisory issued April 6 at 5:27AM PDT until April 7 at 8:00AM PDT by NWS Los Angeles/Oxnard CA", "description": "* WHAT...Northwest winds 25 to 35 mph with gusts up to 50 mph\nexpected.\n\n* WHERE...Santa Barbara County Southwestern Coast and Santa Ynez\nMountains Western Range.\n\n* WHEN...From 5 PM this afternoon to 8 AM PDT Tuesday.\n\n* IMPACTS...Gusty winds will blow around unsecured objects. Tree\nlimbs could be blown down and a few power outages may result.", "areaDesc": "Santa Barbara County Southwestern Coast; Santa Ynez Mountains Western Range", "effective": "2026-04-06T05:27:00-07:00", "expires": "2026-04-07T08:00:00-07:00", "senderName": "NWS Los Angeles/Oxnard CA", "status": "Actual", "messageType": "Alert", "category": "Met", "source": "NOAA/NWS"}}, {"type": "Feature", "geometry": null, "properties": {"event": "Small Craft Advisory", "severity": "Minor", "certainty": "Likely", "urgency": "Expected", "headline": "Small Craft Advisory issued April 6 at 3:43AM AKDT until April 7 at 5:00PM AKDT by NWS Anchorage AK", "description": "Coastal Waters Forecast for Southwest Alaska+Bristol Bay+The\nAlaska Peninsula Waters and the Aleutian Islands up to 100 nm out.\n\nWind forecasts reflect the predominant speed and direction\nexpected. Sea forecasts represent an average of the highest\none-third of the combined wind wave and swell height.\n\n.TODAY...W wind 15 kt becoming SW 25 kt in the afternoon. Seas\n10 ft.\n.TONIGHT...SW wind 25 kt. Seas 11 ft. Rain showers.\n.TUE...SW wind 20 kt. Seas 10 ft.\n.TUE NIGHT...NW wind 15 kt. Seas 10 ft.\n.", "areaDesc": "Nikolski to Seguam Pacific Side from 15 to 75 NM", "effective": "2026-04-06T03:43:00-08:00", "expires": "2026-04-06T16:15:00-08:00", "senderName": "NWS Anchorage AK", "status": "Actual", "messageType": "Alert", "category": "Met", "source": "NOAA/NWS"}}, {"type": "Feature", "geometry": null, "properties": {"event": "Small Craft Advisory", "severity": "Minor", "certainty": "Likely", "urgency": "Expected", "headline": "Small Craft Advisory issued April 6 at 3:43AM AKDT until April 7 at 5:00PM AKDT by NWS Anchorage AK", "description": "Coastal Waters Forecast for Southwest Alaska+Bristol Bay+The\nAlaska Peninsula Waters and the Aleutian Islands up to 100 nm out.\n\nWind forecasts reflect the predominant speed and direction\nexpected. Sea forecasts represent an average of the highest\none-third of the combined wind wave and swell height.\n\n.TODAY...SE wind 30 kt. Seas 11 ft. Widespread rain showers.\n.TONIGHT...S wind 25 kt. Seas 11 ft. Rain showers.\n.TUE...S wind 20 kt. Seas 9 ft.\n.TUE NIGHT...SW wind 15 kt. Seas 8 ft.\n.WED...Variabl", "areaDesc": "Cape Tolstoi to Cape Sarichef out to 15 NM", "effective": "2026-04-06T03:43:00-08:00", "expires": "2026-04-06T16:15:00-08:00", "senderName": "NWS Anchorage AK", "status": "Actual", "messageType": "Alert", "category": "Met", "source": "NOAA/NWS"}}, {"type": "Feature", "geometry": null, "properties": {"event": "Small Craft Advisory", "severity": "Minor", "certainty": "Likely", "urgency": "Expected", "headline": "Small Craft Advisory issued April 6 at 3:43AM AKDT until April 7 at 5:00PM AKDT by NWS Anchorage AK", "description": "Coastal Waters Forecast for Southwest Alaska+Bristol Bay+The\nAlaska Peninsula Waters and the Aleutian Islands up to 100 nm out.\n\nWind forecasts reflect the predominant speed and direction\nexpected. Sea forecasts represent an average of the highest\none-third of the combined wind wave and swell height.\n\n.TODAY...W wind 25 kt. Seas 10 ft.\n.TONIGHT...NW wind 30 kt. Seas 12 ft.\n.TUE...NW wind 30 kt. Seas 12 ft.\n.TUE NIGHT...S wind 45 kt. Seas 12 ft.\n.WED...SW wind 40 kt. Seas 18 ft.\n.THU...SW wind 35", "areaDesc": "Kiska to Attu Bering Side", "effective": "2026-04-06T03:43:00-08:00", "expires": "2026-04-06T16:15:00-08:00", "senderName": "NWS Anchorage AK", "status": "Actual", "messageType": "Alert", "category": "Met", "source": "NOAA/NWS"}}, {"type": "Feature", "geometry": null, "properties": {"event": "Small Craft Advisory", "severity": "Minor", "certainty": "Likely", "urgency": "Expected", "headline": "Small Craft Advisory issued April 6 at 3:43AM AKDT until April 7 at 5:00PM AKDT by NWS Anchorage AK", "description": "Coastal Waters Forecast for Southwest Alaska+Bristol Bay+The\nAlaska Peninsula Waters and the Aleutian Islands up to 100 nm out.\n\nWind forecasts reflect the predominant speed and direction\nexpected. Sea forecasts represent an average of the highest\none-third of the combined wind wave and swell height.\n\n.TODAY...S wind 30 kt. Seas 14 ft. Widespread rain showers.\n.TONIGHT...S wind 30 kt. Seas 15 ft. Rain.\n.TUE...S wind 25 kt. Seas 12 ft. Rain.\n.TUE NIGHT...SW wind 20 kt. Seas 10 ft.\n.WED THROUGH FR", "areaDesc": "Cape Tolstoi to Cape Sarichef from 15 to 100 NM", "effective": "2026-04-06T03:43:00-08:00", "expires": "2026-04-06T16:15:00-08:00", "senderName": "NWS Anchorage AK", "status": "Actual", "messageType": "Alert", "category": "Met", "source": "NOAA/NWS"}}, {"type": "Feature", "geometry": null, "properties": {"event": "Small Craft Advisory", "severity": "Minor", "certainty": "Likely", "urgency": "Expected", "headline": "Small Craft Advisory issued April 6 at 3:43AM AKDT until April 7 at 5:00PM AKDT by NWS Anchorage AK", "description": "Coastal Waters Forecast for Southwest Alaska+Bristol Bay+The\nAlaska Peninsula Waters and the Aleutian Islands up to 100 nm out.\n\nWind forecasts reflect the predominant speed and direction\nexpected. Sea forecasts represent an average of the highest\none-third of the combined wind wave and swell height.\n\n.TODAY...S wind increasing to 25 kt. Seas 8 ft.\n.TONIGHT...S wind 30 kt. Seas 15 ft. Rain.\n.TUE...SW wind 25 kt. Seas 15 ft. Rain.\n.TUE NIGHT...S wind 25 kt. Seas 11 ft.\n.WED...SW wind 15 kt. Seas ", "areaDesc": "Sitkinak to Castle Cape from 15 to 100 NM", "effective": "2026-04-06T03:43:00-08:00", "expires": "2026-04-06T16:15:00-08:00", "senderName": "NWS Anchorage AK", "status": "Actual", "messageType": "Alert", "category": "Met", "source": "NOAA/NWS"}}, {"type": "Feature", "geometry": null, "properties": {"event": "Small Craft Advisory", "severity": "Minor", "certainty": "Likely", "urgency": "Expected", "headline": "Small Craft Advisory issued April 6 at 3:43AM AKDT until April 7 at 5:00PM AKDT by NWS Anchorage AK", "description": "Coastal Waters Forecast for Southwest Alaska+Bristol Bay+The\nAlaska Peninsula Waters and the Aleutian Islands up to 100 nm out.\n\nWind forecasts reflect the predominant speed and direction\nexpected. Sea forecasts represent an average of the highest\none-third of the combined wind wave and swell height.\n\n.TODAY...S wind 30 kt. Seas 11 ft. Rain.\n.TONIGHT...S wind 30 kt. Seas 15 ft. Rain.\n.TUE...SW wind 25 kt. Seas 14 ft. Rain.\n.TUE NIGHT...SW wind 25 kt. Seas 11 ft.\n.WED...Variable wind 10 kt. Seas ", "areaDesc": "Castle Cape to Cape Tolstoi from 15 to 100 NM", "effective": "2026-04-06T03:43:00-08:00", "expires": "2026-04-06T16:15:00-08:00", "senderName": "NWS Anchorage AK", "status": "Actual", "messageType": "Alert", "category": "Met", "source": "NOAA/NWS"}}, {"type": "Feature", "geometry": null, "properties": {"event": "Small Craft Advisory", "severity": "Minor", "certainty": "Likely", "urgency": "Expected", "headline": "Small Craft Advisory issued April 6 at 3:43AM AKDT until April 7 at 5:00PM AKDT by NWS Anchorage AK", "description": "Coastal Waters Forecast for Southwest Alaska+Bristol Bay+The\nAlaska Peninsula Waters and the Aleutian Islands up to 100 nm out.\n\nWind forecasts reflect the predominant speed and direction\nexpected. Sea forecasts represent an average of the highest\none-third of the combined wind wave and swell height.\n\n.TODAY...SW wind 25 kt. Seas 10 ft. Rain.\n.TONIGHT...SW wind 25 kt. Seas 11 ft.\n.TUE...W wind 25 kt. Seas 12 ft.\n.TUE NIGHT...NW wind 20 kt. Seas 10 ft.\n.WED...SW wind 30 kt. Seas 10 ft.\n.THU...W w", "areaDesc": "Seguam to Adak Pacific Side from 15 to 75 NM", "effective": "2026-04-06T03:43:00-08:00", "expires": "2026-04-06T16:15:00-08:00", "senderName": "NWS Anchorage AK", "status": "Actual", "messageType": "Alert", "category": "Met", "source": "NOAA/NWS"}}, {"type": "Feature", "geometry": null, "properties": {"event": "Small Craft Advisory", "severity": "Minor", "certainty": "Likely", "urgency": "Expected", "headline": "Small Craft Advisory issued April 6 at 3:43AM AKDT until April 7 at 5:00PM AKDT by NWS Anchorage AK", "description": "Coastal Waters Forecast for Southwest Alaska+Bristol Bay+The\nAlaska Peninsula Waters and the Aleutian Islands up to 100 nm out.\n\nWind forecasts reflect the predominant speed and direction\nexpected. Sea forecasts represent an average of the highest\none-third of the combined wind wave and swell height.\n\n.TODAY...SW wind 20 kt. Seas 5 ft. Widespread rain showers.\n.TONIGHT...W wind 25 kt. Seas 6 ft.\n.TUE...W wind 25 kt. Seas 8 ft.\n.TUE NIGHT...NW wind 20 kt. Seas 8 ft.\n.WED...SW wind 30 kt. Seas 9 f", "areaDesc": "Seguam to Adak Bering Side from 15 to 85 NM", "effective": "2026-04-06T03:43:00-08:00", "expires": "2026-04-06T16:15:00-08:00", "senderName": "NWS Anchorage AK", "status": "Actual", "messageType": "Alert", "category": "Met", "source": "NOAA/NWS"}}, {"type": "Feature", "geometry": null, "properties": {"event": "Small Craft Advisory", "severity": "Minor", "certainty": "Likely", "urgency": "Expected", "headline": "Small Craft Advisory issued April 6 at 3:43AM AKDT until April 7 at 5:00PM AKDT by NWS Anchorage AK", "description": "Coastal Waters Forecast for Southwest Alaska+Bristol Bay+The\nAlaska Peninsula Waters and the Aleutian Islands up to 100 nm out.\n\nWind forecasts reflect the predominant speed and direction\nexpected. Sea forecasts represent an average of the highest\none-third of the combined wind wave and swell height.\n\n.TODAY...SW wind 20 kt. Seas 4 ft. Rain showers.\n.TONIGHT...W wind 25 kt. Seas 5 ft.\n.TUE...W wind 25 kt. Seas 7 ft.\n.TUE NIGHT...NW wind 20 kt. Seas 7 ft.\n.WED THROUGH THU...W wind 25 kt. Seas 6 f", "areaDesc": "Seguam to Adak Bering Side out to 15 NM", "effective": "2026-04-06T03:43:00-08:00", "expires": "2026-04-06T16:15:00-08:00", "senderName": "NWS Anchorage AK", "status": "Actual", "messageType": "Alert", "category": "Met", "source": "NOAA/NWS"}}, {"type": "Feature", "geometry": null, "properties": {"event": "Small Craft Advisory", "severity": "Minor", "certainty": "Likely", "urgency": "Expected", "headline": "Small Craft Advisory issued April 6 at 3:43AM AKDT until April 7 at 5:00PM AKDT by NWS Anchorage AK", "description": "Coastal Waters Forecast for Southwest Alaska+Bristol Bay+The\nAlaska Peninsula Waters and the Aleutian Islands up to 100 nm out.\n\nWind forecasts reflect the predominant speed and direction\nexpected. Sea forecasts represent an average of the highest\none-third of the combined wind wave and swell height.\n\n.TODAY...SW wind 20 kt. Seas 8 ft.\n.TONIGHT...SW wind 25 kt. Seas 10 ft. Rain showers.\n.TUE...W wind 20 kt. Seas 10 ft.\n.TUE NIGHT...NW wind 15 kt. Seas 9 ft.\n.WED...W wind 25 kt. Seas 7 ft.\n.THU..", "areaDesc": "Nikolski to Seguam Pacfic Side out to 15 NM", "effective": "2026-04-06T03:43:00-08:00", "expires": "2026-04-06T16:15:00-08:00", "senderName": "NWS Anchorage AK", "status": "Actual", "messageType": "Alert", "category": "Met", "source": "NOAA/NWS"}}, {"type": "Feature", "geometry": null, "properties": {"event": "Small Craft Advisory", "severity": "Minor", "certainty": "Likely", "urgency": "Expected", "headline": "Small Craft Advisory issued April 6 at 3:43AM AKDT until April 7 at 5:00PM AKDT by NWS Anchorage AK", "description": "Coastal Waters Forecast for Southwest Alaska+Bristol Bay+The\nAlaska Peninsula Waters and the Aleutian Islands up to 100 nm out.\n\nWind forecasts reflect the predominant speed and direction\nexpected. Sea forecasts represent an average of the highest\none-third of the combined wind wave and swell height.\n\n.TODAY...S wind 25 kt. Seas 10 ft. Widespread rain showers.\n.TONIGHT...SW wind 25 kt. Seas 10 ft. Rain showers.\n.TUE...SW wind 20 kt. Seas 10 ft.\n.TUE NIGHT...W wind 15 kt. Seas 9 ft.\n.WED...W wind", "areaDesc": "Cape Sarichef to Nikoski Pacific Side out to 15 NM", "effective": "2026-04-06T03:43:00-08:00", "expires": "2026-04-06T16:15:00-08:00", "senderName": "NWS Anchorage AK", "status": "Actual", "messageType": "Alert", "category": "Met", "source": "NOAA/NWS"}}, {"type": "Feature", "geometry": null, "properties": {"event": "Small Craft Advisory", "severity": "Minor", "certainty": "Likely", "urgency": "Expected", "headline": "Small Craft Advisory issued April 6 at 3:43AM AKDT until April 7 at 5:00PM AKDT by NWS Anchorage AK", "description": "Coastal Waters Forecast for Southwest Alaska+Bristol Bay+The\nAlaska Peninsula Waters and the Aleutian Islands up to 100 nm out.\n\nWind forecasts reflect the predominant speed and direction\nexpected. Sea forecasts represent an average of the highest\none-third of the combined wind wave and swell height.\n\n.TODAY...SE wind 25 kt. Seas 6 ft. Rain and snow.\n.TONIGHT...SE wind 25 kt. Seas 9 ft. Widespread rain showers.\n.TUE...S wind 20 kt. Seas 9 ft. Widespread rain showers.\n.TUE NIGHT...SW wind 20 kt. ", "areaDesc": "Castle Cape to Cape Tolstoi out to 15 NM", "effective": "2026-04-06T03:43:00-08:00", "expires": "2026-04-06T16:15:00-08:00", "senderName": "NWS Anchorage AK", "status": "Actual", "messageType": "Alert", "category": "Met", "source": "NOAA/NWS"}}, {"type": "Feature", "geometry": null, "properties": {"event": "Small Craft Advisory", "severity": "Minor", "certainty": "Likely", "urgency": "Expected", "headline": "Small Craft Advisory issued April 6 at 3:43AM AKDT until April 7 at 5:00PM AKDT by NWS Anchorage AK", "description": "Coastal Waters Forecast for Southwest Alaska+Bristol Bay+The\nAlaska Peninsula Waters and the Aleutian Islands up to 100 nm out.\n\nWind forecasts reflect the predominant speed and direction\nexpected. Sea forecasts represent an average of the highest\none-third of the combined wind wave and swell height.\n\n.TODAY...SW wind 25 kt. Seas 11 ft.\n.TONIGHT...W wind 30 kt. Seas 14 ft.\n.TUE...NW wind 30 kt. Seas 13 ft.\n.TUE NIGHT...W wind 20 kt. Seas 10 ft.\n.WED...SW wind 35 kt. Seas 14 ft.\n.THU THROUGH FRI.", "areaDesc": "Adak to Kiska Pacific Side", "effective": "2026-04-06T03:43:00-08:00", "expires": "2026-04-06T16:15:00-08:00", "senderName": "NWS Anchorage AK", "status": "Actual", "messageType": "Alert", "category": "Met", "source": "NOAA/NWS"}}, {"type": "Feature", "geometry": null, "properties": {"event": "Small Craft Advisory", "severity": "Minor", "certainty": "Likely", "urgency": "Expected", "headline": "Small Craft Advisory issued April 6 at 3:43AM AKDT until April 7 at 5:00PM AKDT by NWS Anchorage AK", "description": "Coastal Waters Forecast for Southwest Alaska+Bristol Bay+The\nAlaska Peninsula Waters and the Aleutian Islands up to 100 nm out.\n\nWind forecasts reflect the predominant speed and direction\nexpected. Sea forecasts represent an average of the highest\none-third of the combined wind wave and swell height.\n\n.TODAY...S wind 30 kt. Seas 14 ft. Widespread rain showers.\n.TONIGHT...SW wind 25 kt. Seas 12 ft. Rain showers.\n.TUE...SW wind 25 kt. Seas 11 ft.\n.TUE NIGHT...W wind 15 kt. Seas 10 ft.\n.WED...Varia", "areaDesc": "Cape Sarichef to Nikoski Pacific Side from 15 to 85 NM", "effective": "2026-04-06T03:43:00-08:00", "expires": "2026-04-06T16:15:00-08:00", "senderName": "NWS Anchorage AK", "status": "Actual", "messageType": "Alert", "category": "Met", "source": "NOAA/NWS"}}, {"type": "Feature", "geometry": null, "properties": {"event": "Small Craft Advisory", "severity": "Minor", "certainty": "Likely", "urgency": "Expected", "headline": "Small Craft Advisory issued April 6 at 3:43AM AKDT until April 7 at 5:00PM AKDT by NWS Anchorage AK", "description": "Coastal Waters Forecast for Southwest Alaska+Bristol Bay+The\nAlaska Peninsula Waters and the Aleutian Islands up to 100 nm out.\n\nWind forecasts reflect the predominant speed and direction\nexpected. Sea forecasts represent an average of the highest\none-third of the combined wind wave and swell height.\n\n.TODAY...SW wind 25 kt. Seas 8 ft. Rain showers.\n.TONIGHT...SW wind 25 kt. Seas 9 ft.\n.TUE...W wind 20 kt. Seas 9 ft.\n.TUE NIGHT...NW wind 20 kt. Seas 8 ft.\n.WED THROUGH THU...W wind 25 kt. Seas 9 ", "areaDesc": "Seguam to Adak Pacific Side out to 15 NM", "effective": "2026-04-06T03:43:00-08:00", "expires": "2026-04-06T16:15:00-08:00", "senderName": "NWS Anchorage AK", "status": "Actual", "messageType": "Alert", "category": "Met", "source": "NOAA/NWS"}}, {"type": "Feature", "geometry": null, "properties": {"event": "Small Craft Advisory", "severity": "Minor", "certainty": "Likely", "urgency": "Expected", "headline": "Small Craft Advisory issued April 6 at 3:43AM AKDT until April 7 at 5:00PM AKDT by NWS Anchorage AK", "description": "Coastal Waters Forecast for Southwest Alaska+Bristol Bay+The\nAlaska Peninsula Waters and the Aleutian Islands up to 100 nm out.\n\nWind forecasts reflect the predominant speed and direction\nexpected. Sea forecasts represent an average of the highest\none-third of the combined wind wave and swell height.\n\n.TODAY...SW wind 20 kt. Seas 7 ft. Widespread rain showers.\n.TONIGHT...NW wind 30 kt. Seas 10 ft.\n.TUE...NW wind 30 kt. Seas 10 ft.\n.TUE NIGHT...W wind 20 kt. Seas 9 ft.\n.WED...SW wind 35 kt. Seas ", "areaDesc": "Adak to Kiska Bering Side", "effective": "2026-04-06T03:43:00-08:00", "expires": "2026-04-06T16:15:00-08:00", "senderName": "NWS Anchorage AK", "status": "Actual", "messageType": "Alert", "category": "Met", "source": "NOAA/NWS"}}, {"type": "Feature", "geometry": null, "properties": {"event": "Small Craft Advisory", "severity": "Minor", "certainty": "Likely", "urgency": "Expected", "headline": "Small Craft Advisory issued April 6 at 3:43AM AKDT until April 7 at 5:00PM AKDT by NWS Anchorage AK", "description": "Coastal Waters Forecast for Southwest Alaska+Bristol Bay+The\nAlaska Peninsula Waters and the Aleutian Islands up to 100 nm out.\n\nWind forecasts reflect the predominant speed and direction\nexpected. Sea forecasts represent an average of the highest\none-third of the combined wind wave and swell height.\n\n.TODAY...W wind 30 kt. Seas 13 ft.\n.TONIGHT...NW wind 30 kt. Seas 14 ft.\n.TUE...NW wind 30 kt. Seas 12 ft.\n.TUE NIGHT...S wind 40 kt. Seas 15 ft.\n.WED...SW wind 35 kt. Seas 18 ft.\n.THU THROUGH FRI.", "areaDesc": "Kiska to Attu Pacific Side", "effective": "2026-04-06T03:43:00-08:00", "expires": "2026-04-06T16:15:00-08:00", "senderName": "NWS Anchorage AK", "status": "Actual", "messageType": "Alert", "category": "Met", "source": "NOAA/NWS"}}, {"type": "Feature", "geometry": null, "properties": {"event": "Small Craft Advisory", "severity": "Minor", "certainty": "Likely", "urgency": "Expected", "headline": "Small Craft Advisory issued April 6 at 3:43AM AKDT until April 7 at 5:00PM AKDT by NWS Anchorage AK", "description": "Coastal Waters Forecast for Southwest Alaska+Bristol Bay+The\nAlaska Peninsula Waters and the Aleutian Islands up to 100 nm out.\n\nWind forecasts reflect the predominant speed and direction\nexpected. Sea forecasts represent an average of the highest\none-third of the combined wind wave and swell height.\n\n.TODAY...S wind 15 kt in the morning increasing to 25 kt. Seas 5 ft.\nRain with snow.\n.TONIGHT...S wind 25 kt. Seas 9 ft. Widespread rain showers.\n.TUE...S wind 20 kt. Seas 9 ft. Rain.\n.TUE NIGHT...", "areaDesc": "Sitkinak to Castle Cape out to 15 NM", "effective": "2026-04-06T03:43:00-08:00", "expires": "2026-04-06T16:15:00-08:00", "senderName": "NWS Anchorage AK", "status": "Actual", "messageType": "Alert", "category": "Met", "source": "NOAA/NWS"}}, {"type": "Feature", "geometry": null, "properties": {"event": "Small Craft Advisory", "severity": "Minor", "certainty": "Likely", "urgency": "Expected", "headline": "Small Craft Advisory issued April 6 at 3:43AM AKDT until April 7 at 5:00PM AKDT by NWS Anchorage AK", "description": "Coastal Waters Forecast for Southwest Alaska+Bristol Bay+The\nAlaska Peninsula Waters and the Aleutian Islands up to 100 nm out.\n\nWind forecasts reflect the predominant speed and direction\nexpected. Sea forecasts represent an average of the highest\none-third of the combined wind wave and swell height.\n\n.TODAY...E wind 30 kt. Seas in ice free waters 11 ft. Snow.\n.TONIGHT...E wind 30 kt. Seas in ice free waters 8 ft. Widespread\nsnow showers. Freezing spray.\n.TUE...NE wind 25 kt. Seas in ice free wa", "areaDesc": "Saint Matthew Island Waters", "effective": "2026-04-06T03:43:00-08:00", "expires": "2026-04-06T16:15:00-08:00", "senderName": "NWS Anchorage AK", "status": "Actual", "messageType": "Alert", "category": "Met", "source": "NOAA/NWS"}}, {"type": "Feature", "geometry": null, "properties": {"event": "Small Craft Advisory", "severity": "Minor", "certainty": "Likely", "urgency": "Expected", "headline": "Small Craft Advisory issued April 6 at 3:38AM AKDT until April 7 at 5:00PM AKDT by NWS Anchorage AK", "description": "Coastal Waters Forecast for the Northern Gulf of Alaska Coast\nup to 100 nm out including Kodiak Island and Cook Inlet.\n\nWind forecasts reflect the predominant speed and direction\nexpected. Sea forecasts represent an average of the highest\none-third of the combined wind wave and swell height.\n\n.TODAY...W wind 25 kt. Seas 6 ft.\n.TONIGHT...SW wind 20 kt. Seas 6 ft. Rain.\n.TUE...SE wind 20 kt. Seas 10 ft. Rain.\n.TUE NIGHT...S wind 20 kt. Seas 10 ft.\n.WED...SW wind 15 kt. Seas 7 ft.\n.THU THROUGH FRI.", "areaDesc": "Gore Point to Marmot Island from 15 to 80 NM", "effective": "2026-04-06T03:38:00-08:00", "expires": "2026-04-06T17:00:00-08:00", "senderName": "NWS Anchorage AK", "status": "Actual", "messageType": "Alert", "category": "Met", "source": "NOAA/NWS"}}, {"type": "Feature", "geometry": null, "properties": {"event": "Small Craft Advisory", "severity": "Minor", "certainty": "Likely", "urgency": "Expected", "headline": "Small Craft Advisory issued April 6 at 3:38AM AKDT until April 7 at 5:00PM AKDT by NWS Anchorage AK", "description": "Coastal Waters Forecast for the Northern Gulf of Alaska Coast\nup to 100 nm out including Kodiak Island and Cook Inlet.\n\nWind forecasts reflect the predominant speed and direction\nexpected. Sea forecasts represent an average of the highest\none-third of the combined wind wave and swell height.\n\n.TODAY...SW wind 20 kt. Seas 4 ft.\n.TONIGHT...S wind 25 kt. Seas 7 ft. Rain.\n.TUE...S wind 25 kt. Seas 11 ft. Rain.\n.TUE NIGHT...S wind 20 kt. Seas 9 ft.\n.WED...SW wind 15 kt. Seas 7 ft.\n.THU THROUGH FRI...", "areaDesc": "Marmot Island to Sitkinak out to 15 NM", "effective": "2026-04-06T03:38:00-08:00", "expires": "2026-04-06T17:00:00-08:00", "senderName": "NWS Anchorage AK", "status": "Actual", "messageType": "Alert", "category": "Met", "source": "NOAA/NWS"}}, {"type": "Feature", "geometry": null, "properties": {"event": "Small Craft Advisory", "severity": "Minor", "certainty": "Likely", "urgency": "Expected", "headline": "Small Craft Advisory issued April 6 at 3:38AM AKDT until April 7 at 5:00PM AKDT by NWS Anchorage AK", "description": "Coastal Waters Forecast for the Northern Gulf of Alaska Coast\nup to 100 nm out including Kodiak Island and Cook Inlet.\n\nWind forecasts reflect the predominant speed and direction\nexpected. Sea forecasts represent an average of the highest\none-third of the combined wind wave and swell height.\n\n.TODAY...W wind 20 kt. Seas 5 ft.\n.TONIGHT...S wind 30 kt. Seas 6 ft building to 11 ft after\nmidnight. Rain.\n.TUE...S wind 25 kt. Seas 14 ft. Rain.\n.TUE NIGHT...S wind 20 kt. Seas 11 ft.\n.WED...SW wind 15 k", "areaDesc": "Marmot Island To Sitkinak from 15 to 85 NM", "effective": "2026-04-06T03:38:00-08:00", "expires": "2026-04-06T17:00:00-08:00", "senderName": "NWS Anchorage AK", "status": "Actual", "messageType": "Alert", "category": "Met", "source": "NOAA/NWS"}}, {"type": "Feature", "geometry": null, "properties": {"event": "Small Craft Advisory", "severity": "Minor", "certainty": "Likely", "urgency": "Expected", "headline": "Small Craft Advisory issued April 6 at 3:38AM AKDT until April 7 at 5:00PM AKDT by NWS Anchorage AK", "description": "Coastal Waters Forecast for the Northern Gulf of Alaska Coast\nup to 100 nm out including Kodiak Island and Cook Inlet.\n\nWind forecasts reflect the predominant speed and direction\nexpected. Sea forecasts represent an average of the highest\none-third of the combined wind wave and swell height.\n\n.TODAY...W wind 25 kt. Seas 8 ft.\n.TONIGHT...SW wind 25 kt diminishing to 15 kt after midnight. Seas\n7 ft.\n.TUE...S wind 20 kt. Seas 8 ft. Rain.\n.TUE NIGHT...S wind 20 kt. Seas 8 ft.\n.WED...Variable wind 10", "areaDesc": "Cape Cleare to Gore Point from 15 to 75 NM", "effective": "2026-04-06T03:38:00-08:00", "expires": "2026-04-06T17:00:00-08:00", "senderName": "NWS Anchorage AK", "status": "Actual", "messageType": "Alert", "category": "Met", "source": "NOAA/NWS"}}, {"type": "Feature", "geometry": null, "properties": {"event": "Small Craft Advisory", "severity": "Minor", "certainty": "Likely", "urgency": "Expected", "headline": "Small Craft Advisory issued April 6 at 3:38AM AKDT until April 7 at 5:00PM AKDT by NWS Anchorage AK", "description": "Coastal Waters Forecast for the Northern Gulf of Alaska Coast\nup to 100 nm out including Kodiak Island and Cook Inlet.\n\nWind forecasts reflect the predominant speed and direction\nexpected. Sea forecasts represent an average of the highest\none-third of the combined wind wave and swell height.\n\n.TODAY...W wind 20 kt. Seas 4 ft.\n.TONIGHT...S wind 20 kt. Seas 5 ft. Rain.\n.TUE...SE wind 25 kt. Seas 6 ft. Rain.\n.TUE NIGHT...SE wind 25 kt. Seas 6 ft.\n.WED...S wind 15 kt. Seas 4 ft.\n.THU THROUGH FRI...N", "areaDesc": "Barren Islands East", "effective": "2026-04-06T03:38:00-08:00", "expires": "2026-04-06T17:00:00-08:00", "senderName": "NWS Anchorage AK", "status": "Actual", "messageType": "Alert", "category": "Met", "source": "NOAA/NWS"}}, {"type": "Feature", "geometry": null, "properties": {"event": "Small Craft Advisory", "severity": "Minor", "certainty": "Likely", "urgency": "Expected", "headline": "Small Craft Advisory issued April 6 at 3:38AM AKDT until April 7 at 5:00PM AKDT by NWS Anchorage AK", "description": "Coastal Waters Forecast for the Northern Gulf of Alaska Coast\nup to 100 nm out including Kodiak Island and Cook Inlet.\n\nWind forecasts reflect the predominant speed and direction\nexpected. Sea forecasts represent an average of the highest\none-third of the combined wind wave and swell height.\n\n.TODAY...W wind 25 kt diminishing to 15 kt in the afternoon. Seas\n5 ft. Freezing spray.\n.TONIGHT...SE wind 20 kt. Seas 5 ft. Rain and snow.\n.TUE...E wind 25 kt. Seas 6 ft. Rain and snow.\n.TUE NIGHT...SE win", "areaDesc": "West of Barren Islands Including Kamishak Bay", "effective": "2026-04-06T03:38:00-08:00", "expires": "2026-04-06T17:00:00-08:00", "senderName": "NWS Anchorage AK", "status": "Actual", "messageType": "Alert", "category": "Met", "source": "NOAA/NWS"}}, {"type": "Feature", "geometry": null, "properties": {"event": "Hydrologic Outlook", "severity": "Unknown", "certainty": "Possible", "urgency": "Future", "headline": "Hydrologic Outlook issued April 4 at 8:55AM HST by NWS Honolulu HI", "description": "ESFHFO\n\nSoutherly winds associated with low pressure developing northwest of\nthe islands will draw a very moist tropical airmass northward early\nnext week. This will bring periods of heavy rain and a risk of flash\nflooding. The most likely period for significant impacts is\nWednesday night through Thursday night. However, afternoon shower\ndevelopment over island interiors on Tuesday may be heavy as well.\nThe duration of flooding potential remains less certain than usual\nas deep moisture remains o", "areaDesc": "Niihau; Kauai Southwest; Kauai Mountains; Waianae Coast; Oahu North Shore; Olomana; Central Oahu; Waianae Mountains; Lanai Mauka; Kahoolawe; Maui Windward West; Maui Leeward West; Haleakala Summit; Kona; Kohala; Big Island Interior; Big Island Summit; Kauai North; Kauai East; Kauai South; East Honolulu; Honolulu Metro; Ewa Plain; Koolau Windward; Koolau Leeward; Molokai Windward; Molokai Southeast; Molokai North; Molokai West; Molokai Leeward South; Lanai Windward; Lanai Leeward; Lanai South; Maui Central Valley North; Maui Central Valley South; Windward Haleakala; Kipahulu; South Maui/Upcountry; South Haleakala; Big Island South; Big Island Southeast; Big Island East; Big Island North", "effective": "2026-04-04T08:55:00-10:00", "expires": "2026-04-07T18:00:00-10:00", "senderName": "NWS Honolulu HI", "status": "Actual", "messageType": "Alert", "category": "Met", "source": "NOAA/NWS"}}]}